Datetime (UTC),Country,Zone name,Zone id,Carbon intensity gCO₂eq/kWh (direct),Carbon intensity gCO₂eq/kWh (Life cycle),Carbon-free energy percentage (CFE%),Renewable energy percentage (RE%),Data source,Data estimated,Data estimation method
2024-01-01T00:00:00.000000,Italy,Italy,IT,224.85,296.6,50.98,43.18,,false,""
2024-01-01T01:00:00.000000,Italy,Italy,IT,219.89,289.84,52.62,45.05,,false,""
2024-01-01T02:00:00.000000,Italy,Italy,IT,219.31,289.11,52.9,45.16,,false,""
2024-01-01T03:00:00.000000,Italy,Italy,IT,217.46,287.14,53.32,45.39,,false,""
2024-01-01T04:00:00.000000,Italy,Italy,IT,216.03,284.8,53.78,46.06,,false,""
2024-01-01T05:00:00.000000,Italy,Italy,IT,217.9,286.91,53.21,45.67,,false,""
2024-01-01T06:00:00.000000,Italy,Italy,IT,218.97,288.14,52.87,46.2,,false,""
2024-01-01T07:00:00.000000,Italy,Italy,IT,203.64,269.76,56.3,49.86,,false,""
2024-01-01T08:00:00.000000,Italy,Italy,IT,193.82,258.51,58.03,52.91,,false,""
2024-01-01T09:00:00.000000,Italy,Italy,IT,176.31,238.02,61.67,56.25,,false,""
2024-01-01T10:00:00.000000,Italy,Italy,IT,177.74,239.4,61.48,56.04,,false,""
2024-01-01T11:00:00.000000,Italy,Italy,IT,187.26,250.95,59.13,53.78,,false,""
2024-01-01T12:00:00.000000,Italy,Italy,IT,200.15,266.95,55.9,50.05,,false,""
2024-01-01T13:00:00.000000,Italy,Italy,IT,207.94,276.45,53.97,46.26,,false,""
2024-01-01T14:00:00.000000,Italy,Italy,IT,230.02,303.02,48.63,40.35,,false,""
2024-01-01T15:00:00.000000,Italy,Italy,IT,249.46,325.57,44.32,36.39,,false,""
2024-01-01T16:00:00.000000,Italy,Italy,IT,243.57,316.5,45.65,38.45,,false,""
2024-01-01T17:00:00.000000,Italy,Italy,IT,241.45,313.49,46.0,39.32,,false,""
2024-01-01T18:00:00.000000,Italy,Italy,IT,241.87,313.85,45.83,39.01,,false,""
2024-01-01T19:00:00.000000,Italy,Italy,IT,245.4,318.62,45.05,38.18,,false,""
2024-01-01T20:00:00.000000,Italy,Italy,IT,250.51,325.57,44.09,37.1,,false,""
2024-01-01T21:00:00.000000,Italy,Italy,IT,258.13,336.94,42.34,35.32,,false,""
2024-01-01T22:00:00.000000,Italy,Italy,IT,255.27,333.15,43.65,36.62,,false,""
2024-01-01T23:00:00.000000,Italy,Italy,IT,235.59,307.69,49.37,40.38,,false,""
2024-01-02T00:00:00.000000,Italy,Italy,IT,224.01,293.12,52.32,42.46,,false,""
2024-01-02T01:00:00.000000,Italy,Italy,IT,227.96,297.63,51.92,41.37,,false,""
2024-01-02T02:00:00.000000,Italy,Italy,IT,238.07,310.48,49.41,38.88,,false,""
2024-01-02T03:00:00.000000,Italy,Italy,IT,238.43,311.42,49.05,38.29,,false,""
2024-01-02T04:00:00.000000,Italy,Italy,IT,251.64,327.86,45.8,36.78,,false,""
2024-01-02T05:00:00.000000,Italy,Italy,IT,269.8,350.87,40.43,32.51,,false,""
2024-01-02T06:00:00.000000,Italy,Italy,IT,261.17,340.06,41.56,34.32,,false,""
2024-01-02T07:00:00.000000,Italy,Italy,IT,244.86,319.33,45.15,38.35,,false,""
2024-01-02T08:00:00.000000,Italy,Italy,IT,235.0,307.89,47.36,41.47,,false,""
2024-01-02T09:00:00.000000,Italy,Italy,IT,225.86,297.94,49.27,43.9,,false,""
2024-01-02T10:00:00.000000,Italy,Italy,IT,220.56,291.31,50.75,45.08,,false,""
2024-01-02T11:00:00.000000,Italy,Italy,IT,213.83,282.76,52.58,46.74,,false,""
2024-01-02T12:00:00.000000,Italy,Italy,IT,213.53,282.5,52.5,46.28,,false,""
2024-01-02T13:00:00.000000,Italy,Italy,IT,223.15,294.95,49.81,43.9,,false,""
2024-01-02T14:00:00.000000,Italy,Italy,IT,235.65,309.69,46.79,40.76,,false,""
2024-01-02T15:00:00.000000,Italy,Italy,IT,242.51,317.06,45.08,38.79,,false,""
2024-01-02T16:00:00.000000,Italy,Italy,IT,235.4,307.65,46.51,40.44,,false,""
2024-01-02T17:00:00.000000,Italy,Italy,IT,234.23,306.23,46.83,40.7,,false,""
2024-01-02T18:00:00.000000,Italy,Italy,IT,233.51,305.5,47.06,40.62,,false,""
2024-01-02T19:00:00.000000,Italy,Italy,IT,234.84,307.87,46.93,40.63,,false,""
2024-01-02T20:00:00.000000,Italy,Italy,IT,234.3,307.35,47.45,40.98,,false,""
2024-01-02T21:00:00.000000,Italy,Italy,IT,218.99,287.85,51.89,44.56,,false,""
2024-01-02T22:00:00.000000,Italy,Italy,IT,202.7,267.3,56.21,47.94,,false,""
2024-01-02T23:00:00.000000,Italy,Italy,IT,185.57,245.61,60.95,51.5,,false,""
2024-01-03T00:00:00.000000,Italy,Italy,IT,171.58,229.38,64.02,53.8,,false,""
2024-01-03T01:00:00.000000,Italy,Italy,IT,171.17,228.39,64.53,55.41,,false,""
2024-01-03T02:00:00.000000,Italy,Italy,IT,165.37,220.75,66.15,57.28,,false,""
2024-01-03T03:00:00.000000,Italy,Italy,IT,164.55,219.88,66.07,57.1,,false,""
2024-01-03T04:00:00.000000,Italy,Italy,IT,166.64,223.16,64.83,55.15,,false,""
2024-01-03T05:00:00.000000,Italy,Italy,IT,181.56,241.03,61.13,51.89,,false,""
2024-01-03T06:00:00.000000,Italy,Italy,IT,198.17,261.01,56.98,49.27,,false,""
2024-01-03T07:00:00.000000,Italy,Italy,IT,198.17,261.25,56.4,50.32,,false,""
2024-01-03T08:00:00.000000,Italy,Italy,IT,193.06,255.4,57.54,51.25,,false,""
2024-01-03T09:00:00.000000,Italy,Italy,IT,182.47,243.83,59.67,53.22,,false,""
2024-01-03T10:00:00.000000,Italy,Italy,IT,167.8,226.93,62.65,56.07,,false,""
2024-01-03T11:00:00.000000,Italy,Italy,IT,151.44,206.96,66.62,59.89,,false,""
2024-01-03T12:00:00.000000,Italy,Italy,IT,144.11,197.85,68.38,60.72,,false,""
2024-01-03T13:00:00.000000,Italy,Italy,IT,161.58,219.04,64.11,55.96,,false,""
2024-01-03T14:00:00.000000,Italy,Italy,IT,188.76,251.81,57.79,49.38,,false,""
2024-01-03T15:00:00.000000,Italy,Italy,IT,201.24,265.86,55.21,47.08,,false,""
2024-01-03T16:00:00.000000,Italy,Italy,IT,201.83,265.35,55.1,48.16,,false,""
2024-01-03T17:00:00.000000,Italy,Italy,IT,205.37,270.01,54.25,47.06,,false,""
2024-01-03T18:00:00.000000,Italy,Italy,IT,210.0,275.57,53.32,46.3,,false,""
2024-01-03T19:00:00.000000,Italy,Italy,IT,216.32,284.07,51.85,44.06,,false,""
2024-01-03T20:00:00.000000,Italy,Italy,IT,212.49,279.36,53.08,45.09,,false,""
2024-01-03T21:00:00.000000,Italy,Italy,IT,195.34,257.33,57.86,49.15,,false,""
2024-01-03T22:00:00.000000,Italy,Italy,IT,171.64,227.77,64.36,54.09,,false,""
2024-01-03T23:00:00.000000,Italy,Italy,IT,164.38,218.63,66.49,56.14,,false,""
2024-01-04T00:00:00.000000,Italy,Italy,IT,163.43,217.91,66.97,57.39,,false,""
2024-01-04T01:00:00.000000,Italy,Italy,IT,167.28,222.32,66.38,57.29,,false,""
2024-01-04T02:00:00.000000,Italy,Italy,IT,168.83,224.12,66.14,56.91,,false,""
2024-01-04T03:00:00.000000,Italy,Italy,IT,171.23,226.84,65.66,56.53,,false,""
2024-01-04T04:00:00.000000,Italy,Italy,IT,174.73,231.03,64.65,54.81,,false,""
2024-01-04T05:00:00.000000,Italy,Italy,IT,187.1,246.17,61.02,51.87,,false,""
2024-01-04T06:00:00.000000,Italy,Italy,IT,190.42,250.2,59.34,50.88,,false,""
2024-01-04T07:00:00.000000,Italy,Italy,IT,178.4,235.75,61.73,53.3,,false,""
2024-01-04T08:00:00.000000,Italy,Italy,IT,166.4,221.77,64.22,56.67,,false,""
2024-01-04T09:00:00.000000,Italy,Italy,IT,153.6,208.32,67.16,60.14,,false,""
2024-01-04T10:00:00.000000,Italy,Italy,IT,144.61,197.85,69.39,62.71,,false,""
2024-01-04T11:00:00.000000,Italy,Italy,IT,143.01,195.95,69.8,63.37,,false,""
2024-01-04T12:00:00.000000,Italy,Italy,IT,153.85,209.16,67.12,61.5,,false,""
2024-01-04T13:00:00.000000,Italy,Italy,IT,168.89,226.91,63.8,57.23,,false,""
2024-01-04T14:00:00.000000,Italy,Italy,IT,196.55,260.62,56.9,48.61,,false,""
2024-01-04T15:00:00.000000,Italy,Italy,IT,216.17,284.52,51.6,43.14,,false,""
2024-01-04T16:00:00.000000,Italy,Italy,IT,212.58,279.78,52.0,43.45,,false,""
2024-01-04T17:00:00.000000,Italy,Italy,IT,213.58,280.59,51.93,44.53,,false,""
2024-01-04T18:00:00.000000,Italy,Italy,IT,218.17,285.88,51.02,43.91,,false,""
2024-01-04T19:00:00.000000,Italy,Italy,IT,228.49,299.16,48.75,40.83,,false,""
2024-01-04T20:00:00.000000,Italy,Italy,IT,236.05,309.07,47.42,39.0,,false,""
2024-01-04T21:00:00.000000,Italy,Italy,IT,232.43,305.62,48.38,38.78,,false,""
2024-01-04T22:00:00.000000,Italy,Italy,IT,225.89,298.06,50.0,39.55,,false,""
2024-01-04T23:00:00.000000,Italy,Italy,IT,203.64,269.43,56.35,43.24,,false,""
2024-01-05T00:00:00.000000,Italy,Italy,IT,205.08,270.62,56.86,44.44,,false,""
2024-01-05T01:00:00.000000,Italy,Italy,IT,198.2,264.22,57.67,43.77,,false,""
2024-01-05T02:00:00.000000,Italy,Italy,IT,204.22,271.9,56.32,42.61,,false,""
2024-01-05T03:00:00.000000,Italy,Italy,IT,200.71,267.74,56.95,42.87,,false,""
2024-01-05T04:00:00.000000,Italy,Italy,IT,196.9,262.38,57.84,43.7,,false,""
2024-01-05T05:00:00.000000,Italy,Italy,IT,212.5,278.67,54.7,43.26,,false,""
2024-01-05T06:00:00.000000,Italy,Italy,IT,212.71,279.1,53.52,44.04,,false,""
2024-01-05T07:00:00.000000,Italy,Italy,IT,206.22,271.11,54.36,46.08,,false,""
2024-01-05T08:00:00.000000,Italy,Italy,IT,196.15,258.6,56.55,48.85,,false,""
2024-01-05T09:00:00.000000,Italy,Italy,IT,193.84,257.0,57.04,49.24,,false,""
2024-01-05T10:00:00.000000,Italy,Italy,IT,188.32,251.34,57.86,50.28,,false,""
2024-01-05T11:00:00.000000,Italy,Italy,IT,188.49,251.45,57.64,49.27,,false,""
2024-01-05T12:00:00.000000,Italy,Italy,IT,193.26,257.79,56.46,47.59,,false,""
2024-01-05T13:00:00.000000,Italy,Italy,IT,197.08,261.79,55.75,46.75,,false,""
2024-01-05T14:00:00.000000,Italy,Italy,IT,206.06,271.96,53.88,44.94,,false,""
2024-01-05T15:00:00.000000,Italy,Italy,IT,208.18,274.32,53.15,44.12,,false,""
2024-01-05T16:00:00.000000,Italy,Italy,IT,200.81,264.25,54.81,46.17,,false,""
2024-01-05T17:00:00.000000,Italy,Italy,IT,202.89,266.54,54.58,46.16,,false,""
2024-01-05T18:00:00.000000,Italy,Italy,IT,204.58,268.51,54.45,45.35,,false,""
2024-01-05T19:00:00.000000,Italy,Italy,IT,212.06,278.43,52.97,43.46,,false,""
2024-01-05T20:00:00.000000,Italy,Italy,IT,215.24,282.6,52.6,42.72,,false,""
2024-01-05T21:00:00.000000,Italy,Italy,IT,207.24,272.04,55.53,45.38,,false,""
2024-01-05T22:00:00.000000,Italy,Italy,IT,199.8,262.84,57.73,47.61,,false,""
2024-01-05T23:00:00.000000,Italy,Italy,IT,206.78,270.8,57.07,48.42,,false,""
2024-01-06T00:00:00.000000,Italy,Italy,IT,206.62,270.24,57.86,48.76,,false,""
2024-01-06T01:00:00.000000,Italy,Italy,IT,210.75,275.4,56.99,48.3,,false,""
2024-01-06T02:00:00.000000,Italy,Italy,IT,204.65,267.99,58.31,49.13,,false,""
2024-01-06T03:00:00.000000,Italy,Italy,IT,201.2,263.79,59.07,49.23,,false,""
2024-01-06T04:00:00.000000,Italy,Italy,IT,211.57,276.34,57.09,46.8,,false,""
2024-01-06T05:00:00.000000,Italy,Italy,IT,220.83,288.36,54.13,44.38,,false,""
2024-01-06T06:00:00.000000,Italy,Italy,IT,222.11,289.68,53.75,44.7,,false,""
2024-01-06T07:00:00.000000,Italy,Italy,IT,208.95,273.45,56.53,46.34,,false,""
2024-01-06T08:00:00.000000,Italy,Italy,IT,202.58,265.67,57.44,48.31,,false,""
2024-01-06T09:00:00.000000,Italy,Italy,IT,205.99,270.41,56.05,47.31,,false,""
2024-01-06T10:00:00.000000,Italy,Italy,IT,202.34,266.27,56.6,48.14,,false,""
2024-01-06T11:00:00.000000,Italy,Italy,IT,207.36,272.06,55.35,47.39,,false,""
2024-01-06T12:00:00.000000,Italy,Italy,IT,207.87,273.27,55.43,46.92,,false,""
2024-01-06T13:00:00.000000,Italy,Italy,IT,211.23,277.38,54.8,45.68,,false,""
2024-01-06T14:00:00.000000,Italy,Italy,IT,219.68,287.38,53.01,44.28,,false,""
2024-01-06T15:00:00.000000,Italy,Italy,IT,216.38,283.77,53.15,43.76,,false,""
2024-01-06T16:00:00.000000,Italy,Italy,IT,208.22,273.56,54.35,45.94,,false,""
2024-01-06T17:00:00.000000,Italy,Italy,IT,197.68,260.11,56.77,48.84,,false,""
2024-01-06T18:00:00.000000,Italy,Italy,IT,196.31,258.59,56.95,49.12,,false,""
2024-01-06T19:00:00.000000,Italy,Italy,IT,203.39,266.74,55.76,47.38,,false,""
2024-01-06T20:00:00.000000,Italy,Italy,IT,208.92,274.11,54.88,45.96,,false,""
2024-01-06T21:00:00.000000,Italy,Italy,IT,212.13,278.98,54.41,44.88,,false,""
2024-01-06T22:00:00.000000,Italy,Italy,IT,202.01,266.95,57.43,47.43,,false,""
2024-01-06T23:00:00.000000,Italy,Italy,IT,197.34,261.26,59.05,50.04,,false,""
2024-01-07T00:00:00.000000,Italy,Italy,IT,192.78,255.84,59.99,50.36,,false,""
2024-01-07T01:00:00.000000,Italy,Italy,IT,197.14,261.31,58.96,50.37,,false,""
2024-01-07T02:00:00.000000,Italy,Italy,IT,195.58,259.13,59.63,51.23,,false,""
2024-01-07T03:00:00.000000,Italy,Italy,IT,195.57,259.14,59.75,50.42,,false,""
2024-01-07T04:00:00.000000,Italy,Italy,IT,194.16,257.22,59.98,50.36,,false,""
2024-01-07T05:00:00.000000,Italy,Italy,IT,191.38,253.38,60.6,50.54,,false,""
2024-01-07T06:00:00.000000,Italy,Italy,IT,187.7,248.44,61.03,50.74,,false,""
2024-01-07T07:00:00.000000,Italy,Italy,IT,180.36,239.91,62.27,52.26,,false,""
2024-01-07T08:00:00.000000,Italy,Italy,IT,169.12,226.61,64.63,54.24,,false,""
2024-01-07T09:00:00.000000,Italy,Italy,IT,163.5,219.87,65.94,55.09,,false,""
2024-01-07T10:00:00.000000,Italy,Italy,IT,160.99,216.83,66.34,56.23,,false,""
2024-01-07T11:00:00.000000,Italy,Italy,IT,156.41,211.14,67.18,57.55,,false,""
2024-01-07T12:00:00.000000,Italy,Italy,IT,146.9,198.68,69.79,59.75,,false,""
2024-01-07T13:00:00.000000,Italy,Italy,IT,145.74,197.02,70.34,60.63,,false,""
2024-01-07T14:00:00.000000,Italy,Italy,IT,144.33,195.18,70.57,60.62,,false,""
2024-01-07T15:00:00.000000,Italy,Italy,IT,147.1,198.77,69.54,58.99,,false,""
2024-01-07T16:00:00.000000,Italy,Italy,IT,160.4,215.13,65.85,57.45,,false,""
2024-01-07T17:00:00.000000,Italy,Italy,IT,165.09,220.77,64.69,56.69,,false,""
2024-01-07T18:00:00.000000,Italy,Italy,IT,170.23,226.47,63.37,55.71,,false,""
2024-01-07T19:00:00.000000,Italy,Italy,IT,179.86,238.01,61.49,53.32,,false,""
2024-01-07T20:00:00.000000,Italy,Italy,IT,191.36,253.02,59.31,51.57,,false,""
2024-01-07T21:00:00.000000,Italy,Italy,IT,196.92,260.48,58.51,50.57,,false,""
2024-01-07T22:00:00.000000,Italy,Italy,IT,191.66,253.93,60.08,51.15,,false,""
2024-01-07T23:00:00.000000,Italy,Italy,IT,185.09,246.16,61.95,52.79,,false,""
2024-01-08T00:00:00.000000,Italy,Italy,IT,190.19,252.19,61.16,51.52,,false,""
2024-01-08T01:00:00.000000,Italy,Italy,IT,203.3,268.6,58.17,49.32,,false,""
2024-01-08T02:00:00.000000,Italy,Italy,IT,209.14,276.02,56.48,48.17,,false,""
2024-01-08T03:00:00.000000,Italy,Italy,IT,213.96,281.54,55.43,47.04,,false,""
2024-01-08T04:00:00.000000,Italy,Italy,IT,224.26,293.68,53.12,44.36,,false,""
2024-01-08T05:00:00.000000,Italy,Italy,IT,223.02,291.12,52.95,41.94,,false,""
2024-01-08T06:00:00.000000,Italy,Italy,IT,227.72,297.33,50.39,41.05,,false,""
2024-01-08T07:00:00.000000,Italy,Italy,IT,214.6,280.28,52.63,43.54,,false,""
2024-01-08T08:00:00.000000,Italy,Italy,IT,211.13,275.85,53.56,44.4,,false,""
2024-01-08T09:00:00.000000,Italy,Italy,IT,215.75,282.02,52.54,43.89,,false,""
2024-01-08T10:00:00.000000,Italy,Italy,IT,214.34,280.43,53.03,45.06,,false,""
2024-01-08T11:00:00.000000,Italy,Italy,IT,223.37,291.72,51.24,44.25,,false,""
2024-01-08T12:00:00.000000,Italy,Italy,IT,228.26,298.4,50.19,42.38,,false,""
2024-01-08T13:00:00.000000,Italy,Italy,IT,229.09,299.24,49.72,41.33,,false,""
2024-01-08T14:00:00.000000,Italy,Italy,IT,232.45,303.39,48.38,39.63,,false,""
2024-01-08T15:00:00.000000,Italy,Italy,IT,227.07,296.12,49.57,40.35,,false,""
2024-01-08T16:00:00.000000,Italy,Italy,IT,229.76,298.7,49.09,42.16,,false,""
2024-01-08T17:00:00.000000,Italy,Italy,IT,234.67,305.13,47.86,42.66,,false,""
2024-01-08T18:00:00.000000,Italy,Italy,IT,236.93,307.82,47.7,42.41,,false,""
2024-01-08T19:00:00.000000,Italy,Italy,IT,238.7,310.35,47.96,42.11,,false,""
2024-01-08T20:00:00.000000,Italy,Italy,IT,233.99,304.28,49.82,42.93,,false,""
2024-01-08T21:00:00.000000,Italy,Italy,IT,219.79,286.54,53.7,46.0,,false,""
2024-01-08T22:00:00.000000,Italy,Italy,IT,211.49,276.85,55.74,48.21,,false,""
2024-01-08T23:00:00.000000,Italy,Italy,IT,201.15,263.97,58.48,51.63,,false,""
2024-01-09T00:00:00.000000,Italy,Italy,IT,201.38,264.61,58.55,52.17,,false,""
2024-01-09T01:00:00.000000,Italy,Italy,IT,209.46,275.03,56.24,51.75,,false,""
2024-01-09T02:00:00.000000,Italy,Italy,IT,213.78,280.83,54.98,51.21,,false,""
2024-01-09T03:00:00.000000,Italy,Italy,IT,212.86,279.18,55.49,50.28,,false,""
2024-01-09T04:00:00.000000,Italy,Italy,IT,228.99,299.6,51.18,46.94,,false,""
2024-01-09T05:00:00.000000,Italy,Italy,IT,245.13,320.47,46.05,40.85,,false,""
2024-01-09T06:00:00.000000,Italy,Italy,IT,256.62,334.94,41.86,38.72,,false,""
2024-01-09T07:00:00.000000,Italy,Italy,IT,245.04,319.64,44.62,41.37,,false,""
2024-01-09T08:00:00.000000,Italy,Italy,IT,233.88,306.95,47.3,43.44,,false,""
2024-01-09T09:00:00.000000,Italy,Italy,IT,233.35,306.98,47.98,43.81,,false,""
2024-01-09T10:00:00.000000,Italy,Italy,IT,232.0,305.65,48.49,44.3,,false,""
2024-01-09T11:00:00.000000,Italy,Italy,IT,232.99,307.11,48.5,44.56,,false,""
2024-01-09T12:00:00.000000,Italy,Italy,IT,241.71,317.65,46.43,42.27,,false,""
2024-01-09T13:00:00.000000,Italy,Italy,IT,258.1,338.23,41.86,37.38,,false,""
2024-01-09T14:00:00.000000,Italy,Italy,IT,267.89,350.94,38.31,33.93,,false,""
2024-01-09T15:00:00.000000,Italy,Italy,IT,271.87,355.36,37.15,32.92,,false,""
2024-01-09T16:00:00.000000,Italy,Italy,IT,281.05,364.62,35.13,32.51,,false,""
2024-01-09T17:00:00.000000,Italy,Italy,IT,278.25,361.21,35.96,33.42,,false,""
2024-01-09T18:00:00.000000,Italy,Italy,IT,279.47,363.77,35.6,32.94,,false,""
2024-01-09T19:00:00.000000,Italy,Italy,IT,288.77,376.38,33.36,30.48,,false,""
2024-01-09T20:00:00.000000,Italy,Italy,IT,281.71,366.9,36.65,31.05,,false,""
2024-01-09T21:00:00.000000,Italy,Italy,IT,273.74,356.15,39.96,32.68,,false,""
2024-01-09T22:00:00.000000,Italy,Italy,IT,271.71,353.82,40.73,33.25,,false,""
2024-01-09T23:00:00.000000,Italy,Italy,IT,269.25,351.68,40.98,33.14,,false,""
2024-01-10T00:00:00.000000,Italy,Italy,IT,274.68,358.24,40.1,32.0,,false,""
2024-01-10T01:00:00.000000,Italy,Italy,IT,275.68,358.37,40.78,32.14,,false,""
2024-01-10T02:00:00.000000,Italy,Italy,IT,274.25,356.5,41.29,32.02,,false,""
2024-01-10T03:00:00.000000,Italy,Italy,IT,275.29,357.89,40.77,31.24,,false,""
2024-01-10T04:00:00.000000,Italy,Italy,IT,288.94,376.01,36.21,28.22,,false,""
2024-01-10T05:00:00.000000,Italy,Italy,IT,292.64,382.56,32.97,27.14,,false,""
2024-01-10T06:00:00.000000,Italy,Italy,IT,306.7,399.27,28.75,25.23,,false,""
2024-01-10T07:00:00.000000,Italy,Italy,IT,292.77,380.58,31.97,29.21,,false,""
2024-01-10T08:00:00.000000,Italy,Italy,IT,281.57,365.84,34.89,32.55,,false,""
2024-01-10T09:00:00.000000,Italy,Italy,IT,281.49,367.36,34.68,32.9,,false,""
2024-01-10T10:00:00.000000,Italy,Italy,IT,282.83,370.47,34.22,32.39,,false,""
2024-01-10T11:00:00.000000,Italy,Italy,IT,290.73,381.09,32.61,30.05,,false,""
2024-01-10T12:00:00.000000,Italy,Italy,IT,295.29,386.73,31.39,28.68,,false,""
2024-01-10T13:00:00.000000,Italy,Italy,IT,298.3,389.71,30.43,27.65,,false,""
2024-01-10T14:00:00.000000,Italy,Italy,IT,295.77,385.91,30.93,27.7,,false,""
2024-01-10T15:00:00.000000,Italy,Italy,IT,293.73,381.96,31.55,28.2,,false,""
2024-01-10T16:00:00.000000,Italy,Italy,IT,294.84,382.94,31.32,28.48,,false,""
2024-01-10T17:00:00.000000,Italy,Italy,IT,293.94,381.77,31.62,28.89,,false,""
2024-01-10T18:00:00.000000,Italy,Italy,IT,296.12,384.96,31.03,28.37,,false,""
2024-01-10T19:00:00.000000,Italy,Italy,IT,304.95,396.56,29.14,26.01,,false,""
2024-01-10T20:00:00.000000,Italy,Italy,IT,285.42,371.87,34.86,29.31,,false,""
2024-01-10T21:00:00.000000,Italy,Italy,IT,281.04,367.64,36.32,29.25,,false,""
2024-01-10T22:00:00.000000,Italy,Italy,IT,281.07,366.81,37.28,29.93,,false,""
2024-01-10T23:00:00.000000,Italy,Italy,IT,256.63,335.61,43.88,33.27,,false,""
2024-01-11T00:00:00.000000,Italy,Italy,IT,255.42,333.31,44.96,33.58,,false,""
2024-01-11T01:00:00.000000,Italy,Italy,IT,258.73,336.51,44.99,33.56,,false,""
2024-01-11T02:00:00.000000,Italy,Italy,IT,257.61,334.91,45.32,33.04,,false,""
2024-01-11T03:00:00.000000,Italy,Italy,IT,258.71,336.37,45.05,32.52,,false,""
2024-01-11T04:00:00.000000,Italy,Italy,IT,270.0,351.81,41.03,30.17,,false,""
2024-01-11T05:00:00.000000,Italy,Italy,IT,284.85,371.96,35.22,27.34,,false,""
2024-01-11T06:00:00.000000,Italy,Italy,IT,298.44,388.5,30.48,26.46,,false,""
2024-01-11T07:00:00.000000,Italy,Italy,IT,284.53,369.97,33.8,30.2,,false,""
2024-01-11T08:00:00.000000,Italy,Italy,IT,272.76,355.62,36.86,33.21,,false,""
2024-01-11T09:00:00.000000,Italy,Italy,IT,266.6,350.16,38.23,34.25,,false,""
2024-01-11T10:00:00.000000,Italy,Italy,IT,261.29,343.57,40.0,35.54,,false,""
2024-01-11T11:00:00.000000,Italy,Italy,IT,260.6,342.88,40.51,35.72,,false,""
2024-01-11T12:00:00.000000,Italy,Italy,IT,257.04,338.93,40.99,35.99,,false,""
2024-01-11T13:00:00.000000,Italy,Italy,IT,255.71,337.79,40.65,35.47,,false,""
2024-01-11T14:00:00.000000,Italy,Italy,IT,271.36,356.72,36.38,31.18,,false,""
2024-01-11T15:00:00.000000,Italy,Italy,IT,273.25,358.0,36.07,30.76,,false,""
2024-01-11T16:00:00.000000,Italy,Italy,IT,274.9,359.2,36.0,31.3,,false,""
2024-01-11T17:00:00.000000,Italy,Italy,IT,277.87,362.34,35.33,31.63,,false,""
2024-01-11T18:00:00.000000,Italy,Italy,IT,281.48,367.17,34.62,30.97,,false,""
2024-01-11T19:00:00.000000,Italy,Italy,IT,288.82,376.72,32.95,29.11,,false,""
2024-01-11T20:00:00.000000,Italy,Italy,IT,266.93,348.83,39.21,32.7,,false,""
2024-01-11T21:00:00.000000,Italy,Italy,IT,261.73,342.26,41.66,32.9,,false,""
2024-01-11T22:00:00.000000,Italy,Italy,IT,256.6,334.49,44.47,35.19,,false,""
2024-01-11T23:00:00.000000,Italy,Italy,IT,247.94,323.06,47.37,37.45,,false,""
2024-01-12T00:00:00.000000,Italy,Italy,IT,251.01,326.73,46.97,37.12,,false,""
2024-01-12T01:00:00.000000,Italy,Italy,IT,243.66,317.13,49.29,39.18,,false,""
2024-01-12T02:00:00.000000,Italy,Italy,IT,229.98,300.05,52.58,41.68,,false,""
2024-01-12T03:00:00.000000,Italy,Italy,IT,226.34,295.68,53.2,43.1,,false,""
2024-01-12T04:00:00.000000,Italy,Italy,IT,231.75,303.18,50.92,42.2,,false,""
2024-01-12T05:00:00.000000,Italy,Italy,IT,235.29,308.5,48.24,40.6,,false,""
2024-01-12T06:00:00.000000,Italy,Italy,IT,232.37,303.93,47.91,41.78,,false,""
2024-01-12T07:00:00.000000,Italy,Italy,IT,229.34,299.92,48.32,42.89,,false,""
2024-01-12T08:00:00.000000,Italy,Italy,IT,216.8,285.59,51.21,46.28,,false,""
2024-01-12T09:00:00.000000,Italy,Italy,IT,212.61,281.8,51.97,48.18,,false,""
2024-01-12T10:00:00.000000,Italy,Italy,IT,207.03,275.65,53.41,50.09,,false,""
2024-01-12T11:00:00.000000,Italy,Italy,IT,207.0,276.19,53.53,49.92,,false,""
2024-01-12T12:00:00.000000,Italy,Italy,IT,208.45,278.02,53.17,49.09,,false,""
2024-01-12T13:00:00.000000,Italy,Italy,IT,217.02,288.03,51.16,46.44,,false,""
2024-01-12T14:00:00.000000,Italy,Italy,IT,231.96,306.19,47.19,42.06,,false,""
2024-01-12T15:00:00.000000,Italy,Italy,IT,233.75,307.39,46.75,39.84,,false,""
2024-01-12T16:00:00.000000,Italy,Italy,IT,233.83,306.81,46.57,40.29,,false,""
2024-01-12T17:00:00.000000,Italy,Italy,IT,234.67,307.72,46.69,41.46,,false,""
2024-01-12T18:00:00.000000,Italy,Italy,IT,240.36,314.76,45.5,40.4,,false,""
2024-01-12T19:00:00.000000,Italy,Italy,IT,249.55,326.53,44.13,37.83,,false,""
2024-01-12T20:00:00.000000,Italy,Italy,IT,253.64,330.65,44.17,36.92,,false,""
2024-01-12T21:00:00.000000,Italy,Italy,IT,244.28,318.33,47.58,39.46,,false,""
2024-01-12T22:00:00.000000,Italy,Italy,IT,248.35,323.8,47.25,40.02,,false,""
2024-01-12T23:00:00.000000,Italy,Italy,IT,231.77,301.92,52.38,42.9,,false,""
2024-01-13T00:00:00.000000,Italy,Italy,IT,222.55,290.56,54.85,44.4,,false,""
2024-01-13T01:00:00.000000,Italy,Italy,IT,224.21,292.77,54.59,44.84,,false,""
2024-01-13T02:00:00.000000,Italy,Italy,IT,226.05,295.32,54.03,44.56,,false,""
2024-01-13T03:00:00.000000,Italy,Italy,IT,225.33,294.75,53.91,43.57,,false,""
2024-01-13T04:00:00.000000,Italy,Italy,IT,231.24,302.52,52.12,41.94,,false,""
2024-01-13T05:00:00.000000,Italy,Italy,IT,237.54,309.91,50.53,40.5,,false,""
2024-01-13T06:00:00.000000,Italy,Italy,IT,228.01,297.08,52.31,43.71,,false,""
2024-01-13T07:00:00.000000,Italy,Italy,IT,218.42,285.33,53.83,45.73,,false,""
2024-01-13T08:00:00.000000,Italy,Italy,IT,203.85,269.13,56.92,49.53,,false,""
2024-01-13T09:00:00.000000,Italy,Italy,IT,192.29,255.96,59.67,52.76,,false,""
2024-01-13T10:00:00.000000,Italy,Italy,IT,184.25,246.4,61.77,55.1,,false,""
2024-01-13T11:00:00.000000,Italy,Italy,IT,177.43,238.88,63.05,57.08,,false,""
2024-01-13T12:00:00.000000,Italy,Italy,IT,182.52,245.44,61.58,55.33,,false,""
2024-01-13T13:00:00.000000,Italy,Italy,IT,192.9,258.04,59.39,51.99,,false,""
2024-01-13T14:00:00.000000,Italy,Italy,IT,222.58,293.87,52.33,43.96,,false,""
2024-01-13T15:00:00.000000,Italy,Italy,IT,244.21,318.82,46.94,38.49,,false,""
2024-01-13T16:00:00.000000,Italy,Italy,IT,238.28,310.44,47.97,40.02,,false,""
2024-01-13T17:00:00.000000,Italy,Italy,IT,233.25,303.48,49.05,42.08,,false,""
2024-01-13T18:00:00.000000,Italy,Italy,IT,238.84,310.02,48.05,41.31,,false,""
2024-01-13T19:00:00.000000,Italy,Italy,IT,244.17,316.9,47.19,40.39,,false,""
2024-01-13T20:00:00.000000,Italy,Italy,IT,255.49,332.31,45.11,37.58,,false,""
2024-01-13T21:00:00.000000,Italy,Italy,IT,254.85,331.69,45.89,37.65,,false,""
2024-01-13T22:00:00.000000,Italy,Italy,IT,244.47,318.73,48.98,40.35,,false,""
2024-01-13T23:00:00.000000,Italy,Italy,IT,229.07,299.01,53.21,44.8,,false,""
2024-01-14T00:00:00.000000,Italy,Italy,IT,229.86,302.12,51.87,44.83,,false,""
2024-01-14T01:00:00.000000,Italy,Italy,IT,229.21,301.22,52.44,45.62,,false,""
2024-01-14T02:00:00.000000,Italy,Italy,IT,230.6,302.9,52.17,44.34,,false,""
2024-01-14T03:00:00.000000,Italy,Italy,IT,237.58,311.55,50.48,42.97,,false,""
2024-01-14T04:00:00.000000,Italy,Italy,IT,237.12,310.75,50.61,42.61,,false,""
2024-01-14T05:00:00.000000,Italy,Italy,IT,244.03,318.87,48.69,41.77,,false,""
2024-01-14T06:00:00.000000,Italy,Italy,IT,238.75,311.42,50.09,43.49,,false,""
2024-01-14T07:00:00.000000,Italy,Italy,IT,226.82,297.54,52.27,46.36,,false,""
2024-01-14T08:00:00.000000,Italy,Italy,IT,211.37,279.63,55.31,49.87,,false,""
2024-01-14T09:00:00.000000,Italy,Italy,IT,197.47,263.42,58.11,52.67,,false,""
2024-01-14T10:00:00.000000,Italy,Italy,IT,193.42,258.92,58.6,53.67,,false,""
2024-01-14T11:00:00.000000,Italy,Italy,IT,195.23,261.21,58.25,53.23,,false,""
2024-01-14T12:00:00.000000,Italy,Italy,IT,193.56,258.68,58.78,53.16,,false,""
2024-01-14T13:00:00.000000,Italy,Italy,IT,202.15,268.77,56.98,50.95,,false,""
2024-01-14T14:00:00.000000,Italy,Italy,IT,212.72,281.23,54.52,47.82,,false,""
2024-01-14T15:00:00.000000,Italy,Italy,IT,212.48,279.67,54.87,45.59,,false,""
2024-01-14T16:00:00.000000,Italy,Italy,IT,211.05,278.0,54.35,45.55,,false,""
2024-01-14T17:00:00.000000,Italy,Italy,IT,207.41,272.48,55.28,48.17,,false,""
2024-01-14T18:00:00.000000,Italy,Italy,IT,208.68,272.66,55.43,48.36,,false,""
2024-01-14T19:00:00.000000,Italy,Italy,IT,217.18,283.82,54.06,45.8,,false,""
2024-01-14T20:00:00.000000,Italy,Italy,IT,226.28,295.98,52.03,44.16,,false,""
2024-01-14T21:00:00.000000,Italy,Italy,IT,223.03,292.27,53.33,44.7,,false,""
2024-01-14T22:00:00.000000,Italy,Italy,IT,221.84,290.6,54.05,46.01,,false,""
2024-01-14T23:00:00.000000,Italy,Italy,IT,219.26,287.4,54.68,45.71,,false,""
2024-01-15T00:00:00.000000,Italy,Italy,IT,218.43,286.41,55.09,45.58,,false,""
2024-01-15T01:00:00.000000,Italy,Italy,IT,223.8,293.15,54.03,44.73,,false,""
2024-01-15T02:00:00.000000,Italy,Italy,IT,223.41,292.83,53.97,43.83,,false,""
2024-01-15T03:00:00.000000,Italy,Italy,IT,225.31,295.32,53.34,42.75,,false,""
2024-01-15T04:00:00.000000,Italy,Italy,IT,232.92,304.8,51.35,42.02,,false,""
2024-01-15T05:00:00.000000,Italy,Italy,IT,225.33,294.93,52.3,42.64,,false,""
2024-01-15T06:00:00.000000,Italy,Italy,IT,230.19,300.15,49.66,41.61,,false,""
2024-01-15T07:00:00.000000,Italy,Italy,IT,217.83,284.22,52.03,45.07,,false,""
2024-01-15T08:00:00.000000,Italy,Italy,IT,208.25,272.27,54.06,47.61,,false,""
2024-01-15T09:00:00.000000,Italy,Italy,IT,207.82,274.58,54.03,48.03,,false,""
2024-01-15T10:00:00.000000,Italy,Italy,IT,208.81,276.6,53.82,47.65,,false,""
2024-01-15T11:00:00.000000,Italy,Italy,IT,208.68,276.54,54.11,48.19,,false,""
2024-01-15T12:00:00.000000,Italy,Italy,IT,199.69,265.63,56.08,49.53,,false,""
2024-01-15T13:00:00.000000,Italy,Italy,IT,197.56,263.0,56.39,49.03,,false,""
2024-01-15T14:00:00.000000,Italy,Italy,IT,208.38,275.7,53.63,45.04,,false,""
2024-01-15T15:00:00.000000,Italy,Italy,IT,215.96,283.71,51.91,42.73,,false,""
2024-01-15T16:00:00.000000,Italy,Italy,IT,211.91,277.68,52.85,44.85,,false,""
2024-01-15T17:00:00.000000,Italy,Italy,IT,215.41,282.29,51.88,44.81,,false,""
2024-01-15T18:00:00.000000,Italy,Italy,IT,220.12,288.07,50.88,43.83,,false,""
2024-01-15T19:00:00.000000,Italy,Italy,IT,222.56,291.6,50.56,43.66,,false,""
2024-01-15T20:00:00.000000,Italy,Italy,IT,220.76,289.46,51.71,43.4,,false,""
2024-01-15T21:00:00.000000,Italy,Italy,IT,218.59,286.58,53.1,44.44,,false,""
2024-01-15T22:00:00.000000,Italy,Italy,IT,220.75,288.91,53.25,44.97,,false,""
2024-01-15T23:00:00.000000,Italy,Italy,IT,205.26,269.79,57.0,46.89,,false,""
2024-01-16T00:00:00.000000,Italy,Italy,IT,212.6,279.07,55.31,45.7,,false,""
2024-01-16T01:00:00.000000,Italy,Italy,IT,218.41,286.32,54.05,45.29,,false,""
2024-01-16T02:00:00.000000,Italy,Italy,IT,221.43,290.32,53.15,44.18,,false,""
2024-01-16T03:00:00.000000,Italy,Italy,IT,227.05,297.32,51.87,42.31,,false,""
2024-01-16T04:00:00.000000,Italy,Italy,IT,241.1,314.97,48.32,38.59,,false,""
2024-01-16T05:00:00.000000,Italy,Italy,IT,256.33,335.38,42.77,34.35,,false,""
2024-01-16T06:00:00.000000,Italy,Italy,IT,265.46,347.23,38.7,33.11,,false,""
2024-01-16T07:00:00.000000,Italy,Italy,IT,258.99,337.7,40.43,36.27,,false,""
2024-01-16T08:00:00.000000,Italy,Italy,IT,253.04,330.91,41.77,38.32,,false,""
2024-01-16T09:00:00.000000,Italy,Italy,IT,250.65,329.31,42.21,38.54,,false,""
2024-01-16T10:00:00.000000,Italy,Italy,IT,252.5,333.17,41.71,37.3,,false,""
2024-01-16T11:00:00.000000,Italy,Italy,IT,256.48,338.35,40.93,36.02,,false,""
2024-01-16T12:00:00.000000,Italy,Italy,IT,249.13,329.4,42.67,36.24,,false,""
2024-01-16T13:00:00.000000,Italy,Italy,IT,252.6,333.39,41.84,34.78,,false,""
2024-01-16T14:00:00.000000,Italy,Italy,IT,265.08,348.7,38.32,31.42,,false,""
2024-01-16T15:00:00.000000,Italy,Italy,IT,267.19,349.62,37.87,30.89,,false,""
2024-01-16T16:00:00.000000,Italy,Italy,IT,260.87,340.35,39.63,32.68,,false,""
2024-01-16T17:00:00.000000,Italy,Italy,IT,263.12,343.16,39.17,33.45,,false,""
2024-01-16T18:00:00.000000,Italy,Italy,IT,269.01,350.67,37.86,31.92,,false,""
2024-01-16T19:00:00.000000,Italy,Italy,IT,269.52,352.43,38.05,30.84,,false,""
2024-01-16T20:00:00.000000,Italy,Italy,IT,257.28,335.69,42.36,33.02,,false,""
2024-01-16T21:00:00.000000,Italy,Italy,IT,247.5,323.38,45.51,35.41,,false,""
2024-01-16T22:00:00.000000,Italy,Italy,IT,246.43,322.18,46.13,35.67,,false,""
2024-01-16T23:00:00.000000,Italy,Italy,IT,234.44,307.91,48.8,37.98,,false,""
2024-01-17T00:00:00.000000,Italy,Italy,IT,233.34,306.48,49.34,38.07,,false,""
2024-01-17T01:00:00.000000,Italy,Italy,IT,238.1,312.08,48.48,37.68,,false,""
2024-01-17T02:00:00.000000,Italy,Italy,IT,240.8,315.54,47.66,36.71,,false,""
2024-01-17T03:00:00.000000,Italy,Italy,IT,239.65,314.12,47.82,36.69,,false,""
2024-01-17T04:00:00.000000,Italy,Italy,IT,236.83,310.65,48.28,37.5,,false,""
2024-01-17T05:00:00.000000,Italy,Italy,IT,241.25,316.78,45.95,35.54,,false,""
2024-01-17T06:00:00.000000,Italy,Italy,IT,254.46,333.8,41.53,33.78,,false,""
2024-01-17T07:00:00.000000,Italy,Italy,IT,242.83,318.47,44.12,37.07,,false,""
2024-01-17T08:00:00.000000,Italy,Italy,IT,236.88,311.3,45.63,38.34,,false,""
2024-01-17T09:00:00.000000,Italy,Italy,IT,237.35,312.05,45.5,38.19,,false,""
2024-01-17T10:00:00.000000,Italy,Italy,IT,235.08,309.17,45.94,39.05,,false,""
2024-01-17T11:00:00.000000,Italy,Italy,IT,240.22,315.93,44.62,38.42,,false,""
2024-01-17T12:00:00.000000,Italy,Italy,IT,245.6,322.79,43.38,37.23,,false,""
2024-01-17T13:00:00.000000,Italy,Italy,IT,242.46,318.79,44.11,37.53,,false,""
2024-01-17T14:00:00.000000,Italy,Italy,IT,240.61,315.51,44.7,38.04,,false,""
2024-01-17T15:00:00.000000,Italy,Italy,IT,240.11,315.08,44.7,38.4,,false,""
2024-01-17T16:00:00.000000,Italy,Italy,IT,246.32,322.32,43.2,38.02,,false,""
2024-01-17T17:00:00.000000,Italy,Italy,IT,248.68,325.83,42.51,37.16,,false,""
2024-01-17T18:00:00.000000,Italy,Italy,IT,239.36,314.55,44.89,38.04,,false,""
2024-01-17T19:00:00.000000,Italy,Italy,IT,233.52,307.99,46.26,38.3,,false,""
2024-01-17T20:00:00.000000,Italy,Italy,IT,216.29,285.93,51.24,41.09,,false,""
2024-01-17T21:00:00.000000,Italy,Italy,IT,204.38,269.9,55.47,43.86,,false,""
2024-01-17T22:00:00.000000,Italy,Italy,IT,207.83,273.85,55.17,44.76,,false,""
2024-01-17T23:00:00.000000,Italy,Italy,IT,205.72,271.18,56.07,44.28,,false,""
2024-01-18T00:00:00.000000,Italy,Italy,IT,203.58,268.55,56.77,44.73,,false,""
2024-01-18T01:00:00.000000,Italy,Italy,IT,194.26,257.02,58.97,47.41,,false,""
2024-01-18T02:00:00.000000,Italy,Italy,IT,186.65,247.73,60.55,48.84,,false,""
2024-01-18T03:00:00.000000,Italy,Italy,IT,186.78,248.06,60.37,47.69,,false,""
2024-01-18T04:00:00.000000,Italy,Italy,IT,200.81,265.55,56.93,44.98,,false,""
2024-01-18T05:00:00.000000,Italy,Italy,IT,206.11,272.95,54.47,43.44,,false,""
2024-01-18T06:00:00.000000,Italy,Italy,IT,210.35,277.83,52.54,44.36,,false,""
2024-01-18T07:00:00.000000,Italy,Italy,IT,203.58,268.55,53.97,47.29,,false,""
2024-01-18T08:00:00.000000,Italy,Italy,IT,200.27,265.43,54.53,48.4,,false,""
2024-01-18T09:00:00.000000,Italy,Italy,IT,193.53,258.76,55.96,50.24,,false,""
2024-01-18T10:00:00.000000,Italy,Italy,IT,186.34,250.28,57.71,51.9,,false,""
2024-01-18T11:00:00.000000,Italy,Italy,IT,188.17,252.81,57.43,51.75,,false,""
2024-01-18T12:00:00.000000,Italy,Italy,IT,181.91,244.76,59.13,52.47,,false,""
2024-01-18T13:00:00.000000,Italy,Italy,IT,185.21,248.63,58.27,50.38,,false,""
2024-01-18T14:00:00.000000,Italy,Italy,IT,203.46,270.51,53.92,45.88,,false,""
2024-01-18T15:00:00.000000,Italy,Italy,IT,208.06,275.58,52.72,44.84,,false,""
2024-01-18T16:00:00.000000,Italy,Italy,IT,211.68,279.7,51.69,43.69,,false,""
2024-01-18T17:00:00.000000,Italy,Italy,IT,212.13,279.65,51.85,44.73,,false,""
2024-01-18T18:00:00.000000,Italy,Italy,IT,205.51,271.08,53.84,46.2,,false,""
2024-01-18T19:00:00.000000,Italy,Italy,IT,210.73,277.57,53.34,45.3,,false,""
2024-01-18T20:00:00.000000,Italy,Italy,IT,209.87,276.08,54.09,45.57,,false,""
2024-01-18T21:00:00.000000,Italy,Italy,IT,207.8,273.26,55.5,46.87,,false,""
2024-01-18T22:00:00.000000,Italy,Italy,IT,204.38,268.74,56.52,48.38,,false,""
2024-01-18T23:00:00.000000,Italy,Italy,IT,187.24,246.94,61.47,52.55,,false,""
2024-01-19T00:00:00.000000,Italy,Italy,IT,188.13,248.17,61.58,52.47,,false,""
2024-01-19T01:00:00.000000,Italy,Italy,IT,193.95,255.22,60.39,51.46,,false,""
2024-01-19T02:00:00.000000,Italy,Italy,IT,192.02,252.7,60.83,51.3,,false,""
2024-01-19T03:00:00.000000,Italy,Italy,IT,195.79,257.39,59.87,49.93,,false,""
2024-01-19T04:00:00.000000,Italy,Italy,IT,201.47,264.48,58.26,48.96,,false,""
2024-01-19T05:00:00.000000,Italy,Italy,IT,213.66,279.95,54.66,45.87,,false,""
2024-01-19T06:00:00.000000,Italy,Italy,IT,219.34,288.22,51.39,43.58,,false,""
2024-01-19T07:00:00.000000,Italy,Italy,IT,211.96,277.87,52.68,45.92,,false,""
2024-01-19T08:00:00.000000,Italy,Italy,IT,204.85,269.11,54.61,48.35,,false,""
2024-01-19T09:00:00.000000,Italy,Italy,IT,199.83,264.63,55.85,48.93,,false,""
2024-01-19T10:00:00.000000,Italy,Italy,IT,199.13,264.36,56.24,48.63,,false,""
2024-01-19T11:00:00.000000,Italy,Italy,IT,200.53,266.59,55.93,47.66,,false,""
2024-01-19T12:00:00.000000,Italy,Italy,IT,209.19,277.39,53.67,44.95,,false,""
2024-01-19T13:00:00.000000,Italy,Italy,IT,220.7,291.2,50.88,42.18,,false,""
2024-01-19T14:00:00.000000,Italy,Italy,IT,228.51,300.29,49.02,40.08,,false,""
2024-01-19T15:00:00.000000,Italy,Italy,IT,224.57,294.8,49.65,40.84,,false,""
2024-01-19T16:00:00.000000,Italy,Italy,IT,219.41,287.94,50.67,42.53,,false,""
2024-01-19T17:00:00.000000,Italy,Italy,IT,222.24,291.5,50.19,42.62,,false,""
2024-01-19T18:00:00.000000,Italy,Italy,IT,226.0,296.26,49.37,41.55,,false,""
2024-01-19T19:00:00.000000,Italy,Italy,IT,234.13,305.91,47.99,39.81,,false,""
2024-01-19T20:00:00.000000,Italy,Italy,IT,239.64,313.07,47.14,38.29,,false,""
2024-01-19T21:00:00.000000,Italy,Italy,IT,240.1,313.92,47.66,38.06,,false,""
2024-01-19T22:00:00.000000,Italy,Italy,IT,232.54,304.07,50.25,41.04,,false,""
2024-01-19T23:00:00.000000,Italy,Italy,IT,217.21,284.57,54.61,45.15,,false,""
2024-01-20T00:00:00.000000,Italy,Italy,IT,197.02,258.72,60.28,50.58,,false,""
2024-01-20T01:00:00.000000,Italy,Italy,IT,196.39,258.14,60.49,51.2,,false,""
2024-01-20T02:00:00.000000,Italy,Italy,IT,192.54,253.68,61.16,51.54,,false,""
2024-01-20T03:00:00.000000,Italy,Italy,IT,193.97,255.49,60.69,50.92,,false,""
2024-01-20T04:00:00.000000,Italy,Italy,IT,193.97,255.41,60.56,51.71,,false,""
2024-01-20T05:00:00.000000,Italy,Italy,IT,189.25,248.92,61.64,52.32,,false,""
2024-01-20T06:00:00.000000,Italy,Italy,IT,188.93,248.75,60.97,52.13,,false,""
2024-01-20T07:00:00.000000,Italy,Italy,IT,178.17,235.03,62.97,54.93,,false,""
2024-01-20T08:00:00.000000,Italy,Italy,IT,170.97,227.55,64.15,56.45,,false,""
2024-01-20T09:00:00.000000,Italy,Italy,IT,162.53,218.94,65.94,57.96,,false,""
2024-01-20T10:00:00.000000,Italy,Italy,IT,156.75,212.37,67.2,60.4,,false,""
2024-01-20T11:00:00.000000,Italy,Italy,IT,156.01,211.44,67.61,61.27,,false,""
2024-01-20T12:00:00.000000,Italy,Italy,IT,150.97,204.82,69.07,62.73,,false,""
2024-01-20T13:00:00.000000,Italy,Italy,IT,155.65,210.4,67.94,60.55,,false,""
2024-01-20T14:00:00.000000,Italy,Italy,IT,167.32,224.21,65.05,55.73,,false,""
2024-01-20T15:00:00.000000,Italy,Italy,IT,181.76,241.38,61.44,50.62,,false,""
2024-01-20T16:00:00.000000,Italy,Italy,IT,174.23,231.46,62.55,52.34,,false,""
2024-01-20T17:00:00.000000,Italy,Italy,IT,173.69,230.33,62.66,53.47,,false,""
2024-01-20T18:00:00.000000,Italy,Italy,IT,176.51,233.28,62.21,54.15,,false,""
2024-01-20T19:00:00.000000,Italy,Italy,IT,177.49,235.29,62.66,53.17,,false,""
2024-01-20T20:00:00.000000,Italy,Italy,IT,187.31,247.54,60.93,51.15,,false,""
2024-01-20T21:00:00.000000,Italy,Italy,IT,187.64,247.48,61.49,51.66,,false,""
2024-01-20T22:00:00.000000,Italy,Italy,IT,191.58,252.15,60.81,52.56,,false,""
2024-01-20T23:00:00.000000,Italy,Italy,IT,177.54,234.64,64.38,56.08,,false,""
2024-01-21T00:00:00.000000,Italy,Italy,IT,170.92,228.21,65.37,56.07,,false,""
2024-01-21T01:00:00.000000,Italy,Italy,IT,172.8,230.87,65.04,55.52,,false,""
2024-01-21T02:00:00.000000,Italy,Italy,IT,175.44,234.45,64.26,54.97,,false,""
2024-01-21T03:00:00.000000,Italy,Italy,IT,173.33,231.69,64.82,54.92,,false,""
2024-01-21T04:00:00.000000,Italy,Italy,IT,177.55,237.04,63.73,54.02,,false,""
2024-01-21T05:00:00.000000,Italy,Italy,IT,179.01,237.92,63.46,54.06,,false,""
2024-01-21T06:00:00.000000,Italy,Italy,IT,170.76,227.27,65.42,56.15,,false,""
2024-01-21T07:00:00.000000,Italy,Italy,IT,147.99,200.06,70.03,61.84,,false,""
2024-01-21T08:00:00.000000,Italy,Italy,IT,133.76,184.33,73.03,65.69,,false,""
2024-01-21T09:00:00.000000,Italy,Italy,IT,129.88,181.43,73.47,66.98,,false,""
2024-01-21T10:00:00.000000,Italy,Italy,IT,132.5,185.13,72.78,67.58,,false,""
2024-01-21T11:00:00.000000,Italy,Italy,IT,142.62,197.78,70.22,64.9,,false,""
2024-01-21T12:00:00.000000,Italy,Italy,IT,140.27,194.4,70.81,65.69,,false,""
2024-01-21T13:00:00.000000,Italy,Italy,IT,138.99,192.72,70.96,63.86,,false,""
2024-01-21T14:00:00.000000,Italy,Italy,IT,153.16,208.94,67.69,59.01,,false,""
2024-01-21T15:00:00.000000,Italy,Italy,IT,171.32,229.96,63.67,51.95,,false,""
2024-01-21T16:00:00.000000,Italy,Italy,IT,182.76,241.85,61.17,50.16,,false,""
2024-01-21T17:00:00.000000,Italy,Italy,IT,181.44,239.52,61.58,51.69,,false,""
2024-01-21T18:00:00.000000,Italy,Italy,IT,182.54,240.32,61.45,51.81,,false,""
2024-01-21T19:00:00.000000,Italy,Italy,IT,186.9,245.68,60.61,50.35,,false,""
2024-01-21T20:00:00.000000,Italy,Italy,IT,196.2,257.89,58.42,48.51,,false,""
2024-01-21T21:00:00.000000,Italy,Italy,IT,203.7,268.48,56.96,46.82,,false,""
2024-01-21T22:00:00.000000,Italy,Italy,IT,192.6,255.1,60.14,48.59,,false,""
2024-01-21T23:00:00.000000,Italy,Italy,IT,197.98,261.36,59.49,47.57,,false,""
2024-01-22T00:00:00.000000,Italy,Italy,IT,201.58,265.82,58.89,46.9,,false,""
2024-01-22T01:00:00.000000,Italy,Italy,IT,207.36,272.96,57.61,45.18,,false,""
2024-01-22T02:00:00.000000,Italy,Italy,IT,213.03,280.6,55.86,43.05,,false,""
2024-01-22T03:00:00.000000,Italy,Italy,IT,220.54,290.49,53.5,40.78,,false,""
2024-01-22T04:00:00.000000,Italy,Italy,IT,237.56,312.34,48.44,36.95,,false,""
2024-01-22T05:00:00.000000,Italy,Italy,IT,248.77,325.87,44.19,34.81,,false,""
2024-01-22T06:00:00.000000,Italy,Italy,IT,247.8,323.56,43.65,35.69,,false,""
2024-01-22T07:00:00.000000,Italy,Italy,IT,235.52,308.23,46.52,39.52,,false,""
2024-01-22T08:00:00.000000,Italy,Italy,IT,220.19,291.18,49.94,43.05,,false,""
2024-01-22T09:00:00.000000,Italy,Italy,IT,210.7,280.74,52.46,45.28,,false,""
2024-01-22T10:00:00.000000,Italy,Italy,IT,207.42,277.02,53.46,45.8,,false,""
2024-01-22T11:00:00.000000,Italy,Italy,IT,202.91,271.38,54.8,45.83,,false,""
2024-01-22T12:00:00.000000,Italy,Italy,IT,207.56,276.99,53.71,44.64,,false,""
2024-01-22T13:00:00.000000,Italy,Italy,IT,217.74,289.77,50.87,42.05,,false,""
2024-01-22T14:00:00.000000,Italy,Italy,IT,237.32,313.35,45.69,37.06,,false,""
2024-01-22T15:00:00.000000,Italy,Italy,IT,250.12,327.78,42.43,33.74,,false,""
2024-01-22T16:00:00.000000,Italy,Italy,IT,253.54,331.08,41.71,33.76,,false,""
2024-01-22T17:00:00.000000,Italy,Italy,IT,248.6,325.02,43.18,35.69,,false,""
2024-01-22T18:00:00.000000,Italy,Italy,IT,251.29,328.9,42.69,35.34,,false,""
2024-01-22T19:00:00.000000,Italy,Italy,IT,253.95,332.97,42.15,34.16,,false,""
2024-01-22T20:00:00.000000,Italy,Italy,IT,244.41,320.91,44.99,36.09,,false,""
2024-01-22T21:00:00.000000,Italy,Italy,IT,230.77,303.31,49.25,39.34,,false,""
2024-01-22T22:00:00.000000,Italy,Italy,IT,222.01,291.61,52.22,41.65,,false,""
2024-01-22T23:00:00.000000,Italy,Italy,IT,209.91,276.13,55.96,44.32,,false,""
2024-01-23T00:00:00.000000,Italy,Italy,IT,209.96,276.16,56.24,45.16,,false,""
2024-01-23T01:00:00.000000,Italy,Italy,IT,209.92,276.03,56.54,45.81,,false,""
2024-01-23T02:00:00.000000,Italy,Italy,IT,204.83,270.24,57.22,45.81,,false,""
2024-01-23T03:00:00.000000,Italy,Italy,IT,207.26,273.38,56.5,44.4,,false,""
2024-01-23T04:00:00.000000,Italy,Italy,IT,225.25,296.77,51.17,40.02,,false,""
2024-01-23T05:00:00.000000,Italy,Italy,IT,243.68,320.52,45.33,36.02,,false,""
2024-01-23T06:00:00.000000,Italy,Italy,IT,250.56,329.33,42.62,35.3,,false,""
2024-01-23T07:00:00.000000,Italy,Italy,IT,241.05,316.59,44.85,37.51,,false,""
2024-01-23T08:00:00.000000,Italy,Italy,IT,233.67,308.44,46.7,39.66,,false,""
2024-01-23T09:00:00.000000,Italy,Italy,IT,232.42,307.34,47.34,39.53,,false,""
2024-01-23T10:00:00.000000,Italy,Italy,IT,226.28,299.78,49.3,41.6,,false,""
2024-01-23T11:00:00.000000,Italy,Italy,IT,210.19,280.11,53.42,45.15,,false,""
2024-01-23T12:00:00.000000,Italy,Italy,IT,211.17,281.21,53.2,44.6,,false,""
2024-01-23T13:00:00.000000,Italy,Italy,IT,222.62,295.09,50.16,41.23,,false,""
2024-01-23T14:00:00.000000,Italy,Italy,IT,234.99,309.56,47.15,38.38,,false,""
2024-01-23T15:00:00.000000,Italy,Italy,IT,241.08,316.51,45.63,37.11,,false,""
2024-01-23T16:00:00.000000,Italy,Italy,IT,238.3,312.63,46.21,38.29,,false,""
2024-01-23T17:00:00.000000,Italy,Italy,IT,238.55,312.57,46.38,38.67,,false,""
2024-01-23T18:00:00.000000,Italy,Italy,IT,245.83,321.42,44.89,37.24,,false,""
2024-01-23T19:00:00.000000,Italy,Italy,IT,249.79,326.26,44.34,36.45,,false,""
2024-01-23T20:00:00.000000,Italy,Italy,IT,243.18,317.68,46.63,37.5,,false,""
2024-01-23T21:00:00.000000,Italy,Italy,IT,229.24,300.01,50.64,40.75,,false,""
2024-01-23T22:00:00.000000,Italy,Italy,IT,215.58,282.49,54.67,43.6,,false,""
2024-01-23T23:00:00.000000,Italy,Italy,IT,202.7,266.98,57.9,46.17,,false,""
2024-01-24T00:00:00.000000,Italy,Italy,IT,201.1,264.44,58.95,46.9,,false,""
2024-01-24T01:00:00.000000,Italy,Italy,IT,204.49,268.61,58.28,46.16,,false,""
2024-01-24T02:00:00.000000,Italy,Italy,IT,204.43,268.31,58.3,46.08,,false,""
2024-01-24T03:00:00.000000,Italy,Italy,IT,210.74,276.43,56.5,43.87,,false,""
2024-01-24T04:00:00.000000,Italy,Italy,IT,225.37,295.58,52.22,40.12,,false,""
2024-01-24T05:00:00.000000,Italy,Italy,IT,245.74,321.05,46.43,36.56,,false,""
2024-01-24T06:00:00.000000,Italy,Italy,IT,244.51,318.25,45.87,37.39,,false,""
2024-01-24T07:00:00.000000,Italy,Italy,IT,235.13,307.03,47.79,40.34,,false,""
2024-01-24T08:00:00.000000,Italy,Italy,IT,223.7,294.22,50.39,43.2,,false,""
2024-01-24T09:00:00.000000,Italy,Italy,IT,216.28,286.61,52.13,44.68,,false,""
2024-01-24T10:00:00.000000,Italy,Italy,IT,213.78,283.68,52.87,44.88,,false,""
2024-01-24T11:00:00.000000,Italy,Italy,IT,209.96,279.09,54.02,46.17,,false,""
2024-01-24T12:00:00.000000,Italy,Italy,IT,212.76,282.45,53.39,44.78,,false,""
2024-01-24T13:00:00.000000,Italy,Italy,IT,222.69,294.19,50.97,42.23,,false,""
2024-01-24T14:00:00.000000,Italy,Italy,IT,239.74,314.92,46.51,37.66,,false,""
2024-01-24T15:00:00.000000,Italy,Italy,IT,242.53,317.81,45.47,36.35,,false,""
2024-01-24T16:00:00.000000,Italy,Italy,IT,240.95,314.6,45.68,36.45,,false,""
2024-01-24T17:00:00.000000,Italy,Italy,IT,240.72,313.91,45.86,37.37,,false,""
2024-01-24T18:00:00.000000,Italy,Italy,IT,240.28,314.03,45.99,37.87,,false,""
2024-01-24T19:00:00.000000,Italy,Italy,IT,250.31,326.89,43.96,35.05,,false,""
2024-01-24T20:00:00.000000,Italy,Italy,IT,241.65,315.9,46.62,36.88,,false,""
2024-01-24T21:00:00.000000,Italy,Italy,IT,232.04,303.88,49.65,38.95,,false,""
2024-01-24T22:00:00.000000,Italy,Italy,IT,219.87,288.39,53.4,41.52,,false,""
2024-01-24T23:00:00.000000,Italy,Italy,IT,205.72,270.23,57.53,45.06,,false,""
2024-01-25T00:00:00.000000,Italy,Italy,IT,205.9,269.92,58.23,45.93,,false,""
2024-01-25T01:00:00.000000,Italy,Italy,IT,214.27,280.42,56.24,44.53,,false,""
2024-01-25T02:00:00.000000,Italy,Italy,IT,209.3,274.35,57.21,44.88,,false,""
2024-01-25T03:00:00.000000,Italy,Italy,IT,210.93,276.06,56.75,43.79,,false,""
2024-01-25T04:00:00.000000,Italy,Italy,IT,218.91,286.36,54.24,40.84,,false,""
2024-01-25T05:00:00.000000,Italy,Italy,IT,239.73,312.63,47.81,36.37,,false,""
2024-01-25T06:00:00.000000,Italy,Italy,IT,246.59,321.41,44.84,35.39,,false,""
2024-01-25T07:00:00.000000,Italy,Italy,IT,233.05,304.34,47.98,39.29,,false,""
2024-01-25T08:00:00.000000,Italy,Italy,IT,224.07,293.85,50.33,41.48,,false,""
2024-01-25T09:00:00.000000,Italy,Italy,IT,219.83,289.67,51.57,43.05,,false,""
2024-01-25T10:00:00.000000,Italy,Italy,IT,212.68,281.12,53.52,45.16,,false,""
2024-01-25T11:00:00.000000,Italy,Italy,IT,210.6,279.45,54.13,45.52,,false,""
2024-01-25T12:00:00.000000,Italy,Italy,IT,210.01,279.05,54.0,44.6,,false,""
2024-01-25T13:00:00.000000,Italy,Italy,IT,221.34,292.9,51.05,41.92,,false,""
2024-01-25T14:00:00.000000,Italy,Italy,IT,239.37,314.79,46.27,37.63,,false,""
2024-01-25T15:00:00.000000,Italy,Italy,IT,253.45,331.14,42.78,34.11,,false,""
2024-01-25T16:00:00.000000,Italy,Italy,IT,250.12,326.44,43.29,35.15,,false,""
2024-01-25T17:00:00.000000,Italy,Italy,IT,248.14,323.79,43.53,35.4,,false,""
2024-01-25T18:00:00.000000,Italy,Italy,IT,249.25,325.46,43.28,35.13,,false,""
2024-01-25T19:00:00.000000,Italy,Italy,IT,258.41,337.29,41.07,32.19,,false,""
2024-01-25T20:00:00.000000,Italy,Italy,IT,261.95,341.99,40.81,30.48,,false,""
2024-01-25T21:00:00.000000,Italy,Italy,IT,261.92,342.12,41.57,29.97,,false,""
2024-01-25T22:00:00.000000,Italy,Italy,IT,262.69,343.13,41.95,29.67,,false,""
2024-01-25T23:00:00.000000,Italy,Italy,IT,252.04,329.96,45.14,31.74,,false,""
2024-01-26T00:00:00.000000,Italy,Italy,IT,248.68,325.74,46.31,32.17,,false,""
2024-01-26T01:00:00.000000,Italy,Italy,IT,249.12,325.98,46.58,32.35,,false,""
2024-01-26T02:00:00.000000,Italy,Italy,IT,246.81,322.83,47.41,32.76,,false,""
2024-01-26T03:00:00.000000,Italy,Italy,IT,249.29,326.17,46.62,32.59,,false,""
2024-01-26T04:00:00.000000,Italy,Italy,IT,253.6,332.12,44.84,31.67,,false,""
2024-01-26T05:00:00.000000,Italy,Italy,IT,264.92,346.63,40.47,29.6,,false,""
2024-01-26T06:00:00.000000,Italy,Italy,IT,255.56,333.98,41.79,32.85,,false,""
2024-01-26T07:00:00.000000,Italy,Italy,IT,245.2,320.46,44.4,36.92,,false,""
2024-01-26T08:00:00.000000,Italy,Italy,IT,240.8,315.95,45.25,38.26,,false,""
2024-01-26T09:00:00.000000,Italy,Italy,IT,242.18,319.37,44.59,37.88,,false,""
2024-01-26T10:00:00.000000,Italy,Italy,IT,239.59,316.74,45.57,38.52,,false,""
2024-01-26T11:00:00.000000,Italy,Italy,IT,229.32,304.36,48.22,39.58,,false,""
2024-01-26T12:00:00.000000,Italy,Italy,IT,229.73,304.49,48.23,38.93,,false,""
2024-01-26T13:00:00.000000,Italy,Italy,IT,244.51,322.35,44.68,35.83,,false,""
2024-01-26T14:00:00.000000,Italy,Italy,IT,251.8,330.86,42.78,33.98,,false,""
2024-01-26T15:00:00.000000,Italy,Italy,IT,254.74,333.31,41.8,32.63,,false,""
2024-01-26T16:00:00.000000,Italy,Italy,IT,256.92,335.23,41.29,32.54,,false,""
2024-01-26T17:00:00.000000,Italy,Italy,IT,255.47,333.33,41.68,33.41,,false,""
2024-01-26T18:00:00.000000,Italy,Italy,IT,257.2,335.41,41.61,33.01,,false,""
2024-01-26T19:00:00.000000,Italy,Italy,IT,265.16,344.98,40.4,31.1,,false,""
2024-01-26T20:00:00.000000,Italy,Italy,IT,266.28,346.75,40.62,30.21,,false,""
2024-01-26T21:00:00.000000,Italy,Italy,IT,259.32,338.5,42.83,31.11,,false,""
2024-01-26T22:00:00.000000,Italy,Italy,IT,260.16,339.78,43.06,31.11,,false,""
2024-01-26T23:00:00.000000,Italy,Italy,IT,252.46,330.46,45.04,32.76,,false,""
2024-01-27T00:00:00.000000,Italy,Italy,IT,246.3,322.52,47.01,33.7,,false,""
2024-01-27T01:00:00.000000,Italy,Italy,IT,244.74,320.45,48.04,33.88,,false,""
2024-01-27T02:00:00.000000,Italy,Italy,IT,246.02,321.8,47.84,32.85,,false,""
2024-01-27T03:00:00.000000,Italy,Italy,IT,246.92,322.79,47.65,32.36,,false,""
2024-01-27T04:00:00.000000,Italy,Italy,IT,248.06,323.73,47.45,32.81,,false,""
2024-01-27T05:00:00.000000,Italy,Italy,IT,253.56,329.71,45.67,32.73,,false,""
2024-01-27T06:00:00.000000,Italy,Italy,IT,245.18,318.79,47.05,35.81,,false,""
2024-01-27T07:00:00.000000,Italy,Italy,IT,230.06,300.12,50.16,39.79,,false,""
2024-01-27T08:00:00.000000,Italy,Italy,IT,218.41,286.64,52.85,43.39,,false,""
2024-01-27T09:00:00.000000,Italy,Italy,IT,208.06,274.67,55.82,46.75,,false,""
2024-01-27T10:00:00.000000,Italy,Italy,IT,181.3,243.15,62.15,52.56,,false,""
2024-01-27T11:00:00.000000,Italy,Italy,IT,169.79,229.46,65.07,55.52,,false,""
2024-01-27T12:00:00.000000,Italy,Italy,IT,165.97,225.22,65.75,56.67,,false,""
2024-01-27T13:00:00.000000,Italy,Italy,IT,169.6,229.34,64.82,54.3,,false,""
2024-01-27T14:00:00.000000,Italy,Italy,IT,191.14,254.75,59.85,45.94,,false,""
2024-01-27T15:00:00.000000,Italy,Italy,IT,217.96,286.6,52.68,38.31,,false,""
2024-01-27T16:00:00.000000,Italy,Italy,IT,218.93,286.91,51.81,39.02,,false,""
2024-01-27T17:00:00.000000,Italy,Italy,IT,211.12,276.81,53.75,42.52,,false,""
2024-01-27T18:00:00.000000,Italy,Italy,IT,212.17,278.64,53.51,43.04,,false,""
2024-01-27T19:00:00.000000,Italy,Italy,IT,218.46,286.75,52.37,40.73,,false,""
2024-01-27T20:00:00.000000,Italy,Italy,IT,223.18,292.84,51.75,38.94,,false,""
2024-01-27T21:00:00.000000,Italy,Italy,IT,208.18,274.57,55.8,40.91,,false,""
2024-01-27T22:00:00.000000,Italy,Italy,IT,211.58,278.96,55.23,41.41,,false,""
2024-01-27T23:00:00.000000,Italy,Italy,IT,181.58,241.04,63.14,46.53,,false,""
2024-01-28T00:00:00.000000,Italy,Italy,IT,176.88,234.79,64.95,48.99,,false,""
2024-01-28T01:00:00.000000,Italy,Italy,IT,178.68,236.62,65.03,50.95,,false,""
2024-01-28T02:00:00.000000,Italy,Italy,IT,176.88,234.48,65.44,51.23,,false,""
2024-01-28T03:00:00.000000,Italy,Italy,IT,181.43,240.33,64.41,49.68,,false,""
2024-01-28T04:00:00.000000,Italy,Italy,IT,184.15,244.47,63.27,48.52,,false,""
2024-01-28T05:00:00.000000,Italy,Italy,IT,187.38,247.62,62.42,48.5,,false,""
2024-01-28T06:00:00.000000,Italy,Italy,IT,183.4,243.12,62.72,49.27,,false,""
2024-01-28T07:00:00.000000,Italy,Italy,IT,171.72,229.52,64.51,52.78,,false,""
2024-01-28T08:00:00.000000,Italy,Italy,IT,152.62,207.9,68.32,58.2,,false,""
2024-01-28T09:00:00.000000,Italy,Italy,IT,143.73,197.91,70.62,62.21,,false,""
2024-01-28T10:00:00.000000,Italy,Italy,IT,135.59,188.4,72.52,64.98,,false,""
2024-01-28T11:00:00.000000,Italy,Italy,IT,136.95,190.73,71.88,64.31,,false,""
2024-01-28T12:00:00.000000,Italy,Italy,IT,134.67,188.15,72.38,65.0,,false,""
2024-01-28T13:00:00.000000,Italy,Italy,IT,139.25,193.54,71.53,64.26,,false,""
2024-01-28T14:00:00.000000,Italy,Italy,IT,160.05,217.57,66.9,57.51,,false,""
2024-01-28T15:00:00.000000,Italy,Italy,IT,171.52,229.59,64.52,50.23,,false,""
2024-01-28T16:00:00.000000,Italy,Italy,IT,187.09,247.33,60.56,46.37,,false,""
2024-01-28T17:00:00.000000,Italy,Italy,IT,180.85,237.74,62.2,49.35,,false,""
2024-01-28T18:00:00.000000,Italy,Italy,IT,182.79,239.87,61.81,49.39,,false,""
2024-01-28T19:00:00.000000,Italy,Italy,IT,185.32,243.36,61.22,48.16,,false,""
2024-01-28T20:00:00.000000,Italy,Italy,IT,188.67,248.04,60.97,47.57,,false,""
2024-01-28T21:00:00.000000,Italy,Italy,IT,197.09,259.29,59.4,44.86,,false,""
2024-01-28T22:00:00.000000,Italy,Italy,IT,200.22,262.75,60.1,44.08,,false,""
2024-01-28T23:00:00.000000,Italy,Italy,IT,202.95,264.59,60.68,44.19,,false,""
2024-01-29T00:00:00.000000,Italy,Italy,IT,207.45,270.04,60.07,43.92,,false,""
2024-01-29T01:00:00.000000,Italy,Italy,IT,211.94,276.14,58.57,43.21,,false,""
2024-01-29T02:00:00.000000,Italy,Italy,IT,211.77,276.64,58.18,41.9,,false,""
2024-01-29T03:00:00.000000,Italy,Italy,IT,216.29,282.89,56.45,39.91,,false,""
2024-01-29T04:00:00.000000,Italy,Italy,IT,224.06,292.3,54.02,38.37,,false,""
2024-01-29T05:00:00.000000,Italy,Italy,IT,231.55,302.25,50.33,36.94,,false,""
2024-01-29T06:00:00.000000,Italy,Italy,IT,234.32,304.69,48.73,37.79,,false,""
2024-01-29T07:00:00.000000,Italy,Italy,IT,224.93,293.0,50.83,40.39,,false,""
2024-01-29T08:00:00.000000,Italy,Italy,IT,216.34,283.37,52.95,43.96,,false,""
2024-01-29T09:00:00.000000,Italy,Italy,IT,218.24,287.31,52.9,43.96,,false,""
2024-01-29T10:00:00.000000,Italy,Italy,IT,215.04,283.79,53.98,44.7,,false,""
2024-01-29T11:00:00.000000,Italy,Italy,IT,208.78,275.55,56.15,45.65,,false,""
2024-01-29T12:00:00.000000,Italy,Italy,IT,208.71,275.58,56.22,45.37,,false,""
2024-01-29T13:00:00.000000,Italy,Italy,IT,214.88,283.52,54.14,43.86,,false,""
2024-01-29T14:00:00.000000,Italy,Italy,IT,226.21,296.65,51.19,40.85,,false,""
2024-01-29T15:00:00.000000,Italy,Italy,IT,253.52,329.97,44.04,34.31,,false,""
2024-01-29T16:00:00.000000,Italy,Italy,IT,262.51,340.19,41.61,33.4,,false,""
2024-01-29T17:00:00.000000,Italy,Italy,IT,259.72,335.98,42.71,35.06,,false,""
2024-01-29T18:00:00.000000,Italy,Italy,IT,259.45,335.77,42.86,34.65,,false,""
2024-01-29T19:00:00.000000,Italy,Italy,IT,260.85,339.06,42.65,32.93,,false,""
2024-01-29T20:00:00.000000,Italy,Italy,IT,256.38,333.24,44.42,33.28,,false,""
2024-01-29T21:00:00.000000,Italy,Italy,IT,253.8,330.69,45.62,33.66,,false,""
2024-01-29T22:00:00.000000,Italy,Italy,IT,250.24,326.06,47.12,34.87,,false,""
2024-01-29T23:00:00.000000,Italy,Italy,IT,247.19,320.31,49.83,35.87,,false,""
2024-01-30T00:00:00.000000,Italy,Italy,IT,246.29,319.23,50.41,34.91,,false,""
2024-01-30T01:00:00.000000,Italy,Italy,IT,250.36,324.76,49.37,33.4,,false,""
2024-01-30T02:00:00.000000,Italy,Italy,IT,247.95,321.96,49.75,33.54,,false,""
2024-01-30T03:00:00.000000,Italy,Italy,IT,251.31,325.76,49.14,32.76,,false,""
2024-01-30T04:00:00.000000,Italy,Italy,IT,258.01,334.03,47.19,32.69,,false,""
2024-01-30T05:00:00.000000,Italy,Italy,IT,265.89,344.97,43.24,31.42,,false,""
2024-01-30T06:00:00.000000,Italy,Italy,IT,263.9,342.63,42.47,32.87,,false,""
2024-01-30T07:00:00.000000,Italy,Italy,IT,246.85,321.72,46.24,37.7,,false,""
2024-01-30T08:00:00.000000,Italy,Italy,IT,242.79,317.16,47.7,40.83,,false,""
2024-01-30T09:00:00.000000,Italy,Italy,IT,241.74,316.93,48.24,41.56,,false,""
2024-01-30T10:00:00.000000,Italy,Italy,IT,235.34,308.96,50.24,42.79,,false,""
2024-01-30T11:00:00.000000,Italy,Italy,IT,226.89,298.57,52.74,43.94,,false,""
2024-01-30T12:00:00.000000,Italy,Italy,IT,224.15,295.21,53.36,43.56,,false,""
2024-01-30T13:00:00.000000,Italy,Italy,IT,229.42,301.78,51.65,41.77,,false,""
2024-01-30T14:00:00.000000,Italy,Italy,IT,249.35,326.26,46.26,36.27,,false,""
2024-01-30T15:00:00.000000,Italy,Italy,IT,269.39,350.81,40.58,30.3,,false,""
2024-01-30T16:00:00.000000,Italy,Italy,IT,270.57,350.86,40.38,30.59,,false,""
2024-01-30T17:00:00.000000,Italy,Italy,IT,271.72,352.53,39.93,31.93,,false,""
2024-01-30T18:00:00.000000,Italy,Italy,IT,272.9,354.06,39.72,32.04,,false,""
2024-01-30T19:00:00.000000,Italy,Italy,IT,277.84,360.25,38.61,30.13,,false,""
2024-01-30T20:00:00.000000,Italy,Italy,IT,283.48,366.78,38.52,28.32,,false,""
2024-01-30T21:00:00.000000,Italy,Italy,IT,280.62,362.83,40.1,28.52,,false,""
2024-01-30T22:00:00.000000,Italy,Italy,IT,283.97,367.01,40.32,28.3,,false,""
2024-01-30T23:00:00.000000,Italy,Italy,IT,279.18,360.51,42.34,29.14,,false,""
2024-01-31T00:00:00.000000,Italy,Italy,IT,283.65,364.71,42.59,28.41,,false,""
2024-01-31T01:00:00.000000,Italy,Italy,IT,284.24,364.87,43.12,28.38,,false,""
2024-01-31T02:00:00.000000,Italy,Italy,IT,279.97,360.14,43.66,27.94,,false,""
2024-01-31T03:00:00.000000,Italy,Italy,IT,276.85,356.93,43.74,27.63,,false,""
2024-01-31T04:00:00.000000,Italy,Italy,IT,276.28,357.45,42.02,27.35,,false,""
2024-01-31T05:00:00.000000,Italy,Italy,IT,284.89,369.26,37.61,26.19,,false,""
2024-01-31T06:00:00.000000,Italy,Italy,IT,277.89,360.31,38.43,29.66,,false,""
2024-01-31T07:00:00.000000,Italy,Italy,IT,261.93,339.89,42.24,35.14,,false,""
2024-01-31T08:00:00.000000,Italy,Italy,IT,248.64,325.36,45.42,37.99,,false,""
2024-01-31T09:00:00.000000,Italy,Italy,IT,241.16,316.69,47.96,40.35,,false,""
2024-01-31T10:00:00.000000,Italy,Italy,IT,233.85,307.19,50.43,41.94,,false,""
2024-01-31T11:00:00.000000,Italy,Italy,IT,224.49,295.48,53.24,43.65,,false,""
2024-01-31T12:00:00.000000,Italy,Italy,IT,224.99,296.12,53.04,42.66,,false,""
2024-01-31T13:00:00.000000,Italy,Italy,IT,236.99,311.07,49.63,39.93,,false,""
2024-01-31T14:00:00.000000,Italy,Italy,IT,254.55,332.49,45.02,34.89,,false,""
2024-01-31T15:00:00.000000,Italy,Italy,IT,276.01,357.91,39.51,29.27,,false,""
2024-01-31T16:00:00.000000,Italy,Italy,IT,276.8,358.04,39.16,29.5,,false,""
2024-01-31T17:00:00.000000,Italy,Italy,IT,274.35,354.58,39.93,31.44,,false,""
2024-01-31T18:00:00.000000,Italy,Italy,IT,276.85,358.0,39.45,31.49,,false,""
2024-01-31T19:00:00.000000,Italy,Italy,IT,288.08,371.71,37.23,29.73,,false,""
2024-01-31T20:00:00.000000,Italy,Italy,IT,300.15,386.81,35.18,27.56,,false,""
2024-01-31T21:00:00.000000,Italy,Italy,IT,299.42,385.45,36.34,28.02,,false,""
2024-01-31T22:00:00.000000,Italy,Italy,IT,297.79,383.31,37.74,29.25,,false,""
2024-01-31T23:00:00.000000,Italy,Italy,IT,277.06,356.99,43.02,32.13,,false,""
2024-02-01T00:00:00.000000,Italy,Italy,IT,270.86,348.87,45.18,33.36,,false,""
2024-02-01T01:00:00.000000,Italy,Italy,IT,267.19,344.35,46.01,33.21,,false,""
2024-02-01T02:00:00.000000,Italy,Italy,IT,258.35,334.06,47.67,33.05,,false,""
2024-02-01T03:00:00.000000,Italy,Italy,IT,260.08,336.24,47.11,32.67,,false,""
2024-02-01T04:00:00.000000,Italy,Italy,IT,262.5,338.66,45.98,31.76,,false,""
2024-02-01T05:00:00.000000,Italy,Italy,IT,272.15,351.84,41.94,30.08,,false,""
2024-02-01T06:00:00.000000,Italy,Italy,IT,281.88,363.02,38.88,30.88,,false,""
2024-02-01T07:00:00.000000,Italy,Italy,IT,268.75,346.44,42.2,35.07,,false,""
2024-02-01T08:00:00.000000,Italy,Italy,IT,255.74,331.34,45.27,37.91,,false,""
2024-02-01T09:00:00.000000,Italy,Italy,IT,254.58,330.46,45.69,38.45,,false,""
2024-02-01T10:00:00.000000,Italy,Italy,IT,253.42,329.42,46.19,39.02,,false,""
2024-02-01T11:00:00.000000,Italy,Italy,IT,251.31,326.73,46.99,39.96,,false,""
2024-02-01T12:00:00.000000,Italy,Italy,IT,255.94,331.8,46.28,38.51,,false,""
2024-02-01T13:00:00.000000,Italy,Italy,IT,260.93,337.98,44.76,37.15,,false,""
2024-02-01T14:00:00.000000,Italy,Italy,IT,272.93,352.45,41.62,33.77,,false,""
2024-02-01T15:00:00.000000,Italy,Italy,IT,285.77,368.31,38.06,30.0,,false,""
2024-02-01T16:00:00.000000,Italy,Italy,IT,282.99,363.84,38.59,30.99,,false,""
2024-02-01T17:00:00.000000,Italy,Italy,IT,284.77,365.26,38.22,31.65,,false,""
2024-02-01T18:00:00.000000,Italy,Italy,IT,284.41,365.44,38.19,30.97,,false,""
2024-02-01T19:00:00.000000,Italy,Italy,IT,291.15,373.31,37.09,29.66,,false,""
2024-02-01T20:00:00.000000,Italy,Italy,IT,299.61,384.21,35.55,27.2,,false,""
2024-02-01T21:00:00.000000,Italy,Italy,IT,298.31,382.95,36.93,27.11,,false,""
2024-02-01T22:00:00.000000,Italy,Italy,IT,301.22,385.53,37.45,27.12,,false,""
2024-02-01T23:00:00.000000,Italy,Italy,IT,298.88,382.54,37.99,26.48,,false,""
2024-02-02T00:00:00.000000,Italy,Italy,IT,296.15,378.68,39.36,27.14,,false,""
2024-02-02T01:00:00.000000,Italy,Italy,IT,292.64,373.96,40.68,28.77,,false,""
2024-02-02T02:00:00.000000,Italy,Italy,IT,272.24,348.25,45.63,32.37,,false,""
2024-02-02T03:00:00.000000,Italy,Italy,IT,260.57,333.96,48.16,35.02,,false,""
2024-02-02T04:00:00.000000,Italy,Italy,IT,264.24,339.6,46.13,34.14,,false,""
2024-02-02T05:00:00.000000,Italy,Italy,IT,268.87,346.3,43.39,34.28,,false,""
2024-02-02T06:00:00.000000,Italy,Italy,IT,251.42,324.09,46.58,38.14,,false,""
2024-02-02T07:00:00.000000,Italy,Italy,IT,240.79,311.28,48.55,41.65,,false,""
2024-02-02T08:00:00.000000,Italy,Italy,IT,231.32,301.13,50.96,43.95,,false,""
2024-02-02T09:00:00.000000,Italy,Italy,IT,218.89,286.13,54.3,46.93,,false,""
2024-02-02T10:00:00.000000,Italy,Italy,IT,207.18,272.28,57.08,49.12,,false,""
2024-02-02T11:00:00.000000,Italy,Italy,IT,203.05,267.24,58.6,50.69,,false,""
2024-02-02T12:00:00.000000,Italy,Italy,IT,205.45,269.7,58.46,50.37,,false,""
2024-02-02T13:00:00.000000,Italy,Italy,IT,216.03,283.08,55.46,47.62,,false,""
2024-02-02T14:00:00.000000,Italy,Italy,IT,231.36,301.49,51.58,43.59,,false,""
2024-02-02T15:00:00.000000,Italy,Italy,IT,252.49,326.78,46.11,37.66,,false,""
2024-02-02T16:00:00.000000,Italy,Italy,IT,250.6,323.12,46.22,38.29,,false,""
2024-02-02T17:00:00.000000,Italy,Italy,IT,247.17,318.72,47.27,39.21,,false,""
2024-02-02T18:00:00.000000,Italy,Italy,IT,248.71,320.67,47.19,39.64,,false,""
2024-02-02T19:00:00.000000,Italy,Italy,IT,257.43,331.93,45.21,37.79,,false,""
2024-02-02T20:00:00.000000,Italy,Italy,IT,258.56,332.9,46.07,38.05,,false,""
2024-02-02T21:00:00.000000,Italy,Italy,IT,264.71,340.09,45.8,36.86,,false,""
2024-02-02T22:00:00.000000,Italy,Italy,IT,265.32,340.73,46.32,37.37,,false,""
2024-02-02T23:00:00.000000,Italy,Italy,IT,263.77,338.38,47.6,38.03,,false,""
2024-02-03T00:00:00.000000,Italy,Italy,IT,264.91,339.14,48.58,38.3,,false,""
2024-02-03T01:00:00.000000,Italy,Italy,IT,266.84,340.88,48.91,38.13,,false,""
2024-02-03T02:00:00.000000,Italy,Italy,IT,265.3,338.44,49.92,38.74,,false,""
2024-02-03T03:00:00.000000,Italy,Italy,IT,264.79,337.54,50.06,37.95,,false,""
2024-02-03T04:00:00.000000,Italy,Italy,IT,272.25,347.72,47.46,35.84,,false,""
2024-02-03T05:00:00.000000,Italy,Italy,IT,270.42,345.19,47.15,37.07,,false,""
2024-02-03T06:00:00.000000,Italy,Italy,IT,252.2,322.41,50.21,41.39,,false,""
2024-02-03T07:00:00.000000,Italy,Italy,IT,225.25,289.87,55.83,47.69,,false,""
2024-02-03T08:00:00.000000,Italy,Italy,IT,208.32,271.27,59.24,51.78,,false,""
2024-02-03T09:00:00.000000,Italy,Italy,IT,195.23,256.08,62.64,54.83,,false,""
2024-02-03T10:00:00.000000,Italy,Italy,IT,185.2,244.1,65.38,58.12,,false,""
2024-02-03T11:00:00.000000,Italy,Italy,IT,181.94,240.7,66.13,60.09,,false,""
2024-02-03T12:00:00.000000,Italy,Italy,IT,185.74,245.28,65.4,59.81,,false,""
2024-02-03T13:00:00.000000,Italy,Italy,IT,187.41,247.45,64.77,57.61,,false,""
2024-02-03T14:00:00.000000,Italy,Italy,IT,197.34,258.96,62.28,50.97,,false,""
2024-02-03T15:00:00.000000,Italy,Italy,IT,234.64,304.67,52.62,39.58,,false,""
2024-02-03T16:00:00.000000,Italy,Italy,IT,234.11,301.1,52.41,40.57,,false,""
2024-02-03T17:00:00.000000,Italy,Italy,IT,227.93,291.92,53.79,43.8,,false,""
2024-02-03T18:00:00.000000,Italy,Italy,IT,230.26,294.7,53.51,43.95,,false,""
2024-02-03T19:00:00.000000,Italy,Italy,IT,237.99,304.49,52.18,42.3,,false,""
2024-02-03T20:00:00.000000,Italy,Italy,IT,245.34,315.51,50.95,40.03,,false,""
2024-02-03T21:00:00.000000,Italy,Italy,IT,254.85,326.81,49.86,38.6,,false,""
2024-02-03T22:00:00.000000,Italy,Italy,IT,252.86,323.78,51.41,40.32,,false,""
2024-02-03T23:00:00.000000,Italy,Italy,IT,235.34,300.18,56.91,45.5,,false,""
2024-02-04T00:00:00.000000,Italy,Italy,IT,233.14,297.51,58.07,47.2,,false,""
2024-02-04T01:00:00.000000,Italy,Italy,IT,238.11,302.89,57.74,47.64,,false,""
2024-02-04T02:00:00.000000,Italy,Italy,IT,242.6,308.07,57.05,47.07,,false,""
2024-02-04T03:00:00.000000,Italy,Italy,IT,242.37,308.07,56.79,46.28,,false,""
2024-02-04T04:00:00.000000,Italy,Italy,IT,239.01,304.42,57.04,46.49,,false,""
2024-02-04T05:00:00.000000,Italy,Italy,IT,239.83,306.05,56.18,46.0,,false,""
2024-02-04T06:00:00.000000,Italy,Italy,IT,228.96,292.89,58.14,48.77,,false,""
2024-02-04T07:00:00.000000,Italy,Italy,IT,205.46,265.71,62.22,54.84,,false,""
2024-02-04T08:00:00.000000,Italy,Italy,IT,187.46,245.96,65.26,59.32,,false,""
2024-02-04T09:00:00.000000,Italy,Italy,IT,180.07,238.09,66.53,61.61,,false,""
2024-02-04T10:00:00.000000,Italy,Italy,IT,165.27,221.48,69.18,65.44,,false,""
2024-02-04T11:00:00.000000,Italy,Italy,IT,155.87,211.92,70.12,66.67,,false,""
2024-02-04T12:00:00.000000,Italy,Italy,IT,155.08,212.11,69.68,66.07,,false,""
2024-02-04T13:00:00.000000,Italy,Italy,IT,167.57,225.73,67.77,62.41,,false,""
2024-02-04T14:00:00.000000,Italy,Italy,IT,191.64,252.01,63.77,55.68,,false,""
2024-02-04T15:00:00.000000,Italy,Italy,IT,210.7,272.21,60.64,49.39,,false,""
2024-02-04T16:00:00.000000,Italy,Italy,IT,219.3,281.84,57.68,47.37,,false,""
2024-02-04T17:00:00.000000,Italy,Italy,IT,208.89,268.39,59.42,50.54,,false,""
2024-02-04T18:00:00.000000,Italy,Italy,IT,208.2,267.31,59.42,50.81,,false,""
2024-02-04T19:00:00.000000,Italy,Italy,IT,213.62,274.52,58.36,48.95,,false,""
2024-02-04T20:00:00.000000,Italy,Italy,IT,219.83,282.33,57.5,47.38,,false,""
2024-02-04T21:00:00.000000,Italy,Italy,IT,225.05,288.54,56.98,45.87,,false,""
2024-02-04T22:00:00.000000,Italy,Italy,IT,221.4,283.22,58.78,47.57,,false,""
2024-02-04T23:00:00.000000,Italy,Italy,IT,219.62,280.86,59.73,48.93,,false,""
2024-02-05T00:00:00.000000,Italy,Italy,IT,221.63,285.23,59.37,49.64,,false,""
2024-02-05T01:00:00.000000,Italy,Italy,IT,219.86,283.64,59.52,49.78,,false,""
2024-02-05T02:00:00.000000,Italy,Italy,IT,227.9,293.29,57.77,49.09,,false,""
2024-02-05T03:00:00.000000,Italy,Italy,IT,225.86,290.1,58.23,48.01,,false,""
2024-02-05T04:00:00.000000,Italy,Italy,IT,228.83,294.24,56.65,46.27,,false,""
2024-02-05T05:00:00.000000,Italy,Italy,IT,244.37,314.76,50.61,43.38,,false,""
2024-02-05T06:00:00.000000,Italy,Italy,IT,236.09,301.94,51.48,44.06,,false,""
2024-02-05T07:00:00.000000,Italy,Italy,IT,222.55,286.03,53.62,46.23,,false,""
2024-02-05T08:00:00.000000,Italy,Italy,IT,220.76,287.39,53.57,46.4,,false,""
2024-02-05T09:00:00.000000,Italy,Italy,IT,214.68,281.08,55.2,47.49,,false,""
2024-02-05T10:00:00.000000,Italy,Italy,IT,204.27,268.45,57.71,50.61,,false,""
2024-02-05T11:00:00.000000,Italy,Italy,IT,190.93,251.79,61.4,53.6,,false,""
2024-02-05T12:00:00.000000,Italy,Italy,IT,192.58,253.98,60.85,52.83,,false,""
2024-02-05T13:00:00.000000,Italy,Italy,IT,211.17,276.25,56.55,48.61,,false,""
2024-02-05T14:00:00.000000,Italy,Italy,IT,235.88,306.55,50.25,42.16,,false,""
2024-02-05T15:00:00.000000,Italy,Italy,IT,251.22,325.4,46.04,37.38,,false,""
2024-02-05T16:00:00.000000,Italy,Italy,IT,244.98,318.46,46.05,37.82,,false,""
2024-02-05T17:00:00.000000,Italy,Italy,IT,241.78,313.8,46.86,39.55,,false,""
2024-02-05T18:00:00.000000,Italy,Italy,IT,243.79,316.63,46.51,39.53,,false,""
2024-02-05T19:00:00.000000,Italy,Italy,IT,248.19,322.6,45.82,38.04,,false,""
2024-02-05T20:00:00.000000,Italy,Italy,IT,244.75,318.14,47.21,38.27,,false,""
2024-02-05T21:00:00.000000,Italy,Italy,IT,239.5,310.85,49.69,39.47,,false,""
2024-02-05T22:00:00.000000,Italy,Italy,IT,232.98,301.86,52.16,41.6,,false,""
2024-02-05T23:00:00.000000,Italy,Italy,IT,228.97,297.3,53.39,42.13,,false,""
2024-02-06T00:00:00.000000,Italy,Italy,IT,230.04,298.33,53.86,42.35,,false,""
2024-02-06T01:00:00.000000,Italy,Italy,IT,230.71,298.65,54.19,42.69,,false,""
2024-02-06T02:00:00.000000,Italy,Italy,IT,230.6,298.14,54.43,42.31,,false,""
2024-02-06T03:00:00.000000,Italy,Italy,IT,237.83,306.63,52.89,40.45,,false,""
2024-02-06T04:00:00.000000,Italy,Italy,IT,249.17,320.82,49.68,38.31,,false,""
2024-02-06T05:00:00.000000,Italy,Italy,IT,259.81,334.76,45.35,36.48,,false,""
2024-02-06T06:00:00.000000,Italy,Italy,IT,252.69,325.83,46.03,38.19,,false,""
2024-02-06T07:00:00.000000,Italy,Italy,IT,241.3,311.59,48.43,41.08,,false,""
2024-02-06T08:00:00.000000,Italy,Italy,IT,226.71,295.25,51.69,44.61,,false,""
2024-02-06T09:00:00.000000,Italy,Italy,IT,221.63,289.46,53.05,46.11,,false,""
2024-02-06T10:00:00.000000,Italy,Italy,IT,218.79,286.66,53.86,47.03,,false,""
2024-02-06T11:00:00.000000,Italy,Italy,IT,211.9,278.41,55.6,48.35,,false,""
2024-02-06T12:00:00.000000,Italy,Italy,IT,212.86,279.47,55.47,47.88,,false,""
2024-02-06T13:00:00.000000,Italy,Italy,IT,223.53,291.98,53.09,45.2,,false,""
2024-02-06T14:00:00.000000,Italy,Italy,IT,243.58,315.75,48.44,39.24,,false,""
2024-02-06T15:00:00.000000,Italy,Italy,IT,259.18,334.68,44.36,35.05,,false,""
2024-02-06T16:00:00.000000,Italy,Italy,IT,260.15,334.57,44.12,34.84,,false,""
2024-02-06T17:00:00.000000,Italy,Italy,IT,256.7,328.76,45.12,36.79,,false,""
2024-02-06T18:00:00.000000,Italy,Italy,IT,258.93,332.5,44.64,36.29,,false,""
2024-02-06T19:00:00.000000,Italy,Italy,IT,265.03,340.62,43.43,34.57,,false,""
2024-02-06T20:00:00.000000,Italy,Italy,IT,258.42,332.06,45.65,35.76,,false,""
2024-02-06T21:00:00.000000,Italy,Italy,IT,259.4,332.67,46.63,35.92,,false,""
2024-02-06T22:00:00.000000,Italy,Italy,IT,255.59,326.57,48.64,37.68,,false,""
2024-02-06T23:00:00.000000,Italy,Italy,IT,254.29,325.03,49.36,37.71,,false,""
2024-02-07T00:00:00.000000,Italy,Italy,IT,259.46,330.71,48.97,37.41,,false,""
2024-02-07T01:00:00.000000,Italy,Italy,IT,258.54,328.75,49.86,38.19,,false,""
2024-02-07T02:00:00.000000,Italy,Italy,IT,254.65,323.71,50.88,39.04,,false,""
2024-02-07T03:00:00.000000,Italy,Italy,IT,256.95,326.87,50.07,38.35,,false,""
2024-02-07T04:00:00.000000,Italy,Italy,IT,264.51,337.22,47.19,36.68,,false,""
2024-02-07T05:00:00.000000,Italy,Italy,IT,274.77,351.64,42.69,33.69,,false,""
2024-02-07T06:00:00.000000,Italy,Italy,IT,269.38,345.46,42.55,34.44,,false,""
2024-02-07T07:00:00.000000,Italy,Italy,IT,262.35,336.27,43.82,36.69,,false,""
2024-02-07T08:00:00.000000,Italy,Italy,IT,251.62,324.78,45.46,38.46,,false,""
2024-02-07T09:00:00.000000,Italy,Italy,IT,252.02,325.79,45.64,38.18,,false,""
2024-02-07T10:00:00.000000,Italy,Italy,IT,249.42,323.0,46.48,39.16,,false,""
2024-02-07T11:00:00.000000,Italy,Italy,IT,238.88,310.94,49.37,41.14,,false,""
2024-02-07T12:00:00.000000,Italy,Italy,IT,233.44,304.21,50.64,41.77,,false,""
2024-02-07T13:00:00.000000,Italy,Italy,IT,240.85,313.74,48.32,39.71,,false,""
2024-02-07T14:00:00.000000,Italy,Italy,IT,249.96,324.48,46.13,37.21,,false,""
2024-02-07T15:00:00.000000,Italy,Italy,IT,263.67,340.47,42.82,34.32,,false,""
2024-02-07T16:00:00.000000,Italy,Italy,IT,271.61,349.22,41.09,33.53,,false,""
2024-02-07T17:00:00.000000,Italy,Italy,IT,268.26,344.46,41.88,34.71,,false,""
2024-02-07T18:00:00.000000,Italy,Italy,IT,266.49,342.33,42.33,34.69,,false,""
2024-02-07T19:00:00.000000,Italy,Italy,IT,268.54,345.03,42.28,33.72,,false,""
2024-02-07T20:00:00.000000,Italy,Italy,IT,262.68,337.75,44.55,34.27,,false,""
2024-02-07T21:00:00.000000,Italy,Italy,IT,252.09,324.09,48.03,35.93,,false,""
2024-02-07T22:00:00.000000,Italy,Italy,IT,253.93,325.53,48.53,37.15,,false,""
2024-02-07T23:00:00.000000,Italy,Italy,IT,238.4,303.86,54.24,40.24,,false,""
2024-02-08T00:00:00.000000,Italy,Italy,IT,239.35,304.52,54.8,41.0,,false,""
2024-02-08T01:00:00.000000,Italy,Italy,IT,237.1,301.98,55.34,41.56,,false,""
2024-02-08T02:00:00.000000,Italy,Italy,IT,231.91,295.13,56.58,41.61,,false,""
2024-02-08T03:00:00.000000,Italy,Italy,IT,233.92,297.42,56.01,40.71,,false,""
2024-02-08T04:00:00.000000,Italy,Italy,IT,241.16,306.95,53.74,39.22,,false,""
2024-02-08T05:00:00.000000,Italy,Italy,IT,235.72,302.11,52.4,40.63,,false,""
2024-02-08T06:00:00.000000,Italy,Italy,IT,237.4,305.09,50.28,40.92,,false,""
2024-02-08T07:00:00.000000,Italy,Italy,IT,223.52,288.66,53.19,44.7,,false,""
2024-02-08T08:00:00.000000,Italy,Italy,IT,210.07,273.86,56.3,48.3,,false,""
2024-02-08T09:00:00.000000,Italy,Italy,IT,200.54,263.11,58.68,51.14,,false,""
2024-02-08T10:00:00.000000,Italy,Italy,IT,196.38,258.03,59.77,51.89,,false,""
2024-02-08T11:00:00.000000,Italy,Italy,IT,191.22,251.9,61.09,53.27,,false,""
2024-02-08T12:00:00.000000,Italy,Italy,IT,191.97,253.46,60.56,52.11,,false,""
2024-02-08T13:00:00.000000,Italy,Italy,IT,195.34,257.12,59.74,50.49,,false,""
2024-02-08T14:00:00.000000,Italy,Italy,IT,211.92,276.93,55.81,45.91,,false,""
2024-02-08T15:00:00.000000,Italy,Italy,IT,235.37,304.74,50.29,40.4,,false,""
2024-02-08T16:00:00.000000,Italy,Italy,IT,238.05,306.48,49.84,40.73,,false,""
2024-02-08T17:00:00.000000,Italy,Italy,IT,241.22,309.32,49.19,41.01,,false,""
2024-02-08T18:00:00.000000,Italy,Italy,IT,240.33,308.3,49.39,40.51,,false,""
2024-02-08T19:00:00.000000,Italy,Italy,IT,244.54,314.4,48.72,39.55,,false,""
2024-02-08T20:00:00.000000,Italy,Italy,IT,238.52,306.41,51.24,40.16,,false,""
2024-02-08T21:00:00.000000,Italy,Italy,IT,231.33,296.55,54.34,42.22,,false,""
2024-02-08T22:00:00.000000,Italy,Italy,IT,238.76,305.41,53.42,41.07,,false,""
2024-02-08T23:00:00.000000,Italy,Italy,IT,228.59,292.43,56.4,43.63,,false,""
2024-02-09T00:00:00.000000,Italy,Italy,IT,219.79,281.23,58.94,45.56,,false,""
2024-02-09T01:00:00.000000,Italy,Italy,IT,221.88,283.23,58.94,45.48,,false,""
2024-02-09T02:00:00.000000,Italy,Italy,IT,224.59,286.69,58.41,45.11,,false,""
2024-02-09T03:00:00.000000,Italy,Italy,IT,227.29,290.29,57.51,44.65,,false,""
2024-02-09T04:00:00.000000,Italy,Italy,IT,219.99,284.43,56.61,43.84,,false,""
2024-02-09T05:00:00.000000,Italy,Italy,IT,222.34,289.96,53.32,42.15,,false,""
2024-02-09T06:00:00.000000,Italy,Italy,IT,221.32,289.08,52.5,42.48,,false,""
2024-02-09T07:00:00.000000,Italy,Italy,IT,211.24,275.53,54.63,45.5,,false,""
2024-02-09T08:00:00.000000,Italy,Italy,IT,203.65,266.32,56.5,47.66,,false,""
2024-02-09T09:00:00.000000,Italy,Italy,IT,196.38,258.26,58.1,49.41,,false,""
2024-02-09T10:00:00.000000,Italy,Italy,IT,194.66,256.11,58.64,50.17,,false,""
2024-02-09T11:00:00.000000,Italy,Italy,IT,196.18,258.52,58.53,49.61,,false,""
2024-02-09T12:00:00.000000,Italy,Italy,IT,203.08,267.23,56.84,47.7,,false,""
2024-02-09T13:00:00.000000,Italy,Italy,IT,210.6,275.13,55.25,45.98,,false,""
2024-02-09T14:00:00.000000,Italy,Italy,IT,218.18,283.95,53.58,43.88,,false,""
2024-02-09T15:00:00.000000,Italy,Italy,IT,222.59,288.99,52.19,42.86,,false,""
2024-02-09T16:00:00.000000,Italy,Italy,IT,228.64,296.01,51.13,41.89,,false,""
2024-02-09T17:00:00.000000,Italy,Italy,IT,227.71,294.51,51.44,42.78,,false,""
2024-02-09T18:00:00.000000,Italy,Italy,IT,230.75,298.08,50.91,41.51,,false,""
2024-02-09T19:00:00.000000,Italy,Italy,IT,237.4,306.54,50.0,39.65,,false,""
2024-02-09T20:00:00.000000,Italy,Italy,IT,242.75,313.03,49.95,38.45,,false,""
2024-02-09T21:00:00.000000,Italy,Italy,IT,239.62,308.3,52.14,39.0,,false,""
2024-02-09T22:00:00.000000,Italy,Italy,IT,242.34,310.91,52.55,39.91,,false,""
2024-02-09T23:00:00.000000,Italy,Italy,IT,228.39,295.0,54.92,43.34,,false,""
2024-02-10T00:00:00.000000,Italy,Italy,IT,217.15,280.78,58.24,46.33,,false,""
2024-02-10T01:00:00.000000,Italy,Italy,IT,214.29,276.73,59.53,47.8,,false,""
2024-02-10T02:00:00.000000,Italy,Italy,IT,207.58,268.3,60.95,49.36,,false,""
2024-02-10T03:00:00.000000,Italy,Italy,IT,211.79,273.73,59.71,49.59,,false,""
2024-02-10T04:00:00.000000,Italy,Italy,IT,210.85,273.03,59.43,49.5,,false,""
2024-02-10T05:00:00.000000,Italy,Italy,IT,202.69,262.89,60.73,49.13,,false,""
2024-02-10T06:00:00.000000,Italy,Italy,IT,190.94,248.67,62.74,51.38,,false,""
2024-02-10T07:00:00.000000,Italy,Italy,IT,187.46,245.2,62.51,51.77,,false,""
2024-02-10T08:00:00.000000,Italy,Italy,IT,179.03,234.51,63.99,53.34,,false,""
2024-02-10T09:00:00.000000,Italy,Italy,IT,176.29,231.01,64.34,54.3,,false,""
2024-02-10T10:00:00.000000,Italy,Italy,IT,172.96,226.81,64.99,56.36,,false,""
2024-02-10T11:00:00.000000,Italy,Italy,IT,172.75,227.9,64.86,56.41,,false,""
2024-02-10T12:00:00.000000,Italy,Italy,IT,170.65,224.95,65.6,55.59,,false,""
2024-02-10T13:00:00.000000,Italy,Italy,IT,180.07,236.38,63.68,52.47,,false,""
2024-02-10T14:00:00.000000,Italy,Italy,IT,177.19,232.43,64.51,52.54,,false,""
2024-02-10T15:00:00.000000,Italy,Italy,IT,176.48,232.09,64.94,52.44,,false,""
2024-02-10T16:00:00.000000,Italy,Italy,IT,185.86,243.64,62.29,50.57,,false,""
2024-02-10T17:00:00.000000,Italy,Italy,IT,183.05,238.83,62.86,53.05,,false,""
2024-02-10T18:00:00.000000,Italy,Italy,IT,181.32,236.79,63.27,53.38,,false,""
2024-02-10T19:00:00.000000,Italy,Italy,IT,184.45,241.0,63.19,52.76,,false,""
2024-02-10T20:00:00.000000,Italy,Italy,IT,175.31,229.24,66.31,54.69,,false,""
2024-02-10T21:00:00.000000,Italy,Italy,IT,177.41,231.88,66.6,55.12,,false,""
2024-02-10T22:00:00.000000,Italy,Italy,IT,186.96,244.08,64.63,54.93,,false,""
2024-02-10T23:00:00.000000,Italy,Italy,IT,184.54,241.89,64.77,56.38,,false,""
2024-02-11T00:00:00.000000,Italy,Italy,IT,191.88,250.88,63.41,56.53,,false,""
2024-02-11T01:00:00.000000,Italy,Italy,IT,197.37,257.3,62.56,57.17,,false,""
2024-02-11T02:00:00.000000,Italy,Italy,IT,193.0,252.15,63.53,57.69,,false,""
2024-02-11T03:00:00.000000,Italy,Italy,IT,187.9,245.72,64.85,58.1,,false,""
2024-02-11T04:00:00.000000,Italy,Italy,IT,185.43,243.35,65.06,57.41,,false,""
2024-02-11T05:00:00.000000,Italy,Italy,IT,184.67,242.2,65.07,55.69,,false,""
2024-02-11T06:00:00.000000,Italy,Italy,IT,180.23,236.05,66.15,57.2,,false,""
2024-02-11T07:00:00.000000,Italy,Italy,IT,171.15,226.04,67.26,58.94,,false,""
2024-02-11T08:00:00.000000,Italy,Italy,IT,155.65,207.4,70.57,61.75,,false,""
2024-02-11T09:00:00.000000,Italy,Italy,IT,140.42,190.42,72.92,64.28,,false,""
2024-02-11T10:00:00.000000,Italy,Italy,IT,139.13,188.45,73.52,65.09,,false,""
2024-02-11T11:00:00.000000,Italy,Italy,IT,139.65,189.25,73.29,65.79,,false,""
2024-02-11T12:00:00.000000,Italy,Italy,IT,138.62,188.47,73.43,66.59,,false,""
2024-02-11T13:00:00.000000,Italy,Italy,IT,146.01,197.52,71.68,64.0,,false,""
2024-02-11T14:00:00.000000,Italy,Italy,IT,145.68,196.41,72.08,63.49,,false,""
2024-02-11T15:00:00.000000,Italy,Italy,IT,163.45,217.09,68.4,58.67,,false,""
2024-02-11T16:00:00.000000,Italy,Italy,IT,169.28,223.48,66.9,56.12,,false,""
2024-02-11T17:00:00.000000,Italy,Italy,IT,168.25,221.35,66.91,56.82,,false,""
2024-02-11T18:00:00.000000,Italy,Italy,IT,170.92,224.65,66.22,56.19,,false,""
2024-02-11T19:00:00.000000,Italy,Italy,IT,176.04,231.18,65.13,54.6,,false,""
2024-02-11T20:00:00.000000,Italy,Italy,IT,173.67,228.59,65.98,54.78,,false,""
2024-02-11T21:00:00.000000,Italy,Italy,IT,175.19,229.82,66.43,54.95,,false,""
2024-02-11T22:00:00.000000,Italy,Italy,IT,182.85,239.11,65.47,55.75,,false,""
2024-02-11T23:00:00.000000,Italy,Italy,IT,184.98,241.87,65.23,56.36,,false,""
2024-02-12T00:00:00.000000,Italy,Italy,IT,193.16,252.56,63.03,53.99,,false,""
2024-02-12T01:00:00.000000,Italy,Italy,IT,198.53,258.95,62.17,52.46,,false,""
2024-02-12T02:00:00.000000,Italy,Italy,IT,204.69,267.0,60.44,49.84,,false,""
2024-02-12T03:00:00.000000,Italy,Italy,IT,213.04,277.74,57.99,47.13,,false,""
2024-02-12T04:00:00.000000,Italy,Italy,IT,218.65,284.69,56.23,44.33,,false,""
2024-02-12T05:00:00.000000,Italy,Italy,IT,226.76,294.96,52.91,41.86,,false,""
2024-02-12T06:00:00.000000,Italy,Italy,IT,229.46,299.46,50.51,41.81,,false,""
2024-02-12T07:00:00.000000,Italy,Italy,IT,219.09,286.01,52.18,44.34,,false,""
2024-02-12T08:00:00.000000,Italy,Italy,IT,205.0,270.36,55.54,47.88,,false,""
2024-02-12T09:00:00.000000,Italy,Italy,IT,196.95,261.43,57.53,50.24,,false,""
2024-02-12T10:00:00.000000,Italy,Italy,IT,194.21,257.91,58.56,50.53,,false,""
2024-02-12T11:00:00.000000,Italy,Italy,IT,191.02,253.74,59.8,51.75,,false,""
2024-02-12T12:00:00.000000,Italy,Italy,IT,188.34,249.86,60.77,51.05,,false,""
2024-02-12T13:00:00.000000,Italy,Italy,IT,203.04,268.2,56.76,47.29,,false,""
2024-02-12T14:00:00.000000,Italy,Italy,IT,224.02,294.29,51.34,42.22,,false,""
2024-02-12T15:00:00.000000,Italy,Italy,IT,245.87,320.83,45.79,36.71,,false,""
2024-02-12T16:00:00.000000,Italy,Italy,IT,254.93,330.32,43.56,34.83,,false,""
2024-02-12T17:00:00.000000,Italy,Italy,IT,259.1,334.63,42.65,34.83,,false,""
2024-02-12T18:00:00.000000,Italy,Italy,IT,260.1,335.06,42.54,34.58,,false,""
2024-02-12T19:00:00.000000,Italy,Italy,IT,260.11,337.42,42.31,33.09,,false,""
2024-02-12T20:00:00.000000,Italy,Italy,IT,259.91,338.1,42.96,32.31,,false,""
2024-02-12T21:00:00.000000,Italy,Italy,IT,264.66,343.26,43.27,32.06,,false,""
2024-02-12T22:00:00.000000,Italy,Italy,IT,263.77,341.28,44.56,33.02,,false,""
2024-02-12T23:00:00.000000,Italy,Italy,IT,256.15,330.72,47.55,34.71,,false,""
2024-02-13T00:00:00.000000,Italy,Italy,IT,250.08,323.0,49.38,35.1,,false,""
2024-02-13T01:00:00.000000,Italy,Italy,IT,243.12,315.4,50.55,35.84,,false,""
2024-02-13T02:00:00.000000,Italy,Italy,IT,240.48,312.57,50.83,35.8,,false,""
2024-02-13T03:00:00.000000,Italy,Italy,IT,237.71,309.36,51.11,35.91,,false,""
2024-02-13T04:00:00.000000,Italy,Italy,IT,247.77,321.07,48.81,34.95,,false,""
2024-02-13T05:00:00.000000,Italy,Italy,IT,246.83,321.38,46.81,35.4,,false,""
2024-02-13T06:00:00.000000,Italy,Italy,IT,238.63,311.03,48.07,38.46,,false,""
2024-02-13T07:00:00.000000,Italy,Italy,IT,224.61,292.82,51.31,43.06,,false,""
2024-02-13T08:00:00.000000,Italy,Italy,IT,209.47,275.82,54.89,47.47,,false,""
2024-02-13T09:00:00.000000,Italy,Italy,IT,201.35,267.52,56.94,50.01,,false,""
2024-02-13T10:00:00.000000,Italy,Italy,IT,191.53,255.22,59.8,52.15,,false,""
2024-02-13T11:00:00.000000,Italy,Italy,IT,176.66,237.34,63.28,55.09,,false,""
2024-02-13T12:00:00.000000,Italy,Italy,IT,170.16,228.85,65.0,56.71,,false,""
2024-02-13T13:00:00.000000,Italy,Italy,IT,181.58,242.95,62.14,53.73,,false,""
2024-02-13T14:00:00.000000,Italy,Italy,IT,195.39,259.17,58.75,50.05,,false,""
2024-02-13T15:00:00.000000,Italy,Italy,IT,210.6,277.49,54.53,45.28,,false,""
2024-02-13T16:00:00.000000,Italy,Italy,IT,218.65,286.79,52.33,42.93,,false,""
2024-02-13T17:00:00.000000,Italy,Italy,IT,213.61,279.28,53.04,43.93,,false,""
2024-02-13T18:00:00.000000,Italy,Italy,IT,216.58,283.27,52.33,43.21,,false,""
2024-02-13T19:00:00.000000,Italy,Italy,IT,222.45,290.51,51.42,41.85,,false,""
2024-02-13T20:00:00.000000,Italy,Italy,IT,224.79,293.17,51.68,41.9,,false,""
2024-02-13T21:00:00.000000,Italy,Italy,IT,218.01,284.55,53.85,42.79,,false,""
2024-02-13T22:00:00.000000,Italy,Italy,IT,212.43,277.56,56.01,44.56,,false,""
2024-02-13T23:00:00.000000,Italy,Italy,IT,189.42,250.74,60.62,47.84,,false,""
2024-02-14T00:00:00.000000,Italy,Italy,IT,180.62,240.39,62.7,48.61,,false,""
2024-02-14T01:00:00.000000,Italy,Italy,IT,180.59,240.96,62.38,47.84,,false,""
2024-02-14T02:00:00.000000,Italy,Italy,IT,180.62,241.03,62.3,48.15,,false,""
2024-02-14T03:00:00.000000,Italy,Italy,IT,183.1,244.47,61.49,46.88,,false,""
2024-02-14T04:00:00.000000,Italy,Italy,IT,195.17,259.41,58.4,43.81,,false,""
2024-02-14T05:00:00.000000,Italy,Italy,IT,197.31,261.6,57.05,44.35,,false,""
2024-02-14T06:00:00.000000,Italy,Italy,IT,198.96,262.68,56.27,46.22,,false,""
2024-02-14T07:00:00.000000,Italy,Italy,IT,176.96,235.61,61.19,52.66,,false,""
2024-02-14T08:00:00.000000,Italy,Italy,IT,168.4,227.53,63.07,55.99,,false,""
2024-02-14T09:00:00.000000,Italy,Italy,IT,154.57,211.39,66.47,59.05,,false,""
2024-02-14T10:00:00.000000,Italy,Italy,IT,152.65,209.25,66.92,59.4,,false,""
2024-02-14T11:00:00.000000,Italy,Italy,IT,149.06,205.32,67.96,60.18,,false,""
2024-02-14T12:00:00.000000,Italy,Italy,IT,151.78,208.75,67.24,59.07,,false,""
2024-02-14T13:00:00.000000,Italy,Italy,IT,155.61,212.76,66.42,57.54,,false,""
2024-02-14T14:00:00.000000,Italy,Italy,IT,169.36,229.27,62.99,53.85,,false,""
2024-02-14T15:00:00.000000,Italy,Italy,IT,196.31,260.93,56.66,47.28,,false,""
2024-02-14T16:00:00.000000,Italy,Italy,IT,223.17,292.17,50.22,41.58,,false,""
2024-02-14T17:00:00.000000,Italy,Italy,IT,222.71,290.77,50.27,41.4,,false,""
2024-02-14T18:00:00.000000,Italy,Italy,IT,218.17,285.25,51.45,41.92,,false,""
2024-02-14T19:00:00.000000,Italy,Italy,IT,221.45,290.09,50.94,40.16,,false,""
2024-02-14T20:00:00.000000,Italy,Italy,IT,225.81,295.51,50.5,39.62,,false,""
2024-02-14T21:00:00.000000,Italy,Italy,IT,222.09,291.48,51.97,39.67,,false,""
2024-02-14T22:00:00.000000,Italy,Italy,IT,219.47,289.14,52.47,39.46,,false,""
2024-02-14T23:00:00.000000,Italy,Italy,IT,203.22,268.48,57.19,41.65,,false,""
2024-02-15T00:00:00.000000,Italy,Italy,IT,205.28,271.24,57.1,40.64,,false,""
2024-02-15T01:00:00.000000,Italy,Italy,IT,204.3,269.79,57.64,41.13,,false,""
2024-02-15T02:00:00.000000,Italy,Italy,IT,208.63,275.27,56.57,41.27,,false,""
2024-02-15T03:00:00.000000,Italy,Italy,IT,208.47,274.81,56.62,41.24,,false,""
2024-02-15T04:00:00.000000,Italy,Italy,IT,224.96,295.48,52.3,38.0,,false,""
2024-02-15T05:00:00.000000,Italy,Italy,IT,233.68,306.88,48.73,35.32,,false,""
2024-02-15T06:00:00.000000,Italy,Italy,IT,234.51,307.97,47.41,37.36,,false,""
2024-02-15T07:00:00.000000,Italy,Italy,IT,215.06,284.76,51.63,43.1,,false,""
2024-02-15T08:00:00.000000,Italy,Italy,IT,203.38,271.94,54.28,47.1,,false,""
2024-02-15T09:00:00.000000,Italy,Italy,IT,192.4,258.57,57.14,50.02,,false,""
2024-02-15T10:00:00.000000,Italy,Italy,IT,182.58,246.96,59.87,52.61,,false,""
2024-02-15T11:00:00.000000,Italy,Italy,IT,174.32,237.1,62.15,54.45,,false,""
2024-02-15T12:00:00.000000,Italy,Italy,IT,176.45,239.41,61.72,53.55,,false,""
2024-02-15T13:00:00.000000,Italy,Italy,IT,189.09,254.98,58.38,50.0,,false,""
2024-02-15T14:00:00.000000,Italy,Italy,IT,209.4,279.81,53.1,44.25,,false,""
2024-02-15T15:00:00.000000,Italy,Italy,IT,242.1,319.81,44.69,35.27,,false,""
2024-02-15T16:00:00.000000,Italy,Italy,IT,250.79,329.74,42.35,32.96,,false,""
2024-02-15T17:00:00.000000,Italy,Italy,IT,250.87,329.2,42.28,33.27,,false,""
2024-02-15T18:00:00.000000,Italy,Italy,IT,253.71,333.24,41.35,32.43,,false,""
2024-02-15T19:00:00.000000,Italy,Italy,IT,264.27,346.52,39.31,29.53,,false,""
2024-02-15T20:00:00.000000,Italy,Italy,IT,266.81,349.79,39.13,28.39,,false,""
2024-02-15T21:00:00.000000,Italy,Italy,IT,263.5,345.7,40.66,28.17,,false,""
2024-02-15T22:00:00.000000,Italy,Italy,IT,261.67,343.42,41.61,28.33,,false,""
2024-02-15T23:00:00.000000,Italy,Italy,IT,244.78,321.55,46.58,31.13,,false,""
2024-02-16T00:00:00.000000,Italy,Italy,IT,244.85,321.63,47.15,31.65,,false,""
2024-02-16T01:00:00.000000,Italy,Italy,IT,240.67,316.56,48.24,32.0,,false,""
2024-02-16T02:00:00.000000,Italy,Italy,IT,237.22,311.82,49.18,31.61,,false,""
2024-02-16T03:00:00.000000,Italy,Italy,IT,238.66,313.5,49.04,31.69,,false,""
2024-02-16T04:00:00.000000,Italy,Italy,IT,247.43,324.21,46.37,30.31,,false,""
2024-02-16T05:00:00.000000,Italy,Italy,IT,256.76,336.34,42.58,29.45,,false,""
2024-02-16T06:00:00.000000,Italy,Italy,IT,246.04,323.0,44.42,33.76,,false,""
2024-02-16T07:00:00.000000,Italy,Italy,IT,232.03,305.97,47.66,38.83,,false,""
2024-02-16T08:00:00.000000,Italy,Italy,IT,225.66,299.06,49.32,41.38,,false,""
2024-02-16T09:00:00.000000,Italy,Italy,IT,217.84,290.14,51.48,43.64,,false,""
2024-02-16T10:00:00.000000,Italy,Italy,IT,212.33,283.48,53.08,45.06,,false,""
2024-02-16T11:00:00.000000,Italy,Italy,IT,198.28,266.63,56.45,47.28,,false,""
2024-02-16T12:00:00.000000,Italy,Italy,IT,195.39,263.18,56.99,47.43,,false,""
2024-02-16T13:00:00.000000,Italy,Italy,IT,212.76,283.8,53.12,43.29,,false,""
2024-02-16T14:00:00.000000,Italy,Italy,IT,231.08,305.42,48.71,38.2,,false,""
2024-02-16T15:00:00.000000,Italy,Italy,IT,256.16,336.34,42.13,31.67,,false,""
2024-02-16T16:00:00.000000,Italy,Italy,IT,262.83,344.4,40.16,30.84,,false,""
2024-02-16T17:00:00.000000,Italy,Italy,IT,262.99,343.24,40.16,31.48,,false,""
2024-02-16T18:00:00.000000,Italy,Italy,IT,260.44,340.51,40.78,31.9,,false,""
2024-02-16T19:00:00.000000,Italy,Italy,IT,267.55,349.78,39.47,29.53,,false,""
2024-02-16T20:00:00.000000,Italy,Italy,IT,265.1,346.69,40.67,28.79,,false,""
2024-02-16T21:00:00.000000,Italy,Italy,IT,259.65,339.58,43.03,29.61,,false,""
2024-02-16T22:00:00.000000,Italy,Italy,IT,258.25,337.59,44.14,29.94,,false,""
2024-02-16T23:00:00.000000,Italy,Italy,IT,249.27,327.26,46.22,31.16,,false,""
2024-02-17T00:00:00.000000,Italy,Italy,IT,237.19,312.89,49.02,32.21,,false,""
2024-02-17T01:00:00.000000,Italy,Italy,IT,233.56,308.38,50.17,32.32,,false,""
2024-02-17T02:00:00.000000,Italy,Italy,IT,232.13,306.79,50.33,31.32,,false,""
2024-02-17T03:00:00.000000,Italy,Italy,IT,232.55,307.1,50.33,31.34,,false,""
2024-02-17T04:00:00.000000,Italy,Italy,IT,237.06,312.34,49.35,31.24,,false,""
2024-02-17T05:00:00.000000,Italy,Italy,IT,239.69,314.99,48.31,32.56,,false,""
2024-02-17T06:00:00.000000,Italy,Italy,IT,226.62,298.2,50.87,37.48,,false,""
2024-02-17T07:00:00.000000,Italy,Italy,IT,203.2,270.43,55.64,43.52,,false,""
2024-02-17T08:00:00.000000,Italy,Italy,IT,186.06,250.69,59.53,48.42,,false,""
2024-02-17T09:00:00.000000,Italy,Italy,IT,168.28,229.77,64.13,53.08,,false,""
2024-02-17T10:00:00.000000,Italy,Italy,IT,157.0,216.42,67.05,56.36,,false,""
2024-02-17T11:00:00.000000,Italy,Italy,IT,150.92,210.18,68.21,58.55,,false,""
2024-02-17T12:00:00.000000,Italy,Italy,IT,152.09,211.63,68.03,58.4,,false,""
2024-02-17T13:00:00.000000,Italy,Italy,IT,157.43,217.16,67.23,56.4,,false,""
2024-02-17T14:00:00.000000,Italy,Italy,IT,176.97,240.03,62.89,50.78,,false,""
2024-02-17T15:00:00.000000,Italy,Italy,IT,211.74,282.82,53.75,40.8,,false,""
2024-02-17T16:00:00.000000,Italy,Italy,IT,231.26,306.43,47.97,36.72,,false,""
2024-02-17T17:00:00.000000,Italy,Italy,IT,231.61,304.49,47.87,37.47,,false,""
2024-02-17T18:00:00.000000,Italy,Italy,IT,228.88,299.71,48.62,38.51,,false,""
2024-02-17T19:00:00.000000,Italy,Italy,IT,235.06,307.65,47.51,36.79,,false,""
2024-02-17T20:00:00.000000,Italy,Italy,IT,241.73,318.43,46.09,34.34,,false,""
2024-02-17T21:00:00.000000,Italy,Italy,IT,242.59,320.01,46.25,32.53,,false,""
2024-02-17T22:00:00.000000,Italy,Italy,IT,247.02,326.15,45.27,31.57,,false,""
2024-02-17T23:00:00.000000,Italy,Italy,IT,224.21,296.58,51.62,36.25,,false,""
2024-02-18T00:00:00.000000,Italy,Italy,IT,218.41,288.95,53.69,36.83,,false,""
2024-02-18T01:00:00.000000,Italy,Italy,IT,216.13,286.16,54.69,36.93,,false,""
2024-02-18T02:00:00.000000,Italy,Italy,IT,215.53,285.73,54.9,36.99,,false,""
2024-02-18T03:00:00.000000,Italy,Italy,IT,215.0,285.02,55.1,37.39,,false,""
2024-02-18T04:00:00.000000,Italy,Italy,IT,216.43,286.66,54.61,37.7,,false,""
2024-02-18T05:00:00.000000,Italy,Italy,IT,215.48,284.83,54.71,39.05,,false,""
2024-02-18T06:00:00.000000,Italy,Italy,IT,196.28,261.74,59.05,43.63,,false,""
2024-02-18T07:00:00.000000,Italy,Italy,IT,173.28,234.98,63.85,50.16,,false,""
2024-02-18T08:00:00.000000,Italy,Italy,IT,152.05,210.39,68.27,56.65,,false,""
2024-02-18T09:00:00.000000,Italy,Italy,IT,141.27,197.93,70.95,61.39,,false,""
2024-02-18T10:00:00.000000,Italy,Italy,IT,127.32,182.59,73.7,64.82,,false,""
2024-02-18T11:00:00.000000,Italy,Italy,IT,126.03,181.64,73.75,65.83,,false,""
2024-02-18T12:00:00.000000,Italy,Italy,IT,123.44,178.79,74.38,67.03,,false,""
2024-02-18T13:00:00.000000,Italy,Italy,IT,134.31,191.31,71.94,63.04,,false,""
2024-02-18T14:00:00.000000,Italy,Italy,IT,159.17,218.86,67.22,55.1,,false,""
2024-02-18T15:00:00.000000,Italy,Italy,IT,191.81,257.03,59.71,45.52,,false,""
2024-02-18T16:00:00.000000,Italy,Italy,IT,222.48,294.86,51.35,37.51,,false,""
2024-02-18T17:00:00.000000,Italy,Italy,IT,219.65,290.02,51.69,39.97,,false,""
2024-02-18T18:00:00.000000,Italy,Italy,IT,220.05,290.17,51.31,39.77,,false,""
2024-02-18T19:00:00.000000,Italy,Italy,IT,222.59,293.54,51.07,39.19,,false,""
2024-02-18T20:00:00.000000,Italy,Italy,IT,224.5,296.4,50.85,37.41,,false,""
2024-02-18T21:00:00.000000,Italy,Italy,IT,230.71,304.47,50.01,35.33,,false,""
2024-02-18T22:00:00.000000,Italy,Italy,IT,225.32,297.65,52.08,36.27,,false,""
2024-02-18T23:00:00.000000,Italy,Italy,IT,223.96,296.43,52.72,37.33,,false,""
2024-02-19T00:00:00.000000,Italy,Italy,IT,215.09,285.72,55.11,38.84,,false,""
2024-02-19T01:00:00.000000,Italy,Italy,IT,209.2,277.88,56.86,40.31,,false,""
2024-02-19T02:00:00.000000,Italy,Italy,IT,206.88,275.07,57.04,39.83,,false,""
2024-02-19T03:00:00.000000,Italy,Italy,IT,205.6,273.48,57.0,39.45,,false,""
2024-02-19T04:00:00.000000,Italy,Italy,IT,222.93,295.86,51.71,35.54,,false,""
2024-02-19T05:00:00.000000,Italy,Italy,IT,236.45,312.1,47.42,33.71,,false,""
2024-02-19T06:00:00.000000,Italy,Italy,IT,235.04,310.45,46.94,35.63,,false,""
2024-02-19T07:00:00.000000,Italy,Italy,IT,223.35,295.39,49.61,39.66,,false,""
2024-02-19T08:00:00.000000,Italy,Italy,IT,214.34,284.63,51.77,42.85,,false,""
2024-02-19T09:00:00.000000,Italy,Italy,IT,210.29,280.35,53.13,44.67,,false,""
2024-02-19T10:00:00.000000,Italy,Italy,IT,202.98,271.8,55.18,46.46,,false,""
2024-02-19T11:00:00.000000,Italy,Italy,IT,192.12,258.69,58.05,48.95,,false,""
2024-02-19T12:00:00.000000,Italy,Italy,IT,195.32,262.86,57.09,48.26,,false,""
2024-02-19T13:00:00.000000,Italy,Italy,IT,212.71,284.16,52.65,44.16,,false,""
2024-02-19T14:00:00.000000,Italy,Italy,IT,225.69,299.77,49.31,39.91,,false,""
2024-02-19T15:00:00.000000,Italy,Italy,IT,240.96,318.2,45.32,35.37,,false,""
2024-02-19T16:00:00.000000,Italy,Italy,IT,246.21,324.3,43.81,34.83,,false,""
2024-02-19T17:00:00.000000,Italy,Italy,IT,247.04,324.66,43.52,34.41,,false,""
2024-02-19T18:00:00.000000,Italy,Italy,IT,250.25,328.35,43.04,34.05,,false,""
2024-02-19T19:00:00.000000,Italy,Italy,IT,252.28,331.42,42.67,32.45,,false,""
2024-02-19T20:00:00.000000,Italy,Italy,IT,248.56,326.32,44.08,32.13,,false,""
2024-02-19T21:00:00.000000,Italy,Italy,IT,247.45,324.71,45.27,32.18,,false,""
2024-02-19T22:00:00.000000,Italy,Italy,IT,244.98,321.36,46.72,32.63,,false,""
2024-02-19T23:00:00.000000,Italy,Italy,IT,245.02,321.38,47.26,31.8,,false,""
2024-02-20T00:00:00.000000,Italy,Italy,IT,233.71,307.07,50.48,33.13,,false,""
2024-02-20T01:00:00.000000,Italy,Italy,IT,229.23,301.94,51.28,33.61,,false,""
2024-02-20T02:00:00.000000,Italy,Italy,IT,228.27,300.84,51.32,33.32,,false,""
2024-02-20T03:00:00.000000,Italy,Italy,IT,228.45,301.32,50.9,32.88,,false,""
2024-02-20T04:00:00.000000,Italy,Italy,IT,237.6,313.16,47.96,31.41,,false,""
2024-02-20T05:00:00.000000,Italy,Italy,IT,243.13,319.85,45.51,32.34,,false,""
2024-02-20T06:00:00.000000,Italy,Italy,IT,242.06,317.76,45.4,36.41,,false,""
2024-02-20T07:00:00.000000,Italy,Italy,IT,228.64,301.17,48.34,40.33,,false,""
2024-02-20T08:00:00.000000,Italy,Italy,IT,207.43,276.49,53.3,45.48,,false,""
2024-02-20T09:00:00.000000,Italy,Italy,IT,203.1,272.05,54.44,46.23,,false,""
2024-02-20T10:00:00.000000,Italy,Italy,IT,195.71,263.19,56.5,47.83,,false,""
2024-02-20T11:00:00.000000,Italy,Italy,IT,190.79,257.36,57.96,49.8,,false,""
2024-02-20T12:00:00.000000,Italy,Italy,IT,190.47,257.25,57.89,49.5,,false,""
2024-02-20T13:00:00.000000,Italy,Italy,IT,201.21,269.86,55.44,47.04,,false,""
2024-02-20T14:00:00.000000,Italy,Italy,IT,214.62,285.59,52.22,44.06,,false,""
2024-02-20T15:00:00.000000,Italy,Italy,IT,230.7,304.93,47.93,39.62,,false,""
2024-02-20T16:00:00.000000,Italy,Italy,IT,245.34,322.76,44.07,35.76,,false,""
2024-02-20T17:00:00.000000,Italy,Italy,IT,242.76,318.75,44.65,36.88,,false,""
2024-02-20T18:00:00.000000,Italy,Italy,IT,246.81,324.08,43.81,36.42,,false,""
2024-02-20T19:00:00.000000,Italy,Italy,IT,249.68,327.71,43.4,35.49,,false,""
2024-02-20T20:00:00.000000,Italy,Italy,IT,249.41,327.63,43.97,35.32,,false,""
2024-02-20T21:00:00.000000,Italy,Italy,IT,241.85,317.68,46.8,36.19,,false,""
2024-02-20T22:00:00.000000,Italy,Italy,IT,237.78,312.35,48.77,37.72,,false,""
2024-02-20T23:00:00.000000,Italy,Italy,IT,215.43,284.07,54.71,40.31,,false,""
2024-02-21T00:00:00.000000,Italy,Italy,IT,206.82,273.63,56.96,40.96,,false,""
2024-02-21T01:00:00.000000,Italy,Italy,IT,208.14,275.37,56.67,40.5,,false,""
2024-02-21T02:00:00.000000,Italy,Italy,IT,209.35,276.82,56.46,40.33,,false,""
2024-02-21T03:00:00.000000,Italy,Italy,IT,205.58,272.16,57.03,40.55,,false,""
2024-02-21T04:00:00.000000,Italy,Italy,IT,211.0,278.98,55.09,39.86,,false,""
2024-02-21T05:00:00.000000,Italy,Italy,IT,214.91,283.48,52.93,39.56,,false,""
2024-02-21T06:00:00.000000,Italy,Italy,IT,207.82,274.02,54.01,42.54,,false,""
2024-02-21T07:00:00.000000,Italy,Italy,IT,188.77,250.68,58.37,48.67,,false,""
2024-02-21T08:00:00.000000,Italy,Italy,IT,180.76,242.51,60.24,50.87,,false,""
2024-02-21T09:00:00.000000,Italy,Italy,IT,173.92,235.09,62.33,52.92,,false,""
2024-02-21T10:00:00.000000,Italy,Italy,IT,170.05,230.71,63.54,54.64,,false,""
2024-02-21T11:00:00.000000,Italy,Italy,IT,166.17,226.37,64.61,56.27,,false,""
2024-02-21T12:00:00.000000,Italy,Italy,IT,167.42,228.21,64.12,55.18,,false,""
2024-02-21T13:00:00.000000,Italy,Italy,IT,177.87,241.17,61.45,51.76,,false,""
2024-02-21T14:00:00.000000,Italy,Italy,IT,194.87,261.7,56.69,46.76,,false,""
2024-02-21T15:00:00.000000,Italy,Italy,IT,223.98,297.62,49.4,39.51,,false,""
2024-02-21T16:00:00.000000,Italy,Italy,IT,232.24,305.53,47.34,37.86,,false,""
2024-02-21T17:00:00.000000,Italy,Italy,IT,240.06,314.27,45.15,36.81,,false,""
2024-02-21T18:00:00.000000,Italy,Italy,IT,245.05,320.91,43.88,35.34,,false,""
2024-02-21T19:00:00.000000,Italy,Italy,IT,258.31,337.61,41.26,31.75,,false,""
2024-02-21T20:00:00.000000,Italy,Italy,IT,260.4,340.96,41.15,30.63,,false,""
2024-02-21T21:00:00.000000,Italy,Italy,IT,249.52,327.1,44.32,31.97,,false,""
2024-02-21T22:00:00.000000,Italy,Italy,IT,248.97,326.98,44.66,32.75,,false,""
2024-02-21T23:00:00.000000,Italy,Italy,IT,240.64,317.25,47.43,32.86,,false,""
2024-02-22T00:00:00.000000,Italy,Italy,IT,239.52,315.14,48.65,33.28,,false,""
2024-02-22T01:00:00.000000,Italy,Italy,IT,236.09,310.61,50.0,34.26,,false,""
2024-02-22T02:00:00.000000,Italy,Italy,IT,228.9,301.55,51.81,34.78,,false,""
2024-02-22T03:00:00.000000,Italy,Italy,IT,223.92,295.72,52.35,35.3,,false,""
2024-02-22T04:00:00.000000,Italy,Italy,IT,229.81,302.85,50.48,35.34,,false,""
2024-02-22T05:00:00.000000,Italy,Italy,IT,235.28,309.46,47.95,35.62,,false,""
2024-02-22T06:00:00.000000,Italy,Italy,IT,238.85,314.49,46.22,37.5,,false,""
2024-02-22T07:00:00.000000,Italy,Italy,IT,224.69,296.28,49.42,42.05,,false,""
2024-02-22T08:00:00.000000,Italy,Italy,IT,215.69,285.31,51.65,44.33,,false,""
2024-02-22T09:00:00.000000,Italy,Italy,IT,204.6,273.05,54.2,46.8,,false,""
2024-02-22T10:00:00.000000,Italy,Italy,IT,193.91,259.81,56.73,49.0,,false,""
2024-02-22T11:00:00.000000,Italy,Italy,IT,186.18,250.56,58.6,50.47,,false,""
2024-02-22T12:00:00.000000,Italy,Italy,IT,189.23,254.21,57.97,49.96,,false,""
2024-02-22T13:00:00.000000,Italy,Italy,IT,194.79,260.64,56.6,48.46,,false,""
2024-02-22T14:00:00.000000,Italy,Italy,IT,203.3,271.05,54.42,45.9,,false,""
2024-02-22T15:00:00.000000,Italy,Italy,IT,212.15,281.11,52.29,43.61,,false,""
2024-02-22T16:00:00.000000,Italy,Italy,IT,223.72,294.93,49.56,41.33,,false,""
2024-02-22T17:00:00.000000,Italy,Italy,IT,220.02,290.43,50.35,41.69,,false,""
2024-02-22T18:00:00.000000,Italy,Italy,IT,221.87,292.56,50.14,41.56,,false,""
2024-02-22T19:00:00.000000,Italy,Italy,IT,217.45,287.08,51.47,42.08,,false,""
2024-02-22T20:00:00.000000,Italy,Italy,IT,207.82,275.2,54.3,44.35,,false,""
2024-02-22T21:00:00.000000,Italy,Italy,IT,186.74,248.43,59.97,47.19,,false,""
2024-02-22T22:00:00.000000,Italy,Italy,IT,191.46,254.85,59.4,48.89,,false,""
2024-02-22T23:00:00.000000,Italy,Italy,IT,177.69,237.21,63.41,51.64,,false,""
2024-02-23T00:00:00.000000,Italy,Italy,IT,179.49,239.67,63.26,52.31,,false,""
2024-02-23T01:00:00.000000,Italy,Italy,IT,179.18,239.16,63.56,53.23,,false,""
2024-02-23T02:00:00.000000,Italy,Italy,IT,166.57,223.38,66.12,53.09,,false,""
2024-02-23T03:00:00.000000,Italy,Italy,IT,167.96,225.24,65.63,51.61,,false,""
2024-02-23T04:00:00.000000,Italy,Italy,IT,178.55,239.15,62.62,50.62,,false,""
2024-02-23T05:00:00.000000,Italy,Italy,IT,190.81,253.99,58.58,46.01,,false,""
2024-02-23T06:00:00.000000,Italy,Italy,IT,200.13,264.98,55.83,47.12,,false,""
2024-02-23T07:00:00.000000,Italy,Italy,IT,193.03,255.18,57.19,49.11,,false,""
2024-02-23T08:00:00.000000,Italy,Italy,IT,191.2,253.29,57.25,49.89,,false,""
2024-02-23T09:00:00.000000,Italy,Italy,IT,190.73,253.77,57.26,50.09,,false,""
2024-02-23T10:00:00.000000,Italy,Italy,IT,186.32,249.52,58.17,51.39,,false,""
2024-02-23T11:00:00.000000,Italy,Italy,IT,181.47,243.87,59.48,51.92,,false,""
2024-02-23T12:00:00.000000,Italy,Italy,IT,183.48,246.73,58.89,50.93,,false,""
2024-02-23T13:00:00.000000,Italy,Italy,IT,189.44,253.36,57.8,49.81,,false,""
2024-02-23T14:00:00.000000,Italy,Italy,IT,184.33,246.62,58.82,49.52,,false,""
2024-02-23T15:00:00.000000,Italy,Italy,IT,193.22,257.53,56.54,48.13,,false,""
2024-02-23T16:00:00.000000,Italy,Italy,IT,194.97,258.94,56.23,47.94,,false,""
2024-02-23T17:00:00.000000,Italy,Italy,IT,183.85,244.36,58.98,49.62,,false,""
2024-02-23T18:00:00.000000,Italy,Italy,IT,189.39,251.86,57.77,49.93,,false,""
2024-02-23T19:00:00.000000,Italy,Italy,IT,193.05,256.8,57.23,49.33,,false,""
2024-02-23T20:00:00.000000,Italy,Italy,IT,186.44,248.62,59.3,50.14,,false,""
2024-02-23T21:00:00.000000,Italy,Italy,IT,173.38,231.69,63.29,51.1,,false,""
2024-02-23T22:00:00.000000,Italy,Italy,IT,176.58,235.81,62.85,51.68,,false,""
2024-02-23T23:00:00.000000,Italy,Italy,IT,170.47,228.43,64.87,54.57,,false,""
2024-02-24T00:00:00.000000,Italy,Italy,IT,174.17,232.78,64.6,53.88,,false,""
2024-02-24T01:00:00.000000,Italy,Italy,IT,184.82,246.04,62.14,51.58,,false,""
2024-02-24T02:00:00.000000,Italy,Italy,IT,187.09,248.46,61.87,51.27,,false,""
2024-02-24T03:00:00.000000,Italy,Italy,IT,181.94,242.05,63.05,50.48,,false,""
2024-02-24T04:00:00.000000,Italy,Italy,IT,184.6,245.65,62.23,48.83,,false,""
2024-02-24T05:00:00.000000,Italy,Italy,IT,185.32,246.69,61.57,47.83,,false,""
2024-02-24T06:00:00.000000,Italy,Italy,IT,172.47,231.57,63.53,49.5,,false,""
2024-02-24T07:00:00.000000,Italy,Italy,IT,161.56,218.35,65.63,54.53,,false,""
2024-02-24T08:00:00.000000,Italy,Italy,IT,159.64,216.13,65.97,57.72,,false,""
2024-02-24T09:00:00.000000,Italy,Italy,IT,153.62,210.38,67.21,59.3,,false,""
2024-02-24T10:00:00.000000,Italy,Italy,IT,149.97,207.73,67.64,59.43,,false,""
2024-02-24T11:00:00.000000,Italy,Italy,IT,148.29,206.15,67.69,60.92,,false,""
2024-02-24T12:00:00.000000,Italy,Italy,IT,148.69,206.39,67.85,60.45,,false,""
2024-02-24T13:00:00.000000,Italy,Italy,IT,149.84,207.36,67.76,58.4,,false,""
2024-02-24T14:00:00.000000,Italy,Italy,IT,156.79,214.8,66.47,54.23,,false,""
2024-02-24T15:00:00.000000,Italy,Italy,IT,184.47,247.87,59.98,46.88,,false,""
2024-02-24T16:00:00.000000,Italy,Italy,IT,201.78,269.21,55.27,42.52,,false,""
2024-02-24T17:00:00.000000,Italy,Italy,IT,204.83,272.38,54.12,44.2,,false,""
2024-02-24T18:00:00.000000,Italy,Italy,IT,205.1,272.19,54.27,44.03,,false,""
2024-02-24T19:00:00.000000,Italy,Italy,IT,209.42,278.07,53.42,42.55,,false,""
2024-02-24T20:00:00.000000,Italy,Italy,IT,217.59,287.77,52.57,40.1,,false,""
2024-02-24T21:00:00.000000,Italy,Italy,IT,219.83,290.65,52.64,39.56,,false,""
2024-02-24T22:00:00.000000,Italy,Italy,IT,218.37,288.82,53.52,40.37,,false,""
2024-02-24T23:00:00.000000,Italy,Italy,IT,200.65,266.42,58.56,45.25,,false,""
2024-02-25T00:00:00.000000,Italy,Italy,IT,178.34,238.22,64.21,46.91,,false,""
2024-02-25T01:00:00.000000,Italy,Italy,IT,198.32,263.65,59.97,46.13,,false,""
2024-02-25T02:00:00.000000,Italy,Italy,IT,196.9,262.24,60.1,44.82,,false,""
2024-02-25T03:00:00.000000,Italy,Italy,IT,187.75,250.44,62.01,43.25,,false,""
2024-02-25T04:00:00.000000,Italy,Italy,IT,192.18,256.33,61.24,45.12,,false,""
2024-02-25T05:00:00.000000,Italy,Italy,IT,194.04,258.87,60.32,45.05,,false,""
2024-02-25T06:00:00.000000,Italy,Italy,IT,185.91,249.32,61.65,47.32,,false,""
2024-02-25T07:00:00.000000,Italy,Italy,IT,167.7,227.6,65.42,53.11,,false,""
2024-02-25T08:00:00.000000,Italy,Italy,IT,155.71,213.51,68.27,58.87,,false,""
2024-02-25T09:00:00.000000,Italy,Italy,IT,142.16,197.88,71.01,63.19,,false,""
2024-02-25T10:00:00.000000,Italy,Italy,IT,135.37,190.15,72.15,65.6,,false,""
2024-02-25T11:00:00.000000,Italy,Italy,IT,138.25,193.72,71.32,65.94,,false,""
2024-02-25T12:00:00.000000,Italy,Italy,IT,135.78,191.06,71.77,67.14,,false,""
2024-02-25T13:00:00.000000,Italy,Italy,IT,136.93,191.71,71.88,65.65,,false,""
2024-02-25T14:00:00.000000,Italy,Italy,IT,139.82,194.0,71.43,62.73,,false,""
2024-02-25T15:00:00.000000,Italy,Italy,IT,153.01,209.45,68.01,56.04,,false,""
2024-02-25T16:00:00.000000,Italy,Italy,IT,176.92,238.86,61.69,50.05,,false,""
2024-02-25T17:00:00.000000,Italy,Italy,IT,179.05,239.07,61.07,50.78,,false,""
2024-02-25T18:00:00.000000,Italy,Italy,IT,174.94,232.57,61.94,51.7,,false,""
2024-02-25T19:00:00.000000,Italy,Italy,IT,180.73,239.92,60.78,49.27,,false,""
2024-02-25T20:00:00.000000,Italy,Italy,IT,187.45,249.2,59.68,47.0,,false,""
2024-02-25T21:00:00.000000,Italy,Italy,IT,190.27,254.05,59.56,45.78,,false,""
2024-02-25T22:00:00.000000,Italy,Italy,IT,186.41,249.41,61.11,46.58,,false,""
2024-02-25T23:00:00.000000,Italy,Italy,IT,181.71,242.88,63.1,47.37,,false,""
2024-02-26T00:00:00.000000,Italy,Italy,IT,187.19,249.75,62.1,46.71,,false,""
2024-02-26T01:00:00.000000,Italy,Italy,IT,192.06,256.16,60.88,45.7,,false,""
2024-02-26T02:00:00.000000,Italy,Italy,IT,188.21,252.58,60.98,44.72,,false,""
2024-02-26T03:00:00.000000,Italy,Italy,IT,191.23,256.55,59.92,43.18,,false,""
2024-02-26T04:00:00.000000,Italy,Italy,IT,205.12,273.37,56.33,39.56,,false,""
2024-02-26T05:00:00.000000,Italy,Italy,IT,225.02,297.67,50.27,36.62,,false,""
2024-02-26T06:00:00.000000,Italy,Italy,IT,232.72,306.89,47.65,37.35,,false,""
2024-02-26T07:00:00.000000,Italy,Italy,IT,225.31,296.91,49.2,40.37,,false,""
2024-02-26T08:00:00.000000,Italy,Italy,IT,218.04,289.27,50.72,42.2,,false,""
2024-02-26T09:00:00.000000,Italy,Italy,IT,213.1,283.68,51.91,43.72,,false,""
2024-02-26T10:00:00.000000,Italy,Italy,IT,212.7,283.93,51.8,43.91,,false,""
2024-02-26T11:00:00.000000,Italy,Italy,IT,208.55,278.62,53.27,44.81,,false,""
2024-02-26T12:00:00.000000,Italy,Italy,IT,210.39,280.72,52.81,43.87,,false,""
2024-02-26T13:00:00.000000,Italy,Italy,IT,217.59,289.06,51.11,42.32,,false,""
2024-02-26T14:00:00.000000,Italy,Italy,IT,226.55,299.62,48.85,39.99,,false,""
2024-02-26T15:00:00.000000,Italy,Italy,IT,230.15,303.43,47.77,39.01,,false,""
2024-02-26T16:00:00.000000,Italy,Italy,IT,231.95,305.17,47.47,38.72,,false,""
2024-02-26T17:00:00.000000,Italy,Italy,IT,234.06,307.08,46.98,38.95,,false,""
2024-02-26T18:00:00.000000,Italy,Italy,IT,231.94,305.07,47.37,39.05,,false,""
2024-02-26T19:00:00.000000,Italy,Italy,IT,235.83,310.79,46.41,37.24,,false,""
2024-02-26T20:00:00.000000,Italy,Italy,IT,234.93,308.97,47.58,36.98,,false,""
2024-02-26T21:00:00.000000,Italy,Italy,IT,222.43,292.89,51.56,39.75,,false,""
2024-02-26T22:00:00.000000,Italy,Italy,IT,215.43,283.83,53.98,41.9,,false,""
2024-02-26T23:00:00.000000,Italy,Italy,IT,204.54,270.43,56.55,43.83,,false,""
2024-02-27T00:00:00.000000,Italy,Italy,IT,201.05,266.32,57.5,43.97,,false,""
2024-02-27T01:00:00.000000,Italy,Italy,IT,200.91,265.94,57.87,44.05,,false,""
2024-02-27T02:00:00.000000,Italy,Italy,IT,209.26,276.71,55.65,42.22,,false,""
2024-02-27T03:00:00.000000,Italy,Italy,IT,213.34,282.28,54.25,41.03,,false,""
2024-02-27T04:00:00.000000,Italy,Italy,IT,220.67,291.57,52.08,39.29,,false,""
2024-02-27T05:00:00.000000,Italy,Italy,IT,232.37,306.54,48.1,37.46,,false,""
2024-02-27T06:00:00.000000,Italy,Italy,IT,236.1,311.14,46.48,38.06,,false,""
2024-02-27T07:00:00.000000,Italy,Italy,IT,226.23,298.52,48.64,40.58,,false,""
2024-02-27T08:00:00.000000,Italy,Italy,IT,219.43,290.82,50.03,42.41,,false,""
2024-02-27T09:00:00.000000,Italy,Italy,IT,215.35,286.01,51.06,43.3,,false,""
2024-02-27T10:00:00.000000,Italy,Italy,IT,203.83,272.23,53.53,44.87,,false,""
2024-02-27T11:00:00.000000,Italy,Italy,IT,209.56,279.44,52.43,44.13,,false,""
2024-02-27T12:00:00.000000,Italy,Italy,IT,208.99,278.6,52.5,43.96,,false,""
2024-02-27T13:00:00.000000,Italy,Italy,IT,214.16,284.88,51.21,43.04,,false,""
2024-02-27T14:00:00.000000,Italy,Italy,IT,222.4,294.93,49.13,40.8,,false,""
2024-02-27T15:00:00.000000,Italy,Italy,IT,226.8,300.16,47.91,39.6,,false,""
2024-02-27T16:00:00.000000,Italy,Italy,IT,235.91,311.01,45.71,38.27,,false,""
2024-02-27T17:00:00.000000,Italy,Italy,IT,238.45,313.49,45.19,38.29,,false,""
2024-02-27T18:00:00.000000,Italy,Italy,IT,241.3,317.02,44.59,37.52,,false,""
2024-02-27T19:00:00.000000,Italy,Italy,IT,241.37,317.91,44.85,36.45,,false,""
2024-02-27T20:00:00.000000,Italy,Italy,IT,238.02,313.83,45.98,35.82,,false,""
2024-02-27T21:00:00.000000,Italy,Italy,IT,226.71,299.64,49.33,37.58,,false,""
2024-02-27T22:00:00.000000,Italy,Italy,IT,228.25,301.22,49.63,38.13,,false,""
2024-02-27T23:00:00.000000,Italy,Italy,IT,213.06,282.13,53.75,41.02,,false,""
2024-02-28T00:00:00.000000,Italy,Italy,IT,203.32,269.47,56.8,42.89,,false,""
2024-02-28T01:00:00.000000,Italy,Italy,IT,200.81,266.58,57.37,43.12,,false,""
2024-02-28T02:00:00.000000,Italy,Italy,IT,199.96,265.65,57.42,43.35,,false,""
2024-02-28T03:00:00.000000,Italy,Italy,IT,201.11,267.76,56.51,42.89,,false,""
2024-02-28T04:00:00.000000,Italy,Italy,IT,211.07,280.32,53.8,41.54,,false,""
2024-02-28T05:00:00.000000,Italy,Italy,IT,230.9,304.11,48.79,38.96,,false,""
2024-02-28T06:00:00.000000,Italy,Italy,IT,241.63,317.66,45.35,38.7,,false,""
2024-02-28T07:00:00.000000,Italy,Italy,IT,227.79,300.57,48.2,41.29,,false,""
2024-02-28T08:00:00.000000,Italy,Italy,IT,217.9,288.09,50.55,43.63,,false,""
2024-02-28T09:00:00.000000,Italy,Italy,IT,208.33,276.77,52.93,46.1,,false,""
2024-02-28T10:00:00.000000,Italy,Italy,IT,204.62,273.1,53.58,46.89,,false,""
2024-02-28T11:00:00.000000,Italy,Italy,IT,202.44,270.6,54.45,47.16,,false,""
2024-02-28T12:00:00.000000,Italy,Italy,IT,201.63,269.93,54.35,47.3,,false,""
2024-02-28T13:00:00.000000,Italy,Italy,IT,204.31,273.11,53.59,46.55,,false,""
2024-02-28T14:00:00.000000,Italy,Italy,IT,210.74,280.57,52.19,44.99,,false,""
2024-02-28T15:00:00.000000,Italy,Italy,IT,215.1,285.32,51.34,43.88,,false,""
2024-02-28T16:00:00.000000,Italy,Italy,IT,221.16,292.53,49.85,42.61,,false,""
2024-02-28T17:00:00.000000,Italy,Italy,IT,220.54,290.96,50.04,43.05,,false,""
2024-02-28T18:00:00.000000,Italy,Italy,IT,220.38,290.85,50.04,42.31,,false,""
2024-02-28T19:00:00.000000,Italy,Italy,IT,224.63,296.23,49.31,41.04,,false,""
2024-02-28T20:00:00.000000,Italy,Italy,IT,209.56,277.0,53.61,44.12,,false,""
2024-02-28T21:00:00.000000,Italy,Italy,IT,193.68,257.51,58.04,47.6,,false,""
2024-02-28T22:00:00.000000,Italy,Italy,IT,188.96,251.16,59.9,48.75,,false,""
2024-02-28T23:00:00.000000,Italy,Italy,IT,187.83,249.97,60.39,49.99,,false,""
2024-02-29T00:00:00.000000,Italy,Italy,IT,176.11,234.88,63.82,52.99,,false,""
2024-02-29T01:00:00.000000,Italy,Italy,IT,174.81,233.61,64.08,53.21,,false,""
2024-02-29T02:00:00.000000,Italy,Italy,IT,176.71,235.82,63.64,52.8,,false,""
2024-02-29T03:00:00.000000,Italy,Italy,IT,181.93,242.45,62.4,51.18,,false,""
2024-02-29T04:00:00.000000,Italy,Italy,IT,198.18,262.96,58.07,47.79,,false,""
2024-02-29T05:00:00.000000,Italy,Italy,IT,216.53,286.25,52.41,43.97,,false,""
2024-02-29T06:00:00.000000,Italy,Italy,IT,224.73,296.48,49.83,42.3,,false,""
2024-02-29T07:00:00.000000,Italy,Italy,IT,225.96,298.03,49.04,42.08,,false,""
2024-02-29T08:00:00.000000,Italy,Italy,IT,221.25,291.13,50.27,43.75,,false,""
2024-02-29T09:00:00.000000,Italy,Italy,IT,223.15,294.64,49.86,43.43,,false,""
2024-02-29T10:00:00.000000,Italy,Italy,IT,223.73,296.6,49.49,43.11,,false,""
2024-02-29T11:00:00.000000,Italy,Italy,IT,216.7,288.65,51.08,44.08,,false,""
2024-02-29T12:00:00.000000,Italy,Italy,IT,227.03,301.81,48.6,41.07,,false,""
2024-02-29T13:00:00.000000,Italy,Italy,IT,233.97,310.21,46.8,39.39,,false,""
2024-02-29T14:00:00.000000,Italy,Italy,IT,247.19,326.18,43.51,36.45,,false,""
2024-02-29T15:00:00.000000,Italy,Italy,IT,256.01,337.42,40.9,34.12,,false,""
2024-02-29T16:00:00.000000,Italy,Italy,IT,266.34,349.55,38.57,31.62,,false,""
2024-02-29T17:00:00.000000,Italy,Italy,IT,263.35,345.32,39.29,32.49,,false,""
2024-02-29T18:00:00.000000,Italy,Italy,IT,254.75,333.9,41.37,34.22,,false,""
2024-02-29T19:00:00.000000,Italy,Italy,IT,261.09,342.56,39.88,31.97,,false,""
2024-02-29T20:00:00.000000,Italy,Italy,IT,257.08,337.94,41.43,32.14,,false,""
2024-02-29T21:00:00.000000,Italy,Italy,IT,249.91,328.92,43.98,34.11,,false,""
2024-02-29T22:00:00.000000,Italy,Italy,IT,241.03,317.52,46.86,36.88,,false,""
2024-02-29T23:00:00.000000,Italy,Italy,IT,221.18,291.7,53.03,40.83,,false,""
2024-03-01T00:00:00.000000,Italy,Italy,IT,209.37,276.9,56.09,43.19,,false,""
2024-03-01T01:00:00.000000,Italy,Italy,IT,192.43,256.01,59.98,46.25,,false,""
2024-03-01T02:00:00.000000,Italy,Italy,IT,196.28,261.48,58.59,44.42,,false,""
2024-03-01T03:00:00.000000,Italy,Italy,IT,200.2,266.15,57.65,43.7,,false,""
2024-03-01T04:00:00.000000,Italy,Italy,IT,216.45,285.9,53.62,41.14,,false,""
2024-03-01T05:00:00.000000,Italy,Italy,IT,225.16,296.55,50.55,39.95,,false,""
2024-03-01T06:00:00.000000,Italy,Italy,IT,226.94,299.22,49.26,40.33,,false,""
2024-03-01T07:00:00.000000,Italy,Italy,IT,217.42,288.01,51.03,43.68,,false,""
2024-03-01T08:00:00.000000,Italy,Italy,IT,213.08,282.92,51.91,44.78,,false,""
2024-03-01T09:00:00.000000,Italy,Italy,IT,207.58,276.65,53.18,45.97,,false,""
2024-03-01T10:00:00.000000,Italy,Italy,IT,208.85,278.07,53.17,45.43,,false,""
2024-03-01T11:00:00.000000,Italy,Italy,IT,201.21,269.12,55.0,46.97,,false,""
2024-03-01T12:00:00.000000,Italy,Italy,IT,197.96,265.32,55.68,47.84,,false,""
2024-03-01T13:00:00.000000,Italy,Italy,IT,204.94,273.98,53.75,46.3,,false,""
2024-03-01T14:00:00.000000,Italy,Italy,IT,215.54,286.88,51.27,43.25,,false,""
2024-03-01T15:00:00.000000,Italy,Italy,IT,229.72,304.0,47.91,39.44,,false,""
2024-03-01T16:00:00.000000,Italy,Italy,IT,235.18,310.52,46.52,38.69,,false,""
2024-03-01T17:00:00.000000,Italy,Italy,IT,232.26,306.78,47.06,39.43,,false,""
2024-03-01T18:00:00.000000,Italy,Italy,IT,234.47,309.61,46.38,38.78,,false,""
2024-03-01T19:00:00.000000,Italy,Italy,IT,238.13,314.19,45.61,36.55,,false,""
2024-03-01T20:00:00.000000,Italy,Italy,IT,230.08,304.46,47.99,37.68,,false,""
2024-03-01T21:00:00.000000,Italy,Italy,IT,216.78,287.46,52.12,40.9,,false,""
2024-03-01T22:00:00.000000,Italy,Italy,IT,213.23,282.95,53.68,42.71,,false,""
2024-03-01T23:00:00.000000,Italy,Italy,IT,183.42,244.89,61.73,48.6,,false,""
2024-03-02T00:00:00.000000,Italy,Italy,IT,173.62,233.09,64.49,50.18,,false,""
2024-03-02T01:00:00.000000,Italy,Italy,IT,170.24,228.61,65.89,51.05,,false,""
2024-03-02T02:00:00.000000,Italy,Italy,IT,172.47,231.85,65.11,50.57,,false,""
2024-03-02T03:00:00.000000,Italy,Italy,IT,171.87,231.43,64.99,49.81,,false,""
2024-03-02T04:00:00.000000,Italy,Italy,IT,175.5,235.7,63.87,49.34,,false,""
2024-03-02T05:00:00.000000,Italy,Italy,IT,182.42,243.73,62.11,48.83,,false,""
2024-03-02T06:00:00.000000,Italy,Italy,IT,172.73,230.61,64.04,51.43,,false,""
2024-03-02T07:00:00.000000,Italy,Italy,IT,155.1,209.85,67.42,56.31,,false,""
2024-03-02T08:00:00.000000,Italy,Italy,IT,145.3,199.35,69.38,59.53,,false,""
2024-03-02T09:00:00.000000,Italy,Italy,IT,138.94,192.33,71.05,61.51,,false,""
2024-03-02T10:00:00.000000,Italy,Italy,IT,134.43,187.48,72.0,63.13,,false,""
2024-03-02T11:00:00.000000,Italy,Italy,IT,126.78,178.37,73.6,65.79,,false,""
2024-03-02T12:00:00.000000,Italy,Italy,IT,119.97,170.3,75.0,68.66,,false,""
2024-03-02T13:00:00.000000,Italy,Italy,IT,120.6,170.72,75.14,68.35,,false,""
2024-03-02T14:00:00.000000,Italy,Italy,IT,127.01,178.15,73.65,64.19,,false,""
2024-03-02T15:00:00.000000,Italy,Italy,IT,144.77,198.72,69.68,58.3,,false,""
2024-03-02T16:00:00.000000,Italy,Italy,IT,156.76,212.54,66.41,55.23,,false,""
2024-03-02T17:00:00.000000,Italy,Italy,IT,164.29,219.62,64.14,53.9,,false,""
2024-03-02T18:00:00.000000,Italy,Italy,IT,163.05,218.43,64.52,54.12,,false,""
2024-03-02T19:00:00.000000,Italy,Italy,IT,172.01,229.39,62.99,51.92,,false,""
2024-03-02T20:00:00.000000,Italy,Italy,IT,169.84,228.4,63.9,52.65,,false,""
2024-03-02T21:00:00.000000,Italy,Italy,IT,163.35,220.64,66.09,53.42,,false,""
2024-03-02T22:00:00.000000,Italy,Italy,IT,172.92,232.51,64.28,53.05,,false,""
2024-03-02T23:00:00.000000,Italy,Italy,IT,154.64,209.62,69.12,58.97,,false,""
2024-03-03T00:00:00.000000,Italy,Italy,IT,147.25,201.01,70.67,60.5,,false,""
2024-03-03T01:00:00.000000,Italy,Italy,IT,144.13,198.08,70.98,60.88,,false,""
2024-03-03T02:00:00.000000,Italy,Italy,IT,144.59,199.1,70.71,60.05,,false,""
2024-03-03T03:00:00.000000,Italy,Italy,IT,145.74,200.2,70.53,58.9,,false,""
2024-03-03T04:00:00.000000,Italy,Italy,IT,145.85,199.87,70.53,58.32,,false,""
2024-03-03T05:00:00.000000,Italy,Italy,IT,141.0,193.17,71.88,58.98,,false,""
2024-03-03T06:00:00.000000,Italy,Italy,IT,138.01,189.73,72.48,61.36,,false,""
2024-03-03T07:00:00.000000,Italy,Italy,IT,128.63,179.08,74.43,65.44,,false,""
2024-03-03T08:00:00.000000,Italy,Italy,IT,117.9,166.97,76.46,69.89,,false,""
2024-03-03T09:00:00.000000,Italy,Italy,IT,107.88,155.75,78.38,73.27,,false,""
2024-03-03T10:00:00.000000,Italy,Italy,IT,105.7,153.82,78.27,72.65,,false,""
2024-03-03T11:00:00.000000,Italy,Italy,IT,112.52,161.5,77.08,72.3,,false,""
2024-03-03T12:00:00.000000,Italy,Italy,IT,119.51,169.62,75.76,70.84,,false,""
2024-03-03T13:00:00.000000,Italy,Italy,IT,123.06,173.34,75.18,68.8,,false,""
2024-03-03T14:00:00.000000,Italy,Italy,IT,126.25,176.09,74.89,66.24,,false,""
2024-03-03T15:00:00.000000,Italy,Italy,IT,138.85,190.24,71.92,59.82,,false,""
2024-03-03T16:00:00.000000,Italy,Italy,IT,146.91,200.24,69.22,55.24,,false,""
2024-03-03T17:00:00.000000,Italy,Italy,IT,152.6,205.23,67.7,55.28,,false,""
2024-03-03T18:00:00.000000,Italy,Italy,IT,161.41,214.63,65.81,54.26,,false,""
2024-03-03T19:00:00.000000,Italy,Italy,IT,159.08,211.9,66.66,54.42,,false,""
2024-03-03T20:00:00.000000,Italy,Italy,IT,155.89,209.38,67.82,55.53,,false,""
2024-03-03T21:00:00.000000,Italy,Italy,IT,158.58,212.45,67.61,54.19,,false,""
2024-03-03T22:00:00.000000,Italy,Italy,IT,167.83,223.95,65.9,53.76,,false,""
2024-03-03T23:00:00.000000,Italy,Italy,IT,158.02,211.91,68.32,56.83,,false,""
2024-03-04T00:00:00.000000,Italy,Italy,IT,158.23,213.63,68.39,56.96,,false,""
2024-03-04T01:00:00.000000,Italy,Italy,IT,172.55,231.72,65.12,54.64,,false,""
2024-03-04T02:00:00.000000,Italy,Italy,IT,179.41,240.22,63.24,52.97,,false,""
2024-03-04T03:00:00.000000,Italy,Italy,IT,189.14,252.46,60.58,49.69,,false,""
2024-03-04T04:00:00.000000,Italy,Italy,IT,186.02,248.56,61.01,48.35,,false,""
2024-03-04T05:00:00.000000,Italy,Italy,IT,189.71,253.35,58.72,48.36,,false,""
2024-03-04T06:00:00.000000,Italy,Italy,IT,216.69,286.34,51.42,46.07,,false,""
2024-03-04T07:00:00.000000,Italy,Italy,IT,203.09,269.33,54.43,48.84,,false,""
2024-03-04T08:00:00.000000,Italy,Italy,IT,191.5,256.33,56.83,51.4,,false,""
2024-03-04T09:00:00.000000,Italy,Italy,IT,184.24,248.43,58.44,52.52,,false,""
2024-03-04T10:00:00.000000,Italy,Italy,IT,184.59,248.88,58.56,52.09,,false,""
2024-03-04T11:00:00.000000,Italy,Italy,IT,178.36,241.29,60.27,52.91,,false,""
2024-03-04T12:00:00.000000,Italy,Italy,IT,174.83,236.77,61.31,53.52,,false,""
2024-03-04T13:00:00.000000,Italy,Italy,IT,190.7,256.01,57.48,49.61,,false,""
2024-03-04T14:00:00.000000,Italy,Italy,IT,205.24,273.89,54.01,46.89,,false,""
2024-03-04T15:00:00.000000,Italy,Italy,IT,217.56,288.8,50.82,43.73,,false,""
2024-03-04T16:00:00.000000,Italy,Italy,IT,225.88,298.3,48.88,41.98,,false,""
2024-03-04T17:00:00.000000,Italy,Italy,IT,232.19,305.57,47.21,40.9,,false,""
2024-03-04T18:00:00.000000,Italy,Italy,IT,232.53,305.56,47.31,40.65,,false,""
2024-03-04T19:00:00.000000,Italy,Italy,IT,236.64,312.01,46.22,38.79,,false,""
2024-03-04T20:00:00.000000,Italy,Italy,IT,236.32,311.8,46.71,38.26,,false,""
2024-03-04T21:00:00.000000,Italy,Italy,IT,227.74,300.72,49.71,40.54,,false,""
2024-03-04T22:00:00.000000,Italy,Italy,IT,229.02,302.09,50.05,40.9,,false,""
2024-03-04T23:00:00.000000,Italy,Italy,IT,210.05,277.8,55.37,44.47,,false,""
2024-03-05T00:00:00.000000,Italy,Italy,IT,205.99,272.58,56.78,44.92,,false,""
2024-03-05T01:00:00.000000,Italy,Italy,IT,209.41,276.53,56.36,44.07,,false,""
2024-03-05T02:00:00.000000,Italy,Italy,IT,204.45,270.58,57.21,44.15,,false,""
2024-03-05T03:00:00.000000,Italy,Italy,IT,207.47,274.37,56.35,43.22,,false,""
2024-03-05T04:00:00.000000,Italy,Italy,IT,214.96,283.88,53.98,42.23,,false,""
2024-03-05T05:00:00.000000,Italy,Italy,IT,226.36,298.87,49.79,40.18,,false,""
2024-03-05T06:00:00.000000,Italy,Italy,IT,212.56,281.73,52.17,44.11,,false,""
2024-03-05T07:00:00.000000,Italy,Italy,IT,196.34,261.9,55.97,48.59,,false,""
2024-03-05T08:00:00.000000,Italy,Italy,IT,171.98,233.44,61.84,53.94,,false,""
2024-03-05T09:00:00.000000,Italy,Italy,IT,165.16,225.63,63.56,56.43,,false,""
2024-03-05T10:00:00.000000,Italy,Italy,IT,156.89,215.69,65.58,58.28,,false,""
2024-03-05T11:00:00.000000,Italy,Italy,IT,160.29,219.41,65.2,57.82,,false,""
2024-03-05T12:00:00.000000,Italy,Italy,IT,164.77,224.69,64.05,56.47,,false,""
2024-03-05T13:00:00.000000,Italy,Italy,IT,179.16,242.77,59.98,52.5,,false,""
2024-03-05T14:00:00.000000,Italy,Italy,IT,202.74,271.53,54.23,47.64,,false,""
2024-03-05T15:00:00.000000,Italy,Italy,IT,223.32,296.7,49.09,42.07,,false,""
2024-03-05T16:00:00.000000,Italy,Italy,IT,234.53,309.08,46.73,39.15,,false,""
2024-03-05T17:00:00.000000,Italy,Italy,IT,235.47,308.93,46.53,39.58,,false,""
2024-03-05T18:00:00.000000,Italy,Italy,IT,234.76,308.02,46.78,40.19,,false,""
2024-03-05T19:00:00.000000,Italy,Italy,IT,236.14,310.48,46.71,39.68,,false,""
2024-03-05T20:00:00.000000,Italy,Italy,IT,231.55,305.37,48.19,39.8,,false,""
2024-03-05T21:00:00.000000,Italy,Italy,IT,223.13,294.6,51.23,41.64,,false,""
2024-03-05T22:00:00.000000,Italy,Italy,IT,218.07,287.52,53.34,42.77,,false,""
2024-03-05T23:00:00.000000,Italy,Italy,IT,204.88,271.48,56.58,45.99,,false,""
2024-03-06T00:00:00.000000,Italy,Italy,IT,195.91,260.03,59.28,47.86,,false,""
2024-03-06T01:00:00.000000,Italy,Italy,IT,186.06,247.44,62.05,50.72,,false,""
2024-03-06T02:00:00.000000,Italy,Italy,IT,184.76,246.49,61.71,49.36,,false,""
2024-03-06T03:00:00.000000,Italy,Italy,IT,179.35,239.81,62.75,50.26,,false,""
2024-03-06T04:00:00.000000,Italy,Italy,IT,189.61,252.9,59.78,48.41,,false,""
2024-03-06T05:00:00.000000,Italy,Italy,IT,200.27,265.96,56.05,46.65,,false,""
2024-03-06T06:00:00.000000,Italy,Italy,IT,196.81,260.67,56.46,49.5,,false,""
2024-03-06T07:00:00.000000,Italy,Italy,IT,176.65,236.37,60.85,54.83,,false,""
2024-03-06T08:00:00.000000,Italy,Italy,IT,160.94,218.26,64.44,58.46,,false,""
2024-03-06T09:00:00.000000,Italy,Italy,IT,149.27,204.57,67.15,61.22,,false,""
2024-03-06T10:00:00.000000,Italy,Italy,IT,142.89,196.73,68.64,63.16,,false,""
2024-03-06T11:00:00.000000,Italy,Italy,IT,131.76,183.09,71.36,65.02,,false,""
2024-03-06T12:00:00.000000,Italy,Italy,IT,137.27,190.35,70.0,62.83,,false,""
2024-03-06T13:00:00.000000,Italy,Italy,IT,144.19,198.34,68.19,61.14,,false,""
2024-03-06T14:00:00.000000,Italy,Italy,IT,153.83,209.72,65.92,59.36,,false,""
2024-03-06T15:00:00.000000,Italy,Italy,IT,172.42,232.18,61.62,54.36,,false,""
2024-03-06T16:00:00.000000,Italy,Italy,IT,201.96,267.86,54.55,47.37,,false,""
2024-03-06T17:00:00.000000,Italy,Italy,IT,206.37,271.9,53.55,46.45,,false,""
2024-03-06T18:00:00.000000,Italy,Italy,IT,207.69,272.93,53.38,46.99,,false,""
2024-03-06T19:00:00.000000,Italy,Italy,IT,215.6,283.28,51.54,44.18,,false,""
2024-03-06T20:00:00.000000,Italy,Italy,IT,220.34,290.09,50.39,41.67,,false,""
2024-03-06T21:00:00.000000,Italy,Italy,IT,211.28,279.37,53.24,43.05,,false,""
2024-03-06T22:00:00.000000,Italy,Italy,IT,209.42,276.64,54.43,43.82,,false,""
2024-03-06T23:00:00.000000,Italy,Italy,IT,201.34,265.68,57.38,46.55,,false,""
2024-03-07T00:00:00.000000,Italy,Italy,IT,198.39,261.86,59.11,47.92,,false,""
2024-03-07T01:00:00.000000,Italy,Italy,IT,193.67,256.28,60.19,48.77,,false,""
2024-03-07T02:00:00.000000,Italy,Italy,IT,193.65,256.75,59.9,47.6,,false,""
2024-03-07T03:00:00.000000,Italy,Italy,IT,198.61,262.79,58.67,45.44,,false,""
2024-03-07T04:00:00.000000,Italy,Italy,IT,209.21,276.9,55.12,43.19,,false,""
2024-03-07T05:00:00.000000,Italy,Italy,IT,226.19,299.01,49.49,40.11,,false,""
2024-03-07T06:00:00.000000,Italy,Italy,IT,222.31,293.95,49.96,42.61,,false,""
2024-03-07T07:00:00.000000,Italy,Italy,IT,198.33,265.25,55.06,48.84,,false,""
2024-03-07T08:00:00.000000,Italy,Italy,IT,183.18,247.68,58.67,52.47,,false,""
2024-03-07T09:00:00.000000,Italy,Italy,IT,177.42,241.13,60.38,54.11,,false,""
2024-03-07T10:00:00.000000,Italy,Italy,IT,169.74,231.98,62.14,55.85,,false,""
2024-03-07T11:00:00.000000,Italy,Italy,IT,173.43,236.85,61.14,55.83,,false,""
2024-03-07T12:00:00.000000,Italy,Italy,IT,177.32,241.73,60.13,54.53,,false,""
2024-03-07T13:00:00.000000,Italy,Italy,IT,189.68,256.56,57.23,52.05,,false,""
2024-03-07T14:00:00.000000,Italy,Italy,IT,205.09,275.0,53.53,48.99,,false,""
2024-03-07T15:00:00.000000,Italy,Italy,IT,225.49,299.21,48.78,42.93,,false,""
2024-03-07T16:00:00.000000,Italy,Italy,IT,245.13,322.41,44.12,37.36,,false,""
2024-03-07T17:00:00.000000,Italy,Italy,IT,249.33,327.04,42.72,35.69,,false,""
2024-03-07T18:00:00.000000,Italy,Italy,IT,252.04,329.72,42.11,35.17,,false,""
2024-03-07T19:00:00.000000,Italy,Italy,IT,258.07,337.1,40.97,33.57,,false,""
2024-03-07T20:00:00.000000,Italy,Italy,IT,260.55,341.62,40.61,32.15,,false,""
2024-03-07T21:00:00.000000,Italy,Italy,IT,254.53,334.47,42.59,33.33,,false,""
2024-03-07T22:00:00.000000,Italy,Italy,IT,244.9,321.98,45.71,35.23,,false,""
2024-03-07T23:00:00.000000,Italy,Italy,IT,226.55,298.09,51.18,38.61,,false,""
2024-03-08T00:00:00.000000,Italy,Italy,IT,225.36,296.52,51.88,38.35,,false,""
2024-03-08T01:00:00.000000,Italy,Italy,IT,225.5,296.92,52.15,38.44,,false,""
2024-03-08T02:00:00.000000,Italy,Italy,IT,230.94,303.75,50.69,37.54,,false,""
2024-03-08T03:00:00.000000,Italy,Italy,IT,241.11,316.67,47.94,36.19,,false,""
2024-03-08T04:00:00.000000,Italy,Italy,IT,238.51,312.96,48.29,37.28,,false,""
2024-03-08T05:00:00.000000,Italy,Italy,IT,237.21,311.32,47.41,38.0,,false,""
2024-03-08T06:00:00.000000,Italy,Italy,IT,225.95,296.98,49.51,41.97,,false,""
2024-03-08T07:00:00.000000,Italy,Italy,IT,200.37,265.36,55.31,49.31,,false,""
2024-03-08T08:00:00.000000,Italy,Italy,IT,193.16,259.34,56.79,51.18,,false,""
2024-03-08T09:00:00.000000,Italy,Italy,IT,185.06,250.55,58.53,53.06,,false,""
2024-03-08T10:00:00.000000,Italy,Italy,IT,183.81,249.28,58.99,53.7,,false,""
2024-03-08T11:00:00.000000,Italy,Italy,IT,179.61,244.0,60.06,54.46,,false,""
2024-03-08T12:00:00.000000,Italy,Italy,IT,180.13,244.71,59.84,54.25,,false,""
2024-03-08T13:00:00.000000,Italy,Italy,IT,193.29,260.49,56.7,51.13,,false,""
2024-03-08T14:00:00.000000,Italy,Italy,IT,210.4,279.95,52.88,46.55,,false,""
2024-03-08T15:00:00.000000,Italy,Italy,IT,224.3,296.01,49.52,42.19,,false,""
2024-03-08T16:00:00.000000,Italy,Italy,IT,235.9,309.9,46.52,38.25,,false,""
2024-03-08T17:00:00.000000,Italy,Italy,IT,234.45,305.68,47.09,39.95,,false,""
2024-03-08T18:00:00.000000,Italy,Italy,IT,233.91,305.0,47.37,40.24,,false,""
2024-03-08T19:00:00.000000,Italy,Italy,IT,242.32,317.06,45.33,38.01,,false,""
2024-03-08T20:00:00.000000,Italy,Italy,IT,243.39,319.02,45.99,37.67,,false,""
2024-03-08T21:00:00.000000,Italy,Italy,IT,233.06,306.12,49.16,40.19,,false,""
2024-03-08T22:00:00.000000,Italy,Italy,IT,225.22,296.57,51.32,42.39,,false,""
2024-03-08T23:00:00.000000,Italy,Italy,IT,200.46,265.67,57.58,46.37,,false,""
2024-03-09T00:00:00.000000,Italy,Italy,IT,194.5,258.07,59.47,46.99,,false,""
2024-03-09T01:00:00.000000,Italy,Italy,IT,190.41,252.86,60.76,47.82,,false,""
2024-03-09T02:00:00.000000,Italy,Italy,IT,186.86,248.52,61.61,48.25,,false,""
2024-03-09T03:00:00.000000,Italy,Italy,IT,179.68,240.46,62.5,49.19,,false,""
2024-03-09T04:00:00.000000,Italy,Italy,IT,181.96,243.33,61.69,48.6,,false,""
2024-03-09T05:00:00.000000,Italy,Italy,IT,178.98,238.96,62.22,50.89,,false,""
2024-03-09T06:00:00.000000,Italy,Italy,IT,177.01,236.26,62.15,51.59,,false,""
2024-03-09T07:00:00.000000,Italy,Italy,IT,171.31,228.87,63.09,55.3,,false,""
2024-03-09T08:00:00.000000,Italy,Italy,IT,160.16,216.1,65.45,58.54,,false,""
2024-03-09T09:00:00.000000,Italy,Italy,IT,151.13,206.1,67.51,61.35,,false,""
2024-03-09T10:00:00.000000,Italy,Italy,IT,149.7,205.88,67.89,62.16,,false,""
2024-03-09T11:00:00.000000,Italy,Italy,IT,141.58,196.07,69.83,65.02,,false,""
2024-03-09T12:00:00.000000,Italy,Italy,IT,130.83,183.27,72.45,66.8,,false,""
2024-03-09T13:00:00.000000,Italy,Italy,IT,134.02,187.6,71.62,65.0,,false,""
2024-03-09T14:00:00.000000,Italy,Italy,IT,141.63,196.22,69.78,61.69,,false,""
2024-03-09T15:00:00.000000,Italy,Italy,IT,154.4,210.91,66.55,57.3,,false,""
2024-03-09T16:00:00.000000,Italy,Italy,IT,180.75,241.84,60.61,51.52,,false,""
2024-03-09T17:00:00.000000,Italy,Italy,IT,181.75,241.65,60.08,51.41,,false,""
2024-03-09T18:00:00.000000,Italy,Italy,IT,185.5,245.15,59.51,51.64,,false,""
2024-03-09T19:00:00.000000,Italy,Italy,IT,186.97,248.09,59.35,50.36,,false,""
2024-03-09T20:00:00.000000,Italy,Italy,IT,191.35,254.75,58.57,48.67,,false,""
2024-03-09T21:00:00.000000,Italy,Italy,IT,184.24,246.37,60.86,50.35,,false,""
2024-03-09T22:00:00.000000,Italy,Italy,IT,180.44,241.74,62.37,52.48,,false,""
2024-03-09T23:00:00.000000,Italy,Italy,IT,168.76,227.66,65.08,55.55,,false,""
2024-03-10T00:00:00.000000,Italy,Italy,IT,175.4,236.19,63.41,55.04,,false,""
2024-03-10T01:00:00.000000,Italy,Italy,IT,182.56,244.21,62.43,55.2,,false,""
2024-03-10T02:00:00.000000,Italy,Italy,IT,179.06,239.49,63.47,56.61,,false,""
2024-03-10T03:00:00.000000,Italy,Italy,IT,176.64,236.47,64.17,57.14,,false,""
2024-03-10T04:00:00.000000,Italy,Italy,IT,174.56,233.72,64.55,56.8,,false,""
2024-03-10T05:00:00.000000,Italy,Italy,IT,166.64,223.72,66.26,59.01,,false,""
2024-03-10T06:00:00.000000,Italy,Italy,IT,155.09,210.39,68.43,60.93,,false,""
2024-03-10T07:00:00.000000,Italy,Italy,IT,142.09,194.31,71.04,62.8,,false,""
2024-03-10T08:00:00.000000,Italy,Italy,IT,127.61,177.0,74.07,66.05,,false,""
2024-03-10T09:00:00.000000,Italy,Italy,IT,118.94,167.33,75.46,68.02,,false,""
2024-03-10T10:00:00.000000,Italy,Italy,IT,113.16,159.74,76.45,68.75,,false,""
2024-03-10T11:00:00.000000,Italy,Italy,IT,114.79,160.67,76.03,68.84,,false,""
2024-03-10T12:00:00.000000,Italy,Italy,IT,109.04,154.19,77.36,70.0,,false,""
2024-03-10T13:00:00.000000,Italy,Italy,IT,106.77,152.58,77.99,70.14,,false,""
2024-03-10T14:00:00.000000,Italy,Italy,IT,113.13,160.48,76.72,68.59,,false,""
2024-03-10T15:00:00.000000,Italy,Italy,IT,123.39,172.69,74.61,66.07,,false,""
2024-03-10T16:00:00.000000,Italy,Italy,IT,149.51,202.62,69.45,59.81,,false,""
2024-03-10T17:00:00.000000,Italy,Italy,IT,149.7,201.65,69.23,59.2,,false,""
2024-03-10T18:00:00.000000,Italy,Italy,IT,149.86,200.17,69.18,59.93,,false,""
2024-03-10T19:00:00.000000,Italy,Italy,IT,154.33,206.13,68.31,58.33,,false,""
2024-03-10T20:00:00.000000,Italy,Italy,IT,161.84,216.39,66.72,56.2,,false,""
2024-03-10T21:00:00.000000,Italy,Italy,IT,168.54,225.5,65.36,55.25,,false,""
2024-03-10T22:00:00.000000,Italy,Italy,IT,177.12,236.67,63.84,54.82,,false,""
2024-03-10T23:00:00.000000,Italy,Italy,IT,186.52,248.61,61.52,53.94,,false,""
2024-03-11T00:00:00.000000,Italy,Italy,IT,185.99,247.63,62.0,55.2,,false,""
2024-03-11T01:00:00.000000,Italy,Italy,IT,192.61,256.2,60.62,53.73,,false,""
2024-03-11T02:00:00.000000,Italy,Italy,IT,190.77,254.14,60.62,53.75,,false,""
2024-03-11T03:00:00.000000,Italy,Italy,IT,183.57,245.45,62.21,54.79,,false,""
2024-03-11T04:00:00.000000,Italy,Italy,IT,187.42,249.23,61.34,51.9,,false,""
2024-03-11T05:00:00.000000,Italy,Italy,IT,191.77,255.11,58.45,50.2,,false,""
2024-03-11T06:00:00.000000,Italy,Italy,IT,185.81,247.34,59.41,51.89,,false,""
2024-03-11T07:00:00.000000,Italy,Italy,IT,175.12,234.58,61.53,54.75,,false,""
2024-03-11T08:00:00.000000,Italy,Italy,IT,166.34,225.19,63.65,58.16,,false,""
2024-03-11T09:00:00.000000,Italy,Italy,IT,143.14,197.43,69.28,63.97,,false,""
2024-03-11T10:00:00.000000,Italy,Italy,IT,137.1,190.55,70.81,65.08,,false,""
2024-03-11T11:00:00.000000,Italy,Italy,IT,132.3,184.93,71.71,66.08,,false,""
2024-03-11T12:00:00.000000,Italy,Italy,IT,137.35,191.32,70.19,63.36,,false,""
2024-03-11T13:00:00.000000,Italy,Italy,IT,147.11,202.62,67.89,60.95,,false,""
2024-03-11T14:00:00.000000,Italy,Italy,IT,160.31,218.4,64.51,57.72,,false,""
2024-03-11T15:00:00.000000,Italy,Italy,IT,185.38,249.04,58.4,51.12,,false,""
2024-03-11T16:00:00.000000,Italy,Italy,IT,204.76,271.61,53.79,47.46,,false,""
2024-03-11T17:00:00.000000,Italy,Italy,IT,208.33,274.19,53.07,47.24,,false,""
2024-03-11T18:00:00.000000,Italy,Italy,IT,207.97,274.08,53.15,47.05,,false,""
2024-03-11T19:00:00.000000,Italy,Italy,IT,208.69,276.4,53.05,45.61,,false,""
2024-03-11T20:00:00.000000,Italy,Italy,IT,203.87,271.07,54.28,46.03,,false,""
2024-03-11T21:00:00.000000,Italy,Italy,IT,195.1,260.3,57.01,48.09,,false,""
2024-03-11T22:00:00.000000,Italy,Italy,IT,180.35,242.27,60.78,50.82,,false,""
2024-03-11T23:00:00.000000,Italy,Italy,IT,165.61,223.9,64.52,54.97,,false,""
2024-03-12T00:00:00.000000,Italy,Italy,IT,158.15,214.93,66.45,56.61,,false,""
2024-03-12T01:00:00.000000,Italy,Italy,IT,161.72,219.56,65.73,55.69,,false,""
2024-03-12T02:00:00.000000,Italy,Italy,IT,165.01,224.18,64.72,54.14,,false,""
2024-03-12T03:00:00.000000,Italy,Italy,IT,171.81,232.7,63.05,52.38,,false,""
2024-03-12T04:00:00.000000,Italy,Italy,IT,183.81,246.7,60.27,50.08,,false,""
2024-03-12T05:00:00.000000,Italy,Italy,IT,206.15,274.3,54.4,46.21,,false,""
2024-03-12T06:00:00.000000,Italy,Italy,IT,208.94,277.89,52.94,46.39,,false,""
2024-03-12T07:00:00.000000,Italy,Italy,IT,194.16,260.06,56.19,51.3,,false,""
2024-03-12T08:00:00.000000,Italy,Italy,IT,178.11,241.23,60.3,55.06,,false,""
2024-03-12T09:00:00.000000,Italy,Italy,IT,162.83,222.96,63.97,58.25,,false,""
2024-03-12T10:00:00.000000,Italy,Italy,IT,159.26,218.94,64.81,59.41,,false,""
2024-03-12T11:00:00.000000,Italy,Italy,IT,157.22,216.82,65.42,60.84,,false,""
2024-03-12T12:00:00.000000,Italy,Italy,IT,151.12,209.41,66.89,62.03,,false,""
2024-03-12T13:00:00.000000,Italy,Italy,IT,150.5,208.25,66.91,61.02,,false,""
2024-03-12T14:00:00.000000,Italy,Italy,IT,169.85,231.55,62.36,56.06,,false,""
2024-03-12T15:00:00.000000,Italy,Italy,IT,203.92,274.02,53.63,47.62,,false,""
2024-03-12T16:00:00.000000,Italy,Italy,IT,240.87,318.57,44.47,39.53,,false,""
2024-03-12T17:00:00.000000,Italy,Italy,IT,242.31,318.46,44.38,39.22,,false,""
2024-03-12T18:00:00.000000,Italy,Italy,IT,236.67,310.84,46.03,39.84,,false,""
2024-03-12T19:00:00.000000,Italy,Italy,IT,240.88,317.27,45.09,38.09,,false,""
2024-03-12T20:00:00.000000,Italy,Italy,IT,235.98,311.95,46.55,38.43,,false,""
2024-03-12T21:00:00.000000,Italy,Italy,IT,231.69,306.19,48.36,39.46,,false,""
2024-03-12T22:00:00.000000,Italy,Italy,IT,221.33,293.21,51.29,41.28,,false,""
2024-03-12T23:00:00.000000,Italy,Italy,IT,210.82,279.6,54.32,43.63,,false,""
2024-03-13T00:00:00.000000,Italy,Italy,IT,199.82,266.29,57.03,45.57,,false,""
2024-03-13T01:00:00.000000,Italy,Italy,IT,195.26,260.47,58.42,46.38,,false,""
2024-03-13T02:00:00.000000,Italy,Italy,IT,199.48,265.94,57.36,45.03,,false,""
2024-03-13T03:00:00.000000,Italy,Italy,IT,209.51,278.62,54.74,42.86,,false,""
2024-03-13T04:00:00.000000,Italy,Italy,IT,219.53,290.97,52.03,40.7,,false,""
2024-03-13T05:00:00.000000,Italy,Italy,IT,225.22,296.68,49.99,40.1,,false,""
2024-03-13T06:00:00.000000,Italy,Italy,IT,210.71,277.4,53.27,45.21,,false,""
2024-03-13T07:00:00.000000,Italy,Italy,IT,199.06,263.63,55.84,48.79,,false,""
2024-03-13T08:00:00.000000,Italy,Italy,IT,196.19,262.6,56.45,49.92,,false,""
2024-03-13T09:00:00.000000,Italy,Italy,IT,184.19,248.84,59.27,52.41,,false,""
2024-03-13T10:00:00.000000,Italy,Italy,IT,177.13,241.0,60.7,54.41,,false,""
2024-03-13T11:00:00.000000,Italy,Italy,IT,160.78,221.19,64.78,58.7,,false,""
2024-03-13T12:00:00.000000,Italy,Italy,IT,156.99,216.51,65.81,59.23,,false,""
2024-03-13T13:00:00.000000,Italy,Italy,IT,160.87,220.57,64.94,57.73,,false,""
2024-03-13T14:00:00.000000,Italy,Italy,IT,184.96,249.76,59.03,51.53,,false,""
2024-03-13T15:00:00.000000,Italy,Italy,IT,214.28,285.68,51.59,43.85,,false,""
2024-03-13T16:00:00.000000,Italy,Italy,IT,241.31,317.53,44.91,37.37,,false,""
2024-03-13T17:00:00.000000,Italy,Italy,IT,248.06,324.92,43.26,35.9,,false,""
2024-03-13T18:00:00.000000,Italy,Italy,IT,245.5,321.45,44.04,36.18,,false,""
2024-03-13T19:00:00.000000,Italy,Italy,IT,252.43,330.35,42.53,34.8,,false,""
2024-03-13T20:00:00.000000,Italy,Italy,IT,255.39,334.81,42.12,33.32,,false,""
2024-03-13T21:00:00.000000,Italy,Italy,IT,252.21,331.83,43.06,33.11,,false,""
2024-03-13T22:00:00.000000,Italy,Italy,IT,242.35,319.12,46.11,35.34,,false,""
2024-03-13T23:00:00.000000,Italy,Italy,IT,239.26,316.24,46.66,35.48,,false,""
2024-03-14T00:00:00.000000,Italy,Italy,IT,234.31,310.14,48.21,35.83,,false,""
2024-03-14T01:00:00.000000,Italy,Italy,IT,235.13,311.54,48.1,35.23,,false,""
2024-03-14T02:00:00.000000,Italy,Italy,IT,233.07,309.03,48.48,35.55,,false,""
2024-03-14T03:00:00.000000,Italy,Italy,IT,233.32,309.49,48.34,35.84,,false,""
2024-03-14T04:00:00.000000,Italy,Italy,IT,235.58,312.35,47.15,35.62,,false,""
2024-03-14T05:00:00.000000,Italy,Italy,IT,234.69,309.08,47.1,37.69,,false,""
2024-03-14T06:00:00.000000,Italy,Italy,IT,215.84,285.86,51.5,42.98,,false,""
2024-03-14T07:00:00.000000,Italy,Italy,IT,194.48,260.63,56.45,48.86,,false,""
2024-03-14T08:00:00.000000,Italy,Italy,IT,181.57,245.66,59.6,53.0,,false,""
2024-03-14T09:00:00.000000,Italy,Italy,IT,167.86,229.66,63.09,56.66,,false,""
2024-03-14T10:00:00.000000,Italy,Italy,IT,154.35,213.48,66.48,59.79,,false,""
2024-03-14T11:00:00.000000,Italy,Italy,IT,148.8,206.65,68.18,61.63,,false,""
2024-03-14T12:00:00.000000,Italy,Italy,IT,150.58,209.01,67.53,60.69,,false,""
2024-03-14T13:00:00.000000,Italy,Italy,IT,163.4,224.78,64.21,57.35,,false,""
2024-03-14T14:00:00.000000,Italy,Italy,IT,179.63,244.07,60.19,52.71,,false,""
2024-03-14T15:00:00.000000,Italy,Italy,IT,212.59,284.8,51.81,44.36,,false,""
2024-03-14T16:00:00.000000,Italy,Italy,IT,243.81,321.74,44.18,36.96,,false,""
2024-03-14T17:00:00.000000,Italy,Italy,IT,251.43,329.48,42.53,35.45,,false,""
2024-03-14T18:00:00.000000,Italy,Italy,IT,251.05,328.16,42.84,35.45,,false,""
2024-03-14T19:00:00.000000,Italy,Italy,IT,253.59,332.02,42.34,34.03,,false,""
2024-03-14T20:00:00.000000,Italy,Italy,IT,251.47,330.42,43.04,33.64,,false,""
2024-03-14T21:00:00.000000,Italy,Italy,IT,235.95,311.95,47.01,35.85,,false,""
2024-03-14T22:00:00.000000,Italy,Italy,IT,222.69,295.98,50.35,39.08,,false,""
2024-03-14T23:00:00.000000,Italy,Italy,IT,207.52,276.79,54.61,42.5,,false,""
2024-03-15T00:00:00.000000,Italy,Italy,IT,205.03,273.55,55.62,42.34,,false,""
2024-03-15T01:00:00.000000,Italy,Italy,IT,202.23,270.09,56.43,42.48,,false,""
2024-03-15T02:00:00.000000,Italy,Italy,IT,204.39,272.89,55.9,42.44,,false,""
2024-03-15T03:00:00.000000,Italy,Italy,IT,204.59,273.38,55.87,42.53,,false,""
2024-03-15T04:00:00.000000,Italy,Italy,IT,207.73,276.9,54.62,42.26,,false,""
2024-03-15T05:00:00.000000,Italy,Italy,IT,214.87,285.17,52.35,42.7,,false,""
2024-03-15T06:00:00.000000,Italy,Italy,IT,202.12,269.56,54.96,46.55,,false,""
2024-03-15T07:00:00.000000,Italy,Italy,IT,182.78,246.51,59.06,51.55,,false,""
2024-03-15T08:00:00.000000,Italy,Italy,IT,176.1,238.86,60.81,54.07,,false,""
2024-03-15T09:00:00.000000,Italy,Italy,IT,169.84,232.04,62.4,55.56,,false,""
2024-03-15T10:00:00.000000,Italy,Italy,IT,162.62,223.18,64.22,57.54,,false,""
2024-03-15T11:00:00.000000,Italy,Italy,IT,150.35,208.54,67.45,60.48,,false,""
2024-03-15T12:00:00.000000,Italy,Italy,IT,150.22,208.05,67.6,60.05,,false,""
2024-03-15T13:00:00.000000,Italy,Italy,IT,162.89,223.01,64.52,57.08,,false,""
2024-03-15T14:00:00.000000,Italy,Italy,IT,186.35,251.84,58.77,52.24,,false,""
2024-03-15T15:00:00.000000,Italy,Italy,IT,209.58,278.84,53.5,46.79,,false,""
2024-03-15T16:00:00.000000,Italy,Italy,IT,222.81,294.53,50.05,42.25,,false,""
2024-03-15T17:00:00.000000,Italy,Italy,IT,220.21,290.53,50.22,42.24,,false,""
2024-03-15T18:00:00.000000,Italy,Italy,IT,222.97,292.43,49.76,42.18,,false,""
2024-03-15T19:00:00.000000,Italy,Italy,IT,227.66,299.67,48.78,40.24,,false,""
2024-03-15T20:00:00.000000,Italy,Italy,IT,235.36,309.96,47.24,37.53,,false,""
2024-03-15T21:00:00.000000,Italy,Italy,IT,219.22,290.03,51.81,40.63,,false,""
2024-03-15T22:00:00.000000,Italy,Italy,IT,208.35,277.21,54.54,42.7,,false,""
2024-03-15T23:00:00.000000,Italy,Italy,IT,180.58,242.5,61.75,47.32,,false,""
2024-03-16T00:00:00.000000,Italy,Italy,IT,174.13,233.15,64.24,48.49,,false,""
2024-03-16T01:00:00.000000,Italy,Italy,IT,169.01,226.35,66.1,49.49,,false,""
2024-03-16T02:00:00.000000,Italy,Italy,IT,176.45,236.7,63.93,47.93,,false,""
2024-03-16T03:00:00.000000,Italy,Italy,IT,177.55,238.03,63.31,47.38,,false,""
2024-03-16T04:00:00.000000,Italy,Italy,IT,166.17,223.17,66.29,49.41,,false,""
2024-03-16T05:00:00.000000,Italy,Italy,IT,162.72,217.85,67.04,50.69,,false,""
2024-03-16T06:00:00.000000,Italy,Italy,IT,153.29,206.36,68.73,55.15,,false,""
2024-03-16T07:00:00.000000,Italy,Italy,IT,132.39,181.64,73.41,61.86,,false,""
2024-03-16T08:00:00.000000,Italy,Italy,IT,116.34,164.42,76.9,66.37,,false,""
2024-03-16T09:00:00.000000,Italy,Italy,IT,107.51,154.65,79.04,68.65,,false,""
2024-03-16T10:00:00.000000,Italy,Italy,IT,101.3,147.81,80.34,71.56,,false,""
2024-03-16T11:00:00.000000,Italy,Italy,IT,101.19,148.15,80.21,72.19,,false,""
2024-03-16T12:00:00.000000,Italy,Italy,IT,102.68,150.03,79.85,71.76,,false,""
2024-03-16T13:00:00.000000,Italy,Italy,IT,107.86,156.79,78.27,69.43,,false,""
2024-03-16T14:00:00.000000,Italy,Italy,IT,124.51,176.5,74.53,64.55,,false,""
2024-03-16T15:00:00.000000,Italy,Italy,IT,144.92,200.39,69.83,57.67,,false,""
2024-03-16T16:00:00.000000,Italy,Italy,IT,176.19,236.33,62.21,49.93,,false,""
2024-03-16T17:00:00.000000,Italy,Italy,IT,189.29,250.25,58.82,48.08,,false,""
2024-03-16T18:00:00.000000,Italy,Italy,IT,186.92,246.01,59.35,48.81,,false,""
2024-03-16T19:00:00.000000,Italy,Italy,IT,188.64,248.89,59.14,48.24,,false,""
2024-03-16T20:00:00.000000,Italy,Italy,IT,195.22,259.48,57.51,44.07,,false,""
2024-03-16T21:00:00.000000,Italy,Italy,IT,198.75,264.42,57.15,43.33,,false,""
2024-03-16T22:00:00.000000,Italy,Italy,IT,195.33,259.7,58.68,44.53,,false,""
2024-03-16T23:00:00.000000,Italy,Italy,IT,173.03,232.26,64.67,48.25,,false,""
2024-03-17T00:00:00.000000,Italy,Italy,IT,178.76,239.61,63.71,47.19,,false,""
2024-03-17T01:00:00.000000,Italy,Italy,IT,186.57,249.32,62.09,47.02,,false,""
2024-03-17T02:00:00.000000,Italy,Italy,IT,187.15,249.82,62.25,48.24,,false,""
2024-03-17T03:00:00.000000,Italy,Italy,IT,187.44,250.7,62.01,48.32,,false,""
2024-03-17T04:00:00.000000,Italy,Italy,IT,184.29,246.44,62.77,48.52,,false,""
2024-03-17T05:00:00.000000,Italy,Italy,IT,178.97,238.91,64.05,50.77,,false,""
2024-03-17T06:00:00.000000,Italy,Italy,IT,161.39,218.85,67.57,56.67,,false,""
2024-03-17T07:00:00.000000,Italy,Italy,IT,135.91,189.04,72.83,64.82,,false,""
2024-03-17T08:00:00.000000,Italy,Italy,IT,121.75,172.93,75.52,69.9,,false,""
2024-03-17T09:00:00.000000,Italy,Italy,IT,114.76,165.28,77.07,72.32,,false,""
2024-03-17T10:00:00.000000,Italy,Italy,IT,108.28,157.14,78.77,73.94,,false,""
2024-03-17T11:00:00.000000,Italy,Italy,IT,113.08,163.24,77.64,73.98,,false,""
2024-03-17T12:00:00.000000,Italy,Italy,IT,113.04,163.35,77.61,73.04,,false,""
2024-03-17T13:00:00.000000,Italy,Italy,IT,119.08,170.88,75.99,69.62,,false,""
2024-03-17T14:00:00.000000,Italy,Italy,IT,132.22,185.72,73.06,64.83,,false,""
2024-03-17T15:00:00.000000,Italy,Italy,IT,140.65,195.23,71.12,59.47,,false,""
2024-03-17T16:00:00.000000,Italy,Italy,IT,177.7,239.42,62.35,51.13,,false,""
2024-03-17T17:00:00.000000,Italy,Italy,IT,186.31,248.01,60.17,48.79,,false,""
2024-03-17T18:00:00.000000,Italy,Italy,IT,191.44,252.51,58.67,48.23,,false,""
2024-03-17T19:00:00.000000,Italy,Italy,IT,195.19,257.54,57.94,46.45,,false,""
2024-03-17T20:00:00.000000,Italy,Italy,IT,200.76,265.57,56.8,44.23,,false,""
2024-03-17T21:00:00.000000,Italy,Italy,IT,203.3,269.36,56.65,42.93,,false,""
2024-03-17T22:00:00.000000,Italy,Italy,IT,198.02,263.27,58.4,43.25,,false,""
2024-03-17T23:00:00.000000,Italy,Italy,IT,185.27,248.31,61.66,45.17,,false,""
2024-03-18T00:00:00.000000,Italy,Italy,IT,177.36,239.16,63.45,46.23,,false,""
2024-03-18T01:00:00.000000,Italy,Italy,IT,171.14,231.88,64.76,47.6,,false,""
2024-03-18T02:00:00.000000,Italy,Italy,IT,174.86,236.81,63.65,46.97,,false,""
2024-03-18T03:00:00.000000,Italy,Italy,IT,178.55,241.56,62.43,46.17,,false,""
2024-03-18T04:00:00.000000,Italy,Italy,IT,184.25,248.52,60.55,45.45,,false,""
2024-03-18T05:00:00.000000,Italy,Italy,IT,187.45,251.71,59.14,46.72,,false,""
2024-03-18T06:00:00.000000,Italy,Italy,IT,189.64,253.82,58.19,50.38,,false,""
2024-03-18T07:00:00.000000,Italy,Italy,IT,177.09,237.96,60.65,53.89,,false,""
2024-03-18T08:00:00.000000,Italy,Italy,IT,169.66,230.1,62.47,54.82,,false,""
2024-03-18T09:00:00.000000,Italy,Italy,IT,172.54,234.73,61.41,53.68,,false,""
2024-03-18T10:00:00.000000,Italy,Italy,IT,161.81,221.91,63.86,55.8,,false,""
2024-03-18T11:00:00.000000,Italy,Italy,IT,160.35,220.58,64.18,56.62,,false,""
2024-03-18T12:00:00.000000,Italy,Italy,IT,160.45,220.44,64.15,56.58,,false,""
2024-03-18T13:00:00.000000,Italy,Italy,IT,177.73,241.3,60.07,53.13,,false,""
2024-03-18T14:00:00.000000,Italy,Italy,IT,196.56,264.75,55.2,49.15,,false,""
2024-03-18T15:00:00.000000,Italy,Italy,IT,218.17,291.26,49.99,43.91,,false,""
2024-03-18T16:00:00.000000,Italy,Italy,IT,236.51,313.85,45.3,40.06,,false,""
2024-03-18T17:00:00.000000,Italy,Italy,IT,237.95,313.39,44.96,39.87,,false,""
2024-03-18T18:00:00.000000,Italy,Italy,IT,239.77,314.32,44.82,39.96,,false,""
2024-03-18T19:00:00.000000,Italy,Italy,IT,235.99,312.0,45.88,38.89,,false,""
2024-03-18T20:00:00.000000,Italy,Italy,IT,227.4,301.61,48.52,39.43,,false,""
2024-03-18T21:00:00.000000,Italy,Italy,IT,211.06,280.82,52.88,41.72,,false,""
2024-03-18T22:00:00.000000,Italy,Italy,IT,215.78,287.86,51.82,40.57,,false,""
2024-03-18T23:00:00.000000,Italy,Italy,IT,209.63,279.66,54.09,41.63,,false,""
2024-03-19T00:00:00.000000,Italy,Italy,IT,207.21,276.74,54.93,41.56,,false,""
2024-03-19T01:00:00.000000,Italy,Italy,IT,206.29,275.53,55.43,42.11,,false,""
2024-03-19T02:00:00.000000,Italy,Italy,IT,220.57,293.31,52.04,40.39,,false,""
2024-03-19T03:00:00.000000,Italy,Italy,IT,225.94,299.84,50.69,39.63,,false,""
2024-03-19T04:00:00.000000,Italy,Italy,IT,213.18,282.83,53.65,43.42,,false,""
2024-03-19T05:00:00.000000,Italy,Italy,IT,206.3,272.37,54.82,45.92,,false,""
2024-03-19T06:00:00.000000,Italy,Italy,IT,198.0,262.43,56.32,48.09,,false,""
2024-03-19T07:00:00.000000,Italy,Italy,IT,177.42,237.64,60.88,52.98,,false,""
2024-03-19T08:00:00.000000,Italy,Italy,IT,169.9,229.43,62.51,55.0,,false,""
2024-03-19T09:00:00.000000,Italy,Italy,IT,163.24,222.41,64.03,56.81,,false,""
2024-03-19T10:00:00.000000,Italy,Italy,IT,156.46,214.78,65.81,58.98,,false,""
2024-03-19T11:00:00.000000,Italy,Italy,IT,155.68,214.69,66.19,60.04,,false,""
2024-03-19T12:00:00.000000,Italy,Italy,IT,144.67,201.15,68.9,62.59,,false,""
2024-03-19T13:00:00.000000,Italy,Italy,IT,146.02,203.01,68.18,61.54,,false,""
2024-03-19T14:00:00.000000,Italy,Italy,IT,142.48,198.1,69.08,61.63,,false,""
2024-03-19T15:00:00.000000,Italy,Italy,IT,170.31,231.83,62.14,54.31,,false,""
2024-03-19T16:00:00.000000,Italy,Italy,IT,209.37,279.36,52.28,45.32,,false,""
2024-03-19T17:00:00.000000,Italy,Italy,IT,225.92,296.28,48.12,42.82,,false,""
2024-03-19T18:00:00.000000,Italy,Italy,IT,222.3,292.0,48.88,42.64,,false,""
2024-03-19T19:00:00.000000,Italy,Italy,IT,221.11,292.12,49.1,42.45,,false,""
2024-03-19T20:00:00.000000,Italy,Italy,IT,209.61,278.34,52.95,43.38,,false,""
2024-03-19T21:00:00.000000,Italy,Italy,IT,206.46,275.32,54.02,43.06,,false,""
2024-03-19T22:00:00.000000,Italy,Italy,IT,200.91,268.26,55.8,45.01,,false,""
2024-03-19T23:00:00.000000,Italy,Italy,IT,195.24,262.1,57.14,45.69,,false,""
2024-03-20T00:00:00.000000,Italy,Italy,IT,199.31,266.6,56.8,45.03,,false,""
2024-03-20T01:00:00.000000,Italy,Italy,IT,200.2,267.65,56.88,44.73,,false,""
2024-03-20T02:00:00.000000,Italy,Italy,IT,203.28,271.56,56.04,44.61,,false,""
2024-03-20T03:00:00.000000,Italy,Italy,IT,201.73,269.47,56.4,45.19,,false,""
2024-03-20T04:00:00.000000,Italy,Italy,IT,207.43,276.51,54.72,44.46,,false,""
2024-03-20T05:00:00.000000,Italy,Italy,IT,212.57,281.18,53.01,45.29,,false,""
2024-03-20T06:00:00.000000,Italy,Italy,IT,200.2,266.3,55.44,48.89,,false,""
2024-03-20T07:00:00.000000,Italy,Italy,IT,170.61,231.28,62.07,55.59,,false,""
2024-03-20T08:00:00.000000,Italy,Italy,IT,163.41,223.32,63.74,58.23,,false,""
2024-03-20T09:00:00.000000,Italy,Italy,IT,156.41,216.07,65.51,59.94,,false,""
2024-03-20T10:00:00.000000,Italy,Italy,IT,141.96,199.07,68.87,63.21,,false,""
2024-03-20T11:00:00.000000,Italy,Italy,IT,132.06,187.41,71.16,65.68,,false,""
2024-03-20T12:00:00.000000,Italy,Italy,IT,130.21,184.94,71.77,65.88,,false,""
2024-03-20T13:00:00.000000,Italy,Italy,IT,147.64,206.32,67.25,60.88,,false,""
2024-03-20T14:00:00.000000,Italy,Italy,IT,164.7,226.77,63.31,55.79,,false,""
2024-03-20T15:00:00.000000,Italy,Italy,IT,202.17,273.75,53.47,46.77,,false,""
2024-03-20T16:00:00.000000,Italy,Italy,IT,253.07,334.17,41.54,36.3,,false,""
2024-03-20T17:00:00.000000,Italy,Italy,IT,272.32,356.9,36.44,33.04,,false,""
2024-03-20T18:00:00.000000,Italy,Italy,IT,274.36,359.17,35.94,32.53,,false,""
2024-03-20T19:00:00.000000,Italy,Italy,IT,267.75,351.0,38.09,32.85,,false,""
2024-03-20T20:00:00.000000,Italy,Italy,IT,254.51,335.81,41.76,33.82,,false,""
2024-03-20T21:00:00.000000,Italy,Italy,IT,237.5,314.79,46.45,36.18,,false,""
2024-03-20T22:00:00.000000,Italy,Italy,IT,236.05,313.42,46.95,36.26,,false,""
2024-03-20T23:00:00.000000,Italy,Italy,IT,223.73,297.83,50.48,38.52,,false,""
2024-03-21T00:00:00.000000,Italy,Italy,IT,224.45,298.16,50.98,37.94,,false,""
2024-03-21T01:00:00.000000,Italy,Italy,IT,226.87,299.77,51.54,37.89,,false,""
2024-03-21T02:00:00.000000,Italy,Italy,IT,229.16,303.1,50.73,37.55,,false,""
2024-03-21T03:00:00.000000,Italy,Italy,IT,230.79,305.14,50.2,37.29,,false,""
2024-03-21T04:00:00.000000,Italy,Italy,IT,227.52,301.4,50.25,38.54,,false,""
2024-03-21T05:00:00.000000,Italy,Italy,IT,213.87,283.77,52.92,42.52,,false,""
2024-03-21T06:00:00.000000,Italy,Italy,IT,201.06,267.31,55.61,48.26,,false,""
2024-03-21T07:00:00.000000,Italy,Italy,IT,177.68,239.33,60.94,54.62,,false,""
2024-03-21T08:00:00.000000,Italy,Italy,IT,168.43,229.89,63.03,56.62,,false,""
2024-03-21T09:00:00.000000,Italy,Italy,IT,152.1,209.94,67.36,61.12,,false,""
2024-03-21T10:00:00.000000,Italy,Italy,IT,139.45,194.75,70.48,63.84,,false,""
2024-03-21T11:00:00.000000,Italy,Italy,IT,135.61,190.75,71.41,65.72,,false,""
2024-03-21T12:00:00.000000,Italy,Italy,IT,142.45,199.56,69.42,63.69,,false,""
2024-03-21T13:00:00.000000,Italy,Italy,IT,154.94,214.64,66.33,60.56,,false,""
2024-03-21T14:00:00.000000,Italy,Italy,IT,163.91,225.24,63.97,57.43,,false,""
2024-03-21T15:00:00.000000,Italy,Italy,IT,191.06,257.77,57.27,50.43,,false,""
2024-03-21T16:00:00.000000,Italy,Italy,IT,213.2,284.87,51.38,44.27,,false,""
2024-03-21T17:00:00.000000,Italy,Italy,IT,231.5,305.31,46.61,41.05,,false,""
2024-03-21T18:00:00.000000,Italy,Italy,IT,231.72,304.96,46.92,40.7,,false,""
2024-03-21T19:00:00.000000,Italy,Italy,IT,232.28,307.54,47.23,39.47,,false,""
2024-03-21T20:00:00.000000,Italy,Italy,IT,226.45,299.38,49.53,40.32,,false,""
2024-03-21T21:00:00.000000,Italy,Italy,IT,222.68,294.94,50.85,40.75,,false,""
2024-03-21T22:00:00.000000,Italy,Italy,IT,217.94,289.16,52.37,42.06,,false,""
2024-03-21T23:00:00.000000,Italy,Italy,IT,218.74,289.86,52.73,42.01,,false,""
2024-03-22T00:00:00.000000,Italy,Italy,IT,219.37,289.81,53.51,41.86,,false,""
2024-03-22T01:00:00.000000,Italy,Italy,IT,221.96,293.22,52.96,40.97,,false,""
2024-03-22T02:00:00.000000,Italy,Italy,IT,227.61,300.25,51.73,39.79,,false,""
2024-03-22T03:00:00.000000,Italy,Italy,IT,234.29,308.33,50.08,38.83,,false,""
2024-03-22T04:00:00.000000,Italy,Italy,IT,238.03,312.66,48.7,39.76,,false,""
2024-03-22T05:00:00.000000,Italy,Italy,IT,229.63,302.32,49.51,41.82,,false,""
2024-03-22T06:00:00.000000,Italy,Italy,IT,210.74,279.4,53.33,45.64,,false,""
2024-03-22T07:00:00.000000,Italy,Italy,IT,192.21,256.89,57.34,50.2,,false,""
2024-03-22T08:00:00.000000,Italy,Italy,IT,178.37,241.92,60.36,54.23,,false,""
2024-03-22T09:00:00.000000,Italy,Italy,IT,158.08,218.05,65.27,59.15,,false,""
2024-03-22T10:00:00.000000,Italy,Italy,IT,150.68,209.1,67.34,61.28,,false,""
2024-03-22T11:00:00.000000,Italy,Italy,IT,147.01,204.91,68.38,62.43,,false,""
2024-03-22T12:00:00.000000,Italy,Italy,IT,143.95,201.2,69.02,62.87,,false,""
2024-03-22T13:00:00.000000,Italy,Italy,IT,153.97,213.13,66.58,60.25,,false,""
2024-03-22T14:00:00.000000,Italy,Italy,IT,170.48,232.87,62.61,56.04,,false,""
2024-03-22T15:00:00.000000,Italy,Italy,IT,203.44,272.75,54.62,48.03,,false,""
2024-03-22T16:00:00.000000,Italy,Italy,IT,231.62,305.98,48.1,41.21,,false,""
2024-03-22T17:00:00.000000,Italy,Italy,IT,236.05,309.32,46.64,40.6,,false,""
2024-03-22T18:00:00.000000,Italy,Italy,IT,229.25,300.33,48.29,41.3,,false,""
2024-03-22T19:00:00.000000,Italy,Italy,IT,237.14,312.28,46.39,38.09,,false,""
2024-03-22T20:00:00.000000,Italy,Italy,IT,241.13,318.49,45.83,37.04,,false,""
2024-03-22T21:00:00.000000,Italy,Italy,IT,236.63,313.39,47.17,37.52,,false,""
2024-03-22T22:00:00.000000,Italy,Italy,IT,238.59,316.09,47.05,37.58,,false,""
2024-03-22T23:00:00.000000,Italy,Italy,IT,208.53,277.86,55.01,43.74,,false,""
2024-03-23T00:00:00.000000,Italy,Italy,IT,204.89,273.44,56.54,44.52,,false,""
2024-03-23T01:00:00.000000,Italy,Italy,IT,202.19,269.52,57.77,45.03,,false,""
2024-03-23T02:00:00.000000,Italy,Italy,IT,207.81,276.54,56.35,45.04,,false,""
2024-03-23T03:00:00.000000,Italy,Italy,IT,204.08,271.87,57.26,46.07,,false,""
2024-03-23T04:00:00.000000,Italy,Italy,IT,202.86,269.6,57.49,46.6,,false,""
2024-03-23T05:00:00.000000,Italy,Italy,IT,191.24,254.75,60.14,50.15,,false,""
2024-03-23T06:00:00.000000,Italy,Italy,IT,157.76,214.54,67.63,58.11,,false,""
2024-03-23T07:00:00.000000,Italy,Italy,IT,126.34,176.91,74.98,66.36,,false,""
2024-03-23T08:00:00.000000,Italy,Italy,IT,110.25,158.58,78.56,71.6,,false,""
2024-03-23T09:00:00.000000,Italy,Italy,IT,100.59,147.65,80.43,75.64,,false,""
2024-03-23T10:00:00.000000,Italy,Italy,IT,100.8,148.54,80.04,76.64,,false,""
2024-03-23T11:00:00.000000,Italy,Italy,IT,104.62,153.5,79.2,77.3,,false,""
2024-03-23T12:00:00.000000,Italy,Italy,IT,98.59,146.44,80.38,78.38,,false,""
2024-03-23T13:00:00.000000,Italy,Italy,IT,93.34,140.04,81.36,78.92,,false,""
2024-03-23T14:00:00.000000,Italy,Italy,IT,105.64,153.72,78.69,74.96,,false,""
2024-03-23T15:00:00.000000,Italy,Italy,IT,111.42,159.65,77.39,71.36,,false,""
2024-03-23T16:00:00.000000,Italy,Italy,IT,135.14,185.53,72.7,65.04,,false,""
2024-03-23T17:00:00.000000,Italy,Italy,IT,147.07,197.47,69.74,61.98,,false,""
2024-03-23T18:00:00.000000,Italy,Italy,IT,144.88,192.76,70.07,61.44,,false,""
2024-03-23T19:00:00.000000,Italy,Italy,IT,148.22,198.11,69.49,60.01,,false,""
2024-03-23T20:00:00.000000,Italy,Italy,IT,143.87,194.8,70.88,60.69,,false,""
2024-03-23T21:00:00.000000,Italy,Italy,IT,147.81,200.33,70.4,60.56,,false,""
2024-03-23T22:00:00.000000,Italy,Italy,IT,151.05,204.39,70.11,61.77,,false,""
2024-03-23T23:00:00.000000,Italy,Italy,IT,153.26,207.63,69.63,63.97,,false,""
2024-03-24T00:00:00.000000,Italy,Italy,IT,147.24,200.46,71.25,66.91,,false,""
2024-03-24T01:00:00.000000,Italy,Italy,IT,148.17,202.46,70.59,66.28,,false,""
2024-03-24T02:00:00.000000,Italy,Italy,IT,145.83,200.3,70.87,66.67,,false,""
2024-03-24T03:00:00.000000,Italy,Italy,IT,146.55,201.18,70.58,66.1,,false,""
2024-03-24T04:00:00.000000,Italy,Italy,IT,146.91,201.34,70.6,65.75,,false,""
2024-03-24T05:00:00.000000,Italy,Italy,IT,145.29,199.29,71.16,67.09,,false,""
2024-03-24T06:00:00.000000,Italy,Italy,IT,131.31,183.21,74.06,70.85,,false,""
2024-03-24T07:00:00.000000,Italy,Italy,IT,109.94,157.92,78.47,76.47,,false,""
2024-03-24T08:00:00.000000,Italy,Italy,IT,97.0,143.69,80.72,80.05,,false,""
2024-03-24T09:00:00.000000,Italy,Italy,IT,95.24,142.75,80.88,80.34,,false,""
2024-03-24T10:00:00.000000,Italy,Italy,IT,95.97,143.71,80.91,80.55,,false,""
2024-03-24T11:00:00.000000,Italy,Italy,IT,94.14,141.32,81.29,80.77,,false,""
2024-03-24T12:00:00.000000,Italy,Italy,IT,88.9,135.28,82.47,81.95,,false,""
2024-03-24T13:00:00.000000,Italy,Italy,IT,95.66,144.48,80.38,79.71,,false,""
2024-03-24T14:00:00.000000,Italy,Italy,IT,99.29,148.29,79.71,78.66,,false,""
2024-03-24T15:00:00.000000,Italy,Italy,IT,113.9,163.74,76.91,74.27,,false,""
2024-03-24T16:00:00.000000,Italy,Italy,IT,123.95,172.32,75.03,70.89,,false,""
2024-03-24T17:00:00.000000,Italy,Italy,IT,130.04,177.65,73.65,66.46,,false,""
2024-03-24T18:00:00.000000,Italy,Italy,IT,137.92,186.02,71.82,64.11,,false,""
2024-03-24T19:00:00.000000,Italy,Italy,IT,145.2,194.58,70.55,62.46,,false,""
2024-03-24T20:00:00.000000,Italy,Italy,IT,151.84,202.92,69.34,60.43,,false,""
2024-03-24T21:00:00.000000,Italy,Italy,IT,159.06,213.43,67.62,57.86,,false,""
2024-03-24T22:00:00.000000,Italy,Italy,IT,170.99,228.87,65.76,55.08,,false,""
2024-03-24T23:00:00.000000,Italy,Italy,IT,177.55,237.89,64.78,54.36,,false,""
2024-03-25T00:00:00.000000,Italy,Italy,IT,190.18,253.37,62.04,50.94,,false,""
2024-03-25T01:00:00.000000,Italy,Italy,IT,195.11,259.23,61.19,50.1,,false,""
2024-03-25T02:00:00.000000,Italy,Italy,IT,192.29,256.93,61.04,49.79,,false,""
2024-03-25T03:00:00.000000,Italy,Italy,IT,195.35,261.8,59.41,48.13,,false,""
2024-03-25T04:00:00.000000,Italy,Italy,IT,202.43,269.98,57.29,47.49,,false,""
2024-03-25T05:00:00.000000,Italy,Italy,IT,204.05,271.58,55.87,48.58,,false,""
2024-03-25T06:00:00.000000,Italy,Italy,IT,186.18,249.96,59.42,53.68,,false,""
2024-03-25T07:00:00.000000,Italy,Italy,IT,159.31,218.44,65.24,60.36,,false,""
2024-03-25T08:00:00.000000,Italy,Italy,IT,143.7,200.47,68.98,63.78,,false,""
2024-03-25T09:00:00.000000,Italy,Italy,IT,139.61,195.85,70.24,64.71,,false,""
2024-03-25T10:00:00.000000,Italy,Italy,IT,138.25,194.76,70.48,65.06,,false,""
2024-03-25T11:00:00.000000,Italy,Italy,IT,133.28,188.49,72.11,67.13,,false,""
2024-03-25T12:00:00.000000,Italy,Italy,IT,144.1,201.88,69.32,63.48,,false,""
2024-03-25T13:00:00.000000,Italy,Italy,IT,166.9,229.17,63.55,57.85,,false,""
2024-03-25T14:00:00.000000,Italy,Italy,IT,187.99,255.08,58.28,51.9,,false,""
2024-03-25T15:00:00.000000,Italy,Italy,IT,207.67,278.45,52.82,46.93,,false,""
2024-03-25T16:00:00.000000,Italy,Italy,IT,241.73,320.09,44.28,39.96,,false,""
2024-03-25T17:00:00.000000,Italy,Italy,IT,250.34,328.52,41.81,39.27,,false,""
2024-03-25T18:00:00.000000,Italy,Italy,IT,245.67,321.03,43.34,40.28,,false,""
2024-03-25T19:00:00.000000,Italy,Italy,IT,240.65,316.98,44.83,40.21,,false,""
2024-03-25T20:00:00.000000,Italy,Italy,IT,221.77,294.17,50.28,43.46,,false,""
2024-03-25T21:00:00.000000,Italy,Italy,IT,208.29,277.77,54.18,45.48,,false,""
2024-03-25T22:00:00.000000,Italy,Italy,IT,205.16,273.87,55.4,46.76,,false,""
2024-03-25T23:00:00.000000,Italy,Italy,IT,203.44,270.93,56.56,46.6,,false,""
2024-03-26T00:00:00.000000,Italy,Italy,IT,197.81,264.13,58.09,47.54,,false,""
2024-03-26T01:00:00.000000,Italy,Italy,IT,202.5,269.93,57.24,46.34,,false,""
2024-03-26T02:00:00.000000,Italy,Italy,IT,208.71,277.24,55.94,45.57,,false,""
2024-03-26T03:00:00.000000,Italy,Italy,IT,205.54,272.96,56.66,46.87,,false,""
2024-03-26T04:00:00.000000,Italy,Italy,IT,209.58,279.1,54.82,45.35,,false,""
2024-03-26T05:00:00.000000,Italy,Italy,IT,225.27,298.37,50.41,42.83,,false,""
2024-03-26T06:00:00.000000,Italy,Italy,IT,238.49,314.84,46.47,40.48,,false,""
2024-03-26T07:00:00.000000,Italy,Italy,IT,229.67,303.04,48.33,43.03,,false,""
2024-03-26T08:00:00.000000,Italy,Italy,IT,226.2,298.35,49.05,43.69,,false,""
2024-03-26T09:00:00.000000,Italy,Italy,IT,222.69,294.55,49.69,44.43,,false,""
2024-03-26T10:00:00.000000,Italy,Italy,IT,220.3,291.46,50.3,45.52,,false,""
2024-03-26T11:00:00.000000,Italy,Italy,IT,218.88,290.77,50.54,46.1,,false,""
2024-03-26T12:00:00.000000,Italy,Italy,IT,225.39,299.43,49.0,44.17,,false,""
2024-03-26T13:00:00.000000,Italy,Italy,IT,225.25,298.89,48.72,42.89,,false,""
2024-03-26T14:00:00.000000,Italy,Italy,IT,225.97,299.37,48.52,42.21,,false,""
2024-03-26T15:00:00.000000,Italy,Italy,IT,236.2,311.74,46.01,38.83,,false,""
2024-03-26T16:00:00.000000,Italy,Italy,IT,245.24,322.96,43.91,36.89,,false,""
2024-03-26T17:00:00.000000,Italy,Italy,IT,241.3,317.99,44.48,39.2,,false,""
2024-03-26T18:00:00.000000,Italy,Italy,IT,234.52,309.85,46.28,41.03,,false,""
2024-03-26T19:00:00.000000,Italy,Italy,IT,240.5,318.25,44.91,38.08,,false,""
2024-03-26T20:00:00.000000,Italy,Italy,IT,241.59,319.59,45.04,37.44,,false,""
2024-03-26T21:00:00.000000,Italy,Italy,IT,224.09,298.11,49.65,40.93,,false,""
2024-03-26T22:00:00.000000,Italy,Italy,IT,213.28,283.96,53.15,44.0,,false,""
2024-03-26T23:00:00.000000,Italy,Italy,IT,200.64,267.21,56.89,46.31,,false,""
2024-03-27T00:00:00.000000,Italy,Italy,IT,190.85,255.53,59.25,47.83,,false,""
2024-03-27T01:00:00.000000,Italy,Italy,IT,182.66,245.33,61.33,49.22,,false,""
2024-03-27T02:00:00.000000,Italy,Italy,IT,184.69,247.96,60.75,48.64,,false,""
2024-03-27T03:00:00.000000,Italy,Italy,IT,190.21,254.44,59.66,47.8,,false,""
2024-03-27T04:00:00.000000,Italy,Italy,IT,202.54,270.09,56.16,45.27,,false,""
2024-03-27T05:00:00.000000,Italy,Italy,IT,216.17,287.33,52.15,43.58,,false,""
2024-03-27T06:00:00.000000,Italy,Italy,IT,220.94,291.48,50.64,44.48,,false,""
2024-03-27T07:00:00.000000,Italy,Italy,IT,209.17,275.69,53.07,47.55,,false,""
2024-03-27T08:00:00.000000,Italy,Italy,IT,197.6,261.52,55.65,50.27,,false,""
2024-03-27T09:00:00.000000,Italy,Italy,IT,195.76,259.66,56.1,50.56,,false,""
2024-03-27T10:00:00.000000,Italy,Italy,IT,191.47,254.42,57.17,51.82,,false,""
2024-03-27T11:00:00.000000,Italy,Italy,IT,179.82,241.6,59.96,54.58,,false,""
2024-03-27T12:00:00.000000,Italy,Italy,IT,178.97,241.51,59.97,54.14,,false,""
2024-03-27T13:00:00.000000,Italy,Italy,IT,177.25,239.02,60.25,54.29,,false,""
2024-03-27T14:00:00.000000,Italy,Italy,IT,174.95,236.23,60.96,54.93,,false,""
2024-03-27T15:00:00.000000,Italy,Italy,IT,172.58,233.14,61.5,55.87,,false,""
2024-03-27T16:00:00.000000,Italy,Italy,IT,184.8,247.62,58.66,53.56,,false,""
2024-03-27T17:00:00.000000,Italy,Italy,IT,200.59,265.77,54.71,50.98,,false,""
2024-03-27T18:00:00.000000,Italy,Italy,IT,202.68,267.84,54.24,50.84,,false,""
2024-03-27T19:00:00.000000,Italy,Italy,IT,197.17,262.82,55.69,50.43,,false,""
2024-03-27T20:00:00.000000,Italy,Italy,IT,185.67,248.55,59.02,52.11,,false,""
2024-03-27T21:00:00.000000,Italy,Italy,IT,168.75,227.67,63.46,55.57,,false,""
2024-03-27T22:00:00.000000,Italy,Italy,IT,167.43,225.84,64.24,56.44,,false,""
2024-03-27T23:00:00.000000,Italy,Italy,IT,180.09,241.16,61.59,55.85,,false,""
2024-03-28T00:00:00.000000,Italy,Italy,IT,169.31,227.66,64.73,58.01,,false,""
2024-03-28T01:00:00.000000,Italy,Italy,IT,168.6,226.97,65.01,58.04,,false,""
2024-03-28T02:00:00.000000,Italy,Italy,IT,166.04,224.16,65.53,58.1,,false,""
2024-03-28T03:00:00.000000,Italy,Italy,IT,166.11,224.7,65.05,56.97,,false,""
2024-03-28T04:00:00.000000,Italy,Italy,IT,173.74,234.35,62.88,54.37,,false,""
2024-03-28T05:00:00.000000,Italy,Italy,IT,181.96,244.94,60.11,52.13,,false,""
2024-03-28T06:00:00.000000,Italy,Italy,IT,173.01,233.59,61.86,55.29,,false,""
2024-03-28T07:00:00.000000,Italy,Italy,IT,160.5,218.12,64.5,58.62,,false,""
2024-03-28T08:00:00.000000,Italy,Italy,IT,156.19,212.36,65.47,59.75,,false,""
2024-03-28T09:00:00.000000,Italy,Italy,IT,153.12,208.02,66.28,60.84,,false,""
2024-03-28T10:00:00.000000,Italy,Italy,IT,147.59,201.42,67.56,62.16,,false,""
2024-03-28T11:00:00.000000,Italy,Italy,IT,137.17,189.78,69.94,64.3,,false,""
2024-03-28T12:00:00.000000,Italy,Italy,IT,138.7,192.98,69.59,63.63,,false,""
2024-03-28T13:00:00.000000,Italy,Italy,IT,148.36,205.05,67.04,61.11,,false,""
2024-03-28T14:00:00.000000,Italy,Italy,IT,152.22,208.47,66.31,60.09,,false,""
2024-03-28T15:00:00.000000,Italy,Italy,IT,158.11,215.7,64.97,58.94,,false,""
2024-03-28T16:00:00.000000,Italy,Italy,IT,181.47,242.5,59.84,53.41,,false,""
2024-03-28T17:00:00.000000,Italy,Italy,IT,190.81,252.43,57.57,51.34,,false,""
2024-03-28T18:00:00.000000,Italy,Italy,IT,192.69,254.32,56.91,50.6,,false,""
2024-03-28T19:00:00.000000,Italy,Italy,IT,196.55,259.79,56.15,49.13,,false,""
2024-03-28T20:00:00.000000,Italy,Italy,IT,199.0,264.14,55.84,48.5,,false,""
2024-03-28T21:00:00.000000,Italy,Italy,IT,183.66,245.83,59.94,51.42,,false,""
2024-03-28T22:00:00.000000,Italy,Italy,IT,180.73,242.22,61.05,52.9,,false,""
2024-03-28T23:00:00.000000,Italy,Italy,IT,166.44,224.74,64.92,55.67,,false,""
2024-03-29T00:00:00.000000,Italy,Italy,IT,166.71,225.35,65.11,55.72,,false,""
2024-03-29T01:00:00.000000,Italy,Italy,IT,166.2,224.91,65.16,56.33,,false,""
2024-03-29T02:00:00.000000,Italy,Italy,IT,166.13,224.6,65.29,56.16,,false,""
2024-03-29T03:00:00.000000,Italy,Italy,IT,173.05,233.25,63.64,53.68,,false,""
2024-03-29T04:00:00.000000,Italy,Italy,IT,182.88,244.94,61.48,51.07,,false,""
2024-03-29T05:00:00.000000,Italy,Italy,IT,191.37,255.64,59.0,50.07,,false,""
2024-03-29T06:00:00.000000,Italy,Italy,IT,181.68,243.18,60.85,53.14,,false,""
2024-03-29T07:00:00.000000,Italy,Italy,IT,170.48,229.4,62.84,56.17,,false,""
2024-03-29T08:00:00.000000,Italy,Italy,IT,164.22,221.55,64.31,58.16,,false,""
2024-03-29T09:00:00.000000,Italy,Italy,IT,154.37,210.6,66.58,60.64,,false,""
2024-03-29T10:00:00.000000,Italy,Italy,IT,148.84,205.74,67.84,62.37,,false,""
2024-03-29T11:00:00.000000,Italy,Italy,IT,138.22,192.85,70.47,64.73,,false,""
2024-03-29T12:00:00.000000,Italy,Italy,IT,135.51,189.08,71.18,64.91,,false,""
2024-03-29T13:00:00.000000,Italy,Italy,IT,147.69,204.22,68.08,61.64,,false,""
2024-03-29T14:00:00.000000,Italy,Italy,IT,161.32,220.97,64.69,57.3,,false,""
2024-03-29T15:00:00.000000,Italy,Italy,IT,182.74,246.01,59.69,51.75,,false,""
2024-03-29T16:00:00.000000,Italy,Italy,IT,199.21,264.47,55.87,48.08,,false,""
2024-03-29T17:00:00.000000,Italy,Italy,IT,201.0,265.51,55.52,48.61,,false,""
2024-03-29T18:00:00.000000,Italy,Italy,IT,200.28,263.95,55.6,49.41,,false,""
2024-03-29T19:00:00.000000,Italy,Italy,IT,198.18,262.27,56.26,48.45,,false,""
2024-03-29T20:00:00.000000,Italy,Italy,IT,203.18,270.1,55.19,46.25,,false,""
2024-03-29T21:00:00.000000,Italy,Italy,IT,201.43,268.3,55.96,46.36,,false,""
2024-03-29T22:00:00.000000,Italy,Italy,IT,200.23,266.87,56.72,47.96,,false,""
2024-03-29T23:00:00.000000,Italy,Italy,IT,185.19,247.31,60.78,53.05,,false,""
2024-03-30T00:00:00.000000,Italy,Italy,IT,176.01,236.9,63.39,56.03,,false,""
2024-03-30T01:00:00.000000,Italy,Italy,IT,176.09,237.04,63.66,57.28,,false,""
2024-03-30T02:00:00.000000,Italy,Italy,IT,176.21,236.65,63.94,57.4,,false,""
2024-03-30T03:00:00.000000,Italy,Italy,IT,178.45,239.25,63.5,57.34,,false,""
2024-03-30T04:00:00.000000,Italy,Italy,IT,179.23,239.88,63.37,58.34,,false,""
2024-03-30T05:00:00.000000,Italy,Italy,IT,176.22,235.83,64.21,59.01,,false,""
2024-03-30T06:00:00.000000,Italy,Italy,IT,163.33,220.85,66.55,62.68,,false,""
2024-03-30T07:00:00.000000,Italy,Italy,IT,151.16,206.19,69.14,66.29,,false,""
2024-03-30T08:00:00.000000,Italy,Italy,IT,128.29,178.65,74.51,72.26,,false,""
2024-03-30T09:00:00.000000,Italy,Italy,IT,121.77,171.48,75.79,74.04,,false,""
2024-03-30T10:00:00.000000,Italy,Italy,IT,112.8,161.33,77.31,76.18,,false,""
2024-03-30T11:00:00.000000,Italy,Italy,IT,113.06,162.0,77.05,75.97,,false,""
2024-03-30T12:00:00.000000,Italy,Italy,IT,120.01,170.28,75.51,74.0,,false,""
2024-03-30T13:00:00.000000,Italy,Italy,IT,125.91,177.39,74.03,72.05,,false,""
2024-03-30T14:00:00.000000,Italy,Italy,IT,121.68,171.81,74.99,71.87,,false,""
2024-03-30T15:00:00.000000,Italy,Italy,IT,132.82,184.55,72.5,67.31,,false,""
2024-03-30T16:00:00.000000,Italy,Italy,IT,160.36,215.26,66.76,62.18,,false,""
2024-03-30T17:00:00.000000,Italy,Italy,IT,159.67,214.75,66.47,59.76,,false,""
2024-03-30T18:00:00.000000,Italy,Italy,IT,169.1,226.2,63.78,57.99,,false,""
2024-03-30T19:00:00.000000,Italy,Italy,IT,168.4,226.56,63.96,57.35,,false,""
2024-03-30T20:00:00.000000,Italy,Italy,IT,168.55,227.78,63.72,56.45,,false,""
2024-03-30T21:00:00.000000,Italy,Italy,IT,174.26,234.27,63.18,56.43,,false,""
2024-03-30T22:00:00.000000,Italy,Italy,IT,177.51,237.98,62.93,57.46,,false,""
2024-03-30T23:00:00.000000,Italy,Italy,IT,162.69,222.12,65.52,60.46,,false,""
2024-03-31T00:00:00.000000,Italy,Italy,IT,146.91,203.46,68.94,65.1,,false,""
2024-03-31T01:00:00.000000,Italy,Italy,IT,151.88,210.26,67.09,64.33,,false,""
2024-03-31T02:00:00.000000,Italy,Italy,IT,141.49,197.25,69.54,66.22,,false,""
2024-03-31T03:00:00.000000,Italy,Italy,IT,148.02,205.61,68.01,64.6,,false,""
2024-03-31T04:00:00.000000,Italy,Italy,IT,159.93,219.9,65.3,62.44,,false,""
2024-03-31T05:00:00.000000,Italy,Italy,IT,158.02,217.26,65.73,63.56,,false,""
2024-03-31T06:00:00.000000,Italy,Italy,IT,150.51,209.1,67.02,65.05,,false,""
2024-03-31T07:00:00.000000,Italy,Italy,IT,147.85,205.12,67.74,66.6,,false,""
2024-03-31T08:00:00.000000,Italy,Italy,IT,136.62,190.65,70.15,68.83,,false,""
2024-03-31T09:00:00.000000,Italy,Italy,IT,111.72,161.07,75.71,74.37,,false,""
2024-03-31T10:00:00.000000,Italy,Italy,IT,98.26,145.15,79.19,77.88,,false,""
2024-03-31T11:00:00.000000,Italy,Italy,IT,90.75,137.19,81.18,79.91,,false,""
2024-03-31T12:00:00.000000,Italy,Italy,IT,92.89,140.76,80.23,78.96,,false,""
2024-03-31T13:00:00.000000,Italy,Italy,IT,96.79,145.16,79.21,77.97,,false,""
2024-03-31T14:00:00.000000,Italy,Italy,IT,116.58,168.97,74.85,73.54,,false,""
2024-03-31T15:00:00.000000,Italy,Italy,IT,140.79,197.58,69.34,68.05,,false,""
2024-03-31T16:00:00.000000,Italy,Italy,IT,184.45,249.73,58.85,57.35,,false,""
2024-03-31T17:00:00.000000,Italy,Italy,IT,199.85,265.69,55.35,54.05,,false,""
2024-03-31T18:00:00.000000,Italy,Italy,IT,203.17,269.23,54.41,51.81,,false,""
2024-03-31T19:00:00.000000,Italy,Italy,IT,199.79,264.86,55.64,52.65,,false,""
2024-03-31T20:00:00.000000,Italy,Italy,IT,202.33,269.47,55.7,52.6,,false,""
2024-03-31T21:00:00.000000,Italy,Italy,IT,197.64,263.83,57.31,53.77,,false,""
2024-03-31T22:00:00.000000,Italy,Italy,IT,185.27,247.82,60.75,57.67,,false,""
2024-03-31T23:00:00.000000,Italy,Italy,IT,180.11,242.3,62.43,59.91,,false,""
2024-04-01T00:00:00.000000,Italy,Italy,IT,176.45,237.37,63.63,61.27,,false,""
2024-04-01T01:00:00.000000,Italy,Italy,IT,178.68,240.8,63.33,61.05,,false,""
2024-04-01T02:00:00.000000,Italy,Italy,IT,182.75,245.95,62.37,60.57,,false,""
2024-04-01T03:00:00.000000,Italy,Italy,IT,180.68,243.22,62.51,60.85,,false,""
2024-04-01T04:00:00.000000,Italy,Italy,IT,182.7,244.99,61.54,60.0,,false,""
2024-04-01T05:00:00.000000,Italy,Italy,IT,178.41,239.67,62.56,61.81,,false,""
2024-04-01T06:00:00.000000,Italy,Italy,IT,155.83,211.93,67.29,65.97,,false,""
2024-04-01T07:00:00.000000,Italy,Italy,IT,139.55,193.0,70.79,69.73,,false,""
2024-04-01T08:00:00.000000,Italy,Italy,IT,118.74,168.46,75.56,74.95,,false,""
2024-04-01T09:00:00.000000,Italy,Italy,IT,104.95,151.21,78.92,78.27,,false,""
2024-04-01T10:00:00.000000,Italy,Italy,IT,106.61,153.35,78.64,78.07,,false,""
2024-04-01T11:00:00.000000,Italy,Italy,IT,107.07,154.3,78.67,78.38,,false,""
2024-04-01T12:00:00.000000,Italy,Italy,IT,106.7,154.04,78.88,78.46,,false,""
2024-04-01T13:00:00.000000,Italy,Italy,IT,109.8,157.42,78.11,77.84,,false,""
2024-04-01T14:00:00.000000,Italy,Italy,IT,113.04,160.72,77.33,76.99,,false,""
2024-04-01T15:00:00.000000,Italy,Italy,IT,122.59,171.49,75.14,73.25,,false,""
2024-04-01T16:00:00.000000,Italy,Italy,IT,139.19,190.84,71.55,69.52,,false,""
2024-04-01T17:00:00.000000,Italy,Italy,IT,150.03,201.45,69.22,65.17,,false,""
2024-04-01T18:00:00.000000,Italy,Italy,IT,149.54,200.43,69.5,64.46,,false,""
2024-04-01T19:00:00.000000,Italy,Italy,IT,135.21,183.23,73.49,67.59,,false,""
2024-04-01T20:00:00.000000,Italy,Italy,IT,145.14,196.41,71.16,66.42,,false,""
2024-04-01T21:00:00.000000,Italy,Italy,IT,150.11,204.03,70.32,67.98,,false,""
2024-04-01T22:00:00.000000,Italy,Italy,IT,159.84,214.12,69.48,67.53,,false,""
2024-04-01T23:00:00.000000,Italy,Italy,IT,164.37,219.48,68.74,67.21,,false,""
2024-04-02T00:00:00.000000,Italy,Italy,IT,165.27,220.81,68.51,67.13,,false,""
2024-04-02T01:00:00.000000,Italy,Italy,IT,169.59,226.53,67.64,65.89,,false,""
2024-04-02T02:00:00.000000,Italy,Italy,IT,170.7,228.45,66.98,64.39,,false,""
2024-04-02T03:00:00.000000,Italy,Italy,IT,180.06,238.73,65.02,61.39,,false,""
2024-04-02T04:00:00.000000,Italy,Italy,IT,174.97,230.92,65.42,58.12,,false,""
2024-04-02T05:00:00.000000,Italy,Italy,IT,174.61,228.24,64.8,56.39,,false,""
2024-04-02T06:00:00.000000,Italy,Italy,IT,157.94,207.49,68.37,61.42,,false,""
2024-04-02T07:00:00.000000,Italy,Italy,IT,139.16,187.41,72.21,67.57,,false,""
2024-04-02T08:00:00.000000,Italy,Italy,IT,116.71,163.66,77.24,73.22,,false,""
2024-04-02T09:00:00.000000,Italy,Italy,IT,106.89,152.73,79.26,76.07,,false,""
2024-04-02T10:00:00.000000,Italy,Italy,IT,99.61,144.67,80.79,77.74,,false,""
2024-04-02T11:00:00.000000,Italy,Italy,IT,95.43,139.81,81.65,78.71,,false,""
2024-04-02T12:00:00.000000,Italy,Italy,IT,96.79,141.27,81.34,77.78,,false,""
2024-04-02T13:00:00.000000,Italy,Italy,IT,100.66,145.81,80.49,76.78,,false,""
2024-04-02T14:00:00.000000,Italy,Italy,IT,110.89,157.83,78.17,73.62,,false,""
2024-04-02T15:00:00.000000,Italy,Italy,IT,132.15,182.85,73.51,68.51,,false,""
2024-04-02T16:00:00.000000,Italy,Italy,IT,169.52,227.82,64.57,59.96,,false,""
2024-04-02T17:00:00.000000,Italy,Italy,IT,193.09,254.0,58.95,54.17,,false,""
2024-04-02T18:00:00.000000,Italy,Italy,IT,200.43,261.04,57.38,52.5,,false,""
2024-04-02T19:00:00.000000,Italy,Italy,IT,201.84,265.1,57.49,52.67,,false,""
2024-04-02T20:00:00.000000,Italy,Italy,IT,201.3,265.43,58.42,52.52,,false,""
2024-04-02T21:00:00.000000,Italy,Italy,IT,202.03,265.84,58.93,52.42,,false,""
2024-04-02T22:00:00.000000,Italy,Italy,IT,194.76,257.83,60.65,53.46,,false,""
2024-04-02T23:00:00.000000,Italy,Italy,IT,195.42,258.32,60.94,53.27,,false,""
2024-04-03T00:00:00.000000,Italy,Italy,IT,199.19,262.86,60.18,53.37,,false,""
2024-04-03T01:00:00.000000,Italy,Italy,IT,201.36,266.29,59.45,52.25,,false,""
2024-04-03T02:00:00.000000,Italy,Italy,IT,204.43,270.59,58.41,50.68,,false,""
2024-04-03T03:00:00.000000,Italy,Italy,IT,222.9,293.39,53.69,46.71,,false,""
2024-04-03T04:00:00.000000,Italy,Italy,IT,248.14,324.6,46.36,41.32,,false,""
2024-04-03T05:00:00.000000,Italy,Italy,IT,247.2,322.61,45.96,41.62,,false,""
2024-04-03T06:00:00.000000,Italy,Italy,IT,231.47,304.32,48.79,44.16,,false,""
2024-04-03T07:00:00.000000,Italy,Italy,IT,212.66,281.87,53.22,48.5,,false,""
2024-04-03T08:00:00.000000,Italy,Italy,IT,199.42,266.59,56.05,51.63,,false,""
2024-04-03T09:00:00.000000,Italy,Italy,IT,182.19,245.43,60.48,55.97,,false,""
2024-04-03T10:00:00.000000,Italy,Italy,IT,162.97,222.04,65.6,61.32,,false,""
2024-04-03T11:00:00.000000,Italy,Italy,IT,154.93,212.44,67.28,62.78,,false,""
2024-04-03T12:00:00.000000,Italy,Italy,IT,151.73,209.16,67.56,63.32,,false,""
2024-04-03T13:00:00.000000,Italy,Italy,IT,153.01,210.52,67.18,62.75,,false,""
2024-04-03T14:00:00.000000,Italy,Italy,IT,163.08,222.81,64.63,60.18,,false,""
2024-04-03T15:00:00.000000,Italy,Italy,IT,182.03,245.25,60.11,56.41,,false,""
2024-04-03T16:00:00.000000,Italy,Italy,IT,214.42,284.22,52.43,49.45,,false,""
2024-04-03T17:00:00.000000,Italy,Italy,IT,218.23,288.14,51.31,46.98,,false,""
2024-04-03T18:00:00.000000,Italy,Italy,IT,227.13,298.97,49.13,44.23,,false,""
2024-04-03T19:00:00.000000,Italy,Italy,IT,227.07,299.03,49.49,44.52,,false,""
2024-04-03T20:00:00.000000,Italy,Italy,IT,208.23,276.43,54.25,48.22,,false,""
2024-04-03T21:00:00.000000,Italy,Italy,IT,190.9,254.74,59.29,51.88,,false,""
2024-04-03T22:00:00.000000,Italy,Italy,IT,170.62,229.77,64.55,55.65,,false,""
2024-04-03T23:00:00.000000,Italy,Italy,IT,162.79,220.48,66.56,57.57,,false,""
2024-04-04T00:00:00.000000,Italy,Italy,IT,158.02,214.5,67.6,56.56,,false,""
2024-04-04T01:00:00.000000,Italy,Italy,IT,161.92,219.35,66.79,55.7,,false,""
2024-04-04T02:00:00.000000,Italy,Italy,IT,162.07,219.38,66.86,55.25,,false,""
2024-04-04T03:00:00.000000,Italy,Italy,IT,176.13,236.93,62.78,51.64,,false,""
2024-04-04T04:00:00.000000,Italy,Italy,IT,198.95,264.86,56.33,46.66,,false,""
2024-04-04T05:00:00.000000,Italy,Italy,IT,209.43,276.38,53.45,45.14,,false,""
2024-04-04T06:00:00.000000,Italy,Italy,IT,188.24,251.21,57.89,50.27,,false,""
2024-04-04T07:00:00.000000,Italy,Italy,IT,175.36,237.01,60.99,54.92,,false,""
2024-04-04T08:00:00.000000,Italy,Italy,IT,153.38,211.61,66.44,60.9,,false,""
2024-04-04T09:00:00.000000,Italy,Italy,IT,137.22,192.88,70.32,65.09,,false,""
2024-04-04T10:00:00.000000,Italy,Italy,IT,123.64,177.14,73.32,68.71,,false,""
2024-04-04T11:00:00.000000,Italy,Italy,IT,120.6,173.26,73.98,69.6,,false,""
2024-04-04T12:00:00.000000,Italy,Italy,IT,118.3,170.23,74.55,69.51,,false,""
2024-04-04T13:00:00.000000,Italy,Italy,IT,121.14,173.59,73.82,68.77,,false,""
2024-04-04T14:00:00.000000,Italy,Italy,IT,134.25,189.32,70.57,65.24,,false,""
2024-04-04T15:00:00.000000,Italy,Italy,IT,161.85,222.78,63.89,57.9,,false,""
2024-04-04T16:00:00.000000,Italy,Italy,IT,191.7,258.67,56.47,49.1,,false,""
2024-04-04T17:00:00.000000,Italy,Italy,IT,211.87,281.15,51.92,44.32,,false,""
2024-04-04T18:00:00.000000,Italy,Italy,IT,219.28,289.63,50.36,41.89,,false,""
2024-04-04T19:00:00.000000,Italy,Italy,IT,226.97,299.35,49.08,40.5,,false,""
2024-04-04T20:00:00.000000,Italy,Italy,IT,234.47,309.31,47.82,39.44,,false,""
2024-04-04T21:00:00.000000,Italy,Italy,IT,230.18,304.09,49.37,40.27,,false,""
2024-04-04T22:00:00.000000,Italy,Italy,IT,211.54,280.96,54.1,43.79,,false,""
2024-04-04T23:00:00.000000,Italy,Italy,IT,202.99,270.14,57.01,46.16,,false,""
2024-04-05T00:00:00.000000,Italy,Italy,IT,203.43,269.97,57.76,46.49,,false,""
2024-04-05T01:00:00.000000,Italy,Italy,IT,203.88,270.92,57.59,46.06,,false,""
2024-04-05T02:00:00.000000,Italy,Italy,IT,209.45,277.52,56.34,45.66,,false,""
2024-04-05T03:00:00.000000,Italy,Italy,IT,218.18,288.61,53.66,44.37,,false,""
2024-04-05T04:00:00.000000,Italy,Italy,IT,223.72,294.89,51.34,43.06,,false,""
2024-04-05T05:00:00.000000,Italy,Italy,IT,220.57,288.32,51.74,45.11,,false,""
2024-04-05T06:00:00.000000,Italy,Italy,IT,197.1,261.09,56.87,50.39,,false,""
2024-04-05T07:00:00.000000,Italy,Italy,IT,183.85,246.8,60.11,54.24,,false,""
2024-04-05T08:00:00.000000,Italy,Italy,IT,157.28,215.29,66.75,60.65,,false,""
2024-04-05T09:00:00.000000,Italy,Italy,IT,134.07,188.01,72.03,66.06,,false,""
2024-04-05T10:00:00.000000,Italy,Italy,IT,120.36,170.9,75.54,70.09,,false,""
2024-04-05T11:00:00.000000,Italy,Italy,IT,115.22,164.94,76.89,70.9,,false,""
2024-04-05T12:00:00.000000,Italy,Italy,IT,118.44,168.54,76.16,70.21,,false,""
2024-04-05T13:00:00.000000,Italy,Italy,IT,119.63,170.11,75.81,69.64,,false,""
2024-04-05T14:00:00.000000,Italy,Italy,IT,136.53,190.17,71.46,64.46,,false,""
2024-04-05T15:00:00.000000,Italy,Italy,IT,164.27,223.32,64.79,57.51,,false,""
2024-04-05T16:00:00.000000,Italy,Italy,IT,198.95,264.98,56.03,48.37,,false,""
2024-04-05T17:00:00.000000,Italy,Italy,IT,214.49,282.38,51.93,43.65,,false,""
2024-04-05T18:00:00.000000,Italy,Italy,IT,221.1,289.25,50.48,41.92,,false,""
2024-04-05T19:00:00.000000,Italy,Italy,IT,225.68,297.82,49.24,40.54,,false,""
2024-04-05T20:00:00.000000,Italy,Italy,IT,226.81,300.57,49.13,40.01,,false,""
2024-04-05T21:00:00.000000,Italy,Italy,IT,224.31,297.93,50.3,40.31,,false,""
2024-04-05T22:00:00.000000,Italy,Italy,IT,210.73,280.01,53.51,43.25,,false,""
2024-04-05T23:00:00.000000,Italy,Italy,IT,198.64,266.26,56.6,45.98,,false,""
2024-04-06T00:00:00.000000,Italy,Italy,IT,193.29,258.7,58.07,47.48,,false,""
2024-04-06T01:00:00.000000,Italy,Italy,IT,192.23,256.34,59.16,48.71,,false,""
2024-04-06T02:00:00.000000,Italy,Italy,IT,198.96,264.72,57.79,48.24,,false,""
2024-04-06T03:00:00.000000,Italy,Italy,IT,201.9,268.0,57.2,48.19,,false,""
2024-04-06T04:00:00.000000,Italy,Italy,IT,205.34,271.35,56.29,47.94,,false,""
2024-04-06T05:00:00.000000,Italy,Italy,IT,194.46,258.04,58.6,50.74,,false,""
2024-04-06T06:00:00.000000,Italy,Italy,IT,158.53,213.93,67.04,60.19,,false,""
2024-04-06T07:00:00.000000,Italy,Italy,IT,137.47,190.23,71.89,66.74,,false,""
2024-04-06T08:00:00.000000,Italy,Italy,IT,128.62,181.4,73.51,69.86,,false,""
2024-04-06T09:00:00.000000,Italy,Italy,IT,109.77,160.95,76.99,73.99,,false,""
2024-04-06T10:00:00.000000,Italy,Italy,IT,104.98,156.0,77.9,76.8,,false,""
2024-04-06T11:00:00.000000,Italy,Italy,IT,104.28,155.97,77.78,77.46,,false,""
2024-04-06T12:00:00.000000,Italy,Italy,IT,102.58,154.4,77.98,77.04,,false,""
2024-04-06T13:00:00.000000,Italy,Italy,IT,102.07,153.64,78.05,76.28,,false,""
2024-04-06T14:00:00.000000,Italy,Italy,IT,112.55,165.34,75.79,71.26,,false,""
2024-04-06T15:00:00.000000,Italy,Italy,IT,134.58,189.58,71.28,63.69,,false,""
2024-04-06T16:00:00.000000,Italy,Italy,IT,160.68,220.01,65.42,56.18,,false,""
2024-04-06T17:00:00.000000,Italy,Italy,IT,185.85,248.08,59.61,50.14,,false,""
2024-04-06T18:00:00.000000,Italy,Italy,IT,191.09,251.68,58.66,48.91,,false,""
2024-04-06T19:00:00.000000,Italy,Italy,IT,190.12,250.39,59.51,48.95,,false,""
2024-04-06T20:00:00.000000,Italy,Italy,IT,186.84,248.3,60.54,49.4,,false,""
2024-04-06T21:00:00.000000,Italy,Italy,IT,192.34,257.64,59.02,48.33,,false,""
2024-04-06T22:00:00.000000,Italy,Italy,IT,177.72,240.24,62.88,51.37,,false,""
2024-04-06T23:00:00.000000,Italy,Italy,IT,165.68,225.26,66.2,54.6,,false,""
2024-04-07T00:00:00.000000,Italy,Italy,IT,170.74,230.69,65.68,54.44,,false,""
2024-04-07T01:00:00.000000,Italy,Italy,IT,171.54,231.61,65.89,54.94,,false,""
2024-04-07T02:00:00.000000,Italy,Italy,IT,163.84,221.8,68.0,56.47,,false,""
2024-04-07T03:00:00.000000,Italy,Italy,IT,168.1,226.99,66.84,55.51,,false,""
2024-04-07T04:00:00.000000,Italy,Italy,IT,166.99,225.09,67.04,56.38,,false,""
2024-04-07T05:00:00.000000,Italy,Italy,IT,155.93,211.72,69.61,60.62,,false,""
2024-04-07T06:00:00.000000,Italy,Italy,IT,142.97,197.06,71.98,66.53,,false,""
2024-04-07T07:00:00.000000,Italy,Italy,IT,120.44,172.17,75.7,73.92,,false,""
2024-04-07T08:00:00.000000,Italy,Italy,IT,99.68,148.43,80.07,79.57,,false,""
2024-04-07T09:00:00.000000,Italy,Italy,IT,91.98,140.16,81.6,81.47,,false,""
2024-04-07T10:00:00.000000,Italy,Italy,IT,81.19,127.51,83.6,83.5,,false,""
2024-04-07T11:00:00.000000,Italy,Italy,IT,80.56,126.96,83.68,83.45,,false,""
2024-04-07T12:00:00.000000,Italy,Italy,IT,86.24,134.07,82.31,82.23,,false,""
2024-04-07T13:00:00.000000,Italy,Italy,IT,89.27,137.17,81.65,81.6,,false,""
2024-04-07T14:00:00.000000,Italy,Italy,IT,104.55,155.14,77.94,77.79,,false,""
2024-04-07T15:00:00.000000,Italy,Italy,IT,129.27,182.44,73.28,71.34,,false,""
2024-04-07T16:00:00.000000,Italy,Italy,IT,158.0,214.74,66.99,63.41,,false,""
2024-04-07T17:00:00.000000,Italy,Italy,IT,172.77,228.64,63.92,57.86,,false,""
2024-04-07T18:00:00.000000,Italy,Italy,IT,171.52,226.18,64.2,56.12,,false,""
2024-04-07T19:00:00.000000,Italy,Italy,IT,173.57,229.44,64.03,55.17,,false,""
2024-04-07T20:00:00.000000,Italy,Italy,IT,168.29,226.23,65.19,54.83,,false,""
2024-04-07T21:00:00.000000,Italy,Italy,IT,157.23,213.05,67.93,56.33,,false,""
2024-04-07T22:00:00.000000,Italy,Italy,IT,177.08,237.43,64.46,52.17,,false,""
2024-04-07T23:00:00.000000,Italy,Italy,IT,181.56,242.98,63.79,51.17,,false,""
2024-04-08T00:00:00.000000,Italy,Italy,IT,188.2,251.27,62.46,50.61,,false,""
2024-04-08T01:00:00.000000,Italy,Italy,IT,190.6,254.02,62.17,50.71,,false,""
2024-04-08T02:00:00.000000,Italy,Italy,IT,195.13,258.69,61.35,50.32,,false,""
2024-04-08T03:00:00.000000,Italy,Italy,IT,201.88,266.79,59.31,48.82,,false,""
2024-04-08T04:00:00.000000,Italy,Italy,IT,199.55,263.87,58.24,48.66,,false,""
2024-04-08T05:00:00.000000,Italy,Italy,IT,201.62,264.67,57.33,49.54,,false,""
2024-04-08T06:00:00.000000,Italy,Italy,IT,183.54,243.96,61.07,53.62,,false,""
2024-04-08T07:00:00.000000,Italy,Italy,IT,163.7,221.41,65.69,59.07,,false,""
2024-04-08T08:00:00.000000,Italy,Italy,IT,139.06,191.92,71.85,64.61,,false,""
2024-04-08T09:00:00.000000,Italy,Italy,IT,129.13,180.63,74.3,67.73,,false,""
2024-04-08T10:00:00.000000,Italy,Italy,IT,130.92,183.4,73.84,68.95,,false,""
2024-04-08T11:00:00.000000,Italy,Italy,IT,128.28,180.21,74.38,69.19,,false,""
2024-04-08T12:00:00.000000,Italy,Italy,IT,128.42,180.44,74.1,68.96,,false,""
2024-04-08T13:00:00.000000,Italy,Italy,IT,132.7,185.49,73.03,67.43,,false,""
2024-04-08T14:00:00.000000,Italy,Italy,IT,145.41,200.43,69.89,63.55,,false,""
2024-04-08T15:00:00.000000,Italy,Italy,IT,165.87,224.32,65.09,58.43,,false,""
2024-04-08T16:00:00.000000,Italy,Italy,IT,200.38,266.28,56.5,49.54,,false,""
2024-04-08T17:00:00.000000,Italy,Italy,IT,218.83,286.32,51.84,44.87,,false,""
2024-04-08T18:00:00.000000,Italy,Italy,IT,219.5,287.06,51.69,44.21,,false,""
2024-04-08T19:00:00.000000,Italy,Italy,IT,221.05,290.56,51.63,44.19,,false,""
2024-04-08T20:00:00.000000,Italy,Italy,IT,213.38,282.16,53.72,45.84,,false,""
2024-04-08T21:00:00.000000,Italy,Italy,IT,207.65,275.14,55.46,47.25,,false,""
2024-04-08T22:00:00.000000,Italy,Italy,IT,185.34,247.81,60.98,51.07,,false,""
2024-04-08T23:00:00.000000,Italy,Italy,IT,173.95,233.83,63.94,53.31,,false,""
2024-04-09T00:00:00.000000,Italy,Italy,IT,172.88,232.4,64.21,53.35,,false,""
2024-04-09T01:00:00.000000,Italy,Italy,IT,171.0,230.32,64.65,53.09,,false,""
2024-04-09T02:00:00.000000,Italy,Italy,IT,173.34,232.99,64.1,52.29,,false,""
2024-04-09T03:00:00.000000,Italy,Italy,IT,180.49,241.72,62.29,50.96,,false,""
2024-04-09T04:00:00.000000,Italy,Italy,IT,193.4,256.98,58.55,49.59,,false,""
2024-04-09T05:00:00.000000,Italy,Italy,IT,190.78,252.15,58.76,50.96,,false,""
2024-04-09T06:00:00.000000,Italy,Italy,IT,179.12,237.34,61.48,54.8,,false,""
2024-04-09T07:00:00.000000,Italy,Italy,IT,167.41,224.36,64.16,57.66,,false,""
2024-04-09T08:00:00.000000,Italy,Italy,IT,149.49,204.95,67.95,61.75,,false,""
2024-04-09T09:00:00.000000,Italy,Italy,IT,130.64,182.75,72.41,66.22,,false,""
2024-04-09T10:00:00.000000,Italy,Italy,IT,117.08,166.0,75.9,69.61,,false,""
2024-04-09T11:00:00.000000,Italy,Italy,IT,114.95,163.84,76.13,69.69,,false,""
2024-04-09T12:00:00.000000,Italy,Italy,IT,115.09,163.62,75.97,69.43,,false,""
2024-04-09T13:00:00.000000,Italy,Italy,IT,117.04,166.16,75.43,68.32,,false,""
2024-04-09T14:00:00.000000,Italy,Italy,IT,131.27,182.13,72.25,64.92,,false,""
2024-04-09T15:00:00.000000,Italy,Italy,IT,153.47,208.7,67.1,59.83,,false,""
2024-04-09T16:00:00.000000,Italy,Italy,IT,173.2,231.25,62.47,54.39,,false,""
2024-04-09T17:00:00.000000,Italy,Italy,IT,182.93,242.55,59.9,52.15,,false,""
2024-04-09T18:00:00.000000,Italy,Italy,IT,184.26,243.08,59.71,51.61,,false,""
2024-04-09T19:00:00.000000,Italy,Italy,IT,187.03,247.49,59.42,50.94,,false,""
2024-04-09T20:00:00.000000,Italy,Italy,IT,176.2,234.68,62.6,53.12,,false,""
2024-04-09T21:00:00.000000,Italy,Italy,IT,169.56,227.09,64.49,54.53,,false,""
2024-04-09T22:00:00.000000,Italy,Italy,IT,151.35,204.46,68.99,57.71,,false,""
2024-04-09T23:00:00.000000,Italy,Italy,IT,140.7,191.57,71.61,59.75,,false,""
2024-04-10T00:00:00.000000,Italy,Italy,IT,139.96,190.64,71.96,60.78,,false,""
2024-04-10T01:00:00.000000,Italy,Italy,IT,144.6,196.28,70.94,60.52,,false,""
2024-04-10T02:00:00.000000,Italy,Italy,IT,145.15,196.7,70.87,60.18,,false,""
2024-04-10T03:00:00.000000,Italy,Italy,IT,148.58,200.83,69.73,59.33,,false,""
2024-04-10T04:00:00.000000,Italy,Italy,IT,159.0,214.06,66.69,57.52,,false,""
2024-04-10T05:00:00.000000,Italy,Italy,IT,169.0,225.83,63.83,55.99,,false,""
2024-04-10T06:00:00.000000,Italy,Italy,IT,171.62,228.19,62.68,55.65,,false,""
2024-04-10T07:00:00.000000,Italy,Italy,IT,161.23,217.48,64.65,57.94,,false,""
2024-04-10T08:00:00.000000,Italy,Italy,IT,148.39,203.13,67.27,60.52,,false,""
2024-04-10T09:00:00.000000,Italy,Italy,IT,134.58,186.97,70.39,63.75,,false,""
2024-04-10T10:00:00.000000,Italy,Italy,IT,123.39,173.53,73.4,66.4,,false,""
2024-04-10T11:00:00.000000,Italy,Italy,IT,119.84,170.08,73.62,66.67,,false,""
2024-04-10T12:00:00.000000,Italy,Italy,IT,125.2,176.47,72.46,65.87,,false,""
2024-04-10T13:00:00.000000,Italy,Italy,IT,136.92,189.97,70.09,63.19,,false,""
2024-04-10T14:00:00.000000,Italy,Italy,IT,142.32,196.45,68.89,61.91,,false,""
2024-04-10T15:00:00.000000,Italy,Italy,IT,160.67,218.69,64.75,57.45,,false,""
2024-04-10T16:00:00.000000,Italy,Italy,IT,189.39,253.08,58.09,51.4,,false,""
2024-04-10T17:00:00.000000,Italy,Italy,IT,213.73,280.5,52.06,47.0,,false,""
2024-04-10T18:00:00.000000,Italy,Italy,IT,221.52,290.12,50.15,44.6,,false,""
2024-04-10T19:00:00.000000,Italy,Italy,IT,220.2,289.77,50.9,44.36,,false,""
2024-04-10T20:00:00.000000,Italy,Italy,IT,204.2,269.92,55.39,46.96,,false,""
2024-04-10T21:00:00.000000,Italy,Italy,IT,198.16,263.19,56.99,47.68,,false,""
2024-04-10T22:00:00.000000,Italy,Italy,IT,191.58,255.45,59.02,49.05,,false,""
2024-04-10T23:00:00.000000,Italy,Italy,IT,183.82,245.48,61.24,50.69,,false,""
2024-04-11T00:00:00.000000,Italy,Italy,IT,182.13,243.19,62.21,51.31,,false,""
2024-04-11T01:00:00.000000,Italy,Italy,IT,178.67,238.9,63.15,51.79,,false,""
2024-04-11T02:00:00.000000,Italy,Italy,IT,179.33,240.1,62.84,51.22,,false,""
2024-04-11T03:00:00.000000,Italy,Italy,IT,186.31,248.6,60.9,49.94,,false,""
2024-04-11T04:00:00.000000,Italy,Italy,IT,205.74,272.29,55.19,45.96,,false,""
2024-04-11T05:00:00.000000,Italy,Italy,IT,205.28,270.65,54.76,47.38,,false,""
2024-04-11T06:00:00.000000,Italy,Italy,IT,182.33,243.14,60.06,53.23,,false,""
2024-04-11T07:00:00.000000,Italy,Italy,IT,160.27,218.13,65.12,58.73,,false,""
2024-04-11T08:00:00.000000,Italy,Italy,IT,125.51,175.73,73.53,66.86,,false,""
2024-04-11T09:00:00.000000,Italy,Italy,IT,111.7,158.97,76.9,70.39,,false,""
2024-04-11T10:00:00.000000,Italy,Italy,IT,108.31,155.93,77.65,72.83,,false,""
2024-04-11T11:00:00.000000,Italy,Italy,IT,103.64,150.44,78.8,74.24,,false,""
2024-04-11T12:00:00.000000,Italy,Italy,IT,105.28,152.19,78.37,73.4,,false,""
2024-04-11T13:00:00.000000,Italy,Italy,IT,113.37,161.6,76.59,70.9,,false,""
2024-04-11T14:00:00.000000,Italy,Italy,IT,123.87,173.37,74.37,68.01,,false,""
2024-04-11T15:00:00.000000,Italy,Italy,IT,146.21,200.58,68.99,61.94,,false,""
2024-04-11T16:00:00.000000,Italy,Italy,IT,175.81,236.36,61.74,54.92,,false,""
2024-04-11T17:00:00.000000,Italy,Italy,IT,209.58,278.29,53.05,47.69,,false,""
2024-04-11T18:00:00.000000,Italy,Italy,IT,214.37,282.59,52.04,46.46,,false,""
2024-04-11T19:00:00.000000,Italy,Italy,IT,205.94,272.34,54.73,47.94,,false,""
2024-04-11T20:00:00.000000,Italy,Italy,IT,190.08,252.78,58.99,50.59,,false,""
2024-04-11T21:00:00.000000,Italy,Italy,IT,171.53,230.09,63.65,54.09,,false,""
2024-04-11T22:00:00.000000,Italy,Italy,IT,158.16,213.32,67.34,56.51,,false,""
2024-04-11T23:00:00.000000,Italy,Italy,IT,150.23,203.66,69.7,58.2,,false,""
2024-04-12T00:00:00.000000,Italy,Italy,IT,152.38,206.54,69.38,58.84,,false,""
2024-04-12T01:00:00.000000,Italy,Italy,IT,153.0,207.28,69.32,59.53,,false,""
2024-04-12T02:00:00.000000,Italy,Italy,IT,148.08,201.2,70.41,59.92,,false,""
2024-04-12T03:00:00.000000,Italy,Italy,IT,148.83,201.79,70.07,58.91,,false,""
2024-04-12T04:00:00.000000,Italy,Italy,IT,157.74,211.76,67.13,56.9,,false,""
2024-04-12T05:00:00.000000,Italy,Italy,IT,154.65,206.22,67.53,58.47,,false,""
2024-04-12T06:00:00.000000,Italy,Italy,IT,140.95,189.71,70.37,62.71,,false,""
2024-04-12T07:00:00.000000,Italy,Italy,IT,118.74,164.69,75.7,68.3,,false,""
2024-04-12T08:00:00.000000,Italy,Italy,IT,100.72,145.2,79.7,72.63,,false,""
2024-04-12T09:00:00.000000,Italy,Italy,IT,91.54,135.1,81.8,75.96,,false,""
2024-04-12T10:00:00.000000,Italy,Italy,IT,89.73,133.55,82.19,78.47,,false,""
2024-04-12T11:00:00.000000,Italy,Italy,IT,90.7,135.2,81.91,78.87,,false,""
2024-04-12T12:00:00.000000,Italy,Italy,IT,93.4,138.25,81.26,77.99,,false,""
2024-04-12T13:00:00.000000,Italy,Italy,IT,95.26,139.86,80.92,76.8,,false,""
2024-04-12T14:00:00.000000,Italy,Italy,IT,106.02,152.71,78.26,71.21,,false,""
2024-04-12T15:00:00.000000,Italy,Italy,IT,129.23,180.4,72.84,64.28,,false,""
2024-04-12T16:00:00.000000,Italy,Italy,IT,162.22,219.39,64.64,55.61,,false,""
2024-04-12T17:00:00.000000,Italy,Italy,IT,183.04,243.96,59.46,49.98,,false,""
2024-04-12T18:00:00.000000,Italy,Italy,IT,191.34,254.41,57.47,47.92,,false,""
2024-04-12T19:00:00.000000,Italy,Italy,IT,189.49,252.69,58.19,47.5,,false,""
2024-04-12T20:00:00.000000,Italy,Italy,IT,175.59,235.35,62.13,50.05,,false,""
2024-04-12T21:00:00.000000,Italy,Italy,IT,164.19,221.41,64.98,52.33,,false,""
2024-04-12T22:00:00.000000,Italy,Italy,IT,143.76,195.67,70.4,56.23,,false,""
2024-04-12T23:00:00.000000,Italy,Italy,IT,138.62,188.7,72.26,58.15,,false,""
2024-04-13T00:00:00.000000,Italy,Italy,IT,134.68,184.13,73.38,59.16,,false,""
2024-04-13T01:00:00.000000,Italy,Italy,IT,134.14,184.02,73.37,59.32,,false,""
2024-04-13T02:00:00.000000,Italy,Italy,IT,134.28,184.62,73.21,59.27,,false,""
2024-04-13T03:00:00.000000,Italy,Italy,IT,133.36,183.18,73.36,59.9,,false,""
2024-04-13T04:00:00.000000,Italy,Italy,IT,132.0,180.62,73.61,60.13,,false,""
2024-04-13T05:00:00.000000,Italy,Italy,IT,128.11,175.9,73.94,62.16,,false,""
2024-04-13T06:00:00.000000,Italy,Italy,IT,112.97,158.63,76.93,68.91,,false,""
2024-04-13T07:00:00.000000,Italy,Italy,IT,99.15,142.84,79.99,75.78,,false,""
2024-04-13T08:00:00.000000,Italy,Italy,IT,91.16,136.1,81.82,80.86,,false,""
2024-04-13T09:00:00.000000,Italy,Italy,IT,78.29,121.91,83.85,83.55,,false,""
2024-04-13T10:00:00.000000,Italy,Italy,IT,75.05,118.92,84.61,84.2,,false,""
2024-04-13T11:00:00.000000,Italy,Italy,IT,69.4,112.26,85.8,85.32,,false,""
2024-04-13T12:00:00.000000,Italy,Italy,IT,78.01,123.27,83.6,83.03,,false,""
2024-04-13T13:00:00.000000,Italy,Italy,IT,78.62,123.55,83.47,83.08,,false,""
2024-04-13T14:00:00.000000,Italy,Italy,IT,82.81,128.2,82.49,80.63,,false,""
2024-04-13T15:00:00.000000,Italy,Italy,IT,104.22,151.62,78.0,72.5,,false,""
2024-04-13T16:00:00.000000,Italy,Italy,IT,129.81,179.41,72.01,63.65,,false,""
2024-04-13T17:00:00.000000,Italy,Italy,IT,146.31,196.29,68.38,58.03,,false,""
2024-04-13T18:00:00.000000,Italy,Italy,IT,154.55,205.44,66.49,55.08,,false,""
2024-04-13T19:00:00.000000,Italy,Italy,IT,152.43,203.54,67.49,55.21,,false,""
2024-04-13T20:00:00.000000,Italy,Italy,IT,152.48,206.92,67.76,55.11,,false,""
2024-04-13T21:00:00.000000,Italy,Italy,IT,154.35,209.99,67.42,55.79,,false,""
2024-04-13T22:00:00.000000,Italy,Italy,IT,146.33,200.35,69.93,58.73,,false,""
2024-04-13T23:00:00.000000,Italy,Italy,IT,134.17,185.78,72.94,62.07,,false,""
2024-04-14T00:00:00.000000,Italy,Italy,IT,137.13,189.47,72.47,61.3,,false,""
2024-04-14T01:00:00.000000,Italy,Italy,IT,133.39,185.08,73.27,61.55,,false,""
2024-04-14T02:00:00.000000,Italy,Italy,IT,134.31,186.46,72.83,60.08,,false,""
2024-04-14T03:00:00.000000,Italy,Italy,IT,134.17,185.84,72.81,59.2,,false,""
2024-04-14T04:00:00.000000,Italy,Italy,IT,138.67,190.21,71.81,60.56,,false,""
2024-04-14T05:00:00.000000,Italy,Italy,IT,135.26,186.37,72.43,64.17,,false,""
2024-04-14T06:00:00.000000,Italy,Italy,IT,116.23,164.4,76.35,72.52,,false,""
2024-04-14T07:00:00.000000,Italy,Italy,IT,98.32,145.31,79.52,78.95,,false,""
2024-04-14T08:00:00.000000,Italy,Italy,IT,83.84,129.81,82.84,82.66,,false,""
2024-04-14T09:00:00.000000,Italy,Italy,IT,73.08,116.7,85.5,85.18,,false,""
2024-04-14T10:00:00.000000,Italy,Italy,IT,71.27,114.66,85.87,85.34,,false,""
2024-04-14T11:00:00.000000,Italy,Italy,IT,68.5,111.71,86.53,85.94,,false,""
2024-04-14T12:00:00.000000,Italy,Italy,IT,75.1,119.99,84.57,83.95,,false,""
2024-04-14T13:00:00.000000,Italy,Italy,IT,78.09,123.23,84.15,83.84,,false,""
2024-04-14T14:00:00.000000,Italy,Italy,IT,89.51,136.65,81.26,80.79,,false,""
2024-04-14T15:00:00.000000,Italy,Italy,IT,128.43,181.09,72.72,72.03,,false,""
2024-04-14T16:00:00.000000,Italy,Italy,IT,177.22,238.16,60.5,58.94,,false,""
2024-04-14T17:00:00.000000,Italy,Italy,IT,196.92,260.66,55.69,52.56,,false,""
2024-04-14T18:00:00.000000,Italy,Italy,IT,190.68,252.96,56.83,50.78,,false,""
2024-04-14T19:00:00.000000,Italy,Italy,IT,183.19,245.62,59.44,51.68,,false,""
2024-04-14T20:00:00.000000,Italy,Italy,IT,166.58,224.99,64.2,53.9,,false,""
2024-04-14T21:00:00.000000,Italy,Italy,IT,147.76,201.45,69.25,56.71,,false,""
2024-04-14T22:00:00.000000,Italy,Italy,IT,161.76,218.66,67.09,54.51,,false,""
2024-04-14T23:00:00.000000,Italy,Italy,IT,165.34,224.71,65.56,53.02,,false,""
2024-04-15T00:00:00.000000,Italy,Italy,IT,167.14,224.84,65.53,54.24,,false,""
2024-04-15T01:00:00.000000,Italy,Italy,IT,162.28,219.38,66.5,54.66,,false,""
2024-04-15T02:00:00.000000,Italy,Italy,IT,155.54,210.56,68.3,56.57,,false,""
2024-04-15T03:00:00.000000,Italy,Italy,IT,162.54,218.52,66.46,55.82,,false,""
2024-04-15T04:00:00.000000,Italy,Italy,IT,171.25,228.89,63.34,53.33,,false,""
2024-04-15T05:00:00.000000,Italy,Italy,IT,173.5,230.33,62.26,53.75,,false,""
2024-04-15T06:00:00.000000,Italy,Italy,IT,160.38,214.38,65.63,56.92,,false,""
2024-04-15T07:00:00.000000,Italy,Italy,IT,138.03,189.26,70.61,62.84,,false,""
2024-04-15T08:00:00.000000,Italy,Italy,IT,111.56,156.71,77.15,69.96,,false,""
2024-04-15T09:00:00.000000,Italy,Italy,IT,104.89,148.96,78.78,72.36,,false,""
2024-04-15T10:00:00.000000,Italy,Italy,IT,103.81,148.22,78.84,73.81,,false,""
2024-04-15T11:00:00.000000,Italy,Italy,IT,114.17,160.09,76.27,70.73,,false,""
2024-04-15T12:00:00.000000,Italy,Italy,IT,117.28,163.35,75.46,69.85,,false,""
2024-04-15T13:00:00.000000,Italy,Italy,IT,115.92,162.26,75.74,69.35,,false,""
2024-04-15T14:00:00.000000,Italy,Italy,IT,119.71,166.68,75.09,68.29,,false,""
2024-04-15T15:00:00.000000,Italy,Italy,IT,126.3,173.88,74.04,66.46,,false,""
2024-04-15T16:00:00.000000,Italy,Italy,IT,141.85,191.29,70.36,62.82,,false,""
2024-04-15T17:00:00.000000,Italy,Italy,IT,156.9,210.13,66.38,58.83,,false,""
2024-04-15T18:00:00.000000,Italy,Italy,IT,162.54,216.45,65.03,57.74,,false,""
2024-04-15T19:00:00.000000,Italy,Italy,IT,160.31,214.48,65.83,57.92,,false,""
2024-04-15T20:00:00.000000,Italy,Italy,IT,145.61,196.21,69.96,60.46,,false,""
2024-04-15T21:00:00.000000,Italy,Italy,IT,143.34,193.22,71.23,61.11,,false,""
2024-04-15T22:00:00.000000,Italy,Italy,IT,124.43,170.7,74.85,64.11,,false,""
2024-04-15T23:00:00.000000,Italy,Italy,IT,119.75,165.45,76.28,65.99,,false,""
2024-04-16T00:00:00.000000,Italy,Italy,IT,119.05,164.59,76.61,66.27,,false,""
2024-04-16T01:00:00.000000,Italy,Italy,IT,119.31,165.1,76.4,65.57,,false,""
2024-04-16T02:00:00.000000,Italy,Italy,IT,120.23,166.32,76.21,65.79,,false,""
2024-04-16T03:00:00.000000,Italy,Italy,IT,125.33,171.93,75.27,65.09,,false,""
2024-04-16T04:00:00.000000,Italy,Italy,IT,132.11,178.81,73.41,63.48,,false,""
2024-04-16T05:00:00.000000,Italy,Italy,IT,138.34,185.24,71.44,62.44,,false,""
2024-04-16T06:00:00.000000,Italy,Italy,IT,128.29,173.39,73.26,65.62,,false,""
2024-04-16T07:00:00.000000,Italy,Italy,IT,113.38,157.61,76.77,69.83,,false,""
2024-04-16T08:00:00.000000,Italy,Italy,IT,104.29,147.25,78.87,72.39,,false,""
2024-04-16T09:00:00.000000,Italy,Italy,IT,92.01,133.43,81.43,76.17,,false,""
2024-04-16T10:00:00.000000,Italy,Italy,IT,87.81,129.71,82.14,77.58,,false,""
2024-04-16T11:00:00.000000,Italy,Italy,IT,83.8,124.91,82.94,78.18,,false,""
2024-04-16T12:00:00.000000,Italy,Italy,IT,88.54,130.62,81.74,76.32,,false,""
2024-04-16T13:00:00.000000,Italy,Italy,IT,92.85,135.54,80.86,74.79,,false,""
2024-04-16T14:00:00.000000,Italy,Italy,IT,93.95,135.9,81.1,74.3,,false,""
2024-04-16T15:00:00.000000,Italy,Italy,IT,106.94,150.73,78.15,70.62,,false,""
2024-04-16T16:00:00.000000,Italy,Italy,IT,126.04,173.09,73.52,65.85,,false,""
2024-04-16T17:00:00.000000,Italy,Italy,IT,146.84,196.53,68.67,61.24,,false,""
2024-04-16T18:00:00.000000,Italy,Italy,IT,155.05,206.22,66.72,59.46,,false,""
2024-04-16T19:00:00.000000,Italy,Italy,IT,146.6,196.48,68.95,60.87,,false,""
2024-04-16T20:00:00.000000,Italy,Italy,IT,123.39,170.5,74.17,64.57,,false,""
2024-04-16T21:00:00.000000,Italy,Italy,IT,131.94,179.72,73.08,64.22,,false,""
2024-04-16T22:00:00.000000,Italy,Italy,IT,126.27,173.04,74.44,65.56,,false,""
2024-04-16T23:00:00.000000,Italy,Italy,IT,132.74,180.92,73.2,64.99,,false,""
2024-04-17T00:00:00.000000,Italy,Italy,IT,137.28,186.28,72.65,65.33,,false,""
2024-04-17T01:00:00.000000,Italy,Italy,IT,137.36,186.13,72.72,65.0,,false,""
2024-04-17T02:00:00.000000,Italy,Italy,IT,141.48,190.92,71.85,63.49,,false,""
2024-04-17T03:00:00.000000,Italy,Italy,IT,144.68,195.04,70.73,61.16,,false,""
2024-04-17T04:00:00.000000,Italy,Italy,IT,155.59,209.5,67.03,58.0,,false,""
2024-04-17T05:00:00.000000,Italy,Italy,IT,154.67,207.12,67.24,59.27,,false,""
2024-04-17T06:00:00.000000,Italy,Italy,IT,144.64,196.1,69.1,61.96,,false,""
2024-04-17T07:00:00.000000,Italy,Italy,IT,129.59,179.58,72.3,66.2,,false,""
2024-04-17T08:00:00.000000,Italy,Italy,IT,110.79,157.26,76.78,71.27,,false,""
2024-04-17T09:00:00.000000,Italy,Italy,IT,107.2,153.17,77.77,73.2,,false,""
2024-04-17T10:00:00.000000,Italy,Italy,IT,103.02,148.86,78.66,74.76,,false,""
2024-04-17T11:00:00.000000,Italy,Italy,IT,103.29,149.32,78.47,74.64,,false,""
2024-04-17T12:00:00.000000,Italy,Italy,IT,104.64,150.02,78.1,73.6,,false,""
2024-04-17T13:00:00.000000,Italy,Italy,IT,105.34,150.68,77.92,73.3,,false,""
2024-04-17T14:00:00.000000,Italy,Italy,IT,117.66,165.4,75.07,69.71,,false,""
2024-04-17T15:00:00.000000,Italy,Italy,IT,138.33,190.92,69.98,64.25,,false,""
2024-04-17T16:00:00.000000,Italy,Italy,IT,160.72,218.0,64.54,57.82,,false,""
2024-04-17T17:00:00.000000,Italy,Italy,IT,186.19,246.6,58.72,52.38,,false,""
2024-04-17T18:00:00.000000,Italy,Italy,IT,199.61,262.61,55.72,49.79,,false,""
2024-04-17T19:00:00.000000,Italy,Italy,IT,203.15,268.27,54.97,48.57,,false,""
2024-04-17T20:00:00.000000,Italy,Italy,IT,184.51,246.01,59.86,51.45,,false,""
2024-04-17T21:00:00.000000,Italy,Italy,IT,170.35,228.22,63.79,54.65,,false,""
2024-04-17T22:00:00.000000,Italy,Italy,IT,166.42,223.07,65.49,55.81,,false,""
2024-04-17T23:00:00.000000,Italy,Italy,IT,166.72,223.66,65.49,55.5,,false,""
2024-04-18T00:00:00.000000,Italy,Italy,IT,170.46,228.59,64.59,54.64,,false,""
2024-04-18T01:00:00.000000,Italy,Italy,IT,168.77,226.44,64.71,54.95,,false,""
2024-04-18T02:00:00.000000,Italy,Italy,IT,173.9,232.82,63.48,53.58,,false,""
2024-04-18T03:00:00.000000,Italy,Italy,IT,179.59,240.14,61.88,52.58,,false,""
2024-04-18T04:00:00.000000,Italy,Italy,IT,197.81,262.61,56.64,49.12,,false,""
2024-04-18T05:00:00.000000,Italy,Italy,IT,204.23,269.9,54.78,49.31,,false,""
2024-04-18T06:00:00.000000,Italy,Italy,IT,186.71,249.4,58.71,53.84,,false,""
2024-04-18T07:00:00.000000,Italy,Italy,IT,156.12,213.62,65.84,59.82,,false,""
2024-04-18T08:00:00.000000,Italy,Italy,IT,139.44,192.85,70.09,63.42,,false,""
2024-04-18T09:00:00.000000,Italy,Italy,IT,133.44,185.86,71.45,64.88,,false,""
2024-04-18T10:00:00.000000,Italy,Italy,IT,137.06,190.53,70.57,64.66,,false,""
2024-04-18T11:00:00.000000,Italy,Italy,IT,141.11,195.39,69.57,63.88,,false,""
2024-04-18T12:00:00.000000,Italy,Italy,IT,137.98,191.53,70.04,63.79,,false,""
2024-04-18T13:00:00.000000,Italy,Italy,IT,151.87,208.86,66.44,60.6,,false,""
2024-04-18T14:00:00.000000,Italy,Italy,IT,167.45,228.06,62.72,57.08,,false,""
2024-04-18T15:00:00.000000,Italy,Italy,IT,177.31,239.28,60.6,54.7,,false,""
2024-04-18T16:00:00.000000,Italy,Italy,IT,193.15,258.27,56.78,49.28,,false,""
2024-04-18T17:00:00.000000,Italy,Italy,IT,206.45,274.49,53.24,45.5,,false,""
2024-04-18T18:00:00.000000,Italy,Italy,IT,219.18,289.59,50.29,42.96,,false,""
2024-04-18T19:00:00.000000,Italy,Italy,IT,222.67,293.72,49.71,42.55,,false,""
2024-04-18T20:00:00.000000,Italy,Italy,IT,217.08,287.27,51.25,43.88,,false,""
2024-04-18T21:00:00.000000,Italy,Italy,IT,207.47,275.94,53.87,45.2,,false,""
2024-04-18T22:00:00.000000,Italy,Italy,IT,174.21,234.46,62.44,49.63,,false,""
2024-04-18T23:00:00.000000,Italy,Italy,IT,163.62,220.95,65.65,51.22,,false,""
2024-04-19T00:00:00.000000,Italy,Italy,IT,158.81,215.14,66.94,52.84,,false,""
2024-04-19T01:00:00.000000,Italy,Italy,IT,154.03,209.12,68.26,54.07,,false,""
2024-04-19T02:00:00.000000,Italy,Italy,IT,157.48,213.17,67.46,53.11,,false,""
2024-04-19T03:00:00.000000,Italy,Italy,IT,157.71,213.16,67.16,54.21,,false,""
2024-04-19T04:00:00.000000,Italy,Italy,IT,160.71,216.94,65.21,54.57,,false,""
2024-04-19T05:00:00.000000,Italy,Italy,IT,156.68,208.8,66.18,56.74,,false,""
2024-04-19T06:00:00.000000,Italy,Italy,IT,143.93,193.28,69.27,61.21,,false,""
2024-04-19T07:00:00.000000,Italy,Italy,IT,134.13,182.91,71.53,64.75,,false,""
2024-04-19T08:00:00.000000,Italy,Italy,IT,115.11,162.6,75.74,69.61,,false,""
2024-04-19T09:00:00.000000,Italy,Italy,IT,107.4,153.91,77.54,72.71,,false,""
2024-04-19T10:00:00.000000,Italy,Italy,IT,105.72,152.34,77.59,74.47,,false,""
2024-04-19T11:00:00.000000,Italy,Italy,IT,103.56,149.84,78.25,75.13,,false,""
2024-04-19T12:00:00.000000,Italy,Italy,IT,104.78,151.07,78.05,74.63,,false,""
2024-04-19T13:00:00.000000,Italy,Italy,IT,98.06,142.93,79.54,75.15,,false,""
2024-04-19T14:00:00.000000,Italy,Italy,IT,98.81,143.33,79.57,73.98,,false,""
2024-04-19T15:00:00.000000,Italy,Italy,IT,100.38,144.89,78.98,71.75,,false,""
2024-04-19T16:00:00.000000,Italy,Italy,IT,112.78,159.57,75.81,67.57,,false,""
2024-04-19T17:00:00.000000,Italy,Italy,IT,147.58,199.07,67.7,59.0,,false,""
2024-04-19T18:00:00.000000,Italy,Italy,IT,159.82,212.32,65.04,55.66,,false,""
2024-04-19T19:00:00.000000,Italy,Italy,IT,163.99,217.98,64.67,55.0,,false,""
2024-04-19T20:00:00.000000,Italy,Italy,IT,161.05,216.82,65.36,55.26,,false,""
2024-04-19T21:00:00.000000,Italy,Italy,IT,160.33,216.66,65.85,55.49,,false,""
2024-04-19T22:00:00.000000,Italy,Italy,IT,142.57,193.83,70.88,59.68,,false,""
2024-04-19T23:00:00.000000,Italy,Italy,IT,139.39,189.71,72.15,60.97,,false,""
2024-04-20T00:00:00.000000,Italy,Italy,IT,136.75,186.36,73.11,62.38,,false,""
2024-04-20T01:00:00.000000,Italy,Italy,IT,140.81,191.55,72.14,62.16,,false,""
2024-04-20T02:00:00.000000,Italy,Italy,IT,141.32,192.06,72.07,62.69,,false,""
2024-04-20T03:00:00.000000,Italy,Italy,IT,142.52,192.59,72.08,63.57,,false,""
2024-04-20T04:00:00.000000,Italy,Italy,IT,134.61,182.94,73.41,65.91,,false,""
2024-04-20T05:00:00.000000,Italy,Italy,IT,132.3,181.39,73.04,68.4,,false,""
2024-04-20T06:00:00.000000,Italy,Italy,IT,123.32,171.47,74.64,72.3,,false,""
2024-04-20T07:00:00.000000,Italy,Italy,IT,104.55,149.83,77.97,76.49,,false,""
2024-04-20T08:00:00.000000,Italy,Italy,IT,89.58,133.82,81.3,80.25,,false,""
2024-04-20T09:00:00.000000,Italy,Italy,IT,89.66,134.15,81.37,79.97,,false,""
2024-04-20T10:00:00.000000,Italy,Italy,IT,87.53,131.95,81.72,80.27,,false,""
2024-04-20T11:00:00.000000,Italy,Italy,IT,87.51,132.31,81.74,80.12,,false,""
2024-04-20T12:00:00.000000,Italy,Italy,IT,91.33,137.02,80.82,79.08,,false,""
2024-04-20T13:00:00.000000,Italy,Italy,IT,98.32,145.18,79.17,77.4,,false,""
2024-04-20T14:00:00.000000,Italy,Italy,IT,111.53,160.66,75.93,74.12,,false,""
2024-04-20T15:00:00.000000,Italy,Italy,IT,145.03,199.16,68.83,66.74,,false,""
2024-04-20T16:00:00.000000,Italy,Italy,IT,167.68,224.31,63.98,60.16,,false,""
2024-04-20T17:00:00.000000,Italy,Italy,IT,174.7,230.29,62.46,56.35,,false,""
2024-04-20T18:00:00.000000,Italy,Italy,IT,179.6,234.23,61.86,54.63,,false,""
2024-04-20T19:00:00.000000,Italy,Italy,IT,182.07,238.83,62.09,53.94,,false,""
2024-04-20T20:00:00.000000,Italy,Italy,IT,188.63,247.74,61.08,53.35,,false,""
2024-04-20T21:00:00.000000,Italy,Italy,IT,186.89,246.38,61.83,54.14,,false,""
2024-04-20T22:00:00.000000,Italy,Italy,IT,197.05,259.24,59.62,54.68,,false,""
2024-04-20T23:00:00.000000,Italy,Italy,IT,194.15,255.58,60.62,55.66,,false,""
2024-04-21T00:00:00.000000,Italy,Italy,IT,196.72,257.44,60.34,55.22,,false,""
2024-04-21T01:00:00.000000,Italy,Italy,IT,197.93,258.95,60.18,55.52,,false,""
2024-04-21T02:00:00.000000,Italy,Italy,IT,195.45,256.08,60.61,56.02,,false,""
2024-04-21T03:00:00.000000,Italy,Italy,IT,190.42,249.77,61.69,57.15,,false,""
2024-04-21T04:00:00.000000,Italy,Italy,IT,176.07,231.7,64.91,60.8,,false,""
2024-04-21T05:00:00.000000,Italy,Italy,IT,157.89,210.28,68.51,65.9,,false,""
2024-04-21T06:00:00.000000,Italy,Italy,IT,122.61,169.22,76.3,75.76,,false,""
2024-04-21T07:00:00.000000,Italy,Italy,IT,90.37,133.33,82.49,82.21,,false,""
2024-04-21T08:00:00.000000,Italy,Italy,IT,83.55,126.1,83.59,83.33,,false,""
2024-04-21T09:00:00.000000,Italy,Italy,IT,78.97,121.37,84.3,84.24,,false,""
2024-04-21T10:00:00.000000,Italy,Italy,IT,78.35,121.3,84.26,84.2,,false,""
2024-04-21T11:00:00.000000,Italy,Italy,IT,78.4,122.07,84.15,84.04,,false,""
2024-04-21T12:00:00.000000,Italy,Italy,IT,84.42,129.45,82.84,82.34,,false,""
2024-04-21T13:00:00.000000,Italy,Italy,IT,91.81,138.2,81.11,80.6,,false,""
2024-04-21T14:00:00.000000,Italy,Italy,IT,96.81,143.99,79.68,78.74,,false,""
2024-04-21T15:00:00.000000,Italy,Italy,IT,137.57,191.65,70.76,69.66,,false,""
2024-04-21T16:00:00.000000,Italy,Italy,IT,171.52,230.85,63.18,60.19,,false,""
2024-04-21T17:00:00.000000,Italy,Italy,IT,194.59,254.74,58.41,52.87,,false,""
2024-04-21T18:00:00.000000,Italy,Italy,IT,191.27,249.36,59.43,51.81,,false,""
2024-04-21T19:00:00.000000,Italy,Italy,IT,193.75,251.58,59.4,50.89,,false,""
2024-04-21T20:00:00.000000,Italy,Italy,IT,197.32,258.19,58.96,49.82,,false,""
2024-04-21T21:00:00.000000,Italy,Italy,IT,191.87,252.16,60.79,50.53,,false,""
2024-04-21T22:00:00.000000,Italy,Italy,IT,191.4,251.13,61.6,51.47,,false,""
2024-04-21T23:00:00.000000,Italy,Italy,IT,186.75,246.71,62.47,52.12,,false,""
2024-04-22T00:00:00.000000,Italy,Italy,IT,194.71,257.07,60.54,50.83,,false,""
2024-04-22T01:00:00.000000,Italy,Italy,IT,197.55,261.13,59.35,49.73,,false,""
2024-04-22T02:00:00.000000,Italy,Italy,IT,205.44,270.46,57.97,48.61,,false,""
2024-04-22T03:00:00.000000,Italy,Italy,IT,206.25,272.03,56.97,47.49,,false,""
2024-04-22T04:00:00.000000,Italy,Italy,IT,206.13,271.81,55.2,47.32,,false,""
2024-04-22T05:00:00.000000,Italy,Italy,IT,215.64,284.38,51.9,47.15,,false,""
2024-04-22T06:00:00.000000,Italy,Italy,IT,200.91,266.14,55.04,50.79,,false,""
2024-04-22T07:00:00.000000,Italy,Italy,IT,191.15,255.03,57.1,52.99,,false,""
2024-04-22T08:00:00.000000,Italy,Italy,IT,185.54,248.45,58.28,54.03,,false,""
2024-04-22T09:00:00.000000,Italy,Italy,IT,184.44,247.66,58.35,54.21,,false,""
2024-04-22T10:00:00.000000,Italy,Italy,IT,181.63,245.26,58.86,55.03,,false,""
2024-04-22T11:00:00.000000,Italy,Italy,IT,188.01,254.25,57.02,53.54,,false,""
2024-04-22T12:00:00.000000,Italy,Italy,IT,185.38,250.97,57.67,53.98,,false,""
2024-04-22T13:00:00.000000,Italy,Italy,IT,184.39,249.69,57.95,53.96,,false,""
2024-04-22T14:00:00.000000,Italy,Italy,IT,188.7,255.4,56.75,52.55,,false,""
2024-04-22T15:00:00.000000,Italy,Italy,IT,201.82,270.96,53.84,49.94,,false,""
2024-04-22T16:00:00.000000,Italy,Italy,IT,222.56,294.74,49.09,45.16,,false,""
2024-04-22T17:00:00.000000,Italy,Italy,IT,243.67,319.21,44.25,40.83,,false,""
2024-04-22T18:00:00.000000,Italy,Italy,IT,247.25,322.81,43.41,39.56,,false,""
2024-04-22T19:00:00.000000,Italy,Italy,IT,247.17,323.51,43.87,39.46,,false,""
2024-04-22T20:00:00.000000,Italy,Italy,IT,249.28,326.7,44.0,39.62,,false,""
2024-04-22T21:00:00.000000,Italy,Italy,IT,254.03,333.55,42.95,38.1,,false,""
2024-04-22T22:00:00.000000,Italy,Italy,IT,223.51,296.16,50.03,42.41,,false,""
2024-04-22T23:00:00.000000,Italy,Italy,IT,215.33,285.82,52.43,44.4,,false,""
2024-04-23T00:00:00.000000,Italy,Italy,IT,210.21,279.23,53.94,45.84,,false,""
2024-04-23T01:00:00.000000,Italy,Italy,IT,207.11,275.16,54.92,47.2,,false,""
2024-04-23T02:00:00.000000,Italy,Italy,IT,203.53,270.78,55.8,47.91,,false,""
2024-04-23T03:00:00.000000,Italy,Italy,IT,211.64,280.42,53.64,46.97,,false,""
2024-04-23T04:00:00.000000,Italy,Italy,IT,229.57,304.28,47.43,43.42,,false,""
2024-04-23T05:00:00.000000,Italy,Italy,IT,230.43,304.65,46.44,43.19,,false,""
2024-04-23T06:00:00.000000,Italy,Italy,IT,202.66,269.6,53.07,48.68,,false,""
2024-04-23T07:00:00.000000,Italy,Italy,IT,185.48,248.21,57.53,53.01,,false,""
2024-04-23T08:00:00.000000,Italy,Italy,IT,180.97,243.5,58.57,54.15,,false,""
2024-04-23T09:00:00.000000,Italy,Italy,IT,169.96,230.52,61.02,56.79,,false,""
2024-04-23T10:00:00.000000,Italy,Italy,IT,156.28,215.2,64.3,60.4,,false,""
2024-04-23T11:00:00.000000,Italy,Italy,IT,147.3,204.81,66.43,62.43,,false,""
2024-04-23T12:00:00.000000,Italy,Italy,IT,137.56,192.96,68.58,64.48,,false,""
2024-04-23T13:00:00.000000,Italy,Italy,IT,141.1,197.15,67.57,63.13,,false,""
2024-04-23T14:00:00.000000,Italy,Italy,IT,140.44,195.29,67.86,63.66,,false,""
2024-04-23T15:00:00.000000,Italy,Italy,IT,155.73,213.6,64.34,59.95,,false,""
2024-04-23T16:00:00.000000,Italy,Italy,IT,178.72,241.02,58.93,54.59,,false,""
2024-04-23T17:00:00.000000,Italy,Italy,IT,193.16,256.88,55.81,50.88,,false,""
2024-04-23T18:00:00.000000,Italy,Italy,IT,198.78,262.0,55.1,49.86,,false,""
2024-04-23T19:00:00.000000,Italy,Italy,IT,202.21,266.81,54.63,49.67,,false,""
2024-04-23T20:00:00.000000,Italy,Italy,IT,203.11,269.37,54.86,49.53,,false,""
2024-04-23T21:00:00.000000,Italy,Italy,IT,197.43,263.32,56.26,50.63,,false,""
2024-04-23T22:00:00.000000,Italy,Italy,IT,201.09,268.57,55.48,48.37,,false,""
2024-04-23T23:00:00.000000,Italy,Italy,IT,201.95,269.57,55.71,48.59,,false,""
2024-04-24T00:00:00.000000,Italy,Italy,IT,197.98,265.1,56.59,47.85,,false,""
2024-04-24T01:00:00.000000,Italy,Italy,IT,205.74,274.83,54.75,46.12,,false,""
2024-04-24T02:00:00.000000,Italy,Italy,IT,213.57,284.53,52.9,44.34,,false,""
2024-04-24T03:00:00.000000,Italy,Italy,IT,220.59,292.64,51.21,43.54,,false,""
2024-04-24T04:00:00.000000,Italy,Italy,IT,208.78,278.72,52.39,46.0,,false,""
2024-04-24T05:00:00.000000,Italy,Italy,IT,207.08,275.46,52.43,46.95,,false,""
2024-04-24T06:00:00.000000,Italy,Italy,IT,196.27,261.02,54.98,50.41,,false,""
2024-04-24T07:00:00.000000,Italy,Italy,IT,180.3,243.22,58.56,54.5,,false,""
2024-04-24T08:00:00.000000,Italy,Italy,IT,169.71,231.73,61.25,57.26,,false,""
2024-04-24T09:00:00.000000,Italy,Italy,IT,158.86,218.57,63.92,59.91,,false,""
2024-04-24T10:00:00.000000,Italy,Italy,IT,148.47,206.5,66.36,63.02,,false,""
2024-04-24T11:00:00.000000,Italy,Italy,IT,138.07,193.96,68.72,64.97,,false,""
2024-04-24T12:00:00.000000,Italy,Italy,IT,139.89,195.67,68.51,64.42,,false,""
2024-04-24T13:00:00.000000,Italy,Italy,IT,147.95,205.61,66.4,62.35,,false,""
2024-04-24T14:00:00.000000,Italy,Italy,IT,156.43,215.84,64.31,60.36,,false,""
2024-04-24T15:00:00.000000,Italy,Italy,IT,171.69,234.59,60.6,56.74,,false,""
2024-04-24T16:00:00.000000,Italy,Italy,IT,199.35,268.08,53.85,50.05,,false,""
2024-04-24T17:00:00.000000,Italy,Italy,IT,213.66,283.95,50.49,46.29,,false,""
2024-04-24T18:00:00.000000,Italy,Italy,IT,220.06,290.5,49.04,44.91,,false,""
2024-04-24T19:00:00.000000,Italy,Italy,IT,216.97,287.6,50.32,45.4,,false,""
2024-04-24T20:00:00.000000,Italy,Italy,IT,221.8,294.96,49.43,44.8,,false,""
2024-04-24T21:00:00.000000,Italy,Italy,IT,217.49,289.7,50.99,46.13,,false,""
2024-04-24T22:00:00.000000,Italy,Italy,IT,198.48,266.54,55.64,48.34,,false,""
2024-04-24T23:00:00.000000,Italy,Italy,IT,190.76,257.01,57.73,49.67,,false,""
2024-04-25T00:00:00.000000,Italy,Italy,IT,202.02,271.53,55.23,49.4,,false,""
2024-04-25T01:00:00.000000,Italy,Italy,IT,209.47,281.44,53.2,50.14,,false,""
2024-04-25T02:00:00.000000,Italy,Italy,IT,206.32,277.47,53.89,51.49,,false,""
2024-04-25T03:00:00.000000,Italy,Italy,IT,201.26,271.18,54.96,52.7,,false,""
2024-04-25T04:00:00.000000,Italy,Italy,IT,199.0,268.83,55.22,53.37,,false,""
2024-04-25T05:00:00.000000,Italy,Italy,IT,181.82,248.11,59.1,57.73,,false,""
2024-04-25T06:00:00.000000,Italy,Italy,IT,159.61,221.4,64.23,63.71,,false,""
2024-04-25T07:00:00.000000,Italy,Italy,IT,125.92,180.19,72.78,71.82,,false,""
2024-04-25T08:00:00.000000,Italy,Italy,IT,116.04,167.89,75.11,73.82,,false,""
2024-04-25T09:00:00.000000,Italy,Italy,IT,95.98,144.36,79.52,78.49,,false,""
2024-04-25T10:00:00.000000,Italy,Italy,IT,95.2,143.71,79.46,78.75,,false,""
2024-04-25T11:00:00.000000,Italy,Italy,IT,92.5,140.27,80.18,79.85,,false,""
2024-04-25T12:00:00.000000,Italy,Italy,IT,88.49,135.29,81.16,80.66,,false,""
2024-04-25T13:00:00.000000,Italy,Italy,IT,94.18,142.34,79.59,78.98,,false,""
2024-04-25T14:00:00.000000,Italy,Italy,IT,107.94,159.05,76.43,75.25,,false,""
2024-04-25T15:00:00.000000,Italy,Italy,IT,150.21,210.08,66.41,64.92,,false,""
2024-04-25T16:00:00.000000,Italy,Italy,IT,197.76,267.73,54.53,53.03,,false,""
2024-04-25T17:00:00.000000,Italy,Italy,IT,225.05,299.27,47.79,45.97,,false,""
2024-04-25T18:00:00.000000,Italy,Italy,IT,239.07,314.67,44.68,42.64,,false,""
2024-04-25T19:00:00.000000,Italy,Italy,IT,245.42,322.22,43.38,41.76,,false,""
2024-04-25T20:00:00.000000,Italy,Italy,IT,250.84,331.25,42.22,40.93,,false,""
2024-04-25T21:00:00.000000,Italy,Italy,IT,253.71,337.26,41.17,39.33,,false,""
2024-04-25T22:00:00.000000,Italy,Italy,IT,255.17,338.2,42.19,39.38,,false,""
2024-04-25T23:00:00.000000,Italy,Italy,IT,240.77,319.29,47.15,40.88,,false,""
2024-04-26T00:00:00.000000,Italy,Italy,IT,230.33,305.4,50.3,41.9,,false,""
2024-04-26T01:00:00.000000,Italy,Italy,IT,229.68,304.28,50.66,41.73,,false,""
2024-04-26T02:00:00.000000,Italy,Italy,IT,229.11,303.73,50.57,41.79,,false,""
2024-04-26T03:00:00.000000,Italy,Italy,IT,227.3,301.64,50.24,41.96,,false,""
2024-04-26T04:00:00.000000,Italy,Italy,IT,235.55,313.24,46.54,40.93,,false,""
2024-04-26T05:00:00.000000,Italy,Italy,IT,229.62,305.38,47.5,46.02,,false,""
2024-04-26T06:00:00.000000,Italy,Italy,IT,212.34,283.4,51.91,51.29,,false,""
2024-04-26T07:00:00.000000,Italy,Italy,IT,192.8,260.57,56.76,56.26,,false,""
2024-04-26T08:00:00.000000,Italy,Italy,IT,169.01,232.42,62.36,61.96,,false,""
2024-04-26T09:00:00.000000,Italy,Italy,IT,159.51,221.73,64.51,64.13,,false,""
2024-04-26T10:00:00.000000,Italy,Italy,IT,154.44,216.25,65.33,64.91,,false,""
2024-04-26T11:00:00.000000,Italy,Italy,IT,154.32,216.29,65.32,64.65,,false,""
2024-04-26T12:00:00.000000,Italy,Italy,IT,164.77,228.95,62.75,61.87,,false,""
2024-04-26T13:00:00.000000,Italy,Italy,IT,177.74,244.74,59.51,58.37,,false,""
2024-04-26T14:00:00.000000,Italy,Italy,IT,200.24,272.41,53.89,52.66,,false,""
2024-04-26T15:00:00.000000,Italy,Italy,IT,224.93,302.37,47.38,45.89,,false,""
2024-04-26T16:00:00.000000,Italy,Italy,IT,234.24,312.22,45.4,42.12,,false,""
2024-04-26T17:00:00.000000,Italy,Italy,IT,242.13,319.12,43.76,39.15,,false,""
2024-04-26T18:00:00.000000,Italy,Italy,IT,245.03,321.84,43.02,37.56,,false,""
2024-04-26T19:00:00.000000,Italy,Italy,IT,240.42,317.32,44.54,37.9,,false,""
2024-04-26T20:00:00.000000,Italy,Italy,IT,243.87,323.04,43.93,36.53,,false,""
2024-04-26T21:00:00.000000,Italy,Italy,IT,236.7,314.6,46.17,38.21,,false,""
2024-04-26T22:00:00.000000,Italy,Italy,IT,234.51,312.16,47.18,39.11,,false,""
2024-04-26T23:00:00.000000,Italy,Italy,IT,228.08,304.16,49.12,40.17,,false,""
2024-04-27T00:00:00.000000,Italy,Italy,IT,231.21,309.01,48.12,39.44,,false,""
2024-04-27T01:00:00.000000,Italy,Italy,IT,234.01,312.26,47.78,39.16,,false,""
2024-04-27T02:00:00.000000,Italy,Italy,IT,232.21,310.36,47.97,39.22,,false,""
2024-04-27T03:00:00.000000,Italy,Italy,IT,234.92,313.2,47.08,38.62,,false,""
2024-04-27T04:00:00.000000,Italy,Italy,IT,242.05,321.61,44.68,39.31,,false,""
2024-04-27T05:00:00.000000,Italy,Italy,IT,219.01,292.06,50.09,46.87,,false,""
2024-04-27T06:00:00.000000,Italy,Italy,IT,187.99,253.54,56.64,54.98,,false,""
2024-04-27T07:00:00.000000,Italy,Italy,IT,177.12,241.54,59.42,58.41,,false,""
2024-04-27T08:00:00.000000,Italy,Italy,IT,166.46,231.03,61.79,61.37,,false,""
2024-04-27T09:00:00.000000,Italy,Italy,IT,159.33,223.69,63.41,63.16,,false,""
2024-04-27T10:00:00.000000,Italy,Italy,IT,140.93,201.01,68.2,67.96,,false,""
2024-04-27T11:00:00.000000,Italy,Italy,IT,133.89,193.07,69.62,69.41,,false,""
2024-04-27T12:00:00.000000,Italy,Italy,IT,134.04,193.17,69.5,69.27,,false,""
2024-04-27T13:00:00.000000,Italy,Italy,IT,149.93,212.27,65.75,65.63,,false,""
2024-04-27T14:00:00.000000,Italy,Italy,IT,169.43,235.78,60.95,60.77,,false,""
2024-04-27T15:00:00.000000,Italy,Italy,IT,188.06,257.16,56.42,55.44,,false,""
2024-04-27T16:00:00.000000,Italy,Italy,IT,207.72,278.06,52.58,50.51,,false,""
2024-04-27T17:00:00.000000,Italy,Italy,IT,215.4,284.94,51.03,47.35,,false,""
2024-04-27T18:00:00.000000,Italy,Italy,IT,218.57,287.72,50.27,44.84,,false,""
2024-04-27T19:00:00.000000,Italy,Italy,IT,214.24,284.84,51.45,44.4,,false,""
2024-04-27T20:00:00.000000,Italy,Italy,IT,206.89,276.13,53.61,44.75,,false,""
2024-04-27T21:00:00.000000,Italy,Italy,IT,207.26,276.75,53.76,44.95,,false,""
2024-04-27T22:00:00.000000,Italy,Italy,IT,183.59,247.4,60.3,50.87,,false,""
2024-04-27T23:00:00.000000,Italy,Italy,IT,174.1,235.14,63.37,52.8,,false,""
2024-04-28T00:00:00.000000,Italy,Italy,IT,172.86,233.74,63.99,52.75,,false,""
2024-04-28T01:00:00.000000,Italy,Italy,IT,174.34,235.59,63.77,52.3,,false,""
2024-04-28T02:00:00.000000,Italy,Italy,IT,184.01,247.29,61.29,50.87,,false,""
2024-04-28T03:00:00.000000,Italy,Italy,IT,183.43,246.59,61.44,51.34,,false,""
2024-04-28T04:00:00.000000,Italy,Italy,IT,191.89,257.18,59.16,52.0,,false,""
2024-04-28T05:00:00.000000,Italy,Italy,IT,181.44,244.58,60.9,57.97,,false,""
2024-04-28T06:00:00.000000,Italy,Italy,IT,156.37,215.02,65.46,64.19,,false,""
2024-04-28T07:00:00.000000,Italy,Italy,IT,133.85,188.94,70.67,69.7,,false,""
2024-04-28T08:00:00.000000,Italy,Italy,IT,113.85,166.94,75.2,74.74,,false,""
2024-04-28T09:00:00.000000,Italy,Italy,IT,98.24,147.58,78.75,78.12,,false,""
2024-04-28T10:00:00.000000,Italy,Italy,IT,88.24,136.35,81.01,80.6,,false,""
2024-04-28T11:00:00.000000,Italy,Italy,IT,79.05,125.4,83.14,82.76,,false,""
2024-04-28T12:00:00.000000,Italy,Italy,IT,78.04,124.17,83.53,83.2,,false,""
2024-04-28T13:00:00.000000,Italy,Italy,IT,87.19,135.1,81.41,81.11,,false,""
2024-04-28T14:00:00.000000,Italy,Italy,IT,106.07,158.14,76.92,76.75,,false,""
2024-04-28T15:00:00.000000,Italy,Italy,IT,141.24,200.26,68.48,68.09,,false,""
2024-04-28T16:00:00.000000,Italy,Italy,IT,168.99,231.84,62.14,59.05,,false,""
2024-04-28T17:00:00.000000,Italy,Italy,IT,189.71,253.97,57.35,51.45,,false,""
2024-04-28T18:00:00.000000,Italy,Italy,IT,189.98,253.57,57.37,49.43,,false,""
2024-04-28T19:00:00.000000,Italy,Italy,IT,189.93,253.29,57.67,48.57,,false,""
2024-04-28T20:00:00.000000,Italy,Italy,IT,188.27,252.75,58.17,48.44,,false,""
2024-04-28T21:00:00.000000,Italy,Italy,IT,186.87,252.5,59.12,48.41,,false,""
2024-04-28T22:00:00.000000,Italy,Italy,IT,179.38,243.61,61.54,49.14,,false,""
2024-04-28T23:00:00.000000,Italy,Italy,IT,168.14,230.6,64.17,51.09,,false,""
2024-04-29T00:00:00.000000,Italy,Italy,IT,164.08,225.42,65.44,52.35,,false,""
2024-04-29T01:00:00.000000,Italy,Italy,IT,168.6,230.61,64.1,52.06,,false,""
2024-04-29T02:00:00.000000,Italy,Italy,IT,163.62,223.81,65.53,53.96,,false,""
2024-04-29T03:00:00.000000,Italy,Italy,IT,180.96,244.67,61.19,50.78,,false,""
2024-04-29T04:00:00.000000,Italy,Italy,IT,196.04,261.92,57.1,49.9,,false,""
2024-04-29T05:00:00.000000,Italy,Italy,IT,182.9,244.37,60.07,53.65,,false,""
2024-04-29T06:00:00.000000,Italy,Italy,IT,162.9,220.42,64.61,58.38,,false,""
2024-04-29T07:00:00.000000,Italy,Italy,IT,152.74,208.85,67.0,61.57,,false,""
2024-04-29T08:00:00.000000,Italy,Italy,IT,127.52,179.26,72.99,67.4,,false,""
2024-04-29T09:00:00.000000,Italy,Italy,IT,109.75,158.94,77.18,72.05,,false,""
2024-04-29T10:00:00.000000,Italy,Italy,IT,99.92,147.61,79.36,75.34,,false,""
2024-04-29T11:00:00.000000,Italy,Italy,IT,98.16,145.8,79.46,74.98,,false,""
2024-04-29T12:00:00.000000,Italy,Italy,IT,104.41,153.56,77.95,73.0,,false,""
2024-04-29T13:00:00.000000,Italy,Italy,IT,107.58,156.92,77.35,71.42,,false,""
2024-04-29T14:00:00.000000,Italy,Italy,IT,118.77,169.98,74.79,67.57,,false,""
2024-04-29T15:00:00.000000,Italy,Italy,IT,154.28,212.79,66.44,59.71,,false,""
2024-04-29T16:00:00.000000,Italy,Italy,IT,193.15,259.94,56.77,50.42,,false,""
2024-04-29T17:00:00.000000,Italy,Italy,IT,224.86,296.86,49.34,43.97,,false,""
2024-04-29T18:00:00.000000,Italy,Italy,IT,232.87,304.87,47.59,42.5,,false,""
2024-04-29T19:00:00.000000,Italy,Italy,IT,232.23,306.55,47.82,41.77,,false,""
2024-04-29T20:00:00.000000,Italy,Italy,IT,222.1,294.37,50.63,41.96,,false,""
2024-04-29T21:00:00.000000,Italy,Italy,IT,223.45,296.33,50.66,41.71,,false,""
2024-04-29T22:00:00.000000,Italy,Italy,IT,201.24,269.28,56.11,45.28,,false,""
2024-04-29T23:00:00.000000,Italy,Italy,IT,192.54,258.25,59.03,46.99,,false,""
2024-04-30T00:00:00.000000,Italy,Italy,IT,190.63,256.5,59.3,47.17,,false,""
2024-04-30T01:00:00.000000,Italy,Italy,IT,188.26,253.89,59.78,47.75,,false,""
2024-04-30T02:00:00.000000,Italy,Italy,IT,180.48,244.24,61.4,49.05,,false,""
2024-04-30T03:00:00.000000,Italy,Italy,IT,181.08,244.94,60.61,49.28,,false,""
2024-04-30T04:00:00.000000,Italy,Italy,IT,182.8,246.61,59.51,49.88,,false,""
2024-04-30T05:00:00.000000,Italy,Italy,IT,165.96,224.34,63.25,55.15,,false,""
2024-04-30T06:00:00.000000,Italy,Italy,IT,148.63,203.2,67.32,59.76,,false,""
2024-04-30T07:00:00.000000,Italy,Italy,IT,131.16,184.46,71.26,64.38,,false,""
2024-04-30T08:00:00.000000,Italy,Italy,IT,102.68,150.41,78.18,71.52,,false,""
2024-04-30T09:00:00.000000,Italy,Italy,IT,87.4,132.44,81.81,75.64,,false,""
2024-04-30T10:00:00.000000,Italy,Italy,IT,81.98,126.05,83.03,78.01,,false,""
2024-04-30T11:00:00.000000,Italy,Italy,IT,80.79,124.78,83.15,78.33,,false,""
2024-04-30T12:00:00.000000,Italy,Italy,IT,81.9,125.83,82.9,77.51,,false,""
2024-04-30T13:00:00.000000,Italy,Italy,IT,85.96,130.62,81.94,75.94,,false,""
2024-04-30T14:00:00.000000,Italy,Italy,IT,105.04,153.53,77.36,70.36,,false,""
2024-04-30T15:00:00.000000,Italy,Italy,IT,128.27,180.98,72.06,65.02,,false,""
2024-04-30T16:00:00.000000,Italy,Italy,IT,156.86,215.19,65.18,57.98,,false,""
2024-04-30T17:00:00.000000,Italy,Italy,IT,173.0,230.81,62.05,54.71,,false,""
2024-04-30T18:00:00.000000,Italy,Italy,IT,186.97,247.41,58.66,51.33,,false,""
2024-04-30T19:00:00.000000,Italy,Italy,IT,181.96,243.4,59.98,51.11,,false,""
2024-04-30T20:00:00.000000,Italy,Italy,IT,185.64,248.69,59.83,49.84,,false,""
2024-04-30T21:00:00.000000,Italy,Italy,IT,192.82,258.37,58.43,48.55,,false,""
2024-04-30T22:00:00.000000,Italy,Italy,IT,191.51,258.59,58.29,48.51,,false,""
2024-04-30T23:00:00.000000,Italy,Italy,IT,192.11,259.83,58.35,48.17,,false,""
2024-05-01T00:00:00.000000,Italy,Italy,IT,182.69,248.66,60.71,50.18,,false,""
2024-05-01T01:00:00.000000,Italy,Italy,IT,187.48,254.92,59.5,50.06,,false,""
2024-05-01T02:00:00.000000,Italy,Italy,IT,193.53,262.89,57.81,50.95,,false,""
2024-05-01T03:00:00.000000,Italy,Italy,IT,190.64,259.49,58.55,53.24,,false,""
2024-05-01T04:00:00.000000,Italy,Italy,IT,176.9,242.55,61.71,57.0,,false,""
2024-05-01T05:00:00.000000,Italy,Italy,IT,163.89,227.19,64.06,61.07,,false,""
2024-05-01T06:00:00.000000,Italy,Italy,IT,147.93,207.28,67.49,65.84,,false,""
2024-05-01T07:00:00.000000,Italy,Italy,IT,126.26,181.96,72.33,70.57,,false,""
2024-05-01T08:00:00.000000,Italy,Italy,IT,121.35,175.81,73.63,72.91,,false,""
2024-05-01T09:00:00.000000,Italy,Italy,IT,121.42,175.48,73.54,73.17,,false,""
2024-05-01T10:00:00.000000,Italy,Italy,IT,113.79,165.37,75.41,75.22,,false,""
2024-05-01T11:00:00.000000,Italy,Italy,IT,104.39,154.08,77.4,77.07,,false,""
2024-05-01T12:00:00.000000,Italy,Italy,IT,115.86,168.85,74.56,74.17,,false,""
2024-05-01T13:00:00.000000,Italy,Italy,IT,118.67,172.19,73.9,73.65,,false,""
2024-05-01T14:00:00.000000,Italy,Italy,IT,119.19,172.05,73.78,73.54,,false,""
2024-05-01T15:00:00.000000,Italy,Italy,IT,146.56,204.89,67.3,67.14,,false,""
2024-05-01T16:00:00.000000,Italy,Italy,IT,163.03,222.48,64.23,61.89,,false,""
2024-05-01T17:00:00.000000,Italy,Italy,IT,162.9,219.52,64.41,59.59,,false,""
2024-05-01T18:00:00.000000,Italy,Italy,IT,167.9,224.23,63.32,57.44,,false,""
2024-05-01T19:00:00.000000,Italy,Italy,IT,163.59,219.36,64.75,57.35,,false,""
2024-05-01T20:00:00.000000,Italy,Italy,IT,168.44,229.08,63.66,56.53,,false,""
2024-05-01T21:00:00.000000,Italy,Italy,IT,162.17,221.38,65.65,58.73,,false,""
2024-05-01T22:00:00.000000,Italy,Italy,IT,172.7,233.12,65.13,57.7,,false,""
2024-05-01T23:00:00.000000,Italy,Italy,IT,179.33,241.27,63.74,56.74,,false,""
2024-05-02T00:00:00.000000,Italy,Italy,IT,179.08,241.36,63.63,56.81,,false,""
2024-05-02T01:00:00.000000,Italy,Italy,IT,187.37,251.09,62.17,55.82,,false,""
2024-05-02T02:00:00.000000,Italy,Italy,IT,191.92,257.01,60.78,54.73,,false,""
2024-05-02T03:00:00.000000,Italy,Italy,IT,177.43,239.01,63.42,55.22,,false,""
2024-05-02T04:00:00.000000,Italy,Italy,IT,180.19,241.82,61.83,54.12,,false,""
2024-05-02T05:00:00.000000,Italy,Italy,IT,181.6,241.8,61.06,54.49,,false,""
2024-05-02T06:00:00.000000,Italy,Italy,IT,169.43,226.21,63.66,57.81,,false,""
2024-05-02T07:00:00.000000,Italy,Italy,IT,157.5,212.54,66.28,61.18,,false,""
2024-05-02T08:00:00.000000,Italy,Italy,IT,143.15,196.63,69.43,65.03,,false,""
2024-05-02T09:00:00.000000,Italy,Italy,IT,137.16,189.55,70.15,65.66,,false,""
2024-05-02T10:00:00.000000,Italy,Italy,IT,125.85,175.28,73.03,68.58,,false,""
2024-05-02T11:00:00.000000,Italy,Italy,IT,125.88,176.41,72.91,68.86,,false,""
2024-05-02T12:00:00.000000,Italy,Italy,IT,129.97,181.73,72.06,68.48,,false,""
2024-05-02T13:00:00.000000,Italy,Italy,IT,123.31,173.23,73.67,68.69,,false,""
2024-05-02T14:00:00.000000,Italy,Italy,IT,131.74,183.1,71.87,66.78,,false,""
2024-05-02T15:00:00.000000,Italy,Italy,IT,136.49,189.11,70.52,65.5,,false,""
2024-05-02T16:00:00.000000,Italy,Italy,IT,158.08,214.58,65.5,60.54,,false,""
2024-05-02T17:00:00.000000,Italy,Italy,IT,178.1,238.66,60.32,55.28,,false,""
2024-05-02T18:00:00.000000,Italy,Italy,IT,188.37,249.62,58.03,52.74,,false,""
2024-05-02T19:00:00.000000,Italy,Italy,IT,186.45,248.72,58.87,52.65,,false,""
2024-05-02T20:00:00.000000,Italy,Italy,IT,173.65,233.24,62.62,55.15,,false,""
2024-05-02T21:00:00.000000,Italy,Italy,IT,166.83,224.25,64.97,57.22,,false,""
2024-05-02T22:00:00.000000,Italy,Italy,IT,154.65,208.88,68.57,60.93,,false,""
2024-05-02T23:00:00.000000,Italy,Italy,IT,149.14,202.18,70.16,63.39,,false,""
2024-05-03T00:00:00.000000,Italy,Italy,IT,152.68,206.58,69.21,63.06,,false,""
2024-05-03T01:00:00.000000,Italy,Italy,IT,151.98,205.79,69.47,63.39,,false,""
2024-05-03T02:00:00.000000,Italy,Italy,IT,148.87,201.71,70.43,64.41,,false,""
2024-05-03T03:00:00.000000,Italy,Italy,IT,148.54,201.2,70.35,63.72,,false,""
2024-05-03T04:00:00.000000,Italy,Italy,IT,150.74,203.06,69.27,62.93,,false,""
2024-05-03T05:00:00.000000,Italy,Italy,IT,144.83,195.23,69.97,64.01,,false,""
2024-05-03T06:00:00.000000,Italy,Italy,IT,133.07,182.18,72.24,66.71,,false,""
2024-05-03T07:00:00.000000,Italy,Italy,IT,116.99,163.61,75.72,70.36,,false,""
2024-05-03T08:00:00.000000,Italy,Italy,IT,110.9,157.5,77.14,72.57,,false,""
2024-05-03T09:00:00.000000,Italy,Italy,IT,102.76,148.13,78.86,74.76,,false,""
2024-05-03T10:00:00.000000,Italy,Italy,IT,100.22,145.7,79.45,75.46,,false,""
2024-05-03T11:00:00.000000,Italy,Italy,IT,101.02,147.25,79.26,75.45,,false,""
2024-05-03T12:00:00.000000,Italy,Italy,IT,106.01,153.31,78.12,74.33,,false,""
2024-05-03T13:00:00.000000,Italy,Italy,IT,108.57,156.16,77.58,73.63,,false,""
2024-05-03T14:00:00.000000,Italy,Italy,IT,119.2,168.58,75.32,71.54,,false,""
2024-05-03T15:00:00.000000,Italy,Italy,IT,121.32,170.62,74.76,69.41,,false,""
2024-05-03T16:00:00.000000,Italy,Italy,IT,145.22,198.63,69.3,63.3,,false,""
2024-05-03T17:00:00.000000,Italy,Italy,IT,170.62,228.1,63.0,56.29,,false,""
2024-05-03T18:00:00.000000,Italy,Italy,IT,184.53,244.76,59.56,53.27,,false,""
2024-05-03T19:00:00.000000,Italy,Italy,IT,183.54,243.51,59.61,51.9,,false,""
2024-05-03T20:00:00.000000,Italy,Italy,IT,177.33,237.56,61.09,52.48,,false,""
2024-05-03T21:00:00.000000,Italy,Italy,IT,173.91,233.64,62.34,53.29,,false,""
2024-05-03T22:00:00.000000,Italy,Italy,IT,148.27,201.37,68.7,57.57,,false,""
2024-05-03T23:00:00.000000,Italy,Italy,IT,140.43,191.63,71.1,58.67,,false,""
2024-05-04T00:00:00.000000,Italy,Italy,IT,135.46,186.22,72.54,59.81,,false,""
2024-05-04T01:00:00.000000,Italy,Italy,IT,134.43,185.44,72.75,60.26,,false,""
2024-05-04T02:00:00.000000,Italy,Italy,IT,134.52,186.09,72.38,60.35,,false,""
2024-05-04T03:00:00.000000,Italy,Italy,IT,141.65,194.11,71.07,59.47,,false,""
2024-05-04T04:00:00.000000,Italy,Italy,IT,136.01,185.64,72.57,61.57,,false,""
2024-05-04T05:00:00.000000,Italy,Italy,IT,122.49,169.65,75.23,65.29,,false,""
2024-05-04T06:00:00.000000,Italy,Italy,IT,111.94,158.2,77.16,69.64,,false,""
2024-05-04T07:00:00.000000,Italy,Italy,IT,105.31,151.51,78.53,73.3,,false,""
2024-05-04T08:00:00.000000,Italy,Italy,IT,90.71,135.33,81.84,78.26,,false,""
2024-05-04T09:00:00.000000,Italy,Italy,IT,82.35,126.42,83.29,81.15,,false,""
2024-05-04T10:00:00.000000,Italy,Italy,IT,74.31,116.66,85.26,84.15,,false,""
2024-05-04T11:00:00.000000,Italy,Italy,IT,73.99,116.39,85.47,84.44,,false,""
2024-05-04T12:00:00.000000,Italy,Italy,IT,72.43,115.01,85.69,84.36,,false,""
2024-05-04T13:00:00.000000,Italy,Italy,IT,75.43,118.43,85.01,82.8,,false,""
2024-05-04T14:00:00.000000,Italy,Italy,IT,84.65,129.13,82.83,79.43,,false,""
2024-05-04T15:00:00.000000,Italy,Italy,IT,99.89,145.45,80.03,74.85,,false,""
2024-05-04T16:00:00.000000,Italy,Italy,IT,116.99,165.43,76.0,68.71,,false,""
2024-05-04T17:00:00.000000,Italy,Italy,IT,138.65,188.41,70.35,61.78,,false,""
2024-05-04T18:00:00.000000,Italy,Italy,IT,155.77,208.14,66.23,57.57,,false,""
2024-05-04T19:00:00.000000,Italy,Italy,IT,158.11,210.48,66.08,56.09,,false,""
2024-05-04T20:00:00.000000,Italy,Italy,IT,156.35,210.08,66.74,56.08,,false,""
2024-05-04T21:00:00.000000,Italy,Italy,IT,153.16,207.67,67.61,55.7,,false,""
2024-05-04T22:00:00.000000,Italy,Italy,IT,150.42,202.86,68.62,56.11,,false,""
2024-05-04T23:00:00.000000,Italy,Italy,IT,150.61,204.29,68.78,56.11,,false,""
2024-05-05T00:00:00.000000,Italy,Italy,IT,148.62,202.1,69.25,57.13,,false,""
2024-05-05T01:00:00.000000,Italy,Italy,IT,149.22,203.94,68.61,56.95,,false,""
2024-05-05T02:00:00.000000,Italy,Italy,IT,148.18,202.84,68.78,57.11,,false,""
2024-05-05T03:00:00.000000,Italy,Italy,IT,151.17,206.97,68.26,56.22,,false,""
2024-05-05T04:00:00.000000,Italy,Italy,IT,139.56,192.66,71.03,59.23,,false,""
2024-05-05T05:00:00.000000,Italy,Italy,IT,119.37,169.66,75.18,66.1,,false,""
2024-05-05T06:00:00.000000,Italy,Italy,IT,97.7,145.02,79.77,73.12,,false,""
2024-05-05T07:00:00.000000,Italy,Italy,IT,85.48,132.58,82.06,76.27,,false,""
2024-05-05T08:00:00.000000,Italy,Italy,IT,78.67,125.01,83.41,79.19,,false,""
2024-05-05T09:00:00.000000,Italy,Italy,IT,72.31,117.45,84.99,82.35,,false,""
2024-05-05T10:00:00.000000,Italy,Italy,IT,69.28,114.13,85.47,84.11,,false,""
2024-05-05T11:00:00.000000,Italy,Italy,IT,65.99,110.34,86.25,85.03,,false,""
2024-05-05T12:00:00.000000,Italy,Italy,IT,68.87,113.78,85.39,84.09,,false,""
2024-05-05T13:00:00.000000,Italy,Italy,IT,71.38,116.22,84.78,83.83,,false,""
2024-05-05T14:00:00.000000,Italy,Italy,IT,76.56,121.84,83.56,80.52,,false,""
2024-05-05T15:00:00.000000,Italy,Italy,IT,93.0,140.38,79.94,73.19,,false,""
2024-05-05T16:00:00.000000,Italy,Italy,IT,120.28,170.76,74.42,65.31,,false,""
2024-05-05T17:00:00.000000,Italy,Italy,IT,144.64,197.15,68.58,58.56,,false,""
2024-05-05T18:00:00.000000,Italy,Italy,IT,161.43,215.72,64.84,54.96,,false,""
2024-05-05T19:00:00.000000,Italy,Italy,IT,166.62,222.66,63.63,52.81,,false,""
2024-05-05T20:00:00.000000,Italy,Italy,IT,160.09,216.16,65.4,53.86,,false,""
2024-05-05T21:00:00.000000,Italy,Italy,IT,160.83,217.63,65.72,52.52,,false,""
2024-05-05T22:00:00.000000,Italy,Italy,IT,160.64,218.39,66.33,52.09,,false,""
2024-05-05T23:00:00.000000,Italy,Italy,IT,156.01,212.74,68.1,52.72,,false,""
2024-05-06T00:00:00.000000,Italy,Italy,IT,154.8,211.16,68.34,52.98,,false,""
2024-05-06T01:00:00.000000,Italy,Italy,IT,159.72,216.79,67.57,52.09,,false,""
2024-05-06T02:00:00.000000,Italy,Italy,IT,163.91,221.21,67.16,51.93,,false,""
2024-05-06T03:00:00.000000,Italy,Italy,IT,168.27,226.22,65.74,52.31,,false,""
2024-05-06T04:00:00.000000,Italy,Italy,IT,175.86,235.42,62.71,52.47,,false,""
2024-05-06T05:00:00.000000,Italy,Italy,IT,165.73,222.46,64.65,55.82,,false,""
2024-05-06T06:00:00.000000,Italy,Italy,IT,156.8,210.9,66.55,58.75,,false,""
2024-05-06T07:00:00.000000,Italy,Italy,IT,143.74,195.9,69.35,61.52,,false,""
2024-05-06T08:00:00.000000,Italy,Italy,IT,138.48,191.58,70.33,62.44,,false,""
2024-05-06T09:00:00.000000,Italy,Italy,IT,126.74,177.59,73.16,65.68,,false,""
2024-05-06T10:00:00.000000,Italy,Italy,IT,119.12,168.6,74.98,67.87,,false,""
2024-05-06T11:00:00.000000,Italy,Italy,IT,119.85,169.42,74.88,67.45,,false,""
2024-05-06T12:00:00.000000,Italy,Italy,IT,120.34,169.59,74.77,67.39,,false,""
2024-05-06T13:00:00.000000,Italy,Italy,IT,128.55,179.64,72.67,64.97,,false,""
2024-05-06T14:00:00.000000,Italy,Italy,IT,135.77,188.47,70.79,63.51,,false,""
2024-05-06T15:00:00.000000,Italy,Italy,IT,150.32,206.8,67.03,60.18,,false,""
2024-05-06T16:00:00.000000,Italy,Italy,IT,180.1,243.22,59.47,52.15,,false,""
2024-05-06T17:00:00.000000,Italy,Italy,IT,201.31,267.82,54.34,47.18,,false,""
2024-05-06T18:00:00.000000,Italy,Italy,IT,211.9,279.64,51.99,44.48,,false,""
2024-05-06T19:00:00.000000,Italy,Italy,IT,209.18,277.4,52.53,44.26,,false,""
2024-05-06T20:00:00.000000,Italy,Italy,IT,206.25,273.96,53.73,44.35,,false,""
2024-05-06T21:00:00.000000,Italy,Italy,IT,197.59,262.86,56.36,46.11,,false,""
2024-05-06T22:00:00.000000,Italy,Italy,IT,184.31,246.24,60.13,49.12,,false,""
2024-05-06T23:00:00.000000,Italy,Italy,IT,174.91,234.49,62.77,51.06,,false,""
2024-05-07T00:00:00.000000,Italy,Italy,IT,173.8,232.68,63.46,51.76,,false,""
2024-05-07T01:00:00.000000,Italy,Italy,IT,175.09,234.22,63.42,51.09,,false,""
2024-05-07T02:00:00.000000,Italy,Italy,IT,178.84,239.09,62.29,50.01,,false,""
2024-05-07T03:00:00.000000,Italy,Italy,IT,184.52,246.19,60.65,49.26,,false,""
2024-05-07T04:00:00.000000,Italy,Italy,IT,198.0,263.4,55.95,46.53,,false,""
2024-05-07T05:00:00.000000,Italy,Italy,IT,208.35,276.08,53.19,45.78,,false,""
2024-05-07T06:00:00.000000,Italy,Italy,IT,198.58,264.25,55.22,48.22,,false,""
2024-05-07T07:00:00.000000,Italy,Italy,IT,196.31,262.29,55.48,48.61,,false,""
2024-05-07T08:00:00.000000,Italy,Italy,IT,189.42,254.89,56.79,49.96,,false,""
2024-05-07T09:00:00.000000,Italy,Italy,IT,180.51,243.61,59.15,52.09,,false,""
2024-05-07T10:00:00.000000,Italy,Italy,IT,162.91,222.28,63.54,56.57,,false,""
2024-05-07T11:00:00.000000,Italy,Italy,IT,155.04,212.99,65.33,58.53,,false,""
2024-05-07T12:00:00.000000,Italy,Italy,IT,157.12,214.97,64.94,58.25,,false,""
2024-05-07T13:00:00.000000,Italy,Italy,IT,152.52,209.32,65.98,59.03,,false,""
2024-05-07T14:00:00.000000,Italy,Italy,IT,160.59,218.54,64.3,57.26,,false,""
2024-05-07T15:00:00.000000,Italy,Italy,IT,169.08,228.97,62.36,55.62,,false,""
2024-05-07T16:00:00.000000,Italy,Italy,IT,197.66,264.35,54.98,49.09,,false,""
2024-05-07T17:00:00.000000,Italy,Italy,IT,210.57,280.02,51.5,45.88,,false,""
2024-05-07T18:00:00.000000,Italy,Italy,IT,211.38,280.72,51.34,44.97,,false,""
2024-05-07T19:00:00.000000,Italy,Italy,IT,212.79,281.97,51.46,43.93,,false,""
2024-05-07T20:00:00.000000,Italy,Italy,IT,210.52,279.39,52.59,44.14,,false,""
2024-05-07T21:00:00.000000,Italy,Italy,IT,213.83,283.62,52.14,43.6,,false,""
2024-05-07T22:00:00.000000,Italy,Italy,IT,194.99,259.52,57.45,47.01,,false,""
2024-05-07T23:00:00.000000,Italy,Italy,IT,195.28,259.17,58.15,46.89,,false,""
2024-05-08T00:00:00.000000,Italy,Italy,IT,199.62,264.27,57.93,46.91,,false,""
2024-05-08T01:00:00.000000,Italy,Italy,IT,193.24,256.43,59.35,46.98,,false,""
2024-05-08T02:00:00.000000,Italy,Italy,IT,193.58,257.08,59.33,46.95,,false,""
2024-05-08T03:00:00.000000,Italy,Italy,IT,196.79,260.87,58.31,46.78,,false,""
2024-05-08T04:00:00.000000,Italy,Italy,IT,200.14,265.64,56.12,46.58,,false,""
2024-05-08T05:00:00.000000,Italy,Italy,IT,187.63,250.34,58.32,50.3,,false,""
2024-05-08T06:00:00.000000,Italy,Italy,IT,171.89,230.97,61.87,54.39,,false,""
2024-05-08T07:00:00.000000,Italy,Italy,IT,162.85,221.36,64.03,56.52,,false,""
2024-05-08T08:00:00.000000,Italy,Italy,IT,156.87,214.86,65.5,58.29,,false,""
2024-05-08T09:00:00.000000,Italy,Italy,IT,149.38,205.99,67.47,60.04,,false,""
2024-05-08T10:00:00.000000,Italy,Italy,IT,139.64,194.95,69.82,62.85,,false,""
2024-05-08T11:00:00.000000,Italy,Italy,IT,132.92,186.9,71.42,64.65,,false,""
2024-05-08T12:00:00.000000,Italy,Italy,IT,135.54,189.34,70.81,64.17,,false,""
2024-05-08T13:00:00.000000,Italy,Italy,IT,143.85,198.88,68.83,62.22,,false,""
2024-05-08T14:00:00.000000,Italy,Italy,IT,163.29,222.39,63.98,57.84,,false,""
2024-05-08T15:00:00.000000,Italy,Italy,IT,185.39,248.96,58.63,51.82,,false,""
2024-05-08T16:00:00.000000,Italy,Italy,IT,194.57,260.25,55.96,49.21,,false,""
2024-05-08T17:00:00.000000,Italy,Italy,IT,197.0,261.45,55.42,47.62,,false,""
2024-05-08T18:00:00.000000,Italy,Italy,IT,200.61,265.36,54.55,46.45,,false,""
2024-05-08T19:00:00.000000,Italy,Italy,IT,198.42,262.83,55.35,46.74,,false,""
2024-05-08T20:00:00.000000,Italy,Italy,IT,198.05,263.37,55.75,46.92,,false,""
2024-05-08T21:00:00.000000,Italy,Italy,IT,183.27,244.57,59.95,50.17,,false,""
2024-05-08T22:00:00.000000,Italy,Italy,IT,153.22,207.28,67.81,56.98,,false,""
2024-05-08T23:00:00.000000,Italy,Italy,IT,139.98,190.93,71.33,59.83,,false,""
2024-05-09T00:00:00.000000,Italy,Italy,IT,136.23,186.44,72.64,60.32,,false,""
2024-05-09T01:00:00.000000,Italy,Italy,IT,136.47,186.25,72.95,61.07,,false,""
2024-05-09T02:00:00.000000,Italy,Italy,IT,137.09,186.66,72.72,61.5,,false,""
2024-05-09T03:00:00.000000,Italy,Italy,IT,136.96,185.81,72.6,61.61,,false,""
2024-05-09T04:00:00.000000,Italy,Italy,IT,136.34,184.3,71.99,61.24,,false,""
2024-05-09T05:00:00.000000,Italy,Italy,IT,131.94,178.38,72.54,63.01,,false,""
2024-05-09T06:00:00.000000,Italy,Italy,IT,128.56,174.31,73.21,64.54,,false,""
2024-05-09T07:00:00.000000,Italy,Italy,IT,114.97,159.11,76.32,68.36,,false,""
2024-05-09T08:00:00.000000,Italy,Italy,IT,102.11,145.67,79.28,72.36,,false,""
2024-05-09T09:00:00.000000,Italy,Italy,IT,94.35,138.8,80.77,75.21,,false,""
2024-05-09T10:00:00.000000,Italy,Italy,IT,82.35,124.99,83.47,78.72,,false,""
2024-05-09T11:00:00.000000,Italy,Italy,IT,79.07,120.94,84.03,78.8,,false,""
2024-05-09T12:00:00.000000,Italy,Italy,IT,80.35,122.13,83.89,78.59,,false,""
2024-05-09T13:00:00.000000,Italy,Italy,IT,87.21,130.33,82.4,76.35,,false,""
2024-05-09T14:00:00.000000,Italy,Italy,IT,100.54,146.38,79.0,72.02,,false,""
2024-05-09T15:00:00.000000,Italy,Italy,IT,118.74,167.99,74.52,67.76,,false,""
2024-05-09T16:00:00.000000,Italy,Italy,IT,138.32,190.58,69.86,62.27,,false,""
2024-05-09T17:00:00.000000,Italy,Italy,IT,151.8,204.52,66.77,59.18,,false,""
2024-05-09T18:00:00.000000,Italy,Italy,IT,154.24,206.41,66.28,58.13,,false,""
2024-05-09T19:00:00.000000,Italy,Italy,IT,150.55,203.0,67.09,58.8,,false,""
2024-05-09T20:00:00.000000,Italy,Italy,IT,152.33,205.95,67.12,58.35,,false,""
2024-05-09T21:00:00.000000,Italy,Italy,IT,136.58,186.11,71.46,61.04,,false,""
2024-05-09T22:00:00.000000,Italy,Italy,IT,129.96,178.67,73.43,61.89,,false,""
2024-05-09T23:00:00.000000,Italy,Italy,IT,129.27,178.51,73.75,62.93,,false,""
2024-05-10T00:00:00.000000,Italy,Italy,IT,125.94,174.36,74.63,63.25,,false,""
2024-05-10T01:00:00.000000,Italy,Italy,IT,128.61,177.78,74.11,62.83,,false,""
2024-05-10T02:00:00.000000,Italy,Italy,IT,133.66,183.96,72.89,61.53,,false,""
2024-05-10T03:00:00.000000,Italy,Italy,IT,132.88,183.07,72.66,61.58,,false,""
2024-05-10T04:00:00.000000,Italy,Italy,IT,128.79,177.46,72.83,62.86,,false,""
2024-05-10T05:00:00.000000,Italy,Italy,IT,120.52,166.33,74.41,66.02,,false,""
2024-05-10T06:00:00.000000,Italy,Italy,IT,107.36,150.2,77.4,69.8,,false,""
2024-05-10T07:00:00.000000,Italy,Italy,IT,95.56,138.09,80.33,73.54,,false,""
2024-05-10T08:00:00.000000,Italy,Italy,IT,90.54,133.44,81.87,75.96,,false,""
2024-05-10T09:00:00.000000,Italy,Italy,IT,85.06,127.54,83.29,79.23,,false,""
2024-05-10T10:00:00.000000,Italy,Italy,IT,80.24,122.6,84.29,81.38,,false,""
2024-05-10T11:00:00.000000,Italy,Italy,IT,77.68,119.72,84.73,81.05,,false,""
2024-05-10T12:00:00.000000,Italy,Italy,IT,81.08,123.62,83.75,79.5,,false,""
2024-05-10T13:00:00.000000,Italy,Italy,IT,80.57,122.45,84.01,78.54,,false,""
2024-05-10T14:00:00.000000,Italy,Italy,IT,85.94,128.11,82.9,76.87,,false,""
2024-05-10T15:00:00.000000,Italy,Italy,IT,106.05,152.39,77.98,71.34,,false,""
2024-05-10T16:00:00.000000,Italy,Italy,IT,127.27,177.4,72.55,65.41,,false,""
2024-05-10T17:00:00.000000,Italy,Italy,IT,160.47,216.42,64.19,56.92,,false,""
2024-05-10T18:00:00.000000,Italy,Italy,IT,172.67,230.3,61.4,53.53,,false,""
2024-05-10T19:00:00.000000,Italy,Italy,IT,173.1,231.71,61.35,52.67,,false,""
2024-05-10T20:00:00.000000,Italy,Italy,IT,163.71,220.49,64.16,54.11,,false,""
2024-05-10T21:00:00.000000,Italy,Italy,IT,149.25,202.6,68.1,57.04,,false,""
2024-05-10T22:00:00.000000,Italy,Italy,IT,123.84,171.21,74.45,63.91,,false,""
2024-05-10T23:00:00.000000,Italy,Italy,IT,122.78,170.0,74.94,64.96,,false,""
2024-05-11T00:00:00.000000,Italy,Italy,IT,120.99,168.11,75.39,65.72,,false,""
2024-05-11T01:00:00.000000,Italy,Italy,IT,126.78,175.7,74.08,64.15,,false,""
2024-05-11T02:00:00.000000,Italy,Italy,IT,121.03,169.58,74.79,64.53,,false,""
2024-05-11T03:00:00.000000,Italy,Italy,IT,118.49,166.32,75.27,64.7,,false,""
2024-05-11T04:00:00.000000,Italy,Italy,IT,113.86,160.48,76.22,65.82,,false,""
2024-05-11T05:00:00.000000,Italy,Italy,IT,102.15,146.41,78.61,70.53,,false,""
2024-05-11T06:00:00.000000,Italy,Italy,IT,90.23,132.93,81.29,76.36,,false,""
2024-05-11T07:00:00.000000,Italy,Italy,IT,81.33,124.02,83.53,80.56,,false,""
2024-05-11T08:00:00.000000,Italy,Italy,IT,74.11,116.07,85.18,83.87,,false,""
2024-05-11T09:00:00.000000,Italy,Italy,IT,63.51,105.31,86.74,86.6,,false,""
2024-05-11T10:00:00.000000,Italy,Italy,IT,60.22,101.82,87.37,87.2,,false,""
2024-05-11T11:00:00.000000,Italy,Italy,IT,59.99,101.67,87.42,87.31,,false,""
2024-05-11T12:00:00.000000,Italy,Italy,IT,61.81,103.8,87.02,86.91,,false,""
2024-05-11T13:00:00.000000,Italy,Italy,IT,64.48,106.73,86.49,86.49,,false,""
2024-05-11T14:00:00.000000,Italy,Italy,IT,75.11,119.35,83.93,83.38,,false,""
2024-05-11T15:00:00.000000,Italy,Italy,IT,102.18,149.82,78.52,76.43,,false,""
2024-05-11T16:00:00.000000,Italy,Italy,IT,123.5,174.61,73.22,68.75,,false,""
2024-05-11T17:00:00.000000,Italy,Italy,IT,152.08,207.83,65.79,58.93,,false,""
2024-05-11T18:00:00.000000,Italy,Italy,IT,158.02,213.26,64.6,56.09,,false,""
2024-05-11T19:00:00.000000,Italy,Italy,IT,167.03,225.29,62.48,53.52,,false,""
2024-05-11T20:00:00.000000,Italy,Italy,IT,160.44,217.97,64.63,53.48,,false,""
2024-05-11T21:00:00.000000,Italy,Italy,IT,148.67,203.69,67.82,54.37,,false,""
2024-05-11T22:00:00.000000,Italy,Italy,IT,143.79,196.8,69.84,56.24,,false,""
2024-05-11T23:00:00.000000,Italy,Italy,IT,139.47,190.89,71.48,57.43,,false,""
2024-05-12T00:00:00.000000,Italy,Italy,IT,138.38,189.32,71.72,57.21,,false,""
2024-05-12T01:00:00.000000,Italy,Italy,IT,144.31,197.43,70.4,56.21,,false,""
2024-05-12T02:00:00.000000,Italy,Italy,IT,146.73,199.55,69.97,56.24,,false,""
2024-05-12T03:00:00.000000,Italy,Italy,IT,144.15,196.1,70.61,56.71,,false,""
2024-05-12T04:00:00.000000,Italy,Italy,IT,145.52,198.23,70.22,58.8,,false,""
2024-05-12T05:00:00.000000,Italy,Italy,IT,127.59,177.84,73.55,66.25,,false,""
2024-05-12T06:00:00.000000,Italy,Italy,IT,104.01,149.76,78.71,75.22,,false,""
2024-05-12T07:00:00.000000,Italy,Italy,IT,82.89,126.28,82.35,79.91,,false,""
2024-05-12T08:00:00.000000,Italy,Italy,IT,72.97,116.66,84.8,83.3,,false,""
2024-05-12T09:00:00.000000,Italy,Italy,IT,67.32,111.32,85.88,84.56,,false,""
2024-05-12T10:00:00.000000,Italy,Italy,IT,71.12,116.51,85.02,83.77,,false,""
2024-05-12T11:00:00.000000,Italy,Italy,IT,67.54,112.18,85.83,84.47,,false,""
2024-05-12T12:00:00.000000,Italy,Italy,IT,69.48,114.27,85.44,84.07,,false,""
2024-05-12T13:00:00.000000,Italy,Italy,IT,73.44,118.19,84.59,83.37,,false,""
2024-05-12T14:00:00.000000,Italy,Italy,IT,86.51,132.64,81.53,80.55,,false,""
2024-05-12T15:00:00.000000,Italy,Italy,IT,106.94,155.8,77.8,75.2,,false,""
2024-05-12T16:00:00.000000,Italy,Italy,IT,125.12,175.71,73.33,66.39,,false,""
2024-05-12T17:00:00.000000,Italy,Italy,IT,144.07,196.3,68.46,59.39,,false,""
2024-05-12T18:00:00.000000,Italy,Italy,IT,151.83,205.09,66.36,56.42,,false,""
2024-05-12T19:00:00.000000,Italy,Italy,IT,149.16,201.81,67.49,55.34,,false,""
2024-05-12T20:00:00.000000,Italy,Italy,IT,157.45,213.5,65.82,52.44,,false,""
2024-05-12T21:00:00.000000,Italy,Italy,IT,156.63,212.81,66.4,52.58,,false,""
2024-05-12T22:00:00.000000,Italy,Italy,IT,160.76,219.55,65.18,51.46,,false,""
2024-05-12T23:00:00.000000,Italy,Italy,IT,158.51,217.37,65.82,51.64,,false,""
2024-05-13T00:00:00.000000,Italy,Italy,IT,150.65,206.83,68.22,52.47,,false,""
2024-05-13T01:00:00.000000,Italy,Italy,IT,149.26,205.14,68.49,51.8,,false,""
2024-05-13T02:00:00.000000,Italy,Italy,IT,158.15,216.29,66.03,50.29,,false,""
2024-05-13T03:00:00.000000,Italy,Italy,IT,165.17,224.53,64.05,49.58,,false,""
2024-05-13T04:00:00.000000,Italy,Italy,IT,165.72,224.78,63.05,51.74,,false,""
2024-05-13T05:00:00.000000,Italy,Italy,IT,161.96,218.76,63.59,54.01,,false,""
2024-05-13T06:00:00.000000,Italy,Italy,IT,145.61,198.87,67.26,57.79,,false,""
2024-05-13T07:00:00.000000,Italy,Italy,IT,134.07,185.73,70.03,61.69,,false,""
2024-05-13T08:00:00.000000,Italy,Italy,IT,121.63,172.32,73.09,65.45,,false,""
2024-05-13T09:00:00.000000,Italy,Italy,IT,116.81,166.79,74.59,67.34,,false,""
2024-05-13T10:00:00.000000,Italy,Italy,IT,105.73,153.86,77.68,72.0,,false,""
2024-05-13T11:00:00.000000,Italy,Italy,IT,100.52,147.85,79.03,73.55,,false,""
2024-05-13T12:00:00.000000,Italy,Italy,IT,107.11,155.36,77.63,71.89,,false,""
2024-05-13T13:00:00.000000,Italy,Italy,IT,117.73,168.26,74.81,68.63,,false,""
2024-05-13T14:00:00.000000,Italy,Italy,IT,134.57,188.18,70.37,63.57,,false,""
2024-05-13T15:00:00.000000,Italy,Italy,IT,159.04,218.94,64.17,57.55,,false,""
2024-05-13T16:00:00.000000,Italy,Italy,IT,177.92,241.92,59.4,51.5,,false,""
2024-05-13T17:00:00.000000,Italy,Italy,IT,199.99,266.78,53.74,46.08,,false,""
2024-05-13T18:00:00.000000,Italy,Italy,IT,206.55,273.13,52.34,43.74,,false,""
2024-05-13T19:00:00.000000,Italy,Italy,IT,208.83,277.84,51.85,42.53,,false,""
2024-05-13T20:00:00.000000,Italy,Italy,IT,201.62,269.55,53.93,42.92,,false,""
2024-05-13T21:00:00.000000,Italy,Italy,IT,198.05,264.92,55.2,44.15,,false,""
2024-05-13T22:00:00.000000,Italy,Italy,IT,195.44,262.66,55.49,45.64,,false,""
2024-05-13T23:00:00.000000,Italy,Italy,IT,192.33,259.46,56.58,45.61,,false,""
2024-05-14T00:00:00.000000,Italy,Italy,IT,185.55,250.77,58.48,46.36,,false,""
2024-05-14T01:00:00.000000,Italy,Italy,IT,182.82,247.7,59.18,46.26,,false,""
2024-05-14T02:00:00.000000,Italy,Italy,IT,186.65,252.65,58.17,45.98,,false,""
2024-05-14T03:00:00.000000,Italy,Italy,IT,187.34,252.96,57.93,46.65,,false,""
2024-05-14T04:00:00.000000,Italy,Italy,IT,188.46,254.04,57.1,47.44,,false,""
2024-05-14T05:00:00.000000,Italy,Italy,IT,185.77,249.76,57.37,48.84,,false,""
2024-05-14T06:00:00.000000,Italy,Italy,IT,170.51,231.84,60.86,53.54,,false,""
2024-05-14T07:00:00.000000,Italy,Italy,IT,154.62,213.37,64.99,58.18,,false,""
2024-05-14T08:00:00.000000,Italy,Italy,IT,136.1,191.0,69.97,64.1,,false,""
2024-05-14T09:00:00.000000,Italy,Italy,IT,127.46,181.12,71.94,66.45,,false,""
2024-05-14T10:00:00.000000,Italy,Italy,IT,118.43,170.26,73.87,69.02,,false,""
2024-05-14T11:00:00.000000,Italy,Italy,IT,117.38,169.0,73.99,68.94,,false,""
2024-05-14T12:00:00.000000,Italy,Italy,IT,124.28,177.29,72.25,67.36,,false,""
2024-05-14T13:00:00.000000,Italy,Italy,IT,129.09,182.84,71.04,65.69,,false,""
2024-05-14T14:00:00.000000,Italy,Italy,IT,130.33,183.44,70.75,63.75,,false,""
2024-05-14T15:00:00.000000,Italy,Italy,IT,150.93,208.3,65.99,57.98,,false,""
2024-05-14T16:00:00.000000,Italy,Italy,IT,193.94,260.9,55.5,48.63,,false,""
2024-05-14T17:00:00.000000,Italy,Italy,IT,210.11,279.36,51.62,44.57,,false,""
2024-05-14T18:00:00.000000,Italy,Italy,IT,211.49,280.13,50.94,42.83,,false,""
2024-05-14T19:00:00.000000,Italy,Italy,IT,214.43,284.53,50.3,42.49,,false,""
2024-05-14T20:00:00.000000,Italy,Italy,IT,212.34,282.93,51.17,42.55,,false,""
2024-05-14T21:00:00.000000,Italy,Italy,IT,205.08,274.08,53.13,43.81,,false,""
2024-05-14T22:00:00.000000,Italy,Italy,IT,196.7,263.59,55.49,45.51,,false,""
2024-05-14T23:00:00.000000,Italy,Italy,IT,196.32,263.21,55.95,45.64,,false,""
2024-05-15T00:00:00.000000,Italy,Italy,IT,191.73,259.27,56.5,46.0,,false,""
2024-05-15T01:00:00.000000,Italy,Italy,IT,188.93,256.04,57.09,46.4,,false,""
2024-05-15T02:00:00.000000,Italy,Italy,IT,185.29,250.88,57.98,47.36,,false,""
2024-05-15T03:00:00.000000,Italy,Italy,IT,191.66,258.46,56.22,47.29,,false,""
2024-05-15T04:00:00.000000,Italy,Italy,IT,203.83,273.07,52.9,44.88,,false,""
2024-05-15T05:00:00.000000,Italy,Italy,IT,197.66,263.85,54.21,46.55,,false,""
2024-05-15T06:00:00.000000,Italy,Italy,IT,185.66,248.29,57.02,49.28,,false,""
2024-05-15T07:00:00.000000,Italy,Italy,IT,177.22,239.31,58.99,51.85,,false,""
2024-05-15T08:00:00.000000,Italy,Italy,IT,168.49,230.07,61.12,54.43,,false,""
2024-05-15T09:00:00.000000,Italy,Italy,IT,157.54,217.05,63.79,57.67,,false,""
2024-05-15T10:00:00.000000,Italy,Italy,IT,155.5,215.53,63.96,58.71,,false,""
2024-05-15T11:00:00.000000,Italy,Italy,IT,152.01,211.27,64.76,59.43,,false,""
2024-05-15T12:00:00.000000,Italy,Italy,IT,150.07,208.59,65.2,60.22,,false,""
2024-05-15T13:00:00.000000,Italy,Italy,IT,151.22,210.18,64.94,59.0,,false,""
2024-05-15T14:00:00.000000,Italy,Italy,IT,160.33,220.87,62.91,56.43,,false,""
2024-05-15T15:00:00.000000,Italy,Italy,IT,172.47,235.41,60.22,52.92,,false,""
2024-05-15T16:00:00.000000,Italy,Italy,IT,187.18,252.75,56.31,49.46,,false,""
2024-05-15T17:00:00.000000,Italy,Italy,IT,202.19,270.44,52.65,45.71,,false,""
2024-05-15T18:00:00.000000,Italy,Italy,IT,207.59,276.14,51.53,44.35,,false,""
2024-05-15T19:00:00.000000,Italy,Italy,IT,209.93,279.98,50.95,43.2,,false,""
2024-05-15T20:00:00.000000,Italy,Italy,IT,199.22,267.04,54.05,45.69,,false,""
2024-05-15T21:00:00.000000,Italy,Italy,IT,188.47,253.8,57.21,47.99,,false,""
2024-05-15T22:00:00.000000,Italy,Italy,IT,171.28,232.71,61.5,51.64,,false,""
2024-05-15T23:00:00.000000,Italy,Italy,IT,160.89,219.68,64.23,53.42,,false,""
2024-05-16T00:00:00.000000,Italy,Italy,IT,159.95,217.78,64.73,53.4,,false,""
2024-05-16T01:00:00.000000,Italy,Italy,IT,148.18,202.94,67.64,54.22,,false,""
2024-05-16T02:00:00.000000,Italy,Italy,IT,149.23,204.43,67.51,53.72,,false,""
2024-05-16T03:00:00.000000,Italy,Italy,IT,153.8,209.34,66.28,53.49,,false,""
2024-05-16T04:00:00.000000,Italy,Italy,IT,173.26,233.64,60.83,50.47,,false,""
2024-05-16T05:00:00.000000,Italy,Italy,IT,171.31,230.33,61.1,52.92,,false,""
2024-05-16T06:00:00.000000,Italy,Italy,IT,161.22,217.36,63.57,56.42,,false,""
2024-05-16T07:00:00.000000,Italy,Italy,IT,150.56,205.59,66.14,59.09,,false,""
2024-05-16T08:00:00.000000,Italy,Italy,IT,144.99,200.33,67.38,60.57,,false,""
2024-05-16T09:00:00.000000,Italy,Italy,IT,135.92,189.55,69.65,63.32,,false,""
2024-05-16T10:00:00.000000,Italy,Italy,IT,119.35,169.48,73.76,68.0,,false,""
2024-05-16T11:00:00.000000,Italy,Italy,IT,114.78,164.29,74.9,69.06,,false,""
2024-05-16T12:00:00.000000,Italy,Italy,IT,116.96,166.95,74.2,68.46,,false,""
2024-05-16T13:00:00.000000,Italy,Italy,IT,117.09,166.86,73.87,67.81,,false,""
2024-05-16T14:00:00.000000,Italy,Italy,IT,124.13,175.09,72.15,65.21,,false,""
2024-05-16T15:00:00.000000,Italy,Italy,IT,143.83,198.33,67.84,60.24,,false,""
2024-05-16T16:00:00.000000,Italy,Italy,IT,170.77,230.42,61.4,54.21,,false,""
2024-05-16T17:00:00.000000,Italy,Italy,IT,184.9,245.36,58.38,51.18,,false,""
2024-05-16T18:00:00.000000,Italy,Italy,IT,196.44,257.8,55.64,48.29,,false,""
2024-05-16T19:00:00.000000,Italy,Italy,IT,194.3,257.27,56.24,48.5,,false,""
2024-05-16T20:00:00.000000,Italy,Italy,IT,181.69,242.73,59.71,51.42,,false,""
2024-05-16T21:00:00.000000,Italy,Italy,IT,170.49,228.84,62.7,53.83,,false,""
2024-05-16T22:00:00.000000,Italy,Italy,IT,167.41,224.37,64.25,54.5,,false,""
2024-05-16T23:00:00.000000,Italy,Italy,IT,171.44,229.29,63.63,53.09,,false,""
2024-05-17T00:00:00.000000,Italy,Italy,IT,176.77,235.95,62.56,52.12,,false,""
2024-05-17T01:00:00.000000,Italy,Italy,IT,183.72,245.74,60.77,50.33,,false,""
2024-05-17T02:00:00.000000,Italy,Italy,IT,184.04,245.47,60.42,49.97,,false,""
2024-05-17T03:00:00.000000,Italy,Italy,IT,188.57,250.78,59.32,48.93,,false,""
2024-05-17T04:00:00.000000,Italy,Italy,IT,184.6,246.31,59.47,49.72,,false,""
2024-05-17T05:00:00.000000,Italy,Italy,IT,175.19,233.24,61.3,53.35,,false,""
2024-05-17T06:00:00.000000,Italy,Italy,IT,157.34,210.74,65.39,58.29,,false,""
2024-05-17T07:00:00.000000,Italy,Italy,IT,139.88,192.84,69.22,62.53,,false,""
2024-05-17T08:00:00.000000,Italy,Italy,IT,125.43,175.66,73.1,66.59,,false,""
2024-05-17T09:00:00.000000,Italy,Italy,IT,107.54,153.88,77.67,71.46,,false,""
2024-05-17T10:00:00.000000,Italy,Italy,IT,91.64,135.64,81.34,75.7,,false,""
2024-05-17T11:00:00.000000,Italy,Italy,IT,89.35,133.11,81.75,75.8,,false,""
2024-05-17T12:00:00.000000,Italy,Italy,IT,90.56,134.5,81.47,75.09,,false,""
2024-05-17T13:00:00.000000,Italy,Italy,IT,94.46,138.82,80.67,73.56,,false,""
2024-05-17T14:00:00.000000,Italy,Italy,IT,107.41,154.25,77.47,70.24,,false,""
2024-05-17T15:00:00.000000,Italy,Italy,IT,134.2,187.57,70.46,63.19,,false,""
2024-05-17T16:00:00.000000,Italy,Italy,IT,171.16,232.21,61.29,53.83,,false,""
2024-05-17T17:00:00.000000,Italy,Italy,IT,202.48,268.82,53.95,46.51,,false,""
2024-05-17T18:00:00.000000,Italy,Italy,IT,212.13,279.75,51.83,44.33,,false,""
2024-05-17T19:00:00.000000,Italy,Italy,IT,211.02,279.77,52.27,44.51,,false,""
2024-05-17T20:00:00.000000,Italy,Italy,IT,205.74,273.24,54.04,44.87,,false,""
2024-05-17T21:00:00.000000,Italy,Italy,IT,197.1,262.94,56.15,45.83,,false,""
2024-05-17T22:00:00.000000,Italy,Italy,IT,184.84,246.35,59.87,49.29,,false,""
2024-05-17T23:00:00.000000,Italy,Italy,IT,173.61,232.76,62.7,50.65,,false,""
2024-05-18T00:00:00.000000,Italy,Italy,IT,173.12,232.62,63.03,50.55,,false,""
2024-05-18T01:00:00.000000,Italy,Italy,IT,175.74,235.61,62.62,50.03,,false,""
2024-05-18T02:00:00.000000,Italy,Italy,IT,172.37,231.11,63.7,51.03,,false,""
2024-05-18T03:00:00.000000,Italy,Italy,IT,171.71,229.99,63.98,51.04,,false,""
2024-05-18T04:00:00.000000,Italy,Italy,IT,168.58,225.74,64.87,53.2,,false,""
2024-05-18T05:00:00.000000,Italy,Italy,IT,146.1,198.42,69.98,59.39,,false,""
2024-05-18T06:00:00.000000,Italy,Italy,IT,124.57,172.8,74.9,65.92,,false,""
2024-05-18T07:00:00.000000,Italy,Italy,IT,110.6,157.49,78.05,71.3,,false,""
2024-05-18T08:00:00.000000,Italy,Italy,IT,103.04,149.7,79.45,75.08,,false,""
2024-05-18T09:00:00.000000,Italy,Italy,IT,96.72,144.25,79.7,77.82,,false,""
2024-05-18T10:00:00.000000,Italy,Italy,IT,105.18,154.72,77.51,77.06,,false,""
2024-05-18T11:00:00.000000,Italy,Italy,IT,108.32,157.55,76.88,76.41,,false,""
2024-05-18T12:00:00.000000,Italy,Italy,IT,109.25,158.66,77.18,76.93,,false,""
2024-05-18T13:00:00.000000,Italy,Italy,IT,109.77,160.14,76.83,75.96,,false,""
2024-05-18T14:00:00.000000,Italy,Italy,IT,118.75,169.76,74.76,72.77,,false,""
2024-05-18T15:00:00.000000,Italy,Italy,IT,142.66,198.42,69.09,65.76,,false,""
2024-05-18T16:00:00.000000,Italy,Italy,IT,157.67,216.44,64.86,59.07,,false,""
2024-05-18T17:00:00.000000,Italy,Italy,IT,169.46,229.92,61.58,53.74,,false,""
2024-05-18T18:00:00.000000,Italy,Italy,IT,177.35,238.16,60.19,52.1,,false,""
2024-05-18T19:00:00.000000,Italy,Italy,IT,182.04,244.17,59.22,49.86,,false,""
2024-05-18T20:00:00.000000,Italy,Italy,IT,175.22,236.33,61.31,50.37,,false,""
2024-05-18T21:00:00.000000,Italy,Italy,IT,178.16,240.69,61.01,50.1,,false,""
2024-05-18T22:00:00.000000,Italy,Italy,IT,173.54,233.42,62.62,50.69,,false,""
2024-05-18T23:00:00.000000,Italy,Italy,IT,161.93,219.06,66.16,53.34,,false,""
2024-05-19T00:00:00.000000,Italy,Italy,IT,148.59,202.79,69.7,56.92,,false,""
2024-05-19T01:00:00.000000,Italy,Italy,IT,138.15,189.79,72.31,58.97,,false,""
2024-05-19T02:00:00.000000,Italy,Italy,IT,137.54,189.61,72.21,59.19,,false,""
2024-05-19T03:00:00.000000,Italy,Italy,IT,143.14,196.99,71.08,58.09,,false,""
2024-05-19T04:00:00.000000,Italy,Italy,IT,140.46,193.7,71.71,58.77,,false,""
2024-05-19T05:00:00.000000,Italy,Italy,IT,129.09,179.95,74.15,62.39,,false,""
2024-05-19T06:00:00.000000,Italy,Italy,IT,114.49,163.59,77.17,68.18,,false,""
2024-05-19T07:00:00.000000,Italy,Italy,IT,105.03,153.03,79.06,73.96,,false,""
2024-05-19T08:00:00.000000,Italy,Italy,IT,103.21,151.56,79.22,75.83,,false,""
2024-05-19T09:00:00.000000,Italy,Italy,IT,88.78,135.89,81.49,80.91,,false,""
2024-05-19T10:00:00.000000,Italy,Italy,IT,90.46,139.14,81.02,80.88,,false,""
2024-05-19T11:00:00.000000,Italy,Italy,IT,89.94,138.8,81.06,80.87,,false,""
2024-05-19T12:00:00.000000,Italy,Italy,IT,91.8,140.76,80.6,80.37,,false,""
2024-05-19T13:00:00.000000,Italy,Italy,IT,93.29,141.49,80.28,80.03,,false,""
2024-05-19T14:00:00.000000,Italy,Italy,IT,96.71,144.75,79.4,77.69,,false,""
2024-05-19T15:00:00.000000,Italy,Italy,IT,114.47,166.11,75.36,70.69,,false,""
2024-05-19T16:00:00.000000,Italy,Italy,IT,139.81,194.33,69.95,62.86,,false,""
2024-05-19T17:00:00.000000,Italy,Italy,IT,162.72,219.38,64.47,55.36,,false,""
2024-05-19T18:00:00.000000,Italy,Italy,IT,170.58,228.61,62.39,52.17,,false,""
2024-05-19T19:00:00.000000,Italy,Italy,IT,174.32,232.9,61.74,51.45,,false,""
2024-05-19T20:00:00.000000,Italy,Italy,IT,182.92,244.27,60.19,49.64,,false,""
2024-05-19T21:00:00.000000,Italy,Italy,IT,176.52,237.23,61.95,49.44,,false,""
2024-05-19T22:00:00.000000,Italy,Italy,IT,164.24,222.77,65.29,52.3,,false,""
2024-05-19T23:00:00.000000,Italy,Italy,IT,158.34,215.92,67.1,53.69,,false,""
2024-05-20T00:00:00.000000,Italy,Italy,IT,157.31,213.52,67.92,53.9,,false,""
2024-05-20T01:00:00.000000,Italy,Italy,IT,151.83,207.8,69.16,54.93,,false,""
2024-05-20T02:00:00.000000,Italy,Italy,IT,154.36,210.85,68.61,55.83,,false,""
2024-05-20T03:00:00.000000,Italy,Italy,IT,162.97,220.93,66.18,54.36,,false,""
2024-05-20T04:00:00.000000,Italy,Italy,IT,169.87,229.89,63.19,53.05,,false,""
2024-05-20T05:00:00.000000,Italy,Italy,IT,165.55,224.7,63.75,54.78,,false,""
2024-05-20T06:00:00.000000,Italy,Italy,IT,160.82,218.22,64.84,56.01,,false,""
2024-05-20T07:00:00.000000,Italy,Italy,IT,151.88,207.39,67.27,58.93,,false,""
2024-05-20T08:00:00.000000,Italy,Italy,IT,135.58,188.31,71.5,64.92,,false,""
2024-05-20T09:00:00.000000,Italy,Italy,IT,128.41,180.06,73.58,68.29,,false,""
2024-05-20T10:00:00.000000,Italy,Italy,IT,124.39,176.11,74.5,69.66,,false,""
2024-05-20T11:00:00.000000,Italy,Italy,IT,125.95,177.51,74.19,69.36,,false,""
2024-05-20T12:00:00.000000,Italy,Italy,IT,130.62,182.93,72.97,67.7,,false,""
2024-05-20T13:00:00.000000,Italy,Italy,IT,133.72,186.31,72.06,65.92,,false,""
2024-05-20T14:00:00.000000,Italy,Italy,IT,143.79,197.73,69.66,62.92,,false,""
2024-05-20T15:00:00.000000,Italy,Italy,IT,169.79,229.18,63.44,56.06,,false,""
2024-05-20T16:00:00.000000,Italy,Italy,IT,192.95,257.35,57.73,50.52,,false,""
2024-05-20T17:00:00.000000,Italy,Italy,IT,199.99,264.76,55.68,48.36,,false,""
2024-05-20T18:00:00.000000,Italy,Italy,IT,204.41,268.77,54.83,46.85,,false,""
2024-05-20T19:00:00.000000,Italy,Italy,IT,206.95,272.55,54.39,45.69,,false,""
2024-05-20T20:00:00.000000,Italy,Italy,IT,195.6,259.81,57.29,47.64,,false,""
2024-05-20T21:00:00.000000,Italy,Italy,IT,189.54,252.03,59.42,48.23,,false,""
2024-05-20T22:00:00.000000,Italy,Italy,IT,173.04,231.41,63.7,51.02,,false,""
2024-05-20T23:00:00.000000,Italy,Italy,IT,174.09,233.32,63.76,50.93,,false,""
2024-05-21T00:00:00.000000,Italy,Italy,IT,167.24,224.69,65.57,52.41,,false,""
2024-05-21T01:00:00.000000,Italy,Italy,IT,166.67,224.17,65.75,52.38,,false,""
2024-05-21T02:00:00.000000,Italy,Italy,IT,149.1,201.96,69.7,56.43,,false,""
2024-05-21T03:00:00.000000,Italy,Italy,IT,140.41,190.93,71.63,59.45,,false,""
2024-05-21T04:00:00.000000,Italy,Italy,IT,147.7,199.3,69.51,59.31,,false,""
2024-05-21T05:00:00.000000,Italy,Italy,IT,147.25,198.4,69.13,59.82,,false,""
2024-05-21T06:00:00.000000,Italy,Italy,IT,142.29,192.14,69.99,61.45,,false,""
2024-05-21T07:00:00.000000,Italy,Italy,IT,129.52,177.32,72.98,65.0,,false,""
2024-05-21T08:00:00.000000,Italy,Italy,IT,116.83,162.58,75.87,68.54,,false,""
2024-05-21T09:00:00.000000,Italy,Italy,IT,102.36,146.13,78.91,71.85,,false,""
2024-05-21T10:00:00.000000,Italy,Italy,IT,87.61,127.94,82.44,75.89,,false,""
2024-05-21T11:00:00.000000,Italy,Italy,IT,84.47,125.41,82.71,75.86,,false,""
2024-05-21T12:00:00.000000,Italy,Italy,IT,88.53,130.43,81.8,75.41,,false,""
2024-05-21T13:00:00.000000,Italy,Italy,IT,90.94,133.26,81.33,74.56,,false,""
2024-05-21T14:00:00.000000,Italy,Italy,IT,102.74,147.12,78.86,72.27,,false,""
2024-05-21T15:00:00.000000,Italy,Italy,IT,119.63,167.89,75.02,69.1,,false,""
2024-05-21T16:00:00.000000,Italy,Italy,IT,138.5,189.61,70.51,63.49,,false,""
2024-05-21T17:00:00.000000,Italy,Italy,IT,161.22,215.37,64.92,57.38,,false,""
2024-05-21T18:00:00.000000,Italy,Italy,IT,166.88,220.78,63.66,55.47,,false,""
2024-05-21T19:00:00.000000,Italy,Italy,IT,162.28,217.13,64.7,55.38,,false,""
2024-05-21T20:00:00.000000,Italy,Italy,IT,150.81,203.12,68.17,57.79,,false,""
2024-05-21T21:00:00.000000,Italy,Italy,IT,144.54,195.08,70.14,59.48,,false,""
2024-05-21T22:00:00.000000,Italy,Italy,IT,132.9,181.39,72.82,61.33,,false,""
2024-05-21T23:00:00.000000,Italy,Italy,IT,125.36,172.39,74.57,62.19,,false,""
2024-05-22T00:00:00.000000,Italy,Italy,IT,130.97,179.26,73.6,61.63,,false,""
2024-05-22T01:00:00.000000,Italy,Italy,IT,130.81,179.22,73.78,62.25,,false,""
2024-05-22T02:00:00.000000,Italy,Italy,IT,133.15,181.28,73.38,61.71,,false,""
2024-05-22T03:00:00.000000,Italy,Italy,IT,135.64,183.97,72.45,60.48,,false,""
2024-05-22T04:00:00.000000,Italy,Italy,IT,142.3,192.68,70.18,59.49,,false,""
2024-05-22T05:00:00.000000,Italy,Italy,IT,140.4,190.53,70.19,61.97,,false,""
2024-05-22T06:00:00.000000,Italy,Italy,IT,128.62,176.91,72.76,66.11,,false,""
2024-05-22T07:00:00.000000,Italy,Italy,IT,115.35,162.04,75.84,69.96,,false,""
2024-05-22T08:00:00.000000,Italy,Italy,IT,101.25,145.62,79.17,73.63,,false,""
2024-05-22T09:00:00.000000,Italy,Italy,IT,93.91,137.19,80.57,75.33,,false,""
2024-05-22T10:00:00.000000,Italy,Italy,IT,84.1,125.91,82.61,77.44,,false,""
2024-05-22T11:00:00.000000,Italy,Italy,IT,81.18,122.47,83.28,78.02,,false,""
2024-05-22T12:00:00.000000,Italy,Italy,IT,90.61,133.11,81.1,75.35,,false,""
2024-05-22T13:00:00.000000,Italy,Italy,IT,95.92,138.34,80.23,74.09,,false,""
2024-05-22T14:00:00.000000,Italy,Italy,IT,111.77,157.91,76.58,69.99,,false,""
2024-05-22T15:00:00.000000,Italy,Italy,IT,127.25,176.19,73.42,66.41,,false,""
2024-05-22T16:00:00.000000,Italy,Italy,IT,152.12,206.88,67.23,59.55,,false,""
2024-05-22T17:00:00.000000,Italy,Italy,IT,170.96,228.27,62.78,54.88,,false,""
2024-05-22T18:00:00.000000,Italy,Italy,IT,181.52,239.83,60.51,52.25,,false,""
2024-05-22T19:00:00.000000,Italy,Italy,IT,185.46,245.36,59.81,51.62,,false,""
2024-05-22T20:00:00.000000,Italy,Italy,IT,173.63,231.94,62.98,53.59,,false,""
2024-05-22T21:00:00.000000,Italy,Italy,IT,167.81,224.75,65.11,54.9,,false,""
2024-05-22T22:00:00.000000,Italy,Italy,IT,149.03,202.12,68.89,56.83,,false,""
2024-05-22T23:00:00.000000,Italy,Italy,IT,138.29,190.65,70.82,58.0,,false,""
2024-05-23T00:00:00.000000,Italy,Italy,IT,138.99,191.68,70.77,57.41,,false,""
2024-05-23T01:00:00.000000,Italy,Italy,IT,141.4,194.48,70.36,57.47,,false,""
2024-05-23T02:00:00.000000,Italy,Italy,IT,141.6,194.58,70.11,57.58,,false,""
2024-05-23T03:00:00.000000,Italy,Italy,IT,146.71,201.0,68.7,56.59,,false,""
2024-05-23T04:00:00.000000,Italy,Italy,IT,157.02,213.81,65.76,55.26,,false,""
2024-05-23T05:00:00.000000,Italy,Italy,IT,160.03,217.33,64.64,56.0,,false,""
2024-05-23T06:00:00.000000,Italy,Italy,IT,145.92,200.4,67.68,59.74,,false,""
2024-05-23T07:00:00.000000,Italy,Italy,IT,131.54,183.63,71.46,63.44,,false,""
2024-05-23T08:00:00.000000,Italy,Italy,IT,118.79,168.73,74.62,67.11,,false,""
2024-05-23T09:00:00.000000,Italy,Italy,IT,108.53,156.4,77.21,69.97,,false,""
2024-05-23T10:00:00.000000,Italy,Italy,IT,100.43,147.08,79.32,72.52,,false,""
2024-05-23T11:00:00.000000,Italy,Italy,IT,101.4,148.14,78.98,72.02,,false,""
2024-05-23T12:00:00.000000,Italy,Italy,IT,106.35,153.34,77.77,71.08,,false,""
2024-05-23T13:00:00.000000,Italy,Italy,IT,110.83,158.54,76.78,69.16,,false,""
2024-05-23T14:00:00.000000,Italy,Italy,IT,121.62,171.74,73.96,66.38,,false,""
2024-05-23T15:00:00.000000,Italy,Italy,IT,135.87,189.64,70.03,62.5,,false,""
2024-05-23T16:00:00.000000,Italy,Italy,IT,167.71,228.5,61.81,53.59,,false,""
2024-05-23T17:00:00.000000,Italy,Italy,IT,195.68,261.04,55.02,47.36,,false,""
2024-05-23T18:00:00.000000,Italy,Italy,IT,210.67,278.69,51.58,44.04,,false,""
2024-05-23T19:00:00.000000,Italy,Italy,IT,211.41,281.43,51.2,43.67,,false,""
2024-05-23T20:00:00.000000,Italy,Italy,IT,211.13,282.56,51.39,43.25,,false,""
2024-05-23T21:00:00.000000,Italy,Italy,IT,191.71,258.17,56.54,46.2,,false,""
2024-05-23T22:00:00.000000,Italy,Italy,IT,176.31,238.31,61.06,49.23,,false,""
2024-05-23T23:00:00.000000,Italy,Italy,IT,168.72,228.36,63.46,50.46,,false,""
2024-05-24T00:00:00.000000,Italy,Italy,IT,168.97,228.29,63.55,50.08,,false,""
2024-05-24T01:00:00.000000,Italy,Italy,IT,168.66,228.9,63.57,50.25,,false,""
2024-05-24T02:00:00.000000,Italy,Italy,IT,170.68,231.36,63.08,50.08,,false,""
2024-05-24T03:00:00.000000,Italy,Italy,IT,171.93,232.16,62.65,50.51,,false,""
2024-05-24T04:00:00.000000,Italy,Italy,IT,177.47,238.79,60.82,50.03,,false,""
2024-05-24T05:00:00.000000,Italy,Italy,IT,171.14,229.69,62.46,53.26,,false,""
2024-05-24T06:00:00.000000,Italy,Italy,IT,149.32,204.01,66.94,59.11,,false,""
2024-05-24T07:00:00.000000,Italy,Italy,IT,134.12,187.87,70.29,63.33,,false,""
2024-05-24T08:00:00.000000,Italy,Italy,IT,113.44,162.55,75.54,68.74,,false,""
2024-05-24T09:00:00.000000,Italy,Italy,IT,103.9,151.27,77.93,71.42,,false,""
2024-05-24T10:00:00.000000,Italy,Italy,IT,97.03,143.66,79.66,73.64,,false,""
2024-05-24T11:00:00.000000,Italy,Italy,IT,97.96,144.59,79.64,73.69,,false,""
2024-05-24T12:00:00.000000,Italy,Italy,IT,106.78,155.41,77.51,71.29,,false,""
2024-05-24T13:00:00.000000,Italy,Italy,IT,114.41,164.15,75.85,69.33,,false,""
2024-05-24T14:00:00.000000,Italy,Italy,IT,132.11,184.19,71.81,64.37,,false,""
2024-05-24T15:00:00.000000,Italy,Italy,IT,156.28,213.49,65.85,58.14,,false,""
2024-05-24T16:00:00.000000,Italy,Italy,IT,183.61,247.2,58.96,50.86,,false,""
2024-05-24T17:00:00.000000,Italy,Italy,IT,203.8,271.72,53.79,45.28,,false,""
2024-05-24T18:00:00.000000,Italy,Italy,IT,212.06,279.27,52.27,43.83,,false,""
2024-05-24T19:00:00.000000,Italy,Italy,IT,208.59,276.36,52.93,44.55,,false,""
2024-05-24T20:00:00.000000,Italy,Italy,IT,207.19,275.93,53.58,44.75,,false,""
2024-05-24T21:00:00.000000,Italy,Italy,IT,205.1,273.84,54.28,44.68,,false,""
2024-05-24T22:00:00.000000,Italy,Italy,IT,194.65,259.89,57.37,46.52,,false,""
2024-05-24T23:00:00.000000,Italy,Italy,IT,190.83,254.96,58.71,47.56,,false,""
2024-05-25T00:00:00.000000,Italy,Italy,IT,184.31,247.38,60.28,48.52,,false,""
2024-05-25T01:00:00.000000,Italy,Italy,IT,184.08,247.2,60.38,48.21,,false,""
2024-05-25T02:00:00.000000,Italy,Italy,IT,176.78,237.52,62.57,50.11,,false,""
2024-05-25T03:00:00.000000,Italy,Italy,IT,177.51,238.65,62.18,49.54,,false,""
2024-05-25T04:00:00.000000,Italy,Italy,IT,166.43,225.16,64.48,52.17,,false,""
2024-05-25T05:00:00.000000,Italy,Italy,IT,149.93,205.25,68.03,56.47,,false,""
2024-05-25T06:00:00.000000,Italy,Italy,IT,135.86,189.1,70.89,61.47,,false,""
2024-05-25T07:00:00.000000,Italy,Italy,IT,124.48,175.52,73.84,65.85,,false,""
2024-05-25T08:00:00.000000,Italy,Italy,IT,116.58,166.3,75.95,69.89,,false,""
2024-05-25T09:00:00.000000,Italy,Italy,IT,111.58,160.79,77.38,73.16,,false,""
2024-05-25T10:00:00.000000,Italy,Italy,IT,106.33,154.14,78.42,74.5,,false,""
2024-05-25T11:00:00.000000,Italy,Italy,IT,105.46,154.36,78.55,75.37,,false,""
2024-05-25T12:00:00.000000,Italy,Italy,IT,119.62,170.61,75.32,72.38,,false,""
2024-05-25T13:00:00.000000,Italy,Italy,IT,124.27,175.55,74.5,70.43,,false,""
2024-05-25T14:00:00.000000,Italy,Italy,IT,122.86,174.03,75.0,68.83,,false,""
2024-05-25T15:00:00.000000,Italy,Italy,IT,133.5,186.47,72.6,64.59,,false,""
2024-05-25T16:00:00.000000,Italy,Italy,IT,147.08,202.42,68.26,59.26,,false,""
2024-05-25T17:00:00.000000,Italy,Italy,IT,171.45,232.1,61.74,52.63,,false,""
2024-05-25T18:00:00.000000,Italy,Italy,IT,185.49,247.12,58.57,49.02,,false,""
2024-05-25T19:00:00.000000,Italy,Italy,IT,187.18,250.01,58.31,48.37,,false,""
2024-05-25T20:00:00.000000,Italy,Italy,IT,184.89,248.01,59.08,49.17,,false,""
2024-05-25T21:00:00.000000,Italy,Italy,IT,177.8,238.35,61.73,51.22,,false,""
2024-05-25T22:00:00.000000,Italy,Italy,IT,163.69,221.22,65.36,54.89,,false,""
2024-05-25T23:00:00.000000,Italy,Italy,IT,144.19,196.7,70.11,58.64,,false,""
2024-05-26T00:00:00.000000,Italy,Italy,IT,138.0,188.53,71.93,59.62,,false,""
2024-05-26T01:00:00.000000,Italy,Italy,IT,137.75,188.91,72.19,60.2,,false,""
2024-05-26T02:00:00.000000,Italy,Italy,IT,131.02,179.62,74.18,61.63,,false,""
2024-05-26T03:00:00.000000,Italy,Italy,IT,141.04,192.86,71.61,60.23,,false,""
2024-05-26T04:00:00.000000,Italy,Italy,IT,137.43,189.07,72.29,62.19,,false,""
2024-05-26T05:00:00.000000,Italy,Italy,IT,122.28,171.35,75.62,68.55,,false,""
2024-05-26T06:00:00.000000,Italy,Italy,IT,96.58,140.87,81.57,76.95,,false,""
2024-05-26T07:00:00.000000,Italy,Italy,IT,66.31,108.33,86.89,84.19,,false,""
2024-05-26T08:00:00.000000,Italy,Italy,IT,62.71,103.99,87.97,86.69,,false,""
2024-05-26T09:00:00.000000,Italy,Italy,IT,67.07,109.85,86.83,86.45,,false,""
2024-05-26T10:00:00.000000,Italy,Italy,IT,65.15,107.92,87.33,86.89,,false,""
2024-05-26T11:00:00.000000,Italy,Italy,IT,60.39,102.75,88.11,87.31,,false,""
2024-05-26T12:00:00.000000,Italy,Italy,IT,65.42,109.1,86.85,85.47,,false,""
2024-05-26T13:00:00.000000,Italy,Italy,IT,70.94,115.7,85.73,84.24,,false,""
2024-05-26T14:00:00.000000,Italy,Italy,IT,79.46,125.58,83.75,80.97,,false,""
2024-05-26T15:00:00.000000,Italy,Italy,IT,95.47,141.88,80.93,76.77,,false,""
2024-05-26T16:00:00.000000,Italy,Italy,IT,115.02,164.61,76.0,69.68,,false,""
2024-05-26T17:00:00.000000,Italy,Italy,IT,140.09,192.05,70.25,61.75,,false,""
2024-05-26T18:00:00.000000,Italy,Italy,IT,155.53,209.81,66.48,56.91,,false,""
2024-05-26T19:00:00.000000,Italy,Italy,IT,158.54,212.86,65.94,55.23,,false,""
2024-05-26T20:00:00.000000,Italy,Italy,IT,159.02,214.44,66.1,55.23,,false,""
2024-05-26T21:00:00.000000,Italy,Italy,IT,163.67,221.99,65.07,53.67,,false,""
2024-05-26T22:00:00.000000,Italy,Italy,IT,152.08,206.81,68.27,54.89,,false,""
2024-05-26T23:00:00.000000,Italy,Italy,IT,142.86,196.04,71.1,56.51,,false,""
2024-05-27T00:00:00.000000,Italy,Italy,IT,143.0,196.05,71.34,57.14,,false,""
2024-05-27T01:00:00.000000,Italy,Italy,IT,145.7,199.5,70.7,56.57,,false,""
2024-05-27T02:00:00.000000,Italy,Italy,IT,141.58,194.82,71.65,57.35,,false,""
2024-05-27T03:00:00.000000,Italy,Italy,IT,145.39,198.62,70.25,56.7,,false,""
2024-05-27T04:00:00.000000,Italy,Italy,IT,150.59,204.62,68.35,56.71,,false,""
2024-05-27T05:00:00.000000,Italy,Italy,IT,156.38,211.02,66.64,57.33,,false,""
2024-05-27T06:00:00.000000,Italy,Italy,IT,149.67,203.7,67.51,59.42,,false,""
2024-05-27T07:00:00.000000,Italy,Italy,IT,136.02,187.75,70.9,63.24,,false,""
2024-05-27T08:00:00.000000,Italy,Italy,IT,123.89,173.79,74.03,66.53,,false,""
2024-05-27T09:00:00.000000,Italy,Italy,IT,112.72,160.57,76.71,69.13,,false,""
2024-05-27T10:00:00.000000,Italy,Italy,IT,108.84,156.38,77.55,70.39,,false,""
2024-05-27T11:00:00.000000,Italy,Italy,IT,105.24,151.81,78.45,71.32,,false,""
2024-05-27T12:00:00.000000,Italy,Italy,IT,109.98,157.61,77.1,70.28,,false,""
2024-05-27T13:00:00.000000,Italy,Italy,IT,123.3,173.56,73.82,66.88,,false,""
2024-05-27T14:00:00.000000,Italy,Italy,IT,146.68,201.69,68.32,61.16,,false,""
2024-05-27T15:00:00.000000,Italy,Italy,IT,170.1,230.55,62.18,55.3,,false,""
2024-05-27T16:00:00.000000,Italy,Italy,IT,202.09,270.15,54.01,47.56,,false,""
2024-05-27T17:00:00.000000,Italy,Italy,IT,215.3,284.62,50.66,43.67,,false,""
2024-05-27T18:00:00.000000,Italy,Italy,IT,218.17,287.35,50.15,42.58,,false,""
2024-05-27T19:00:00.000000,Italy,Italy,IT,218.9,288.1,50.28,42.07,,false,""
2024-05-27T20:00:00.000000,Italy,Italy,IT,215.4,286.17,51.21,42.21,,false,""
2024-05-27T21:00:00.000000,Italy,Italy,IT,210.52,280.57,52.47,43.1,,false,""
2024-05-27T22:00:00.000000,Italy,Italy,IT,193.87,258.93,57.0,45.64,,false,""
2024-05-27T23:00:00.000000,Italy,Italy,IT,186.33,250.45,58.96,46.61,,false,""
2024-05-28T00:00:00.000000,Italy,Italy,IT,181.41,244.09,60.39,47.65,,false,""
2024-05-28T01:00:00.000000,Italy,Italy,IT,177.5,239.61,61.31,48.19,,false,""
2024-05-28T02:00:00.000000,Italy,Italy,IT,174.35,236.18,61.78,49.12,,false,""
2024-05-28T03:00:00.000000,Italy,Italy,IT,180.42,243.44,60.31,48.53,,false,""
2024-05-28T04:00:00.000000,Italy,Italy,IT,188.76,253.32,57.91,48.47,,false,""
2024-05-28T05:00:00.000000,Italy,Italy,IT,182.78,245.34,59.14,50.97,,false,""
2024-05-28T06:00:00.000000,Italy,Italy,IT,171.95,232.15,61.25,53.91,,false,""
2024-05-28T07:00:00.000000,Italy,Italy,IT,162.45,221.45,63.81,57.48,,false,""
2024-05-28T08:00:00.000000,Italy,Italy,IT,148.2,204.43,67.54,61.83,,false,""
2024-05-28T09:00:00.000000,Italy,Italy,IT,138.92,193.47,69.86,64.59,,false,""
2024-05-28T10:00:00.000000,Italy,Italy,IT,127.33,179.96,72.64,67.16,,false,""
2024-05-28T11:00:00.000000,Italy,Italy,IT,119.44,170.17,74.51,69.18,,false,""
2024-05-28T12:00:00.000000,Italy,Italy,IT,120.57,171.43,74.31,69.33,,false,""
2024-05-28T13:00:00.000000,Italy,Italy,IT,123.94,175.7,73.42,68.23,,false,""
2024-05-28T14:00:00.000000,Italy,Italy,IT,136.75,191.04,70.48,64.76,,false,""
2024-05-28T15:00:00.000000,Italy,Italy,IT,154.53,212.34,65.95,60.36,,false,""
2024-05-28T16:00:00.000000,Italy,Italy,IT,186.88,251.7,57.8,51.98,,false,""
2024-05-28T17:00:00.000000,Italy,Italy,IT,207.73,275.89,52.7,45.7,,false,""
2024-05-28T18:00:00.000000,Italy,Italy,IT,217.58,285.84,50.65,43.19,,false,""
2024-05-28T19:00:00.000000,Italy,Italy,IT,215.0,283.0,51.67,43.1,,false,""
2024-05-28T20:00:00.000000,Italy,Italy,IT,221.02,291.69,50.48,41.88,,false,""
2024-05-28T21:00:00.000000,Italy,Italy,IT,208.15,275.67,54.03,44.5,,false,""
2024-05-28T22:00:00.000000,Italy,Italy,IT,202.15,268.35,55.7,44.76,,false,""
2024-05-28T23:00:00.000000,Italy,Italy,IT,199.52,265.51,56.4,44.82,,false,""
2024-05-29T00:00:00.000000,Italy,Italy,IT,197.79,263.5,57.03,45.22,,false,""
2024-05-29T01:00:00.000000,Italy,Italy,IT,199.75,266.16,56.77,44.66,,false,""
2024-05-29T02:00:00.000000,Italy,Italy,IT,207.33,276.15,55.01,43.61,,false,""
2024-05-29T03:00:00.000000,Italy,Italy,IT,204.81,272.19,55.31,44.03,,false,""
2024-05-29T04:00:00.000000,Italy,Italy,IT,205.45,272.82,54.64,44.79,,false,""
2024-05-29T05:00:00.000000,Italy,Italy,IT,193.72,257.86,57.16,48.61,,false,""
2024-05-29T06:00:00.000000,Italy,Italy,IT,178.15,239.41,60.59,53.19,,false,""
2024-05-29T07:00:00.000000,Italy,Italy,IT,163.65,222.26,64.35,57.46,,false,""
2024-05-29T08:00:00.000000,Italy,Italy,IT,143.44,197.5,69.47,62.74,,false,""
2024-05-29T09:00:00.000000,Italy,Italy,IT,135.65,188.08,71.72,65.3,,false,""
2024-05-29T10:00:00.000000,Italy,Italy,IT,129.71,181.42,73.01,66.86,,false,""
2024-05-29T11:00:00.000000,Italy,Italy,IT,121.17,171.12,74.78,68.29,,false,""
2024-05-29T12:00:00.000000,Italy,Italy,IT,130.22,182.31,72.59,66.16,,false,""
2024-05-29T13:00:00.000000,Italy,Italy,IT,138.53,191.91,70.53,63.83,,false,""
2024-05-29T14:00:00.000000,Italy,Italy,IT,153.42,210.09,66.84,59.82,,false,""
2024-05-29T15:00:00.000000,Italy,Italy,IT,173.01,233.91,61.98,54.5,,false,""
2024-05-29T16:00:00.000000,Italy,Italy,IT,200.01,267.38,54.58,47.09,,false,""
2024-05-29T17:00:00.000000,Italy,Italy,IT,216.85,287.33,49.83,41.89,,false,""
2024-05-29T18:00:00.000000,Italy,Italy,IT,221.2,291.24,48.96,41.18,,false,""
2024-05-29T19:00:00.000000,Italy,Italy,IT,224.56,295.94,48.29,40.28,,false,""
2024-05-29T20:00:00.000000,Italy,Italy,IT,225.92,298.12,48.46,40.74,,false,""
2024-05-29T21:00:00.000000,Italy,Italy,IT,215.4,285.14,51.83,42.61,,false,""
2024-05-29T22:00:00.000000,Italy,Italy,IT,207.39,275.3,54.27,43.75,,false,""
2024-05-29T23:00:00.000000,Italy,Italy,IT,201.49,268.52,55.72,44.77,,false,""
2024-05-30T00:00:00.000000,Italy,Italy,IT,199.29,266.28,56.19,44.62,,false,""
2024-05-30T01:00:00.000000,Italy,Italy,IT,199.54,266.52,56.2,44.53,,false,""
2024-05-30T02:00:00.000000,Italy,Italy,IT,194.29,260.16,57.39,46.11,,false,""
2024-05-30T03:00:00.000000,Italy,Italy,IT,195.31,261.04,57.0,46.1,,false,""
2024-05-30T04:00:00.000000,Italy,Italy,IT,191.66,256.04,57.56,48.22,,false,""
2024-05-30T05:00:00.000000,Italy,Italy,IT,183.56,245.41,59.26,50.76,,false,""
2024-05-30T06:00:00.000000,Italy,Italy,IT,173.89,233.35,61.55,54.07,,false,""
2024-05-30T07:00:00.000000,Italy,Italy,IT,168.25,226.33,63.46,56.79,,false,""
2024-05-30T08:00:00.000000,Italy,Italy,IT,152.43,207.94,67.39,60.94,,false,""
2024-05-30T09:00:00.000000,Italy,Italy,IT,140.45,194.04,70.36,64.34,,false,""
2024-05-30T10:00:00.000000,Italy,Italy,IT,129.12,180.87,73.03,66.97,,false,""
2024-05-30T11:00:00.000000,Italy,Italy,IT,124.02,174.46,74.25,67.99,,false,""
2024-05-30T12:00:00.000000,Italy,Italy,IT,130.44,181.79,72.57,66.47,,false,""
2024-05-30T13:00:00.000000,Italy,Italy,IT,132.12,183.64,71.8,65.39,,false,""
2024-05-30T14:00:00.000000,Italy,Italy,IT,137.01,189.24,70.71,64.01,,false,""
2024-05-30T15:00:00.000000,Italy,Italy,IT,156.15,212.52,66.09,59.61,,false,""
2024-05-30T16:00:00.000000,Italy,Italy,IT,185.52,248.51,58.41,52.53,,false,""
2024-05-30T17:00:00.000000,Italy,Italy,IT,194.14,257.75,56.24,49.88,,false,""
2024-05-30T18:00:00.000000,Italy,Italy,IT,200.3,263.46,55.38,48.24,,false,""
2024-05-30T19:00:00.000000,Italy,Italy,IT,200.43,264.47,55.13,47.55,,false,""
2024-05-30T20:00:00.000000,Italy,Italy,IT,198.5,263.37,55.99,48.33,,false,""
2024-05-30T21:00:00.000000,Italy,Italy,IT,188.7,250.99,58.88,50.36,,false,""
2024-05-30T22:00:00.000000,Italy,Italy,IT,176.08,235.15,62.39,52.12,,false,""
2024-05-30T23:00:00.000000,Italy,Italy,IT,167.13,224.17,64.98,54.47,,false,""
2024-05-31T00:00:00.000000,Italy,Italy,IT,162.68,218.51,66.51,55.98,,false,""
2024-05-31T01:00:00.000000,Italy,Italy,IT,155.53,209.67,68.26,57.75,,false,""
2024-05-31T02:00:00.000000,Italy,Italy,IT,150.55,203.41,69.26,58.59,,false,""
2024-05-31T03:00:00.000000,Italy,Italy,IT,158.38,213.13,67.06,56.98,,false,""
2024-05-31T04:00:00.000000,Italy,Italy,IT,165.24,221.21,64.93,56.51,,false,""
2024-05-31T05:00:00.000000,Italy,Italy,IT,159.55,212.77,66.1,57.69,,false,""
2024-05-31T06:00:00.000000,Italy,Italy,IT,151.83,202.33,67.98,60.74,,false,""
2024-05-31T07:00:00.000000,Italy,Italy,IT,138.13,187.09,71.04,64.24,,false,""
2024-05-31T08:00:00.000000,Italy,Italy,IT,124.85,173.08,74.11,68.06,,false,""
2024-05-31T09:00:00.000000,Italy,Italy,IT,109.15,154.79,77.64,71.92,,false,""
2024-05-31T10:00:00.000000,Italy,Italy,IT,104.86,150.64,78.28,72.92,,false,""
2024-05-31T11:00:00.000000,Italy,Italy,IT,100.22,144.79,79.35,73.8,,false,""
2024-05-31T12:00:00.000000,Italy,Italy,IT,100.93,145.18,79.38,73.3,,false,""
2024-05-31T13:00:00.000000,Italy,Italy,IT,105.92,151.17,78.21,71.83,,false,""
2024-05-31T14:00:00.000000,Italy,Italy,IT,112.0,158.49,76.8,70.24,,false,""
2024-05-31T15:00:00.000000,Italy,Italy,IT,122.58,171.56,74.13,67.56,,false,""
2024-05-31T16:00:00.000000,Italy,Italy,IT,147.41,201.51,68.07,61.71,,false,""
2024-05-31T17:00:00.000000,Italy,Italy,IT,162.62,218.64,64.53,57.35,,false,""
2024-05-31T18:00:00.000000,Italy,Italy,IT,174.53,231.81,61.95,54.04,,false,""
2024-05-31T19:00:00.000000,Italy,Italy,IT,180.81,238.97,60.99,52.83,,false,""
2024-05-31T20:00:00.000000,Italy,Italy,IT,176.53,234.66,62.59,54.06,,false,""
2024-05-31T21:00:00.000000,Italy,Italy,IT,177.24,236.08,62.58,53.57,,false,""
2024-05-31T22:00:00.000000,Italy,Italy,IT,143.66,195.6,69.91,59.89,,false,""
2024-05-31T23:00:00.000000,Italy,Italy,IT,131.02,179.47,73.54,63.39,,false,""
2024-06-01T00:00:00.000000,Italy,Italy,IT,120.92,167.16,76.08,64.81,,false,""
2024-06-01T01:00:00.000000,Italy,Italy,IT,123.95,170.75,75.6,64.49,,false,""
2024-06-01T02:00:00.000000,Italy,Italy,IT,126.83,174.53,75.04,63.86,,false,""
2024-06-01T03:00:00.000000,Italy,Italy,IT,132.21,180.97,73.87,62.72,,false,""
2024-06-01T04:00:00.000000,Italy,Italy,IT,132.67,181.57,73.87,63.33,,false,""
2024-06-01T05:00:00.000000,Italy,Italy,IT,129.93,178.61,74.22,64.68,,false,""
2024-06-01T06:00:00.000000,Italy,Italy,IT,119.93,167.39,76.08,69.06,,false,""
2024-06-01T07:00:00.000000,Italy,Italy,IT,105.0,149.7,79.64,74.63,,false,""
2024-06-01T08:00:00.000000,Italy,Italy,IT,96.72,140.47,81.53,78.46,,false,""
2024-06-01T09:00:00.000000,Italy,Italy,IT,83.99,127.39,83.58,81.08,,false,""
2024-06-01T10:00:00.000000,Italy,Italy,IT,79.25,121.57,84.6,82.74,,false,""
2024-06-01T11:00:00.000000,Italy,Italy,IT,79.75,122.36,84.59,82.8,,false,""
2024-06-01T12:00:00.000000,Italy,Italy,IT,86.31,130.74,83.14,81.18,,false,""
2024-06-01T13:00:00.000000,Italy,Italy,IT,87.3,131.47,83.09,80.58,,false,""
2024-06-01T14:00:00.000000,Italy,Italy,IT,105.58,153.68,78.79,75.51,,false,""
2024-06-01T15:00:00.000000,Italy,Italy,IT,127.9,178.88,74.07,69.52,,false,""
2024-06-01T16:00:00.000000,Italy,Italy,IT,147.72,201.71,69.0,62.72,,false,""
2024-06-01T17:00:00.000000,Italy,Italy,IT,167.95,225.93,63.78,56.39,,false,""
2024-06-01T18:00:00.000000,Italy,Italy,IT,172.12,229.47,62.91,54.46,,false,""
2024-06-01T19:00:00.000000,Italy,Italy,IT,173.72,232.01,62.95,54.2,,false,""
2024-06-01T20:00:00.000000,Italy,Italy,IT,164.51,220.41,65.68,55.49,,false,""
2024-06-01T21:00:00.000000,Italy,Italy,IT,166.04,222.81,65.48,54.96,,false,""
2024-06-01T22:00:00.000000,Italy,Italy,IT,159.11,215.05,66.82,56.82,,false,""
2024-06-01T23:00:00.000000,Italy,Italy,IT,160.75,217.26,66.77,56.06,,false,""
2024-06-02T00:00:00.000000,Italy,Italy,IT,161.83,218.86,66.58,55.97,,false,""
2024-06-02T01:00:00.000000,Italy,Italy,IT,167.67,225.88,65.34,54.8,,false,""
2024-06-02T02:00:00.000000,Italy,Italy,IT,169.02,227.46,65.1,54.38,,false,""
2024-06-02T03:00:00.000000,Italy,Italy,IT,171.5,230.47,64.59,54.0,,false,""
2024-06-02T04:00:00.000000,Italy,Italy,IT,166.6,224.88,65.94,56.4,,false,""
2024-06-02T05:00:00.000000,Italy,Italy,IT,144.42,197.01,71.21,62.75,,false,""
2024-06-02T06:00:00.000000,Italy,Italy,IT,125.8,175.71,74.94,68.41,,false,""
2024-06-02T07:00:00.000000,Italy,Italy,IT,111.26,159.42,77.82,73.22,,false,""
2024-06-02T08:00:00.000000,Italy,Italy,IT,100.49,147.46,80.32,76.9,,false,""
2024-06-02T09:00:00.000000,Italy,Italy,IT,91.42,137.64,82.06,79.97,,false,""
2024-06-02T10:00:00.000000,Italy,Italy,IT,89.02,134.91,82.43,80.43,,false,""
2024-06-02T11:00:00.000000,Italy,Italy,IT,81.25,125.37,84.31,82.76,,false,""
2024-06-02T12:00:00.000000,Italy,Italy,IT,82.62,126.55,83.85,82.45,,false,""
2024-06-02T13:00:00.000000,Italy,Italy,IT,84.68,128.24,83.47,81.32,,false,""
2024-06-02T14:00:00.000000,Italy,Italy,IT,94.9,140.95,80.71,77.33,,false,""
2024-06-02T15:00:00.000000,Italy,Italy,IT,122.93,173.69,74.71,69.99,,false,""
2024-06-02T16:00:00.000000,Italy,Italy,IT,154.54,210.44,67.49,61.6,,false,""
2024-06-02T17:00:00.000000,Italy,Italy,IT,172.62,232.27,62.64,55.5,,false,""
2024-06-02T18:00:00.000000,Italy,Italy,IT,177.3,237.07,61.49,52.76,,false,""
2024-06-02T19:00:00.000000,Italy,Italy,IT,183.06,242.46,60.92,50.7,,false,""
2024-06-02T20:00:00.000000,Italy,Italy,IT,180.41,240.01,61.64,51.25,,false,""
2024-06-02T21:00:00.000000,Italy,Italy,IT,174.88,234.17,63.12,52.8,,false,""
2024-06-02T22:00:00.000000,Italy,Italy,IT,175.41,236.01,63.31,52.82,,false,""
2024-06-02T23:00:00.000000,Italy,Italy,IT,172.42,232.44,64.23,52.88,,false,""
2024-06-03T00:00:00.000000,Italy,Italy,IT,169.27,228.47,65.26,54.27,,false,""
2024-06-03T01:00:00.000000,Italy,Italy,IT,165.84,224.73,65.89,54.6,,false,""
2024-06-03T02:00:00.000000,Italy,Italy,IT,162.19,219.72,66.51,55.03,,false,""
2024-06-03T03:00:00.000000,Italy,Italy,IT,170.29,229.06,64.24,53.49,,false,""
2024-06-03T04:00:00.000000,Italy,Italy,IT,181.98,243.02,60.54,50.53,,false,""
2024-06-03T05:00:00.000000,Italy,Italy,IT,182.31,242.83,59.68,51.65,,false,""
2024-06-03T06:00:00.000000,Italy,Italy,IT,174.51,232.98,61.57,54.18,,false,""
2024-06-03T07:00:00.000000,Italy,Italy,IT,159.48,215.51,65.09,58.99,,false,""
2024-06-03T08:00:00.000000,Italy,Italy,IT,142.56,196.13,68.93,63.62,,false,""
2024-06-03T09:00:00.000000,Italy,Italy,IT,118.66,167.1,74.81,69.94,,false,""
2024-06-03T10:00:00.000000,Italy,Italy,IT,101.68,147.8,78.93,74.39,,false,""
2024-06-03T11:00:00.000000,Italy,Italy,IT,96.81,142.04,79.81,74.96,,false,""
2024-06-03T12:00:00.000000,Italy,Italy,IT,99.72,145.92,78.82,73.72,,false,""
2024-06-03T13:00:00.000000,Italy,Italy,IT,107.15,154.67,76.99,71.67,,false,""
2024-06-03T14:00:00.000000,Italy,Italy,IT,123.4,173.93,73.3,67.93,,false,""
2024-06-03T15:00:00.000000,Italy,Italy,IT,146.83,203.0,67.34,62.29,,false,""
2024-06-03T16:00:00.000000,Italy,Italy,IT,181.18,244.81,58.79,53.8,,false,""
2024-06-03T17:00:00.000000,Italy,Italy,IT,209.13,278.79,51.51,46.27,,false,""
2024-06-03T18:00:00.000000,Italy,Italy,IT,219.07,290.06,49.3,43.34,,false,""
2024-06-03T19:00:00.000000,Italy,Italy,IT,232.68,306.02,46.32,40.26,,false,""
2024-06-03T20:00:00.000000,Italy,Italy,IT,233.25,307.61,46.36,40.17,,false,""
2024-06-03T21:00:00.000000,Italy,Italy,IT,233.32,308.34,46.6,40.14,,false,""
2024-06-03T22:00:00.000000,Italy,Italy,IT,198.86,265.16,55.91,46.59,,false,""
2024-06-03T23:00:00.000000,Italy,Italy,IT,194.84,260.38,56.96,46.73,,false,""
2024-06-04T00:00:00.000000,Italy,Italy,IT,195.04,260.81,57.12,46.98,,false,""
2024-06-04T01:00:00.000000,Italy,Italy,IT,189.38,253.96,58.64,47.99,,false,""
2024-06-04T02:00:00.000000,Italy,Italy,IT,189.59,254.17,58.45,47.84,,false,""
2024-06-04T03:00:00.000000,Italy,Italy,IT,188.62,252.63,58.17,47.5,,false,""
2024-06-04T04:00:00.000000,Italy,Italy,IT,198.62,265.16,55.36,46.85,,false,""
2024-06-04T05:00:00.000000,Italy,Italy,IT,200.48,266.85,54.34,48.55,,false,""
2024-06-04T06:00:00.000000,Italy,Italy,IT,179.87,242.06,59.35,54.18,,false,""
2024-06-04T07:00:00.000000,Italy,Italy,IT,158.72,216.31,65.07,59.48,,false,""
2024-06-04T08:00:00.000000,Italy,Italy,IT,144.15,199.06,68.62,63.19,,false,""
2024-06-04T09:00:00.000000,Italy,Italy,IT,131.98,184.08,71.65,65.95,,false,""
2024-06-04T10:00:00.000000,Italy,Italy,IT,113.17,160.81,76.29,70.38,,false,""
2024-06-04T11:00:00.000000,Italy,Italy,IT,111.25,159.31,76.71,70.94,,false,""
2024-06-04T12:00:00.000000,Italy,Italy,IT,123.56,173.69,73.77,69.27,,false,""
2024-06-04T13:00:00.000000,Italy,Italy,IT,135.41,187.66,70.85,65.09,,false,""
2024-06-04T14:00:00.000000,Italy,Italy,IT,146.48,201.51,68.0,62.02,,false,""
2024-06-04T15:00:00.000000,Italy,Italy,IT,171.9,232.9,61.58,55.78,,false,""
2024-06-04T16:00:00.000000,Italy,Italy,IT,199.08,266.15,54.29,48.78,,false,""
2024-06-04T17:00:00.000000,Italy,Italy,IT,225.3,297.18,48.17,42.51,,false,""
2024-06-04T18:00:00.000000,Italy,Italy,IT,235.22,308.98,46.06,39.61,,false,""
2024-06-04T19:00:00.000000,Italy,Italy,IT,238.61,313.45,45.35,38.81,,false,""
2024-06-04T20:00:00.000000,Italy,Italy,IT,231.26,304.44,47.75,40.38,,false,""
2024-06-04T21:00:00.000000,Italy,Italy,IT,220.57,290.55,50.96,42.39,,false,""
2024-06-04T22:00:00.000000,Italy,Italy,IT,207.4,274.58,54.13,43.69,,false,""
2024-06-04T23:00:00.000000,Italy,Italy,IT,194.29,258.28,57.61,46.09,,false,""
2024-06-05T00:00:00.000000,Italy,Italy,IT,194.47,258.71,57.75,46.51,,false,""
2024-06-05T01:00:00.000000,Italy,Italy,IT,189.94,253.03,58.86,47.61,,false,""
2024-06-05T02:00:00.000000,Italy,Italy,IT,190.72,254.08,58.58,47.17,,false,""
2024-06-05T03:00:00.000000,Italy,Italy,IT,196.62,260.95,57.05,46.73,,false,""
2024-06-05T04:00:00.000000,Italy,Italy,IT,200.26,265.3,55.97,47.39,,false,""
2024-06-05T05:00:00.000000,Italy,Italy,IT,197.44,261.96,56.1,49.75,,false,""
2024-06-05T06:00:00.000000,Italy,Italy,IT,174.74,234.66,61.39,55.6,,false,""
2024-06-05T07:00:00.000000,Italy,Italy,IT,155.05,211.63,65.99,60.48,,false,""
2024-06-05T08:00:00.000000,Italy,Italy,IT,135.25,187.59,70.89,65.63,,false,""
2024-06-05T09:00:00.000000,Italy,Italy,IT,122.59,172.36,74.0,68.97,,false,""
2024-06-05T10:00:00.000000,Italy,Italy,IT,107.79,155.47,77.48,72.33,,false,""
2024-06-05T11:00:00.000000,Italy,Italy,IT,107.74,155.73,77.37,72.61,,false,""
2024-06-05T12:00:00.000000,Italy,Italy,IT,111.85,160.39,76.4,71.54,,false,""
2024-06-05T13:00:00.000000,Italy,Italy,IT,122.74,173.37,73.73,68.61,,false,""
2024-06-05T14:00:00.000000,Italy,Italy,IT,130.88,183.15,71.69,66.81,,false,""
2024-06-05T15:00:00.000000,Italy,Italy,IT,155.63,213.36,65.68,60.52,,false,""
2024-06-05T16:00:00.000000,Italy,Italy,IT,197.64,265.19,54.58,49.7,,false,""
2024-06-05T17:00:00.000000,Italy,Italy,IT,219.03,291.41,48.84,42.92,,false,""
2024-06-05T18:00:00.000000,Italy,Italy,IT,232.72,307.52,45.77,39.44,,false,""
2024-06-05T19:00:00.000000,Italy,Italy,IT,236.29,311.81,45.04,38.87,,false,""
2024-06-05T20:00:00.000000,Italy,Italy,IT,232.13,306.96,46.26,40.35,,false,""
2024-06-05T21:00:00.000000,Italy,Italy,IT,227.08,300.54,47.91,41.52,,false,""
2024-06-05T22:00:00.000000,Italy,Italy,IT,212.27,281.41,52.2,44.54,,false,""
2024-06-05T23:00:00.000000,Italy,Italy,IT,203.23,270.22,54.58,45.96,,false,""
2024-06-06T00:00:00.000000,Italy,Italy,IT,203.72,271.07,54.47,46.23,,false,""
2024-06-06T01:00:00.000000,Italy,Italy,IT,197.9,264.02,55.8,46.69,,false,""
2024-06-06T02:00:00.000000,Italy,Italy,IT,191.98,256.56,57.37,47.87,,false,""
2024-06-06T03:00:00.000000,Italy,Italy,IT,204.17,271.84,53.98,46.16,,false,""
2024-06-06T04:00:00.000000,Italy,Italy,IT,207.85,277.18,52.49,46.46,,false,""
2024-06-06T05:00:00.000000,Italy,Italy,IT,188.32,252.49,57.31,51.33,,false,""
2024-06-06T06:00:00.000000,Italy,Italy,IT,171.81,232.16,61.64,56.26,,false,""
2024-06-06T07:00:00.000000,Italy,Italy,IT,155.52,212.27,65.91,60.62,,false,""
2024-06-06T08:00:00.000000,Italy,Italy,IT,135.72,188.26,70.76,65.67,,false,""
2024-06-06T09:00:00.000000,Italy,Italy,IT,120.33,169.74,74.52,69.93,,false,""
2024-06-06T10:00:00.000000,Italy,Italy,IT,103.71,150.53,78.54,73.72,,false,""
2024-06-06T11:00:00.000000,Italy,Italy,IT,104.27,151.43,78.3,73.29,,false,""
2024-06-06T12:00:00.000000,Italy,Italy,IT,107.08,154.41,77.79,72.4,,false,""
2024-06-06T13:00:00.000000,Italy,Italy,IT,113.67,162.2,76.2,70.19,,false,""
2024-06-06T14:00:00.000000,Italy,Italy,IT,128.27,180.43,72.23,66.16,,false,""
2024-06-06T15:00:00.000000,Italy,Italy,IT,158.6,217.65,64.41,58.36,,false,""
2024-06-06T16:00:00.000000,Italy,Italy,IT,194.57,261.59,54.83,49.36,,false,""
2024-06-06T17:00:00.000000,Italy,Italy,IT,221.97,294.83,48.01,42.82,,false,""
2024-06-06T18:00:00.000000,Italy,Italy,IT,233.42,308.83,45.34,39.7,,false,""
2024-06-06T19:00:00.000000,Italy,Italy,IT,236.65,313.41,44.56,38.6,,false,""
2024-06-06T20:00:00.000000,Italy,Italy,IT,240.06,318.79,43.85,37.92,,false,""
2024-06-06T21:00:00.000000,Italy,Italy,IT,227.67,302.75,47.59,40.59,,false,""
2024-06-06T22:00:00.000000,Italy,Italy,IT,203.62,272.16,54.39,45.54,,false,""
2024-06-06T23:00:00.000000,Italy,Italy,IT,189.27,254.48,57.86,47.54,,false,""
2024-06-07T00:00:00.000000,Italy,Italy,IT,194.32,261.38,56.43,46.5,,false,""
2024-06-07T01:00:00.000000,Italy,Italy,IT,193.41,260.75,56.51,45.91,,false,""
2024-06-07T02:00:00.000000,Italy,Italy,IT,190.68,257.22,57.09,46.05,,false,""
2024-06-07T03:00:00.000000,Italy,Italy,IT,202.09,270.68,54.34,44.6,,false,""
2024-06-07T04:00:00.000000,Italy,Italy,IT,195.08,262.91,55.21,46.54,,false,""
2024-06-07T05:00:00.000000,Italy,Italy,IT,182.02,246.59,58.4,51.22,,false,""
2024-06-07T06:00:00.000000,Italy,Italy,IT,162.65,222.17,63.33,56.73,,false,""
2024-06-07T07:00:00.000000,Italy,Italy,IT,151.41,208.64,66.49,60.45,,false,""
2024-06-07T08:00:00.000000,Italy,Italy,IT,134.93,188.88,70.54,64.55,,false,""
2024-06-07T09:00:00.000000,Italy,Italy,IT,113.92,163.01,75.76,69.69,,false,""
2024-06-07T10:00:00.000000,Italy,Italy,IT,101.38,148.3,78.73,72.5,,false,""
2024-06-07T11:00:00.000000,Italy,Italy,IT,97.66,144.0,79.41,73.35,,false,""
2024-06-07T12:00:00.000000,Italy,Italy,IT,102.86,150.15,78.33,72.39,,false,""
2024-06-07T13:00:00.000000,Italy,Italy,IT,111.09,159.86,76.41,70.16,,false,""
2024-06-07T14:00:00.000000,Italy,Italy,IT,125.5,177.25,72.84,66.38,,false,""
2024-06-07T15:00:00.000000,Italy,Italy,IT,152.94,211.16,65.7,59.13,,false,""
2024-06-07T16:00:00.000000,Italy,Italy,IT,191.89,259.51,55.37,48.59,,false,""
2024-06-07T17:00:00.000000,Italy,Italy,IT,210.1,279.01,51.1,44.3,,false,""
2024-06-07T18:00:00.000000,Italy,Italy,IT,223.38,295.88,47.89,40.94,,false,""
2024-06-07T19:00:00.000000,Italy,Italy,IT,224.49,298.26,47.48,39.94,,false,""
2024-06-07T20:00:00.000000,Italy,Italy,IT,227.18,303.39,46.9,39.29,,false,""
2024-06-07T21:00:00.000000,Italy,Italy,IT,208.43,279.05,52.48,43.4,,false,""
2024-06-07T22:00:00.000000,Italy,Italy,IT,191.32,257.28,57.09,47.17,,false,""
2024-06-07T23:00:00.000000,Italy,Italy,IT,176.34,239.3,60.47,49.17,,false,""
2024-06-08T00:00:00.000000,Italy,Italy,IT,163.47,222.72,63.5,51.42,,false,""
2024-06-08T01:00:00.000000,Italy,Italy,IT,164.98,224.66,63.35,51.64,,false,""
2024-06-08T02:00:00.000000,Italy,Italy,IT,162.74,221.87,63.89,52.17,,false,""
2024-06-08T03:00:00.000000,Italy,Italy,IT,159.82,218.28,64.55,53.1,,false,""
2024-06-08T04:00:00.000000,Italy,Italy,IT,154.2,211.51,65.8,54.43,,false,""
2024-06-08T05:00:00.000000,Italy,Italy,IT,148.58,204.43,67.14,57.31,,false,""
2024-06-08T06:00:00.000000,Italy,Italy,IT,123.8,174.39,73.08,64.78,,false,""
2024-06-08T07:00:00.000000,Italy,Italy,IT,107.67,155.47,76.9,69.83,,false,""
2024-06-08T08:00:00.000000,Italy,Italy,IT,96.76,142.84,79.65,74.45,,false,""
2024-06-08T09:00:00.000000,Italy,Italy,IT,91.52,137.47,80.68,77.66,,false,""
2024-06-08T10:00:00.000000,Italy,Italy,IT,95.07,142.22,79.69,78.04,,false,""
2024-06-08T11:00:00.000000,Italy,Italy,IT,100.17,148.3,78.61,77.7,,false,""
2024-06-08T12:00:00.000000,Italy,Italy,IT,101.63,149.71,78.43,77.55,,false,""
2024-06-08T13:00:00.000000,Italy,Italy,IT,103.05,151.85,77.69,75.73,,false,""
2024-06-08T14:00:00.000000,Italy,Italy,IT,118.53,170.04,73.89,69.74,,false,""
2024-06-08T15:00:00.000000,Italy,Italy,IT,139.71,195.36,68.51,62.1,,false,""
2024-06-08T16:00:00.000000,Italy,Italy,IT,165.45,225.57,62.41,54.26,,false,""
2024-06-08T17:00:00.000000,Italy,Italy,IT,187.54,251.27,57.18,48.58,,false,""
2024-06-08T18:00:00.000000,Italy,Italy,IT,194.32,259.23,55.52,46.89,,false,""
2024-06-08T19:00:00.000000,Italy,Italy,IT,193.38,258.06,56.04,47.27,,false,""
2024-06-08T20:00:00.000000,Italy,Italy,IT,190.32,255.11,56.89,47.29,,false,""
2024-06-08T21:00:00.000000,Italy,Italy,IT,180.63,243.18,59.4,48.64,,false,""
2024-06-08T22:00:00.000000,Italy,Italy,IT,180.0,241.69,59.68,50.45,,false,""
2024-06-08T23:00:00.000000,Italy,Italy,IT,172.71,232.75,61.66,52.6,,false,""
2024-06-09T00:00:00.000000,Italy,Italy,IT,160.87,218.11,64.98,55.4,,false,""
2024-06-09T01:00:00.000000,Italy,Italy,IT,158.89,216.13,65.67,55.47,,false,""
2024-06-09T02:00:00.000000,Italy,Italy,IT,152.01,207.81,67.27,56.37,,false,""
2024-06-09T03:00:00.000000,Italy,Italy,IT,156.3,212.6,66.47,56.34,,false,""
2024-06-09T04:00:00.000000,Italy,Italy,IT,145.94,200.38,69.05,58.43,,false,""
2024-06-09T05:00:00.000000,Italy,Italy,IT,136.61,188.41,71.23,60.87,,false,""
2024-06-09T06:00:00.000000,Italy,Italy,IT,131.68,183.14,71.99,63.84,,false,""
2024-06-09T07:00:00.000000,Italy,Italy,IT,120.74,171.03,74.08,69.5,,false,""
2024-06-09T08:00:00.000000,Italy,Italy,IT,102.68,149.79,78.25,76.0,,false,""
2024-06-09T09:00:00.000000,Italy,Italy,IT,87.12,131.01,81.91,80.49,,false,""
2024-06-09T10:00:00.000000,Italy,Italy,IT,92.33,138.1,80.3,78.75,,false,""
2024-06-09T11:00:00.000000,Italy,Italy,IT,90.21,135.57,80.7,79.53,,false,""
2024-06-09T12:00:00.000000,Italy,Italy,IT,96.78,143.35,78.99,77.85,,false,""
2024-06-09T13:00:00.000000,Italy,Italy,IT,100.86,147.67,78.27,76.82,,false,""
2024-06-09T14:00:00.000000,Italy,Italy,IT,100.31,146.08,78.45,75.57,,false,""
2024-06-09T15:00:00.000000,Italy,Italy,IT,108.72,155.75,76.39,70.55,,false,""
2024-06-09T16:00:00.000000,Italy,Italy,IT,130.68,181.82,71.01,63.26,,false,""
2024-06-09T17:00:00.000000,Italy,Italy,IT,142.84,195.29,68.3,60.74,,false,""
2024-06-09T18:00:00.000000,Italy,Italy,IT,151.74,205.48,66.19,59.11,,false,""
2024-06-09T19:00:00.000000,Italy,Italy,IT,157.82,212.06,65.06,57.78,,false,""
2024-06-09T20:00:00.000000,Italy,Italy,IT,157.45,212.8,65.41,58.75,,false,""
2024-06-09T21:00:00.000000,Italy,Italy,IT,140.49,191.71,69.9,61.77,,false,""
2024-06-09T22:00:00.000000,Italy,Italy,IT,130.46,179.45,72.59,62.32,,false,""
2024-06-09T23:00:00.000000,Italy,Italy,IT,130.32,179.04,72.93,62.49,,false,""
2024-06-10T00:00:00.000000,Italy,Italy,IT,129.43,177.48,73.38,63.12,,false,""
2024-06-10T01:00:00.000000,Italy,Italy,IT,132.89,182.7,72.75,62.59,,false,""
2024-06-10T02:00:00.000000,Italy,Italy,IT,137.46,188.47,72.08,62.22,,false,""
2024-06-10T03:00:00.000000,Italy,Italy,IT,140.24,190.83,71.32,61.4,,false,""
2024-06-10T04:00:00.000000,Italy,Italy,IT,148.27,201.8,68.62,59.41,,false,""
2024-06-10T05:00:00.000000,Italy,Italy,IT,149.68,202.17,68.76,62.1,,false,""
2024-06-10T06:00:00.000000,Italy,Italy,IT,139.0,189.23,70.81,65.3,,false,""
2024-06-10T07:00:00.000000,Italy,Italy,IT,125.37,173.64,74.01,68.98,,false,""
2024-06-10T08:00:00.000000,Italy,Italy,IT,113.66,159.82,77.03,72.44,,false,""
2024-06-10T09:00:00.000000,Italy,Italy,IT,106.11,151.07,78.8,74.63,,false,""
2024-06-10T10:00:00.000000,Italy,Italy,IT,96.15,139.99,80.9,76.74,,false,""
2024-06-10T11:00:00.000000,Italy,Italy,IT,94.45,138.24,81.06,76.84,,false,""
2024-06-10T12:00:00.000000,Italy,Italy,IT,95.82,139.62,80.76,76.43,,false,""
2024-06-10T13:00:00.000000,Italy,Italy,IT,103.07,147.97,79.24,74.88,,false,""
2024-06-10T14:00:00.000000,Italy,Italy,IT,120.93,168.99,75.0,70.23,,false,""
2024-06-10T15:00:00.000000,Italy,Italy,IT,136.8,188.28,71.35,66.16,,false,""
2024-06-10T16:00:00.000000,Italy,Italy,IT,160.01,216.64,65.32,59.62,,false,""
2024-06-10T17:00:00.000000,Italy,Italy,IT,174.46,233.24,61.62,54.7,,false,""
2024-06-10T18:00:00.000000,Italy,Italy,IT,188.13,248.56,58.59,51.31,,false,""
2024-06-10T19:00:00.000000,Italy,Italy,IT,193.22,255.79,57.51,50.1,,false,""
2024-06-10T20:00:00.000000,Italy,Italy,IT,191.59,254.91,58.09,50.49,,false,""
2024-06-10T21:00:00.000000,Italy,Italy,IT,174.99,234.48,62.12,53.55,,false,""
2024-06-10T22:00:00.000000,Italy,Italy,IT,164.97,220.86,65.38,55.42,,false,""
2024-06-10T23:00:00.000000,Italy,Italy,IT,159.57,214.89,66.84,56.11,,false,""
2024-06-11T00:00:00.000000,Italy,Italy,IT,153.77,209.13,68.73,57.56,,false,""
2024-06-11T01:00:00.000000,Italy,Italy,IT,157.26,214.05,67.57,56.96,,false,""
2024-06-11T02:00:00.000000,Italy,Italy,IT,158.45,215.16,67.31,56.68,,false,""
2024-06-11T03:00:00.000000,Italy,Italy,IT,168.46,227.24,64.9,54.44,,false,""
2024-06-11T04:00:00.000000,Italy,Italy,IT,180.13,241.42,61.55,52.78,,false,""
2024-06-11T05:00:00.000000,Italy,Italy,IT,189.79,252.59,59.21,51.73,,false,""
2024-06-11T06:00:00.000000,Italy,Italy,IT,180.68,240.73,61.64,55.27,,false,""
2024-06-11T07:00:00.000000,Italy,Italy,IT,168.99,227.6,64.77,58.0,,false,""
2024-06-11T08:00:00.000000,Italy,Italy,IT,156.5,212.17,67.89,61.81,,false,""
2024-06-11T09:00:00.000000,Italy,Italy,IT,148.0,202.62,69.78,63.95,,false,""
2024-06-11T10:00:00.000000,Italy,Italy,IT,137.79,190.85,72.39,66.81,,false,""
2024-06-11T11:00:00.000000,Italy,Italy,IT,132.85,185.6,73.24,67.47,,false,""
2024-06-11T12:00:00.000000,Italy,Italy,IT,136.02,188.89,72.16,66.26,,false,""
2024-06-11T13:00:00.000000,Italy,Italy,IT,146.26,201.65,69.45,63.5,,false,""
2024-06-11T14:00:00.000000,Italy,Italy,IT,158.2,216.48,66.49,60.81,,false,""
2024-06-11T15:00:00.000000,Italy,Italy,IT,181.22,245.42,60.45,54.36,,false,""
2024-06-11T16:00:00.000000,Italy,Italy,IT,221.73,295.42,50.34,44.81,,false,""
2024-06-11T17:00:00.000000,Italy,Italy,IT,236.71,312.12,46.5,40.72,,false,""
2024-06-11T18:00:00.000000,Italy,Italy,IT,241.21,316.31,45.24,39.34,,false,""
2024-06-11T19:00:00.000000,Italy,Italy,IT,239.57,315.62,45.05,38.68,,false,""
2024-06-11T20:00:00.000000,Italy,Italy,IT,229.71,304.34,47.92,40.79,,false,""
2024-06-11T21:00:00.000000,Italy,Italy,IT,223.64,296.31,50.15,42.29,,false,""
2024-06-11T22:00:00.000000,Italy,Italy,IT,212.24,281.67,53.52,44.86,,false,""
2024-06-11T23:00:00.000000,Italy,Italy,IT,210.22,278.67,54.31,44.98,,false,""
2024-06-12T00:00:00.000000,Italy,Italy,IT,206.94,275.31,55.36,45.98,,false,""
2024-06-12T01:00:00.000000,Italy,Italy,IT,203.25,270.75,57.13,47.31,,false,""
2024-06-12T02:00:00.000000,Italy,Italy,IT,198.77,264.72,58.49,48.61,,false,""
2024-06-12T03:00:00.000000,Italy,Italy,IT,200.61,266.41,58.07,48.91,,false,""
2024-06-12T04:00:00.000000,Italy,Italy,IT,205.29,272.27,55.95,48.14,,false,""
2024-06-12T05:00:00.000000,Italy,Italy,IT,197.52,261.9,57.29,50.8,,false,""
2024-06-12T06:00:00.000000,Italy,Italy,IT,181.9,242.47,60.93,54.64,,false,""
2024-06-12T07:00:00.000000,Italy,Italy,IT,169.2,228.41,63.52,57.52,,false,""
2024-06-12T08:00:00.000000,Italy,Italy,IT,151.33,207.59,67.56,61.99,,false,""
2024-06-12T09:00:00.000000,Italy,Italy,IT,139.9,193.59,70.66,65.92,,false,""
2024-06-12T10:00:00.000000,Italy,Italy,IT,124.88,175.58,73.89,68.62,,false,""
2024-06-12T11:00:00.000000,Italy,Italy,IT,126.79,178.48,73.43,68.25,,false,""
2024-06-12T12:00:00.000000,Italy,Italy,IT,137.06,190.69,70.85,65.76,,false,""
2024-06-12T13:00:00.000000,Italy,Italy,IT,144.86,199.75,68.68,63.35,,false,""
2024-06-12T14:00:00.000000,Italy,Italy,IT,159.58,217.75,64.89,59.22,,false,""
2024-06-12T15:00:00.000000,Italy,Italy,IT,180.55,243.35,59.69,53.79,,false,""
2024-06-12T16:00:00.000000,Italy,Italy,IT,203.26,271.11,53.85,47.38,,false,""
2024-06-12T17:00:00.000000,Italy,Italy,IT,216.61,286.31,50.78,44.44,,false,""
2024-06-12T18:00:00.000000,Italy,Italy,IT,225.83,297.46,48.73,42.23,,false,""
2024-06-12T19:00:00.000000,Italy,Italy,IT,225.06,297.08,48.72,42.1,,false,""
2024-06-12T20:00:00.000000,Italy,Italy,IT,225.9,299.1,48.6,41.95,,false,""
2024-06-12T21:00:00.000000,Italy,Italy,IT,209.33,278.21,53.01,45.33,,false,""
2024-06-12T22:00:00.000000,Italy,Italy,IT,194.78,260.42,56.72,47.14,,false,""
2024-06-12T23:00:00.000000,Italy,Italy,IT,182.96,245.65,59.92,49.37,,false,""
2024-06-13T00:00:00.000000,Italy,Italy,IT,174.12,234.61,62.31,51.54,,false,""
2024-06-13T01:00:00.000000,Italy,Italy,IT,162.88,221.13,65.19,53.4,,false,""
2024-06-13T02:00:00.000000,Italy,Italy,IT,162.69,220.8,65.31,54.5,,false,""
2024-06-13T03:00:00.000000,Italy,Italy,IT,166.5,225.06,64.12,53.94,,false,""
2024-06-13T04:00:00.000000,Italy,Italy,IT,173.35,233.69,61.79,52.74,,false,""
2024-06-13T05:00:00.000000,Italy,Italy,IT,177.06,237.43,60.61,53.3,,false,""
2024-06-13T06:00:00.000000,Italy,Italy,IT,170.64,229.03,62.21,55.35,,false,""
2024-06-13T07:00:00.000000,Italy,Italy,IT,160.09,216.86,64.57,58.16,,false,""
2024-06-13T08:00:00.000000,Italy,Italy,IT,144.86,199.82,67.99,62.29,,false,""
2024-06-13T09:00:00.000000,Italy,Italy,IT,118.14,167.87,74.27,68.87,,false,""
2024-06-13T10:00:00.000000,Italy,Italy,IT,99.86,145.82,78.55,73.51,,false,""
2024-06-13T11:00:00.000000,Italy,Italy,IT,93.32,138.56,79.88,75.1,,false,""
2024-06-13T12:00:00.000000,Italy,Italy,IT,93.71,138.53,79.94,75.49,,false,""
2024-06-13T13:00:00.000000,Italy,Italy,IT,95.07,139.91,79.5,74.94,,false,""
2024-06-13T14:00:00.000000,Italy,Italy,IT,103.68,150.63,77.47,73.01,,false,""
2024-06-13T15:00:00.000000,Italy,Italy,IT,117.63,167.72,73.96,69.09,,false,""
2024-06-13T16:00:00.000000,Italy,Italy,IT,146.22,202.6,66.84,61.69,,false,""
2024-06-13T17:00:00.000000,Italy,Italy,IT,163.67,222.5,62.73,57.01,,false,""
2024-06-13T18:00:00.000000,Italy,Italy,IT,181.85,243.71,58.74,52.29,,false,""
2024-06-13T19:00:00.000000,Italy,Italy,IT,191.45,255.88,56.32,49.12,,false,""
2024-06-13T20:00:00.000000,Italy,Italy,IT,195.27,260.91,55.82,48.58,,false,""
2024-06-13T21:00:00.000000,Italy,Italy,IT,183.17,246.14,59.22,50.5,,false,""
2024-06-13T22:00:00.000000,Italy,Italy,IT,183.46,246.3,59.73,51.39,,false,""
2024-06-13T23:00:00.000000,Italy,Italy,IT,172.8,233.02,62.54,54.06,,false,""
2024-06-14T00:00:00.000000,Italy,Italy,IT,162.94,220.55,64.97,55.61,,false,""
2024-06-14T01:00:00.000000,Italy,Italy,IT,158.99,216.13,66.01,56.37,,false,""
2024-06-14T02:00:00.000000,Italy,Italy,IT,165.86,225.08,64.32,55.02,,false,""
2024-06-14T03:00:00.000000,Italy,Italy,IT,169.61,228.25,63.66,54.67,,false,""
2024-06-14T04:00:00.000000,Italy,Italy,IT,176.52,236.95,61.41,53.76,,false,""
2024-06-14T05:00:00.000000,Italy,Italy,IT,171.67,230.31,62.37,56.25,,false,""
2024-06-14T06:00:00.000000,Italy,Italy,IT,157.7,213.57,65.5,59.58,,false,""
2024-06-14T07:00:00.000000,Italy,Italy,IT,141.85,194.99,69.39,63.29,,false,""
2024-06-14T08:00:00.000000,Italy,Italy,IT,122.95,172.48,73.87,67.74,,false,""
2024-06-14T09:00:00.000000,Italy,Italy,IT,114.63,162.63,75.94,70.23,,false,""
2024-06-14T10:00:00.000000,Italy,Italy,IT,106.43,153.35,77.87,72.51,,false,""
2024-06-14T11:00:00.000000,Italy,Italy,IT,104.3,150.67,78.27,72.64,,false,""
2024-06-14T12:00:00.000000,Italy,Italy,IT,103.96,150.03,78.42,72.85,,false,""
2024-06-14T13:00:00.000000,Italy,Italy,IT,109.85,157.03,76.91,71.38,,false,""
2024-06-14T14:00:00.000000,Italy,Italy,IT,119.47,168.55,74.51,68.25,,false,""
2024-06-14T15:00:00.000000,Italy,Italy,IT,137.77,190.92,69.91,63.5,,false,""
2024-06-14T16:00:00.000000,Italy,Italy,IT,164.79,224.31,62.71,56.32,,false,""
2024-06-14T17:00:00.000000,Italy,Italy,IT,190.25,254.73,56.44,50.01,,false,""
2024-06-14T18:00:00.000000,Italy,Italy,IT,197.27,262.17,54.92,48.09,,false,""
2024-06-14T19:00:00.000000,Italy,Italy,IT,203.06,270.24,53.51,46.13,,false,""
2024-06-14T20:00:00.000000,Italy,Italy,IT,197.5,263.53,55.31,47.57,,false,""
2024-06-14T21:00:00.000000,Italy,Italy,IT,195.77,261.01,56.41,47.73,,false,""
2024-06-14T22:00:00.000000,Italy,Italy,IT,176.88,238.7,60.76,50.98,,false,""
2024-06-14T23:00:00.000000,Italy,Italy,IT,173.28,234.66,61.48,51.33,,false,""
2024-06-15T00:00:00.000000,Italy,Italy,IT,163.73,223.04,64.06,54.09,,false,""
2024-06-15T01:00:00.000000,Italy,Italy,IT,162.91,221.91,64.5,55.02,,false,""
2024-06-15T02:00:00.000000,Italy,Italy,IT,163.65,222.78,64.3,54.92,,false,""
2024-06-15T03:00:00.000000,Italy,Italy,IT,158.56,216.1,65.85,56.25,,false,""
2024-06-15T04:00:00.000000,Italy,Italy,IT,150.82,206.65,67.53,57.87,,false,""
2024-06-15T05:00:00.000000,Italy,Italy,IT,140.06,193.48,69.76,61.55,,false,""
2024-06-15T06:00:00.000000,Italy,Italy,IT,126.52,177.49,72.86,66.75,,false,""
2024-06-15T07:00:00.000000,Italy,Italy,IT,117.34,167.35,75.03,70.79,,false,""
2024-06-15T08:00:00.000000,Italy,Italy,IT,107.87,156.82,76.95,74.43,,false,""
2024-06-15T09:00:00.000000,Italy,Italy,IT,100.53,148.23,78.76,77.71,,false,""
2024-06-15T10:00:00.000000,Italy,Italy,IT,101.3,149.44,78.71,78.1,,false,""
2024-06-15T11:00:00.000000,Italy,Italy,IT,96.05,143.27,79.95,79.49,,false,""
2024-06-15T12:00:00.000000,Italy,Italy,IT,95.1,142.59,80.03,79.61,,false,""
2024-06-15T13:00:00.000000,Italy,Italy,IT,102.0,150.43,78.44,77.75,,false,""
2024-06-15T14:00:00.000000,Italy,Italy,IT,109.39,158.87,76.87,74.61,,false,""
2024-06-15T15:00:00.000000,Italy,Italy,IT,113.67,163.06,75.66,71.21,,false,""
2024-06-15T16:00:00.000000,Italy,Italy,IT,142.54,196.85,68.58,62.06,,false,""
2024-06-15T17:00:00.000000,Italy,Italy,IT,164.86,223.69,63.05,55.77,,false,""
2024-06-15T18:00:00.000000,Italy,Italy,IT,174.17,233.71,61.0,53.33,,false,""
2024-06-15T19:00:00.000000,Italy,Italy,IT,171.16,230.4,61.58,53.35,,false,""
2024-06-15T20:00:00.000000,Italy,Italy,IT,161.37,218.89,64.33,55.3,,false,""
2024-06-15T21:00:00.000000,Italy,Italy,IT,157.96,215.2,65.53,56.09,,false,""
2024-06-15T22:00:00.000000,Italy,Italy,IT,147.55,201.36,68.35,57.72,,false,""
2024-06-15T23:00:00.000000,Italy,Italy,IT,134.11,184.98,71.74,60.57,,false,""
2024-06-16T00:00:00.000000,Italy,Italy,IT,119.47,166.96,75.52,64.04,,false,""
2024-06-16T01:00:00.000000,Italy,Italy,IT,112.66,158.31,77.45,65.91,,false,""
2024-06-16T02:00:00.000000,Italy,Italy,IT,113.41,159.49,77.26,65.07,,false,""
2024-06-16T03:00:00.000000,Italy,Italy,IT,112.86,158.87,77.5,66.27,,false,""
2024-06-16T04:00:00.000000,Italy,Italy,IT,109.05,154.05,78.25,66.9,,false,""
2024-06-16T05:00:00.000000,Italy,Italy,IT,104.44,149.21,79.24,70.87,,false,""
2024-06-16T06:00:00.000000,Italy,Italy,IT,92.65,136.49,81.37,75.74,,false,""
2024-06-16T07:00:00.000000,Italy,Italy,IT,81.17,124.45,83.38,80.52,,false,""
2024-06-16T08:00:00.000000,Italy,Italy,IT,73.85,117.01,84.64,83.46,,false,""
2024-06-16T09:00:00.000000,Italy,Italy,IT,64.96,106.92,86.52,86.28,,false,""
2024-06-16T10:00:00.000000,Italy,Italy,IT,63.59,105.02,86.93,86.61,,false,""
2024-06-16T11:00:00.000000,Italy,Italy,IT,65.94,107.91,86.65,86.26,,false,""
2024-06-16T12:00:00.000000,Italy,Italy,IT,73.46,117.61,84.85,84.35,,false,""
2024-06-16T13:00:00.000000,Italy,Italy,IT,70.96,114.14,85.38,84.79,,false,""
2024-06-16T14:00:00.000000,Italy,Italy,IT,76.21,119.56,84.11,82.26,,false,""
2024-06-16T15:00:00.000000,Italy,Italy,IT,90.03,135.17,80.95,78.27,,false,""
2024-06-16T16:00:00.000000,Italy,Italy,IT,109.11,156.43,76.41,71.09,,false,""
2024-06-16T17:00:00.000000,Italy,Italy,IT,125.17,173.79,72.59,66.01,,false,""
2024-06-16T18:00:00.000000,Italy,Italy,IT,136.2,185.01,70.21,62.77,,false,""
2024-06-16T19:00:00.000000,Italy,Italy,IT,141.86,191.14,68.96,59.9,,false,""
2024-06-16T20:00:00.000000,Italy,Italy,IT,148.46,200.08,67.59,58.24,,false,""
2024-06-16T21:00:00.000000,Italy,Italy,IT,138.84,189.05,70.23,59.21,,false,""
2024-06-16T22:00:00.000000,Italy,Italy,IT,136.75,186.63,71.56,59.03,,false,""
2024-06-16T23:00:00.000000,Italy,Italy,IT,143.63,196.01,70.12,57.95,,false,""
2024-06-17T00:00:00.000000,Italy,Italy,IT,141.45,192.9,70.88,58.47,,false,""
2024-06-17T01:00:00.000000,Italy,Italy,IT,146.51,200.3,69.14,56.84,,false,""
2024-06-17T02:00:00.000000,Italy,Italy,IT,156.95,213.47,66.38,54.76,,false,""
2024-06-17T03:00:00.000000,Italy,Italy,IT,160.37,217.11,65.63,54.11,,false,""
2024-06-17T04:00:00.000000,Italy,Italy,IT,171.79,232.52,61.84,52.87,,false,""
2024-06-17T05:00:00.000000,Italy,Italy,IT,168.86,227.14,62.39,55.0,,false,""
2024-06-17T06:00:00.000000,Italy,Italy,IT,155.68,212.32,65.28,58.34,,false,""
2024-06-17T07:00:00.000000,Italy,Italy,IT,147.29,202.46,67.62,61.73,,false,""
2024-06-17T08:00:00.000000,Italy,Italy,IT,136.8,190.26,70.41,65.06,,false,""
2024-06-17T09:00:00.000000,Italy,Italy,IT,121.81,172.21,74.15,68.82,,false,""
2024-06-17T10:00:00.000000,Italy,Italy,IT,115.32,164.85,75.62,70.54,,false,""
2024-06-17T11:00:00.000000,Italy,Italy,IT,114.2,163.62,75.76,71.11,,false,""
2024-06-17T12:00:00.000000,Italy,Italy,IT,114.35,163.4,75.78,70.54,,false,""
2024-06-17T13:00:00.000000,Italy,Italy,IT,123.53,175.01,73.01,68.09,,false,""
2024-06-17T14:00:00.000000,Italy,Italy,IT,139.27,194.3,69.0,64.22,,false,""
2024-06-17T15:00:00.000000,Italy,Italy,IT,158.76,218.24,63.89,57.88,,false,""
2024-06-17T16:00:00.000000,Italy,Italy,IT,188.45,252.82,56.75,50.36,,false,""
2024-06-17T17:00:00.000000,Italy,Italy,IT,215.02,283.07,50.55,44.05,,false,""
2024-06-17T18:00:00.000000,Italy,Italy,IT,227.84,298.94,47.41,40.74,,false,""
2024-06-17T19:00:00.000000,Italy,Italy,IT,231.69,303.7,46.53,40.27,,false,""
2024-06-17T20:00:00.000000,Italy,Italy,IT,232.4,306.79,46.34,39.74,,false,""
2024-06-17T21:00:00.000000,Italy,Italy,IT,226.45,300.13,47.95,40.61,,false,""
2024-06-17T22:00:00.000000,Italy,Italy,IT,211.7,281.74,52.31,43.42,,false,""
2024-06-17T23:00:00.000000,Italy,Italy,IT,201.01,268.2,55.21,44.32,,false,""
2024-06-18T00:00:00.000000,Italy,Italy,IT,194.13,259.86,56.77,44.78,,false,""
2024-06-18T01:00:00.000000,Italy,Italy,IT,194.24,260.34,56.75,44.84,,false,""
2024-06-18T02:00:00.000000,Italy,Italy,IT,196.11,262.38,56.29,44.92,,false,""
2024-06-18T03:00:00.000000,Italy,Italy,IT,200.01,267.84,54.95,45.26,,false,""
2024-06-18T04:00:00.000000,Italy,Italy,IT,206.17,275.59,52.73,44.75,,false,""
2024-06-18T05:00:00.000000,Italy,Italy,IT,197.33,264.32,54.77,48.17,,false,""
2024-06-18T06:00:00.000000,Italy,Italy,IT,184.01,247.74,58.2,52.57,,false,""
2024-06-18T07:00:00.000000,Italy,Italy,IT,164.99,224.96,62.97,57.69,,false,""
2024-06-18T08:00:00.000000,Italy,Italy,IT,151.72,209.01,66.33,61.21,,false,""
2024-06-18T09:00:00.000000,Italy,Italy,IT,139.66,194.6,69.3,64.43,,false,""
2024-06-18T10:00:00.000000,Italy,Italy,IT,130.2,183.25,71.67,66.81,,false,""
2024-06-18T11:00:00.000000,Italy,Italy,IT,129.86,183.13,71.68,66.94,,false,""
2024-06-18T12:00:00.000000,Italy,Italy,IT,130.35,183.17,71.53,66.84,,false,""
2024-06-18T13:00:00.000000,Italy,Italy,IT,141.34,196.49,68.78,64.14,,false,""
2024-06-18T14:00:00.000000,Italy,Italy,IT,159.18,218.32,64.09,59.57,,false,""
2024-06-18T15:00:00.000000,Italy,Italy,IT,183.53,248.61,57.79,53.09,,false,""
2024-06-18T16:00:00.000000,Italy,Italy,IT,205.29,274.08,52.09,46.82,,false,""
2024-06-18T17:00:00.000000,Italy,Italy,IT,224.78,297.7,47.28,42.0,,false,""
2024-06-18T18:00:00.000000,Italy,Italy,IT,234.16,308.6,45.16,39.68,,false,""
2024-06-18T19:00:00.000000,Italy,Italy,IT,234.6,309.23,44.99,39.16,,false,""
2024-06-18T20:00:00.000000,Italy,Italy,IT,235.7,311.95,44.99,38.97,,false,""
2024-06-18T21:00:00.000000,Italy,Italy,IT,236.94,313.95,45.14,38.72,,false,""
2024-06-18T22:00:00.000000,Italy,Italy,IT,220.45,292.42,50.1,42.49,,false,""
2024-06-18T23:00:00.000000,Italy,Italy,IT,209.15,277.04,53.84,44.8,,false,""
2024-06-19T00:00:00.000000,Italy,Italy,IT,208.26,275.56,54.45,44.53,,false,""
2024-06-19T01:00:00.000000,Italy,Italy,IT,207.88,275.35,54.38,44.33,,false,""
2024-06-19T02:00:00.000000,Italy,Italy,IT,206.35,273.53,54.76,44.74,,false,""
2024-06-19T03:00:00.000000,Italy,Italy,IT,208.85,276.65,53.93,44.35,,false,""
2024-06-19T04:00:00.000000,Italy,Italy,IT,205.72,274.13,53.34,45.46,,false,""
2024-06-19T05:00:00.000000,Italy,Italy,IT,201.43,268.97,54.3,47.73,,false,""
2024-06-19T06:00:00.000000,Italy,Italy,IT,193.61,258.69,56.29,50.27,,false,""
2024-06-19T07:00:00.000000,Italy,Italy,IT,184.49,247.44,58.58,53.14,,false,""
2024-06-19T08:00:00.000000,Italy,Italy,IT,173.86,235.48,61.0,56.26,,false,""
2024-06-19T09:00:00.000000,Italy,Italy,IT,166.5,226.91,62.62,57.65,,false,""
2024-06-19T10:00:00.000000,Italy,Italy,IT,161.2,220.79,63.82,59.02,,false,""
2024-06-19T11:00:00.000000,Italy,Italy,IT,158.09,217.2,64.43,59.34,,false,""
2024-06-19T12:00:00.000000,Italy,Italy,IT,162.61,222.63,63.23,58.29,,false,""
2024-06-19T13:00:00.000000,Italy,Italy,IT,169.9,231.16,61.24,55.89,,false,""
2024-06-19T14:00:00.000000,Italy,Italy,IT,186.73,250.54,57.14,51.61,,false,""
2024-06-19T15:00:00.000000,Italy,Italy,IT,206.15,273.73,52.3,46.85,,false,""
2024-06-19T16:00:00.000000,Italy,Italy,IT,222.7,294.28,47.81,42.13,,false,""
2024-06-19T17:00:00.000000,Italy,Italy,IT,232.34,305.85,45.62,40.25,,false,""
2024-06-19T18:00:00.000000,Italy,Italy,IT,238.12,313.61,44.14,38.81,,false,""
2024-06-19T19:00:00.000000,Italy,Italy,IT,233.22,308.46,45.13,39.37,,false,""
2024-06-19T20:00:00.000000,Italy,Italy,IT,231.66,307.61,45.68,39.88,,false,""
2024-06-19T21:00:00.000000,Italy,Italy,IT,223.98,297.08,48.54,41.52,,false,""
2024-06-19T22:00:00.000000,Italy,Italy,IT,211.56,281.1,52.1,44.22,,false,""
2024-06-19T23:00:00.000000,Italy,Italy,IT,208.36,277.2,53.23,45.35,,false,""
2024-06-20T00:00:00.000000,Italy,Italy,IT,212.1,282.01,52.31,44.27,,false,""
2024-06-20T01:00:00.000000,Italy,Italy,IT,215.43,286.54,51.33,42.69,,false,""
2024-06-20T02:00:00.000000,Italy,Italy,IT,213.24,283.65,51.94,42.91,,false,""
2024-06-20T03:00:00.000000,Italy,Italy,IT,214.08,284.8,51.55,43.05,,false,""
2024-06-20T04:00:00.000000,Italy,Italy,IT,215.97,288.35,50.09,43.66,,false,""
2024-06-20T05:00:00.000000,Italy,Italy,IT,214.92,286.8,50.31,44.46,,false,""
2024-06-20T06:00:00.000000,Italy,Italy,IT,203.58,271.2,53.48,47.68,,false,""
2024-06-20T07:00:00.000000,Italy,Italy,IT,193.71,259.26,55.7,50.5,,false,""
2024-06-20T08:00:00.000000,Italy,Italy,IT,181.07,244.54,58.54,53.93,,false,""
2024-06-20T09:00:00.000000,Italy,Italy,IT,175.74,238.17,59.9,55.25,,false,""
2024-06-20T10:00:00.000000,Italy,Italy,IT,175.2,237.55,60.19,56.24,,false,""
2024-06-20T11:00:00.000000,Italy,Italy,IT,175.22,237.47,60.48,56.53,,false,""
2024-06-20T12:00:00.000000,Italy,Italy,IT,171.34,233.57,60.68,56.28,,false,""
2024-06-20T13:00:00.000000,Italy,Italy,IT,171.07,233.17,60.7,55.03,,false,""
2024-06-20T14:00:00.000000,Italy,Italy,IT,185.9,251.19,56.89,50.49,,false,""
2024-06-20T15:00:00.000000,Italy,Italy,IT,203.77,273.36,52.12,46.16,,false,""
2024-06-20T16:00:00.000000,Italy,Italy,IT,223.97,297.09,47.33,41.88,,false,""
2024-06-20T17:00:00.000000,Italy,Italy,IT,236.02,310.76,44.71,39.0,,false,""
2024-06-20T18:00:00.000000,Italy,Italy,IT,242.66,318.29,43.19,37.32,,false,""
2024-06-20T19:00:00.000000,Italy,Italy,IT,241.32,317.93,43.22,37.1,,false,""
2024-06-20T20:00:00.000000,Italy,Italy,IT,238.98,316.34,43.78,37.51,,false,""
2024-06-20T21:00:00.000000,Italy,Italy,IT,228.56,302.59,47.16,39.99,,false,""
2024-06-20T22:00:00.000000,Italy,Italy,IT,214.04,284.12,51.18,42.87,,false,""
2024-06-20T23:00:00.000000,Italy,Italy,IT,202.27,269.49,54.25,44.7,,false,""
2024-06-21T00:00:00.000000,Italy,Italy,IT,200.48,267.22,54.78,44.64,,false,""
2024-06-21T01:00:00.000000,Italy,Italy,IT,198.45,265.31,55.01,44.3,,false,""
2024-06-21T02:00:00.000000,Italy,Italy,IT,192.86,257.7,56.61,45.82,,false,""
2024-06-21T03:00:00.000000,Italy,Italy,IT,194.48,259.74,56.06,45.47,,false,""
2024-06-21T04:00:00.000000,Italy,Italy,IT,205.93,275.3,52.48,43.85,,false,""
2024-06-21T05:00:00.000000,Italy,Italy,IT,212.59,283.89,50.42,43.46,,false,""
2024-06-21T06:00:00.000000,Italy,Italy,IT,204.43,272.14,52.87,46.27,,false,""
2024-06-21T07:00:00.000000,Italy,Italy,IT,193.81,258.86,55.42,49.27,,false,""
2024-06-21T08:00:00.000000,Italy,Italy,IT,187.63,251.52,57.1,51.32,,false,""
2024-06-21T09:00:00.000000,Italy,Italy,IT,181.17,244.13,58.46,52.91,,false,""
2024-06-21T10:00:00.000000,Italy,Italy,IT,176.37,239.44,59.46,53.98,,false,""
2024-06-21T11:00:00.000000,Italy,Italy,IT,174.92,238.11,59.56,53.92,,false,""
2024-06-21T12:00:00.000000,Italy,Italy,IT,177.7,241.62,58.66,53.2,,false,""
2024-06-21T13:00:00.000000,Italy,Italy,IT,184.76,250.88,56.6,51.28,,false,""
2024-06-21T14:00:00.000000,Italy,Italy,IT,194.57,262.7,54.18,48.66,,false,""
2024-06-21T15:00:00.000000,Italy,Italy,IT,212.52,284.08,50.05,44.7,,false,""
2024-06-21T16:00:00.000000,Italy,Italy,IT,225.91,299.57,46.81,41.15,,false,""
2024-06-21T17:00:00.000000,Italy,Italy,IT,229.14,302.59,46.17,39.77,,false,""
2024-06-21T18:00:00.000000,Italy,Italy,IT,235.6,310.26,44.95,38.03,,false,""
2024-06-21T19:00:00.000000,Italy,Italy,IT,238.71,315.0,44.05,36.81,,false,""
2024-06-21T20:00:00.000000,Italy,Italy,IT,239.63,317.27,43.7,36.64,,false,""
2024-06-21T21:00:00.000000,Italy,Italy,IT,227.33,302.01,47.06,39.84,,false,""
2024-06-21T22:00:00.000000,Italy,Italy,IT,201.11,268.69,53.8,45.08,,false,""
2024-06-21T23:00:00.000000,Italy,Italy,IT,189.66,255.44,56.53,47.21,,false,""
2024-06-22T00:00:00.000000,Italy,Italy,IT,176.91,239.36,60.02,49.92,,false,""
2024-06-22T01:00:00.000000,Italy,Italy,IT,166.43,225.8,63.03,52.59,,false,""
2024-06-22T02:00:00.000000,Italy,Italy,IT,157.11,213.3,65.8,55.32,,false,""
2024-06-22T03:00:00.000000,Italy,Italy,IT,155.77,211.33,66.38,56.19,,false,""
2024-06-22T04:00:00.000000,Italy,Italy,IT,150.3,205.6,67.18,57.58,,false,""
2024-06-22T05:00:00.000000,Italy,Italy,IT,140.91,194.04,69.38,61.31,,false,""
2024-06-22T06:00:00.000000,Italy,Italy,IT,123.31,172.97,73.64,66.87,,false,""
2024-06-22T07:00:00.000000,Italy,Italy,IT,100.72,146.3,78.76,72.72,,false,""
2024-06-22T08:00:00.000000,Italy,Italy,IT,87.09,130.82,81.51,76.87,,false,""
2024-06-22T09:00:00.000000,Italy,Italy,IT,83.19,127.47,82.08,79.26,,false,""
2024-06-22T10:00:00.000000,Italy,Italy,IT,81.86,126.09,82.36,80.56,,false,""
2024-06-22T11:00:00.000000,Italy,Italy,IT,76.16,118.97,83.68,82.04,,false,""
2024-06-22T12:00:00.000000,Italy,Italy,IT,78.05,121.18,83.19,81.72,,false,""
2024-06-22T13:00:00.000000,Italy,Italy,IT,83.25,127.17,82.02,80.1,,false,""
2024-06-22T14:00:00.000000,Italy,Italy,IT,92.8,138.45,79.82,77.31,,false,""
2024-06-22T15:00:00.000000,Italy,Italy,IT,112.57,161.81,75.18,71.22,,false,""
2024-06-22T16:00:00.000000,Italy,Italy,IT,131.8,184.12,70.34,64.67,,false,""
2024-06-22T17:00:00.000000,Italy,Italy,IT,148.85,203.94,66.13,59.48,,false,""
2024-06-22T18:00:00.000000,Italy,Italy,IT,158.38,213.74,64.27,56.9,,false,""
2024-06-22T19:00:00.000000,Italy,Italy,IT,160.37,217.23,63.6,55.84,,false,""
2024-06-22T20:00:00.000000,Italy,Italy,IT,161.32,219.82,63.37,56.05,,false,""
2024-06-22T21:00:00.000000,Italy,Italy,IT,155.16,212.22,65.58,57.68,,false,""
2024-06-22T22:00:00.000000,Italy,Italy,IT,147.04,203.13,67.07,58.58,,false,""
2024-06-22T23:00:00.000000,Italy,Italy,IT,136.58,190.02,69.78,60.31,,false,""
2024-06-23T00:00:00.000000,Italy,Italy,IT,137.35,189.9,69.9,59.55,,false,""
2024-06-23T01:00:00.000000,Italy,Italy,IT,135.81,188.06,70.41,60.62,,false,""
2024-06-23T02:00:00.000000,Italy,Italy,IT,130.48,181.66,71.83,61.47,,false,""
2024-06-23T03:00:00.000000,Italy,Italy,IT,130.24,181.18,71.98,61.79,,false,""
2024-06-23T04:00:00.000000,Italy,Italy,IT,128.93,180.05,72.28,62.03,,false,""
2024-06-23T05:00:00.000000,Italy,Italy,IT,128.45,178.73,72.24,64.05,,false,""
2024-06-23T06:00:00.000000,Italy,Italy,IT,133.44,185.19,71.35,64.78,,false,""
2024-06-23T07:00:00.000000,Italy,Italy,IT,134.16,187.02,70.74,66.09,,false,""
2024-06-23T08:00:00.000000,Italy,Italy,IT,120.06,171.5,73.64,69.57,,false,""
2024-06-23T09:00:00.000000,Italy,Italy,IT,112.63,163.11,74.83,71.29,,false,""
2024-06-23T10:00:00.000000,Italy,Italy,IT,115.84,167.59,73.93,71.54,,false,""
2024-06-23T11:00:00.000000,Italy,Italy,IT,105.24,154.67,76.58,75.03,,false,""
2024-06-23T12:00:00.000000,Italy,Italy,IT,107.05,156.9,76.18,75.06,,false,""
2024-06-23T13:00:00.000000,Italy,Italy,IT,108.42,157.59,75.93,74.01,,false,""
2024-06-23T14:00:00.000000,Italy,Italy,IT,108.29,156.9,76.17,72.74,,false,""
2024-06-23T15:00:00.000000,Italy,Italy,IT,118.33,168.23,73.98,69.27,,false,""
2024-06-23T16:00:00.000000,Italy,Italy,IT,139.43,193.36,68.84,62.92,,false,""
2024-06-23T17:00:00.000000,Italy,Italy,IT,159.58,216.57,64.15,56.79,,false,""
2024-06-23T18:00:00.000000,Italy,Italy,IT,175.02,234.08,60.82,52.75,,false,""
2024-06-23T19:00:00.000000,Italy,Italy,IT,182.89,243.34,59.09,50.77,,false,""
2024-06-23T20:00:00.000000,Italy,Italy,IT,180.34,242.34,59.35,50.58,,false,""
2024-06-23T21:00:00.000000,Italy,Italy,IT,179.94,241.93,60.27,50.79,,false,""
2024-06-23T22:00:00.000000,Italy,Italy,IT,178.68,240.91,60.69,50.8,,false,""
2024-06-23T23:00:00.000000,Italy,Italy,IT,168.72,229.3,63.45,52.8,,false,""
2024-06-24T00:00:00.000000,Italy,Italy,IT,167.25,227.45,63.9,52.53,,false,""
2024-06-24T01:00:00.000000,Italy,Italy,IT,167.82,228.33,63.75,52.36,,false,""
2024-06-24T02:00:00.000000,Italy,Italy,IT,171.17,232.23,63.0,51.71,,false,""
2024-06-24T03:00:00.000000,Italy,Italy,IT,180.97,244.04,60.79,50.06,,false,""
2024-06-24T04:00:00.000000,Italy,Italy,IT,210.18,278.95,53.79,45.42,,false,""
2024-06-24T05:00:00.000000,Italy,Italy,IT,205.75,271.76,54.51,47.04,,false,""
2024-06-24T06:00:00.000000,Italy,Italy,IT,195.32,259.81,56.56,49.44,,false,""
2024-06-24T07:00:00.000000,Italy,Italy,IT,181.27,242.88,59.39,52.14,,false,""
2024-06-24T08:00:00.000000,Italy,Italy,IT,168.79,228.75,62.07,54.86,,false,""
2024-06-24T09:00:00.000000,Italy,Italy,IT,163.97,222.37,63.28,56.41,,false,""
2024-06-24T10:00:00.000000,Italy,Italy,IT,157.89,215.84,64.9,58.54,,false,""
2024-06-24T11:00:00.000000,Italy,Italy,IT,146.66,202.64,67.51,61.34,,false,""
2024-06-24T12:00:00.000000,Italy,Italy,IT,146.52,202.11,67.55,61.4,,false,""
2024-06-24T13:00:00.000000,Italy,Italy,IT,157.8,215.96,64.67,58.38,,false,""
2024-06-24T14:00:00.000000,Italy,Italy,IT,171.08,232.25,61.36,55.5,,false,""
2024-06-24T15:00:00.000000,Italy,Italy,IT,181.43,245.14,58.64,52.59,,false,""
2024-06-24T16:00:00.000000,Italy,Italy,IT,192.39,258.92,55.53,49.39,,false,""
2024-06-24T17:00:00.000000,Italy,Italy,IT,209.35,278.69,51.39,44.7,,false,""
2024-06-24T18:00:00.000000,Italy,Italy,IT,218.62,289.01,49.48,42.43,,false,""
2024-06-24T19:00:00.000000,Italy,Italy,IT,222.05,293.96,48.65,41.58,,false,""
2024-06-24T20:00:00.000000,Italy,Italy,IT,222.98,297.06,48.22,41.55,,false,""
2024-06-24T21:00:00.000000,Italy,Italy,IT,213.86,285.59,50.87,43.56,,false,""
2024-06-24T22:00:00.000000,Italy,Italy,IT,204.23,273.63,53.66,45.3,,false,""
2024-06-24T23:00:00.000000,Italy,Italy,IT,197.69,266.31,55.52,46.15,,false,""
2024-06-25T00:00:00.000000,Italy,Italy,IT,192.59,260.35,56.73,47.04,,false,""
2024-06-25T01:00:00.000000,Italy,Italy,IT,186.99,253.27,58.09,48.13,,false,""
2024-06-25T02:00:00.000000,Italy,Italy,IT,185.66,251.46,58.37,48.62,,false,""
2024-06-25T03:00:00.000000,Italy,Italy,IT,187.64,253.86,57.63,48.76,,false,""
2024-06-25T04:00:00.000000,Italy,Italy,IT,197.29,264.09,55.6,47.68,,false,""
2024-06-25T05:00:00.000000,Italy,Italy,IT,189.4,253.18,57.26,50.03,,false,""
2024-06-25T06:00:00.000000,Italy,Italy,IT,178.74,238.87,60.19,53.5,,false,""
2024-06-25T07:00:00.000000,Italy,Italy,IT,164.09,221.7,63.53,57.31,,false,""
2024-06-25T08:00:00.000000,Italy,Italy,IT,158.76,216.79,64.42,58.46,,false,""
2024-06-25T09:00:00.000000,Italy,Italy,IT,153.38,211.36,65.49,59.99,,false,""
2024-06-25T10:00:00.000000,Italy,Italy,IT,138.7,193.99,68.77,63.64,,false,""
2024-06-25T11:00:00.000000,Italy,Italy,IT,136.68,191.25,69.49,64.74,,false,""
2024-06-25T12:00:00.000000,Italy,Italy,IT,140.74,196.0,68.49,63.9,,false,""
2024-06-25T13:00:00.000000,Italy,Italy,IT,143.34,199.34,67.67,61.71,,false,""
2024-06-25T14:00:00.000000,Italy,Italy,IT,161.67,221.93,63.11,56.69,,false,""
2024-06-25T15:00:00.000000,Italy,Italy,IT,180.07,244.7,58.43,51.93,,false,""
2024-06-25T16:00:00.000000,Italy,Italy,IT,199.61,268.14,53.67,46.99,,false,""
2024-06-25T17:00:00.000000,Italy,Italy,IT,213.88,285.23,49.98,43.72,,false,""
2024-06-25T18:00:00.000000,Italy,Italy,IT,220.02,291.94,48.54,42.26,,false,""
2024-06-25T19:00:00.000000,Italy,Italy,IT,219.38,292.41,48.7,41.93,,false,""
2024-06-25T20:00:00.000000,Italy,Italy,IT,221.14,294.62,48.63,41.7,,false,""
2024-06-25T21:00:00.000000,Italy,Italy,IT,209.06,279.61,51.8,44.3,,false,""
2024-06-25T22:00:00.000000,Italy,Italy,IT,193.28,260.81,55.94,47.96,,false,""
2024-06-25T23:00:00.000000,Italy,Italy,IT,182.15,247.16,58.84,48.77,,false,""
2024-06-26T00:00:00.000000,Italy,Italy,IT,178.89,243.41,59.52,48.52,,false,""
2024-06-26T01:00:00.000000,Italy,Italy,IT,178.13,241.98,59.81,47.91,,false,""
2024-06-26T02:00:00.000000,Italy,Italy,IT,179.55,243.87,59.26,47.33,,false,""
2024-06-26T03:00:00.000000,Italy,Italy,IT,184.96,250.53,57.99,46.49,,false,""
2024-06-26T04:00:00.000000,Italy,Italy,IT,196.86,264.58,54.81,45.61,,false,""
2024-06-26T05:00:00.000000,Italy,Italy,IT,196.16,262.61,54.92,47.46,,false,""
2024-06-26T06:00:00.000000,Italy,Italy,IT,183.99,247.48,58.14,50.96,,false,""
2024-06-26T07:00:00.000000,Italy,Italy,IT,170.42,231.74,61.32,55.19,,false,""
2024-06-26T08:00:00.000000,Italy,Italy,IT,152.45,209.95,65.97,60.19,,false,""
2024-06-26T09:00:00.000000,Italy,Italy,IT,139.14,194.47,69.12,63.35,,false,""
2024-06-26T10:00:00.000000,Italy,Italy,IT,131.43,185.05,71.12,66.11,,false,""
2024-06-26T11:00:00.000000,Italy,Italy,IT,127.13,179.54,72.17,67.08,,false,""
2024-06-26T12:00:00.000000,Italy,Italy,IT,128.47,180.93,71.89,67.05,,false,""
2024-06-26T13:00:00.000000,Italy,Italy,IT,132.01,185.06,70.96,65.58,,false,""
2024-06-26T14:00:00.000000,Italy,Italy,IT,148.57,205.28,66.74,61.31,,false,""
2024-06-26T15:00:00.000000,Italy,Italy,IT,172.79,234.79,60.8,55.16,,false,""
2024-06-26T16:00:00.000000,Italy,Italy,IT,200.76,269.31,53.79,48.17,,false,""
2024-06-26T17:00:00.000000,Italy,Italy,IT,224.22,297.31,47.8,42.66,,false,""
2024-06-26T18:00:00.000000,Italy,Italy,IT,239.87,316.08,44.28,39.53,,false,""
2024-06-26T19:00:00.000000,Italy,Italy,IT,239.89,316.23,44.35,39.69,,false,""
2024-06-26T20:00:00.000000,Italy,Italy,IT,246.9,325.52,42.78,38.93,,false,""
2024-06-26T21:00:00.000000,Italy,Italy,IT,230.03,304.96,47.26,41.67,,false,""
2024-06-26T22:00:00.000000,Italy,Italy,IT,212.91,283.2,51.99,45.32,,false,""
2024-06-26T23:00:00.000000,Italy,Italy,IT,186.5,250.57,58.64,48.68,,false,""
2024-06-27T00:00:00.000000,Italy,Italy,IT,180.56,243.21,60.08,48.73,,false,""
2024-06-27T01:00:00.000000,Italy,Italy,IT,174.54,235.59,61.65,49.83,,false,""
2024-06-27T02:00:00.000000,Italy,Italy,IT,172.05,232.08,62.5,50.24,,false,""
2024-06-27T03:00:00.000000,Italy,Italy,IT,174.69,236.38,61.49,49.8,,false,""
2024-06-27T04:00:00.000000,Italy,Italy,IT,189.21,253.58,57.73,49.12,,false,""
2024-06-27T05:00:00.000000,Italy,Italy,IT,185.62,249.14,58.31,51.42,,false,""
2024-06-27T06:00:00.000000,Italy,Italy,IT,168.41,229.08,61.99,55.62,,false,""
2024-06-27T07:00:00.000000,Italy,Italy,IT,151.16,207.36,66.86,60.7,,false,""
2024-06-27T08:00:00.000000,Italy,Italy,IT,134.37,187.27,71.06,64.79,,false,""
2024-06-27T09:00:00.000000,Italy,Italy,IT,124.96,176.08,73.32,66.96,,false,""
2024-06-27T10:00:00.000000,Italy,Italy,IT,112.71,161.9,76.17,69.88,,false,""
2024-06-27T11:00:00.000000,Italy,Italy,IT,110.92,160.05,76.62,70.28,,false,""
2024-06-27T12:00:00.000000,Italy,Italy,IT,116.12,166.07,75.47,69.19,,false,""
2024-06-27T13:00:00.000000,Italy,Italy,IT,121.64,172.06,74.0,67.41,,false,""
2024-06-27T14:00:00.000000,Italy,Italy,IT,134.87,188.33,70.43,63.93,,false,""
2024-06-27T15:00:00.000000,Italy,Italy,IT,155.45,213.72,65.15,58.85,,false,""
2024-06-27T16:00:00.000000,Italy,Italy,IT,180.05,243.29,58.94,52.07,,false,""
2024-06-27T17:00:00.000000,Italy,Italy,IT,206.15,274.23,52.4,45.66,,false,""
2024-06-27T18:00:00.000000,Italy,Italy,IT,216.35,286.02,50.2,43.28,,false,""
2024-06-27T19:00:00.000000,Italy,Italy,IT,223.34,294.85,48.45,41.66,,false,""
2024-06-27T20:00:00.000000,Italy,Italy,IT,224.48,297.56,48.19,41.41,,false,""
2024-06-27T21:00:00.000000,Italy,Italy,IT,217.35,290.07,49.96,42.67,,false,""
2024-06-27T22:00:00.000000,Italy,Italy,IT,203.39,271.87,54.25,44.6,,false,""
2024-06-27T23:00:00.000000,Italy,Italy,IT,184.25,248.16,58.9,47.99,,false,""
2024-06-28T00:00:00.000000,Italy,Italy,IT,176.44,238.15,61.28,49.73,,false,""
2024-06-28T01:00:00.000000,Italy,Italy,IT,180.84,243.22,60.75,49.87,,false,""
2024-06-28T02:00:00.000000,Italy,Italy,IT,184.34,247.49,59.97,49.53,,false,""
2024-06-28T03:00:00.000000,Italy,Italy,IT,190.47,254.43,58.4,48.87,,false,""
2024-06-28T04:00:00.000000,Italy,Italy,IT,189.44,252.3,58.29,49.83,,false,""
2024-06-28T05:00:00.000000,Italy,Italy,IT,178.7,239.35,60.62,52.84,,false,""
2024-06-28T06:00:00.000000,Italy,Italy,IT,163.36,221.2,63.99,56.73,,false,""
2024-06-28T07:00:00.000000,Italy,Italy,IT,144.53,198.64,68.55,61.65,,false,""
2024-06-28T08:00:00.000000,Italy,Italy,IT,129.68,180.77,72.19,65.58,,false,""
2024-06-28T09:00:00.000000,Italy,Italy,IT,117.89,167.28,75.12,69.33,,false,""
2024-06-28T10:00:00.000000,Italy,Italy,IT,104.18,150.62,78.5,73.24,,false,""
2024-06-28T11:00:00.000000,Italy,Italy,IT,105.38,152.53,78.25,73.65,,false,""
2024-06-28T12:00:00.000000,Italy,Italy,IT,107.1,154.35,77.84,73.23,,false,""
2024-06-28T13:00:00.000000,Italy,Italy,IT,110.94,158.56,76.78,71.67,,false,""
2024-06-28T14:00:00.000000,Italy,Italy,IT,122.54,172.25,73.8,67.49,,false,""
2024-06-28T15:00:00.000000,Italy,Italy,IT,139.85,193.32,69.08,62.06,,false,""
2024-06-28T16:00:00.000000,Italy,Italy,IT,161.39,219.88,63.04,55.31,,false,""
2024-06-28T17:00:00.000000,Italy,Italy,IT,182.63,243.49,58.02,49.91,,false,""
2024-06-28T18:00:00.000000,Italy,Italy,IT,193.39,256.15,55.6,47.28,,false,""
2024-06-28T19:00:00.000000,Italy,Italy,IT,200.38,265.93,54.24,46.45,,false,""
2024-06-28T20:00:00.000000,Italy,Italy,IT,205.67,273.28,53.31,45.89,,false,""
2024-06-28T21:00:00.000000,Italy,Italy,IT,200.41,267.2,54.83,47.51,,false,""
2024-06-28T22:00:00.000000,Italy,Italy,IT,187.92,252.05,57.84,50.15,,false,""
2024-06-28T23:00:00.000000,Italy,Italy,IT,171.69,231.43,62.37,52.5,,false,""
2024-06-29T00:00:00.000000,Italy,Italy,IT,158.22,214.41,65.61,54.37,,false,""
2024-06-29T01:00:00.000000,Italy,Italy,IT,154.09,209.49,66.81,56.02,,false,""
2024-06-29T02:00:00.000000,Italy,Italy,IT,147.88,201.18,68.84,57.8,,false,""
2024-06-29T03:00:00.000000,Italy,Italy,IT,148.2,201.56,68.83,57.14,,false,""
2024-06-29T04:00:00.000000,Italy,Italy,IT,141.84,193.89,70.24,58.88,,false,""
2024-06-29T05:00:00.000000,Italy,Italy,IT,130.57,179.6,73.22,62.91,,false,""
2024-06-29T06:00:00.000000,Italy,Italy,IT,115.19,160.26,76.76,67.83,,false,""
2024-06-29T07:00:00.000000,Italy,Italy,IT,101.06,144.62,79.55,71.74,,false,""
2024-06-29T08:00:00.000000,Italy,Italy,IT,96.97,140.84,80.15,74.94,,false,""
2024-06-29T09:00:00.000000,Italy,Italy,IT,81.99,123.37,83.58,79.28,,false,""
2024-06-29T10:00:00.000000,Italy,Italy,IT,80.19,121.63,83.81,80.46,,false,""
2024-06-29T11:00:00.000000,Italy,Italy,IT,80.53,122.07,83.8,80.51,,false,""
2024-06-29T12:00:00.000000,Italy,Italy,IT,84.68,126.64,82.95,78.27,,false,""
2024-06-29T13:00:00.000000,Italy,Italy,IT,93.08,135.88,80.9,74.32,,false,""
2024-06-29T14:00:00.000000,Italy,Italy,IT,111.0,157.55,76.57,67.34,,false,""
2024-06-29T15:00:00.000000,Italy,Italy,IT,141.61,194.84,68.97,59.8,,false,""
2024-06-29T16:00:00.000000,Italy,Italy,IT,177.94,239.43,59.66,52.23,,false,""
2024-06-29T17:00:00.000000,Italy,Italy,IT,199.78,265.94,54.17,46.62,,false,""
2024-06-29T18:00:00.000000,Italy,Italy,IT,208.07,275.84,52.39,44.55,,false,""
2024-06-29T19:00:00.000000,Italy,Italy,IT,213.69,283.3,50.89,43.11,,false,""
2024-06-29T20:00:00.000000,Italy,Italy,IT,213.5,283.02,51.66,43.26,,false,""
2024-06-29T21:00:00.000000,Italy,Italy,IT,207.84,275.72,53.57,44.18,,false,""
2024-06-29T22:00:00.000000,Italy,Italy,IT,194.35,259.0,56.84,46.02,,false,""
2024-06-29T23:00:00.000000,Italy,Italy,IT,184.16,246.11,59.82,48.1,,false,""
2024-06-30T00:00:00.000000,Italy,Italy,IT,177.69,237.45,61.84,49.96,,false,""
2024-06-30T01:00:00.000000,Italy,Italy,IT,170.82,228.64,63.85,52.45,,false,""
2024-06-30T02:00:00.000000,Italy,Italy,IT,169.43,225.89,64.69,52.86,,false,""
2024-06-30T03:00:00.000000,Italy,Italy,IT,161.73,215.88,66.87,55.53,,false,""
2024-06-30T04:00:00.000000,Italy,Italy,IT,151.36,203.69,69.15,58.88,,false,""
2024-06-30T05:00:00.000000,Italy,Italy,IT,142.26,194.58,70.35,62.51,,false,""
2024-06-30T06:00:00.000000,Italy,Italy,IT,129.0,179.48,72.91,68.07,,false,""
2024-06-30T07:00:00.000000,Italy,Italy,IT,110.77,159.0,76.35,73.89,,false,""
2024-06-30T08:00:00.000000,Italy,Italy,IT,96.18,142.1,79.74,78.11,,false,""
2024-06-30T09:00:00.000000,Italy,Italy,IT,82.56,125.47,82.89,81.68,,false,""
2024-06-30T10:00:00.000000,Italy,Italy,IT,81.19,123.8,83.4,82.81,,false,""
2024-06-30T11:00:00.000000,Italy,Italy,IT,73.2,114.17,85.24,84.86,,false,""
2024-06-30T12:00:00.000000,Italy,Italy,IT,68.36,108.53,86.39,85.51,,false,""
2024-06-30T13:00:00.000000,Italy,Italy,IT,70.69,110.83,85.78,83.71,,false,""
2024-06-30T14:00:00.000000,Italy,Italy,IT,87.22,130.74,81.74,78.85,,false,""
2024-06-30T15:00:00.000000,Italy,Italy,IT,120.01,169.13,74.33,71.05,,false,""
2024-06-30T16:00:00.000000,Italy,Italy,IT,143.94,196.78,68.24,63.46,,false,""
2024-06-30T17:00:00.000000,Italy,Italy,IT,169.34,226.2,62.09,56.03,,false,""
2024-06-30T18:00:00.000000,Italy,Italy,IT,181.56,239.6,59.43,53.34,,false,""
2024-06-30T19:00:00.000000,Italy,Italy,IT,184.34,244.47,58.57,51.55,,false,""
2024-06-30T20:00:00.000000,Italy,Italy,IT,189.02,249.29,57.51,51.41,,false,""
2024-06-30T21:00:00.000000,Italy,Italy,IT,187.93,248.2,58.73,52.09,,false,""
2024-06-30T22:00:00.000000,Italy,Italy,IT,162.03,217.46,65.73,55.79,,false,""
2024-06-30T23:00:00.000000,Italy,Italy,IT,152.59,206.19,68.22,56.91,,false,""
2024-07-01T00:00:00.000000,Italy,Italy,IT,152.18,206.13,68.3,56.41,,false,""
2024-07-01T01:00:00.000000,Italy,Italy,IT,157.79,213.67,66.53,54.18,,false,""
2024-07-01T02:00:00.000000,Italy,Italy,IT,159.28,215.39,66.3,54.39,,false,""
2024-07-01T03:00:00.000000,Italy,Italy,IT,158.21,213.69,66.52,54.37,,false,""
2024-07-01T04:00:00.000000,Italy,Italy,IT,180.92,242.41,60.12,49.72,,false,""
2024-07-01T05:00:00.000000,Italy,Italy,IT,190.57,253.73,57.54,49.67,,false,""
2024-07-01T06:00:00.000000,Italy,Italy,IT,186.25,248.31,58.57,51.38,,false,""
2024-07-01T07:00:00.000000,Italy,Italy,IT,175.55,236.2,61.0,54.41,,false,""
2024-07-01T08:00:00.000000,Italy,Italy,IT,164.88,224.25,63.46,57.17,,false,""
2024-07-01T09:00:00.000000,Italy,Italy,IT,164.73,225.03,63.21,57.74,,false,""
2024-07-01T10:00:00.000000,Italy,Italy,IT,156.27,214.63,65.32,59.9,,false,""
2024-07-01T11:00:00.000000,Italy,Italy,IT,155.81,214.07,65.36,59.92,,false,""
2024-07-01T12:00:00.000000,Italy,Italy,IT,163.75,223.51,63.27,58.23,,false,""
2024-07-01T13:00:00.000000,Italy,Italy,IT,173.29,234.93,60.91,56.24,,false,""
2024-07-01T14:00:00.000000,Italy,Italy,IT,191.4,257.02,56.2,51.17,,false,""
2024-07-01T15:00:00.000000,Italy,Italy,IT,207.27,276.29,52.23,47.09,,false,""
2024-07-01T16:00:00.000000,Italy,Italy,IT,222.3,293.89,48.76,42.98,,false,""
2024-07-01T17:00:00.000000,Italy,Italy,IT,238.86,312.75,45.03,39.29,,false,""
2024-07-01T18:00:00.000000,Italy,Italy,IT,242.84,316.72,44.33,38.69,,false,""
2024-07-01T19:00:00.000000,Italy,Italy,IT,243.14,318.36,44.34,38.14,,false,""
2024-07-01T20:00:00.000000,Italy,Italy,IT,241.27,317.29,44.9,38.43,,false,""
2024-07-01T21:00:00.000000,Italy,Italy,IT,221.4,292.87,49.82,42.45,,false,""
2024-07-01T22:00:00.000000,Italy,Italy,IT,207.72,276.53,53.29,44.32,,false,""
2024-07-01T23:00:00.000000,Italy,Italy,IT,197.26,263.06,56.36,46.37,,false,""
2024-07-02T00:00:00.000000,Italy,Italy,IT,181.98,244.21,60.09,49.41,,false,""
2024-07-02T01:00:00.000000,Italy,Italy,IT,175.18,235.69,61.92,50.78,,false,""
2024-07-02T02:00:00.000000,Italy,Italy,IT,174.64,235.62,61.98,50.65,,false,""
2024-07-02T03:00:00.000000,Italy,Italy,IT,174.08,234.6,62.13,51.32,,false,""
2024-07-02T04:00:00.000000,Italy,Italy,IT,181.14,242.05,60.0,51.22,,false,""
2024-07-02T05:00:00.000000,Italy,Italy,IT,171.88,230.81,61.96,54.33,,false,""
2024-07-02T06:00:00.000000,Italy,Italy,IT,170.22,229.52,62.08,55.55,,false,""
2024-07-02T07:00:00.000000,Italy,Italy,IT,157.36,214.41,65.11,59.03,,false,""
2024-07-02T08:00:00.000000,Italy,Italy,IT,142.91,197.59,68.55,62.8,,false,""
2024-07-02T09:00:00.000000,Italy,Italy,IT,126.95,178.27,72.31,66.98,,false,""
2024-07-02T10:00:00.000000,Italy,Italy,IT,119.3,168.87,74.17,69.25,,false,""
2024-07-02T11:00:00.000000,Italy,Italy,IT,121.79,171.96,73.54,68.53,,false,""
2024-07-02T12:00:00.000000,Italy,Italy,IT,125.56,175.9,72.6,67.42,,false,""
2024-07-02T13:00:00.000000,Italy,Italy,IT,139.71,193.48,68.99,63.82,,false,""
2024-07-02T14:00:00.000000,Italy,Italy,IT,152.57,209.09,65.7,60.59,,false,""
2024-07-02T15:00:00.000000,Italy,Italy,IT,167.76,227.47,61.85,56.69,,false,""
2024-07-02T16:00:00.000000,Italy,Italy,IT,182.65,244.55,58.69,52.5,,false,""
2024-07-02T17:00:00.000000,Italy,Italy,IT,197.95,262.78,54.97,48.39,,false,""
2024-07-02T18:00:00.000000,Italy,Italy,IT,206.68,272.87,52.88,46.25,,false,""
2024-07-02T19:00:00.000000,Italy,Italy,IT,208.99,276.44,52.39,45.38,,false,""
2024-07-02T20:00:00.000000,Italy,Italy,IT,216.62,285.91,50.59,44.99,,false,""
2024-07-02T21:00:00.000000,Italy,Italy,IT,193.87,258.6,56.68,49.04,,false,""
2024-07-02T22:00:00.000000,Italy,Italy,IT,179.07,239.77,60.81,52.09,,false,""
2024-07-02T23:00:00.000000,Italy,Italy,IT,175.34,235.71,61.71,51.53,,false,""
2024-07-03T00:00:00.000000,Italy,Italy,IT,171.53,231.04,62.69,51.68,,false,""
2024-07-03T01:00:00.000000,Italy,Italy,IT,174.37,234.69,61.86,50.67,,false,""
2024-07-03T02:00:00.000000,Italy,Italy,IT,174.76,234.77,61.95,50.35,,false,""
2024-07-03T03:00:00.000000,Italy,Italy,IT,181.26,242.54,60.38,49.62,,false,""
2024-07-03T04:00:00.000000,Italy,Italy,IT,195.02,259.85,56.42,47.83,,false,""
2024-07-03T05:00:00.000000,Italy,Italy,IT,203.06,270.5,53.88,47.34,,false,""
2024-07-03T06:00:00.000000,Italy,Italy,IT,194.15,259.01,56.04,49.85,,false,""
2024-07-03T07:00:00.000000,Italy,Italy,IT,185.74,250.28,57.46,51.73,,false,""
2024-07-03T08:00:00.000000,Italy,Italy,IT,176.95,240.1,59.28,53.97,,false,""
2024-07-03T09:00:00.000000,Italy,Italy,IT,166.64,228.26,61.37,56.38,,false,""
2024-07-03T10:00:00.000000,Italy,Italy,IT,145.49,202.48,66.76,61.42,,false,""
2024-07-03T11:00:00.000000,Italy,Italy,IT,140.8,196.74,68.01,62.8,,false,""
2024-07-03T12:00:00.000000,Italy,Italy,IT,143.78,200.31,67.2,61.87,,false,""
2024-07-03T13:00:00.000000,Italy,Italy,IT,159.31,218.92,63.34,57.86,,false,""
2024-07-03T14:00:00.000000,Italy,Italy,IT,170.73,232.94,60.47,54.94,,false,""
2024-07-03T15:00:00.000000,Italy,Italy,IT,184.46,249.83,57.24,51.57,,false,""
2024-07-03T16:00:00.000000,Italy,Italy,IT,204.49,274.11,52.4,46.18,,false,""
2024-07-03T17:00:00.000000,Italy,Italy,IT,212.24,280.7,50.97,44.15,,false,""
2024-07-03T18:00:00.000000,Italy,Italy,IT,215.73,283.92,50.42,43.19,,false,""
2024-07-03T19:00:00.000000,Italy,Italy,IT,219.49,290.0,49.4,41.98,,false,""
2024-07-03T20:00:00.000000,Italy,Italy,IT,215.92,286.98,50.17,42.53,,false,""
2024-07-03T21:00:00.000000,Italy,Italy,IT,208.48,278.26,52.25,43.62,,false,""
2024-07-03T22:00:00.000000,Italy,Italy,IT,214.1,282.1,53.99,44.74,,false,""
2024-07-03T23:00:00.000000,Italy,Italy,IT,182.5,243.23,60.48,50.63,,false,""
2024-07-04T00:00:00.000000,Italy,Italy,IT,186.79,248.84,59.88,48.68,,false,""
2024-07-04T01:00:00.000000,Italy,Italy,IT,190.5,252.77,59.72,49.52,,false,""
2024-07-04T02:00:00.000000,Italy,Italy,IT,175.26,235.21,61.83,51.48,,false,""
2024-07-04T03:00:00.000000,Italy,Italy,IT,204.61,270.09,56.67,46.62,,false,""
2024-07-04T04:00:00.000000,Italy,Italy,IT,178.74,238.62,60.85,52.42,,false,""
2024-07-04T05:00:00.000000,Italy,Italy,IT,192.94,255.68,58.63,51.06,,false,""
2024-07-04T06:00:00.000000,Italy,Italy,IT,151.37,206.24,66.74,60.48,,false,""
2024-07-04T07:00:00.000000,Italy,Italy,IT,143.96,198.77,68.26,62.47,,false,""
2024-07-04T08:00:00.000000,Italy,Italy,IT,114.46,162.54,75.94,71.43,,false,""
2024-07-04T09:00:00.000000,Italy,Italy,IT,124.85,174.97,74.04,69.19,,false,""
2024-07-04T10:00:00.000000,Italy,Italy,IT,106.53,153.84,77.39,72.74,,false,""
2024-07-04T11:00:00.000000,Italy,Italy,IT,104.21,150.79,78.36,74.16,,false,""
2024-07-04T12:00:00.000000,Italy,Italy,IT,114.89,163.85,75.97,71.65,,false,""
2024-07-04T13:00:00.000000,Italy,Italy,IT,105.38,152.12,77.93,73.49,,false,""
2024-07-04T14:00:00.000000,Italy,Italy,IT,134.24,186.48,71.51,66.03,,false,""
2024-07-04T15:00:00.000000,Italy,Italy,IT,155.72,212.53,66.38,60.0,,false,""
2024-07-04T16:00:00.000000,Italy,Italy,IT,167.71,227.17,62.22,55.7,,false,""
2024-07-04T17:00:00.000000,Italy,Italy,IT,193.84,258.13,55.7,49.17,,false,""
2024-07-04T18:00:00.000000,Italy,Italy,IT,203.59,269.25,53.46,46.22,,false,""
2024-07-04T19:00:00.000000,Italy,Italy,IT,224.38,294.45,49.7,42.67,,false,""
2024-07-04T20:00:00.000000,Italy,Italy,IT,207.25,275.16,52.8,44.54,,false,""
2024-07-04T21:00:00.000000,Italy,Italy,IT,224.45,295.21,50.83,41.72,,false,""
2024-07-04T22:00:00.000000,Italy,Italy,IT,203.84,269.06,56.23,46.13,,false,""
2024-07-04T23:00:00.000000,Italy,Italy,IT,196.87,259.92,58.44,46.75,,false,""
2024-07-05T00:00:00.000000,Italy,Italy,IT,191.33,253.45,59.51,47.32,,false,""
2024-07-05T01:00:00.000000,Italy,Italy,IT,179.79,240.03,61.35,48.59,,false,""
2024-07-05T02:00:00.000000,Italy,Italy,IT,178.14,237.85,61.8,49.2,,false,""
2024-07-05T03:00:00.000000,Italy,Italy,IT,173.22,231.69,62.77,50.86,,false,""
2024-07-05T04:00:00.000000,Italy,Italy,IT,190.65,251.84,59.43,49.41,,false,""
2024-07-05T05:00:00.000000,Italy,Italy,IT,178.04,236.53,61.95,53.38,,false,""
2024-07-05T06:00:00.000000,Italy,Italy,IT,165.68,223.08,64.41,57.46,,false,""
2024-07-05T07:00:00.000000,Italy,Italy,IT,125.46,175.58,72.79,66.52,,false,""
2024-07-05T08:00:00.000000,Italy,Italy,IT,134.23,186.22,71.78,66.2,,false,""
2024-07-05T09:00:00.000000,Italy,Italy,IT,117.62,166.24,75.7,70.81,,false,""
2024-07-05T10:00:00.000000,Italy,Italy,IT,115.02,163.84,76.27,71.55,,false,""
2024-07-05T11:00:00.000000,Italy,Italy,IT,92.39,137.89,80.64,76.94,,false,""
2024-07-05T12:00:00.000000,Italy,Italy,IT,102.67,149.79,77.84,73.19,,false,""
2024-07-05T13:00:00.000000,Italy,Italy,IT,115.75,165.88,74.85,69.69,,false,""
2024-07-05T14:00:00.000000,Italy,Italy,IT,141.46,196.98,69.13,63.6,,false,""
2024-07-05T15:00:00.000000,Italy,Italy,IT,157.99,216.92,65.0,58.72,,false,""
2024-07-05T16:00:00.000000,Italy,Italy,IT,172.97,234.82,60.17,53.08,,false,""
2024-07-05T17:00:00.000000,Italy,Italy,IT,206.8,273.61,52.94,46.08,,false,""
2024-07-05T18:00:00.000000,Italy,Italy,IT,224.2,294.37,48.92,42.4,,false,""
2024-07-05T19:00:00.000000,Italy,Italy,IT,226.01,297.67,48.32,41.72,,false,""
2024-07-05T20:00:00.000000,Italy,Italy,IT,228.32,302.2,47.83,41.04,,false,""
2024-07-05T21:00:00.000000,Italy,Italy,IT,211.83,283.07,51.18,43.83,,false,""
2024-07-05T22:00:00.000000,Italy,Italy,IT,187.53,252.78,57.22,48.38,,false,""
2024-07-05T23:00:00.000000,Italy,Italy,IT,178.83,241.36,59.64,49.39,,false,""
2024-07-06T00:00:00.000000,Italy,Italy,IT,173.49,234.56,61.61,50.24,,false,""
2024-07-06T01:00:00.000000,Italy,Italy,IT,165.11,224.84,63.69,51.59,,false,""
2024-07-06T02:00:00.000000,Italy,Italy,IT,162.31,220.79,64.97,53.2,,false,""
2024-07-06T03:00:00.000000,Italy,Italy,IT,161.35,219.84,65.13,53.57,,false,""
2024-07-06T04:00:00.000000,Italy,Italy,IT,150.43,205.72,67.88,56.67,,false,""
2024-07-06T05:00:00.000000,Italy,Italy,IT,135.58,187.06,72.07,62.8,,false,""
2024-07-06T06:00:00.000000,Italy,Italy,IT,112.91,160.7,76.91,68.64,,false,""
2024-07-06T07:00:00.000000,Italy,Italy,IT,103.96,149.53,79.02,73.68,,false,""
2024-07-06T08:00:00.000000,Italy,Italy,IT,97.57,143.27,80.07,76.66,,false,""
2024-07-06T09:00:00.000000,Italy,Italy,IT,83.16,127.0,82.79,80.73,,false,""
2024-07-06T10:00:00.000000,Italy,Italy,IT,87.97,132.56,82.16,81.02,,false,""
2024-07-06T11:00:00.000000,Italy,Italy,IT,66.65,107.27,86.18,85.5,,false,""
2024-07-06T12:00:00.000000,Italy,Italy,IT,72.77,114.65,84.72,84.2,,false,""
2024-07-06T13:00:00.000000,Italy,Italy,IT,90.76,135.59,80.94,79.82,,false,""
2024-07-06T14:00:00.000000,Italy,Italy,IT,99.9,146.22,78.81,77.19,,false,""
2024-07-06T15:00:00.000000,Italy,Italy,IT,125.49,176.22,73.02,69.63,,false,""
2024-07-06T16:00:00.000000,Italy,Italy,IT,139.68,193.01,69.09,64.34,,false,""
2024-07-06T17:00:00.000000,Italy,Italy,IT,173.53,233.22,61.66,54.46,,false,""
2024-07-06T18:00:00.000000,Italy,Italy,IT,176.93,236.1,60.89,53.14,,false,""
2024-07-06T19:00:00.000000,Italy,Italy,IT,190.85,253.42,57.9,49.22,,false,""
2024-07-06T20:00:00.000000,Italy,Italy,IT,178.41,239.27,60.4,51.93,,false,""
2024-07-06T21:00:00.000000,Italy,Italy,IT,183.64,244.7,60.74,52.15,,false,""
2024-07-06T22:00:00.000000,Italy,Italy,IT,167.46,224.62,64.49,54.66,,false,""
2024-07-06T23:00:00.000000,Italy,Italy,IT,168.01,224.52,65.19,55.32,,false,""
2024-07-07T00:00:00.000000,Italy,Italy,IT,165.33,222.54,65.18,54.2,,false,""
2024-07-07T01:00:00.000000,Italy,Italy,IT,168.4,225.66,64.98,54.54,,false,""
2024-07-07T02:00:00.000000,Italy,Italy,IT,159.74,215.69,66.88,55.6,,false,""
2024-07-07T03:00:00.000000,Italy,Italy,IT,152.27,205.97,69.01,57.25,,false,""
2024-07-07T04:00:00.000000,Italy,Italy,IT,141.32,192.77,71.64,60.22,,false,""
2024-07-07T05:00:00.000000,Italy,Italy,IT,130.76,180.32,73.65,63.95,,false,""
2024-07-07T06:00:00.000000,Italy,Italy,IT,112.6,158.0,77.67,70.79,,false,""
2024-07-07T07:00:00.000000,Italy,Italy,IT,105.09,150.64,78.82,73.66,,false,""
2024-07-07T08:00:00.000000,Italy,Italy,IT,92.92,137.47,81.02,77.89,,false,""
2024-07-07T09:00:00.000000,Italy,Italy,IT,97.07,142.49,79.79,77.73,,false,""
2024-07-07T10:00:00.000000,Italy,Italy,IT,87.17,131.75,81.49,80.39,,false,""
2024-07-07T11:00:00.000000,Italy,Italy,IT,69.73,110.67,85.23,84.19,,false,""
2024-07-07T12:00:00.000000,Italy,Italy,IT,80.27,124.46,82.7,80.96,,false,""
2024-07-07T13:00:00.000000,Italy,Italy,IT,86.07,131.6,81.08,79.37,,false,""
2024-07-07T14:00:00.000000,Italy,Italy,IT,103.48,151.74,77.34,74.39,,false,""
2024-07-07T15:00:00.000000,Italy,Italy,IT,119.93,170.37,73.51,68.76,,false,""
2024-07-07T16:00:00.000000,Italy,Italy,IT,148.99,204.44,66.67,59.97,,false,""
2024-07-07T17:00:00.000000,Italy,Italy,IT,178.21,240.71,58.97,50.38,,false,""
2024-07-07T18:00:00.000000,Italy,Italy,IT,196.89,262.02,55.68,47.14,,false,""
2024-07-07T19:00:00.000000,Italy,Italy,IT,200.43,266.85,54.69,45.95,,false,""
2024-07-07T20:00:00.000000,Italy,Italy,IT,195.32,261.54,55.38,46.81,,false,""
2024-07-07T21:00:00.000000,Italy,Italy,IT,190.84,256.23,57.05,47.35,,false,""
2024-07-07T22:00:00.000000,Italy,Italy,IT,172.84,234.47,61.72,49.55,,false,""
2024-07-07T23:00:00.000000,Italy,Italy,IT,162.81,222.26,63.96,50.69,,false,""
2024-07-08T00:00:00.000000,Italy,Italy,IT,163.7,223.12,63.93,50.72,,false,""
2024-07-08T01:00:00.000000,Italy,Italy,IT,154.15,210.99,66.5,52.34,,false,""
2024-07-08T02:00:00.000000,Italy,Italy,IT,152.17,208.42,67.13,52.64,,false,""
2024-07-08T03:00:00.000000,Italy,Italy,IT,165.24,224.95,63.47,50.16,,false,""
2024-07-08T04:00:00.000000,Italy,Italy,IT,176.65,239.05,59.69,48.82,,false,""
2024-07-08T05:00:00.000000,Italy,Italy,IT,177.22,238.55,59.52,51.08,,false,""
2024-07-08T06:00:00.000000,Italy,Italy,IT,168.3,226.94,61.88,54.36,,false,""
2024-07-08T07:00:00.000000,Italy,Italy,IT,155.01,211.87,64.99,58.17,,false,""
2024-07-08T08:00:00.000000,Italy,Italy,IT,137.11,190.63,69.39,62.7,,false,""
2024-07-08T09:00:00.000000,Italy,Italy,IT,131.21,183.38,70.85,64.45,,false,""
2024-07-08T10:00:00.000000,Italy,Italy,IT,123.21,174.49,72.77,66.66,,false,""
2024-07-08T11:00:00.000000,Italy,Italy,IT,118.86,169.26,73.66,67.76,,false,""
2024-07-08T12:00:00.000000,Italy,Italy,IT,125.38,176.99,71.98,66.22,,false,""
2024-07-08T13:00:00.000000,Italy,Italy,IT,129.89,182.25,70.85,64.81,,false,""
2024-07-08T14:00:00.000000,Italy,Italy,IT,143.39,199.26,67.1,60.88,,false,""
2024-07-08T15:00:00.000000,Italy,Italy,IT,161.77,222.32,61.95,55.36,,false,""
2024-07-08T16:00:00.000000,Italy,Italy,IT,195.61,262.68,53.73,47.85,,false,""
2024-07-08T17:00:00.000000,Italy,Italy,IT,219.85,290.75,48.27,42.08,,false,""
2024-07-08T18:00:00.000000,Italy,Italy,IT,223.46,294.18,47.64,40.16,,false,""
2024-07-08T19:00:00.000000,Italy,Italy,IT,228.18,300.12,46.61,39.1,,false,""
2024-07-08T20:00:00.000000,Italy,Italy,IT,236.6,312.45,44.5,37.49,,false,""
2024-07-08T21:00:00.000000,Italy,Italy,IT,223.59,296.83,47.89,39.44,,false,""
2024-07-08T22:00:00.000000,Italy,Italy,IT,217.22,287.09,50.39,41.49,,false,""
2024-07-08T23:00:00.000000,Italy,Italy,IT,210.31,278.73,52.53,42.76,,false,""
2024-07-09T00:00:00.000000,Italy,Italy,IT,205.94,273.21,53.69,43.44,,false,""
2024-07-09T01:00:00.000000,Italy,Italy,IT,195.56,260.14,56.36,45.49,,false,""
2024-07-09T02:00:00.000000,Italy,Italy,IT,196.37,261.92,55.98,44.98,,false,""
2024-07-09T03:00:00.000000,Italy,Italy,IT,198.08,262.99,55.81,45.33,,false,""
2024-07-09T04:00:00.000000,Italy,Italy,IT,204.44,271.96,53.73,44.98,,false,""
2024-07-09T05:00:00.000000,Italy,Italy,IT,193.14,257.93,56.09,48.75,,false,""
2024-07-09T06:00:00.000000,Italy,Italy,IT,179.44,241.78,59.0,52.87,,false,""
2024-07-09T07:00:00.000000,Italy,Italy,IT,167.56,227.79,61.76,56.65,,false,""
2024-07-09T08:00:00.000000,Italy,Italy,IT,157.61,216.71,64.11,59.42,,false,""
2024-07-09T09:00:00.000000,Italy,Italy,IT,149.1,206.34,66.19,61.6,,false,""
2024-07-09T10:00:00.000000,Italy,Italy,IT,141.75,197.8,68.08,63.5,,false,""
2024-07-09T11:00:00.000000,Italy,Italy,IT,139.24,194.54,68.66,63.9,,false,""
2024-07-09T12:00:00.000000,Italy,Italy,IT,147.48,204.48,66.51,61.8,,false,""
2024-07-09T13:00:00.000000,Italy,Italy,IT,155.08,213.41,64.59,59.45,,false,""
2024-07-09T14:00:00.000000,Italy,Italy,IT,164.94,225.55,62.0,56.66,,false,""
2024-07-09T15:00:00.000000,Italy,Italy,IT,183.78,248.3,57.34,51.97,,false,""
2024-07-09T16:00:00.000000,Italy,Italy,IT,206.92,276.42,51.42,45.89,,false,""
2024-07-09T17:00:00.000000,Italy,Italy,IT,225.77,298.16,46.96,40.79,,false,""
2024-07-09T18:00:00.000000,Italy,Italy,IT,238.9,313.71,43.93,37.44,,false,""
2024-07-09T19:00:00.000000,Italy,Italy,IT,241.5,318.79,42.94,35.83,,false,""
2024-07-09T20:00:00.000000,Italy,Italy,IT,232.96,308.84,44.97,37.49,,false,""
2024-07-09T21:00:00.000000,Italy,Italy,IT,227.58,302.73,46.28,38.7,,false,""
2024-07-09T22:00:00.000000,Italy,Italy,IT,223.71,297.52,47.87,39.45,,false,""
2024-07-09T23:00:00.000000,Italy,Italy,IT,212.29,283.4,50.88,41.08,,false,""
2024-07-10T00:00:00.000000,Italy,Italy,IT,211.57,282.05,51.42,41.43,,false,""
2024-07-10T01:00:00.000000,Italy,Italy,IT,203.12,270.91,54.04,42.8,,false,""
2024-07-10T02:00:00.000000,Italy,Italy,IT,201.06,268.12,54.71,42.94,,false,""
2024-07-10T03:00:00.000000,Italy,Italy,IT,205.51,273.52,53.63,42.28,,false,""
2024-07-10T04:00:00.000000,Italy,Italy,IT,213.59,284.16,51.13,41.48,,false,""
2024-07-10T05:00:00.000000,Italy,Italy,IT,208.6,277.43,51.84,44.79,,false,""
2024-07-10T06:00:00.000000,Italy,Italy,IT,192.54,258.47,55.42,49.5,,false,""
2024-07-10T07:00:00.000000,Italy,Italy,IT,175.82,238.43,59.63,53.93,,false,""
2024-07-10T08:00:00.000000,Italy,Italy,IT,166.89,228.03,61.83,56.12,,false,""
2024-07-10T09:00:00.000000,Italy,Italy,IT,160.62,220.83,63.26,57.69,,false,""
2024-07-10T10:00:00.000000,Italy,Italy,IT,156.91,216.8,63.99,58.82,,false,""
2024-07-10T11:00:00.000000,Italy,Italy,IT,154.84,214.25,64.47,59.01,,false,""
2024-07-10T12:00:00.000000,Italy,Italy,IT,157.62,217.42,63.67,58.13,,false,""
2024-07-10T13:00:00.000000,Italy,Italy,IT,168.73,231.11,60.84,55.42,,false,""
2024-07-10T14:00:00.000000,Italy,Italy,IT,177.68,242.08,58.47,53.03,,false,""
2024-07-10T15:00:00.000000,Italy,Italy,IT,194.94,263.11,53.95,48.38,,false,""
2024-07-10T16:00:00.000000,Italy,Italy,IT,215.59,287.92,48.85,42.9,,false,""
2024-07-10T17:00:00.000000,Italy,Italy,IT,235.42,310.7,44.29,38.17,,false,""
2024-07-10T18:00:00.000000,Italy,Italy,IT,249.23,326.91,41.1,34.78,,false,""
2024-07-10T19:00:00.000000,Italy,Italy,IT,256.1,336.06,39.4,33.02,,false,""
2024-07-10T20:00:00.000000,Italy,Italy,IT,260.72,343.84,37.98,31.93,,false,""
2024-07-10T21:00:00.000000,Italy,Italy,IT,253.93,335.39,39.95,33.63,,false,""
2024-07-10T22:00:00.000000,Italy,Italy,IT,242.52,321.02,43.3,35.38,,false,""
2024-07-10T23:00:00.000000,Italy,Italy,IT,232.37,307.4,46.64,37.39,,false,""
2024-07-11T00:00:00.000000,Italy,Italy,IT,230.68,305.58,47.32,37.7,,false,""
2024-07-11T01:00:00.000000,Italy,Italy,IT,230.48,305.42,47.44,38.0,,false,""
2024-07-11T02:00:00.000000,Italy,Italy,IT,229.89,304.61,47.58,38.38,,false,""
2024-07-11T03:00:00.000000,Italy,Italy,IT,233.59,309.31,46.52,37.59,,false,""
2024-07-11T04:00:00.000000,Italy,Italy,IT,237.58,314.47,44.99,37.75,,false,""
2024-07-11T05:00:00.000000,Italy,Italy,IT,223.14,297.07,48.02,41.16,,false,""
2024-07-11T06:00:00.000000,Italy,Italy,IT,201.2,270.63,52.95,45.95,,false,""
2024-07-11T07:00:00.000000,Italy,Italy,IT,190.9,258.57,55.48,49.55,,false,""
2024-07-11T08:00:00.000000,Italy,Italy,IT,179.8,245.24,58.26,52.75,,false,""
2024-07-11T09:00:00.000000,Italy,Italy,IT,169.69,233.31,60.45,54.83,,false,""
2024-07-11T10:00:00.000000,Italy,Italy,IT,165.18,228.24,61.32,56.03,,false,""
2024-07-11T11:00:00.000000,Italy,Italy,IT,161.4,223.13,62.33,57.29,,false,""
2024-07-11T12:00:00.000000,Italy,Italy,IT,166.47,229.17,61.05,56.27,,false,""
2024-07-11T13:00:00.000000,Italy,Italy,IT,173.5,237.89,59.28,54.25,,false,""
2024-07-11T14:00:00.000000,Italy,Italy,IT,187.44,254.58,55.84,50.73,,false,""
2024-07-11T15:00:00.000000,Italy,Italy,IT,204.49,275.42,51.56,46.3,,false,""
2024-07-11T16:00:00.000000,Italy,Italy,IT,233.68,310.39,44.41,39.47,,false,""
2024-07-11T17:00:00.000000,Italy,Italy,IT,242.07,318.91,42.49,36.29,,false,""
2024-07-11T18:00:00.000000,Italy,Italy,IT,252.88,331.69,39.93,33.67,,false,""
2024-07-11T19:00:00.000000,Italy,Italy,IT,256.94,337.12,39.07,32.69,,false,""
2024-07-11T20:00:00.000000,Italy,Italy,IT,256.69,338.32,39.04,32.62,,false,""
2024-07-11T21:00:00.000000,Italy,Italy,IT,253.98,335.97,39.6,32.95,,false,""
2024-07-11T22:00:00.000000,Italy,Italy,IT,242.17,321.55,42.69,34.61,,false,""
2024-07-11T23:00:00.000000,Italy,Italy,IT,231.05,307.63,45.73,36.39,,false,""
2024-07-12T00:00:00.000000,Italy,Italy,IT,225.42,299.86,47.84,37.71,,false,""
2024-07-12T01:00:00.000000,Italy,Italy,IT,220.16,293.19,49.23,38.84,,false,""
2024-07-12T02:00:00.000000,Italy,Italy,IT,219.79,292.86,49.2,38.51,,false,""
2024-07-12T03:00:00.000000,Italy,Italy,IT,224.63,298.31,48.18,38.28,,false,""
2024-07-12T04:00:00.000000,Italy,Italy,IT,233.33,310.1,45.1,37.12,,false,""
2024-07-12T05:00:00.000000,Italy,Italy,IT,234.71,312.02,44.43,38.52,,false,""
2024-07-12T06:00:00.000000,Italy,Italy,IT,219.71,293.31,48.15,42.48,,false,""
2024-07-12T07:00:00.000000,Italy,Italy,IT,206.54,276.92,51.67,46.14,,false,""
2024-07-12T08:00:00.000000,Italy,Italy,IT,196.73,265.31,54.16,48.85,,false,""
2024-07-12T09:00:00.000000,Italy,Italy,IT,189.46,257.03,55.77,50.88,,false,""
2024-07-12T10:00:00.000000,Italy,Italy,IT,175.37,239.51,59.32,54.11,,false,""
2024-07-12T11:00:00.000000,Italy,Italy,IT,173.07,236.66,59.79,54.5,,false,""
2024-07-12T12:00:00.000000,Italy,Italy,IT,175.09,239.28,59.12,54.1,,false,""
2024-07-12T13:00:00.000000,Italy,Italy,IT,181.7,247.42,57.36,52.18,,false,""
2024-07-12T14:00:00.000000,Italy,Italy,IT,187.16,253.89,55.89,50.35,,false,""
2024-07-12T15:00:00.000000,Italy,Italy,IT,200.12,269.58,52.58,46.7,,false,""
2024-07-12T16:00:00.000000,Italy,Italy,IT,220.06,293.81,47.63,41.5,,false,""
2024-07-12T17:00:00.000000,Italy,Italy,IT,237.39,313.59,43.87,37.31,,false,""
2024-07-12T18:00:00.000000,Italy,Italy,IT,247.92,325.24,41.91,35.09,,false,""
2024-07-12T19:00:00.000000,Italy,Italy,IT,247.04,324.75,42.16,34.85,,false,""
2024-07-12T20:00:00.000000,Italy,Italy,IT,242.61,320.42,42.85,35.46,,false,""
2024-07-12T21:00:00.000000,Italy,Italy,IT,233.74,309.44,45.21,37.29,,false,""
2024-07-12T22:00:00.000000,Italy,Italy,IT,209.32,279.08,51.5,41.88,,false,""
2024-07-12T23:00:00.000000,Italy,Italy,IT,196.5,263.34,54.58,43.84,,false,""
2024-07-13T00:00:00.000000,Italy,Italy,IT,192.5,257.51,56.27,45.07,,false,""
2024-07-13T01:00:00.000000,Italy,Italy,IT,185.96,249.94,57.94,46.26,,false,""
2024-07-13T02:00:00.000000,Italy,Italy,IT,183.34,246.68,58.72,46.42,,false,""
2024-07-13T03:00:00.000000,Italy,Italy,IT,185.35,249.1,58.26,45.92,,false,""
2024-07-13T04:00:00.000000,Italy,Italy,IT,178.28,240.08,60.0,47.85,,false,""
2024-07-13T05:00:00.000000,Italy,Italy,IT,164.61,223.5,63.33,51.88,,false,""
2024-07-13T06:00:00.000000,Italy,Italy,IT,147.0,202.15,67.62,57.83,,false,""
2024-07-13T07:00:00.000000,Italy,Italy,IT,133.68,185.63,71.09,63.41,,false,""
2024-07-13T08:00:00.000000,Italy,Italy,IT,118.88,168.57,74.54,67.7,,false,""
2024-07-13T09:00:00.000000,Italy,Italy,IT,107.44,156.16,76.89,70.84,,false,""
2024-07-13T10:00:00.000000,Italy,Italy,IT,100.37,148.38,78.1,72.72,,false,""
2024-07-13T11:00:00.000000,Italy,Italy,IT,95.69,142.56,79.08,74.2,,false,""
2024-07-13T12:00:00.000000,Italy,Italy,IT,98.45,145.52,78.35,73.62,,false,""
2024-07-13T13:00:00.000000,Italy,Italy,IT,104.07,152.26,76.89,71.46,,false,""
2024-07-13T14:00:00.000000,Italy,Italy,IT,120.26,171.12,73.06,67.02,,false,""
2024-07-13T15:00:00.000000,Italy,Italy,IT,142.46,197.97,67.49,60.21,,false,""
2024-07-13T16:00:00.000000,Italy,Italy,IT,165.77,225.92,61.58,53.56,,false,""
2024-07-13T17:00:00.000000,Italy,Italy,IT,189.06,253.21,56.12,48.07,,false,""
2024-07-13T18:00:00.000000,Italy,Italy,IT,208.72,275.36,51.87,44.2,,false,""
2024-07-13T19:00:00.000000,Italy,Italy,IT,209.69,277.14,51.88,43.27,,false,""
2024-07-13T20:00:00.000000,Italy,Italy,IT,213.63,283.17,50.93,42.26,,false,""
2024-07-13T21:00:00.000000,Italy,Italy,IT,205.65,274.11,52.68,43.57,,false,""
2024-07-13T22:00:00.000000,Italy,Italy,IT,193.07,258.6,56.2,46.32,,false,""
2024-07-13T23:00:00.000000,Italy,Italy,IT,183.28,246.02,59.14,47.95,,false,""
2024-07-14T00:00:00.000000,Italy,Italy,IT,180.62,242.19,60.22,48.26,,false,""
2024-07-14T01:00:00.000000,Italy,Italy,IT,176.9,237.97,61.22,48.38,,false,""
2024-07-14T02:00:00.000000,Italy,Italy,IT,173.0,232.77,62.52,48.95,,false,""
2024-07-14T03:00:00.000000,Italy,Italy,IT,173.32,233.14,62.56,48.43,,false,""
2024-07-14T04:00:00.000000,Italy,Italy,IT,169.71,228.73,63.41,49.54,,false,""
2024-07-14T05:00:00.000000,Italy,Italy,IT,156.17,212.83,66.25,55.12,,false,""
2024-07-14T06:00:00.000000,Italy,Italy,IT,131.15,182.29,72.19,64.06,,false,""
2024-07-14T07:00:00.000000,Italy,Italy,IT,119.11,168.77,74.77,69.74,,false,""
2024-07-14T08:00:00.000000,Italy,Italy,IT,101.67,148.97,78.2,74.84,,false,""
2024-07-14T09:00:00.000000,Italy,Italy,IT,97.58,143.89,78.9,76.62,,false,""
2024-07-14T10:00:00.000000,Italy,Italy,IT,95.53,141.24,79.47,77.89,,false,""
2024-07-14T11:00:00.000000,Italy,Italy,IT,90.92,135.85,80.39,78.68,,false,""
2024-07-14T12:00:00.000000,Italy,Italy,IT,96.34,142.22,79.15,77.11,,false,""
2024-07-14T13:00:00.000000,Italy,Italy,IT,104.63,152.0,77.17,74.63,,false,""
2024-07-14T14:00:00.000000,Italy,Italy,IT,116.47,167.03,74.27,69.92,,false,""
2024-07-14T15:00:00.000000,Italy,Italy,IT,143.24,198.53,67.68,61.28,,false,""
2024-07-14T16:00:00.000000,Italy,Italy,IT,171.78,232.39,60.47,52.52,,false,""
2024-07-14T17:00:00.000000,Italy,Italy,IT,198.07,264.16,53.94,45.67,,false,""
2024-07-14T18:00:00.000000,Italy,Italy,IT,214.01,281.81,50.58,42.18,,false,""
2024-07-14T19:00:00.000000,Italy,Italy,IT,217.4,285.21,49.93,41.53,,false,""
2024-07-14T20:00:00.000000,Italy,Italy,IT,222.6,293.2,48.56,40.14,,false,""
2024-07-14T21:00:00.000000,Italy,Italy,IT,221.28,293.35,48.82,39.8,,false,""
2024-07-14T22:00:00.000000,Italy,Italy,IT,211.49,281.71,51.25,41.23,,false,""
2024-07-14T23:00:00.000000,Italy,Italy,IT,203.34,271.86,53.32,42.42,,false,""
2024-07-15T00:00:00.000000,Italy,Italy,IT,199.58,266.56,54.72,42.61,,false,""
2024-07-15T01:00:00.000000,Italy,Italy,IT,194.39,260.06,56.23,43.69,,false,""
2024-07-15T02:00:00.000000,Italy,Italy,IT,192.99,258.33,56.58,44.44,,false,""
2024-07-15T03:00:00.000000,Italy,Italy,IT,197.88,264.88,54.7,43.89,,false,""
2024-07-15T04:00:00.000000,Italy,Italy,IT,206.16,275.64,52.21,42.77,,false,""
2024-07-15T05:00:00.000000,Italy,Italy,IT,203.86,272.14,52.81,45.06,,false,""
2024-07-15T06:00:00.000000,Italy,Italy,IT,186.99,250.35,56.99,49.7,,false,""
2024-07-15T07:00:00.000000,Italy,Italy,IT,174.73,236.0,60.23,53.84,,false,""
2024-07-15T08:00:00.000000,Italy,Italy,IT,164.25,224.52,62.6,57.13,,false,""
2024-07-15T09:00:00.000000,Italy,Italy,IT,159.47,219.11,63.75,58.77,,false,""
2024-07-15T10:00:00.000000,Italy,Italy,IT,154.85,213.65,65.01,60.19,,false,""
2024-07-15T11:00:00.000000,Italy,Italy,IT,153.54,211.84,65.27,60.22,,false,""
2024-07-15T12:00:00.000000,Italy,Italy,IT,157.46,216.72,64.19,58.85,,false,""
2024-07-15T13:00:00.000000,Italy,Italy,IT,161.66,221.92,62.79,57.58,,false,""
2024-07-15T14:00:00.000000,Italy,Italy,IT,175.06,238.61,59.12,53.97,,false,""
2024-07-15T15:00:00.000000,Italy,Italy,IT,192.48,259.49,54.89,49.38,,false,""
2024-07-15T16:00:00.000000,Italy,Italy,IT,213.96,284.25,49.74,43.94,,false,""
2024-07-15T17:00:00.000000,Italy,Italy,IT,236.37,310.7,44.65,38.41,,false,""
2024-07-15T18:00:00.000000,Italy,Italy,IT,247.33,323.39,42.14,35.46,,false,""
2024-07-15T19:00:00.000000,Italy,Italy,IT,248.01,324.9,42.13,34.71,,false,""
2024-07-15T20:00:00.000000,Italy,Italy,IT,243.26,320.5,43.28,35.6,,false,""
2024-07-15T21:00:00.000000,Italy,Italy,IT,241.64,319.39,43.59,35.24,,false,""
2024-07-15T22:00:00.000000,Italy,Italy,IT,238.98,316.45,44.34,35.51,,false,""
2024-07-15T23:00:00.000000,Italy,Italy,IT,232.33,308.03,46.21,36.31,,false,""
2024-07-16T00:00:00.000000,Italy,Italy,IT,222.05,294.46,49.1,37.83,,false,""
2024-07-16T01:00:00.000000,Italy,Italy,IT,220.5,292.47,49.53,38.28,,false,""
2024-07-16T02:00:00.000000,Italy,Italy,IT,219.23,290.9,49.75,38.45,,false,""
2024-07-16T03:00:00.000000,Italy,Italy,IT,224.1,296.71,48.66,37.98,,false,""
2024-07-16T04:00:00.000000,Italy,Italy,IT,225.14,299.04,47.64,37.99,,false,""
2024-07-16T05:00:00.000000,Italy,Italy,IT,211.22,282.23,50.77,42.54,,false,""
2024-07-16T06:00:00.000000,Italy,Italy,IT,194.44,261.36,54.73,47.49,,false,""
2024-07-16T07:00:00.000000,Italy,Italy,IT,185.53,250.29,57.33,50.81,,false,""
2024-07-16T08:00:00.000000,Italy,Italy,IT,174.4,236.71,60.11,53.93,,false,""
2024-07-16T09:00:00.000000,Italy,Italy,IT,164.67,225.14,62.42,56.67,,false,""
2024-07-16T10:00:00.000000,Italy,Italy,IT,156.23,214.95,64.43,58.71,,false,""
2024-07-16T11:00:00.000000,Italy,Italy,IT,153.77,212.62,64.78,59.32,,false,""
2024-07-16T12:00:00.000000,Italy,Italy,IT,160.1,220.45,63.08,58.05,,false,""
2024-07-16T13:00:00.000000,Italy,Italy,IT,169.04,231.67,60.67,55.55,,false,""
2024-07-16T14:00:00.000000,Italy,Italy,IT,180.8,245.63,57.83,52.63,,false,""
2024-07-16T15:00:00.000000,Italy,Italy,IT,200.05,269.16,53.3,47.89,,false,""
2024-07-16T16:00:00.000000,Italy,Italy,IT,220.96,294.21,48.1,42.2,,false,""
2024-07-16T17:00:00.000000,Italy,Italy,IT,241.11,317.44,43.32,36.89,,false,""
2024-07-16T18:00:00.000000,Italy,Italy,IT,248.9,326.37,41.78,34.9,,false,""
2024-07-16T19:00:00.000000,Italy,Italy,IT,254.98,334.4,40.43,33.78,,false,""
2024-07-16T20:00:00.000000,Italy,Italy,IT,255.95,336.68,40.03,33.49,,false,""
2024-07-16T21:00:00.000000,Italy,Italy,IT,253.92,334.64,40.67,33.64,,false,""
2024-07-16T22:00:00.000000,Italy,Italy,IT,232.37,307.69,46.12,37.54,,false,""
2024-07-16T23:00:00.000000,Italy,Italy,IT,222.18,295.2,48.71,38.62,,false,""
2024-07-17T00:00:00.000000,Italy,Italy,IT,222.94,296.21,49.02,38.37,,false,""
2024-07-17T01:00:00.000000,Italy,Italy,IT,227.51,301.62,48.06,37.71,,false,""
2024-07-17T02:00:00.000000,Italy,Italy,IT,224.56,297.87,48.37,38.0,,false,""
2024-07-17T03:00:00.000000,Italy,Italy,IT,224.7,298.11,48.22,38.39,,false,""
2024-07-17T04:00:00.000000,Italy,Italy,IT,226.67,301.39,46.94,38.26,,false,""
2024-07-17T05:00:00.000000,Italy,Italy,IT,216.62,288.97,49.31,41.18,,false,""
2024-07-17T06:00:00.000000,Italy,Italy,IT,199.21,267.6,53.49,46.07,,false,""
2024-07-17T07:00:00.000000,Italy,Italy,IT,192.24,259.22,55.26,49.07,,false,""
2024-07-17T08:00:00.000000,Italy,Italy,IT,184.42,249.7,57.34,51.84,,false,""
2024-07-17T09:00:00.000000,Italy,Italy,IT,173.12,235.92,60.15,54.75,,false,""
2024-07-17T10:00:00.000000,Italy,Italy,IT,165.27,226.46,62.04,56.25,,false,""
2024-07-17T11:00:00.000000,Italy,Italy,IT,168.15,229.89,61.36,55.84,,false,""
2024-07-17T12:00:00.000000,Italy,Italy,IT,169.28,231.16,61.12,55.41,,false,""
2024-07-17T13:00:00.000000,Italy,Italy,IT,180.2,244.68,58.16,52.85,,false,""
2024-07-17T14:00:00.000000,Italy,Italy,IT,189.92,256.93,55.44,50.1,,false,""
2024-07-17T15:00:00.000000,Italy,Italy,IT,204.28,274.25,51.92,46.5,,false,""
2024-07-17T16:00:00.000000,Italy,Italy,IT,223.45,296.5,47.27,41.19,,false,""
2024-07-17T17:00:00.000000,Italy,Italy,IT,239.6,313.56,43.68,37.35,,false,""
2024-07-17T18:00:00.000000,Italy,Italy,IT,250.06,325.89,41.29,34.73,,false,""
2024-07-17T19:00:00.000000,Italy,Italy,IT,254.34,332.39,40.35,33.66,,false,""
2024-07-17T20:00:00.000000,Italy,Italy,IT,260.85,341.5,38.96,32.14,,false,""
2024-07-17T21:00:00.000000,Italy,Italy,IT,262.98,344.88,38.56,31.78,,false,""
2024-07-17T22:00:00.000000,Italy,Italy,IT,240.8,317.32,44.53,35.36,,false,""
2024-07-17T23:00:00.000000,Italy,Italy,IT,232.01,306.37,46.83,36.2,,false,""
2024-07-18T00:00:00.000000,Italy,Italy,IT,224.82,297.26,48.74,37.43,,false,""
2024-07-18T01:00:00.000000,Italy,Italy,IT,225.82,299.16,48.58,36.92,,false,""
2024-07-18T02:00:00.000000,Italy,Italy,IT,225.72,298.83,48.82,37.34,,false,""
2024-07-18T03:00:00.000000,Italy,Italy,IT,224.98,297.87,48.9,37.75,,false,""
2024-07-18T04:00:00.000000,Italy,Italy,IT,232.61,307.49,46.61,37.31,,false,""
2024-07-18T05:00:00.000000,Italy,Italy,IT,228.92,303.33,47.03,39.64,,false,""
2024-07-18T06:00:00.000000,Italy,Italy,IT,209.59,279.38,51.77,45.04,,false,""
2024-07-18T07:00:00.000000,Italy,Italy,IT,196.44,263.31,55.25,48.83,,false,""
2024-07-18T08:00:00.000000,Italy,Italy,IT,184.93,249.12,58.12,52.14,,false,""
2024-07-18T09:00:00.000000,Italy,Italy,IT,175.75,238.5,60.09,54.52,,false,""
2024-07-18T10:00:00.000000,Italy,Italy,IT,170.96,232.97,61.19,56.07,,false,""
2024-07-18T11:00:00.000000,Italy,Italy,IT,171.01,233.58,61.02,56.12,,false,""
2024-07-18T12:00:00.000000,Italy,Italy,IT,172.43,235.26,60.53,55.6,,false,""
2024-07-18T13:00:00.000000,Italy,Italy,IT,178.49,242.4,58.7,53.6,,false,""
2024-07-18T14:00:00.000000,Italy,Italy,IT,186.07,251.39,56.75,51.17,,false,""
2024-07-18T15:00:00.000000,Italy,Italy,IT,204.73,274.84,51.93,46.47,,false,""
2024-07-18T16:00:00.000000,Italy,Italy,IT,225.43,299.99,46.88,40.94,,false,""
2024-07-18T17:00:00.000000,Italy,Italy,IT,240.76,315.35,43.57,37.18,,false,""
2024-07-18T18:00:00.000000,Italy,Italy,IT,247.86,324.4,42.01,35.11,,false,""
2024-07-18T19:00:00.000000,Italy,Italy,IT,252.99,331.12,40.73,33.81,,false,""
2024-07-18T20:00:00.000000,Italy,Italy,IT,257.24,338.2,39.92,33.16,,false,""
2024-07-18T21:00:00.000000,Italy,Italy,IT,254.99,335.98,40.45,33.0,,false,""
2024-07-18T22:00:00.000000,Italy,Italy,IT,240.39,317.86,44.53,35.58,,false,""
2024-07-18T23:00:00.000000,Italy,Italy,IT,234.67,309.95,46.49,36.39,,false,""
2024-07-19T00:00:00.000000,Italy,Italy,IT,222.72,294.65,49.75,38.48,,false,""
2024-07-19T01:00:00.000000,Italy,Italy,IT,218.16,288.9,51.02,39.55,,false,""
2024-07-19T02:00:00.000000,Italy,Italy,IT,222.12,293.96,50.17,38.96,,false,""
2024-07-19T03:00:00.000000,Italy,Italy,IT,223.48,295.74,49.76,38.58,,false,""
2024-07-19T04:00:00.000000,Italy,Italy,IT,225.49,298.46,48.65,39.3,,false,""
2024-07-19T05:00:00.000000,Italy,Italy,IT,215.3,286.53,50.5,42.39,,false,""
2024-07-19T06:00:00.000000,Italy,Italy,IT,201.07,269.21,53.66,46.76,,false,""
2024-07-19T07:00:00.000000,Italy,Italy,IT,192.01,258.64,55.77,50.04,,false,""
2024-07-19T08:00:00.000000,Italy,Italy,IT,184.72,250.15,57.59,52.29,,false,""
2024-07-19T09:00:00.000000,Italy,Italy,IT,181.5,246.34,58.39,53.36,,false,""
2024-07-19T10:00:00.000000,Italy,Italy,IT,178.52,242.81,59.09,54.46,,false,""
2024-07-19T11:00:00.000000,Italy,Italy,IT,175.09,238.91,59.96,55.41,,false,""
2024-07-19T12:00:00.000000,Italy,Italy,IT,179.49,244.16,58.99,54.59,,false,""
2024-07-19T13:00:00.000000,Italy,Italy,IT,186.37,252.88,57.0,52.15,,false,""
2024-07-19T14:00:00.000000,Italy,Italy,IT,203.16,273.43,52.72,47.55,,false,""
2024-07-19T15:00:00.000000,Italy,Italy,IT,216.63,289.6,49.28,43.63,,false,""
2024-07-19T16:00:00.000000,Italy,Italy,IT,225.36,299.27,47.31,40.56,,false,""
2024-07-19T17:00:00.000000,Italy,Italy,IT,241.07,317.3,43.92,36.98,,false,""
2024-07-19T18:00:00.000000,Italy,Italy,IT,251.71,329.8,41.63,34.67,,false,""
2024-07-19T19:00:00.000000,Italy,Italy,IT,253.24,331.94,41.37,33.88,,false,""
2024-07-19T20:00:00.000000,Italy,Italy,IT,257.93,339.68,40.14,32.52,,false,""
2024-07-19T21:00:00.000000,Italy,Italy,IT,252.2,332.52,41.93,33.64,,false,""
2024-07-19T22:00:00.000000,Italy,Italy,IT,241.35,319.18,44.82,36.32,,false,""
2024-07-19T23:00:00.000000,Italy,Italy,IT,229.04,303.1,48.53,38.55,,false,""
2024-07-20T00:00:00.000000,Italy,Italy,IT,227.2,300.13,49.76,39.07,,false,""
2024-07-20T01:00:00.000000,Italy,Italy,IT,223.9,295.68,50.88,40.28,,false,""
2024-07-20T02:00:00.000000,Italy,Italy,IT,217.02,287.04,52.77,41.94,,false,""
2024-07-20T03:00:00.000000,Italy,Italy,IT,215.1,284.45,53.33,42.73,,false,""
2024-07-20T04:00:00.000000,Italy,Italy,IT,207.44,275.36,54.78,44.46,,false,""
2024-07-20T05:00:00.000000,Italy,Italy,IT,193.55,258.69,57.92,47.76,,false,""
2024-07-20T06:00:00.000000,Italy,Italy,IT,174.94,236.32,62.09,53.45,,false,""
2024-07-20T07:00:00.000000,Italy,Italy,IT,153.47,210.62,67.01,59.38,,false,""
2024-07-20T08:00:00.000000,Italy,Italy,IT,132.59,185.34,71.85,64.34,,false,""
2024-07-20T09:00:00.000000,Italy,Italy,IT,114.49,163.52,76.29,69.32,,false,""
2024-07-20T10:00:00.000000,Italy,Italy,IT,113.77,163.27,76.33,70.51,,false,""
2024-07-20T11:00:00.000000,Italy,Italy,IT,114.33,163.56,76.46,71.48,,false,""
2024-07-20T12:00:00.000000,Italy,Italy,IT,112.29,161.58,76.61,71.58,,false,""
2024-07-20T13:00:00.000000,Italy,Italy,IT,113.25,163.05,76.11,69.9,,false,""
2024-07-20T14:00:00.000000,Italy,Italy,IT,131.06,185.01,71.39,64.57,,false,""
2024-07-20T15:00:00.000000,Italy,Italy,IT,160.79,221.42,64.11,56.96,,false,""
2024-07-20T16:00:00.000000,Italy,Italy,IT,197.94,266.6,54.99,48.21,,false,""
2024-07-20T17:00:00.000000,Italy,Italy,IT,228.75,302.82,47.68,41.25,,false,""
2024-07-20T18:00:00.000000,Italy,Italy,IT,239.83,315.64,45.32,38.88,,false,""
2024-07-20T19:00:00.000000,Italy,Italy,IT,241.42,319.08,44.93,37.38,,false,""
2024-07-20T20:00:00.000000,Italy,Italy,IT,241.87,320.66,44.82,36.99,,false,""
2024-07-20T21:00:00.000000,Italy,Italy,IT,240.36,319.31,45.12,36.7,,false,""
2024-07-20T22:00:00.000000,Italy,Italy,IT,219.63,292.84,49.81,39.87,,false,""
2024-07-20T23:00:00.000000,Italy,Italy,IT,203.44,271.53,54.44,42.79,,false,""
2024-07-21T00:00:00.000000,Italy,Italy,IT,200.94,268.3,55.43,44.03,,false,""
2024-07-21T01:00:00.000000,Italy,Italy,IT,200.81,268.6,55.71,43.88,,false,""
2024-07-21T02:00:00.000000,Italy,Italy,IT,196.9,263.36,56.89,43.98,,false,""
2024-07-21T03:00:00.000000,Italy,Italy,IT,197.62,264.01,56.86,44.2,,false,""
2024-07-21T04:00:00.000000,Italy,Italy,IT,183.85,248.3,59.94,47.47,,false,""
2024-07-21T05:00:00.000000,Italy,Italy,IT,160.93,219.51,65.5,53.79,,false,""
2024-07-21T06:00:00.000000,Italy,Italy,IT,131.47,184.1,72.42,61.19,,false,""
2024-07-21T07:00:00.000000,Italy,Italy,IT,113.77,162.9,76.64,67.17,,false,""
2024-07-21T08:00:00.000000,Italy,Italy,IT,109.17,158.04,77.64,69.0,,false,""
2024-07-21T09:00:00.000000,Italy,Italy,IT,103.34,151.42,78.74,71.46,,false,""
2024-07-21T10:00:00.000000,Italy,Italy,IT,106.78,155.56,77.98,72.35,,false,""
2024-07-21T11:00:00.000000,Italy,Italy,IT,108.76,158.05,77.31,72.46,,false,""
2024-07-21T12:00:00.000000,Italy,Italy,IT,112.01,161.76,76.44,71.92,,false,""
2024-07-21T13:00:00.000000,Italy,Italy,IT,117.27,168.19,74.94,69.2,,false,""
2024-07-21T14:00:00.000000,Italy,Italy,IT,129.05,182.36,71.9,64.37,,false,""
2024-07-21T15:00:00.000000,Italy,Italy,IT,154.99,214.15,65.35,56.98,,false,""
2024-07-21T16:00:00.000000,Italy,Italy,IT,189.66,256.36,56.61,48.29,,false,""
2024-07-21T17:00:00.000000,Italy,Italy,IT,207.63,277.26,52.24,44.09,,false,""
2024-07-21T18:00:00.000000,Italy,Italy,IT,217.65,289.16,49.87,41.95,,false,""
2024-07-21T19:00:00.000000,Italy,Italy,IT,221.45,293.99,48.97,41.02,,false,""
2024-07-21T20:00:00.000000,Italy,Italy,IT,224.1,297.78,48.23,39.82,,false,""
2024-07-21T21:00:00.000000,Italy,Italy,IT,220.41,293.97,49.2,39.51,,false,""
2024-07-21T22:00:00.000000,Italy,Italy,IT,218.05,291.9,49.91,39.82,,false,""
2024-07-21T23:00:00.000000,Italy,Italy,IT,210.38,282.31,52.26,40.59,,false,""
2024-07-22T00:00:00.000000,Italy,Italy,IT,203.2,272.68,54.58,41.83,,false,""
2024-07-22T01:00:00.000000,Italy,Italy,IT,200.2,268.63,55.56,42.2,,false,""
2024-07-22T02:00:00.000000,Italy,Italy,IT,197.43,264.65,56.43,42.84,,false,""
2024-07-22T03:00:00.000000,Italy,Italy,IT,206.92,276.65,53.92,41.21,,false,""
2024-07-22T04:00:00.000000,Italy,Italy,IT,219.29,291.4,50.6,40.39,,false,""
2024-07-22T05:00:00.000000,Italy,Italy,IT,224.34,296.56,49.44,41.62,,false,""
2024-07-22T06:00:00.000000,Italy,Italy,IT,209.74,278.59,52.79,45.43,,false,""
2024-07-22T07:00:00.000000,Italy,Italy,IT,200.86,268.27,54.6,47.92,,false,""
2024-07-22T08:00:00.000000,Italy,Italy,IT,185.55,250.88,58.05,51.8,,false,""
2024-07-22T09:00:00.000000,Italy,Italy,IT,180.21,244.54,59.28,53.05,,false,""
2024-07-22T10:00:00.000000,Italy,Italy,IT,173.75,236.97,60.77,54.58,,false,""
2024-07-22T11:00:00.000000,Italy,Italy,IT,171.24,233.69,61.58,55.26,,false,""
2024-07-22T12:00:00.000000,Italy,Italy,IT,175.71,239.77,60.04,54.31,,false,""
2024-07-22T13:00:00.000000,Italy,Italy,IT,180.83,245.84,58.7,53.05,,false,""
2024-07-22T14:00:00.000000,Italy,Italy,IT,191.34,258.73,56.0,49.92,,false,""
2024-07-22T15:00:00.000000,Italy,Italy,IT,206.96,277.34,52.4,46.09,,false,""
2024-07-22T16:00:00.000000,Italy,Italy,IT,217.68,289.26,49.86,43.65,,false,""
2024-07-22T17:00:00.000000,Italy,Italy,IT,228.17,301.04,47.2,40.77,,false,""
2024-07-22T18:00:00.000000,Italy,Italy,IT,240.24,316.63,44.55,37.95,,false,""
2024-07-22T19:00:00.000000,Italy,Italy,IT,249.04,327.46,42.57,35.96,,false,""
2024-07-22T20:00:00.000000,Italy,Italy,IT,246.05,324.85,43.44,36.39,,false,""
2024-07-22T21:00:00.000000,Italy,Italy,IT,240.01,317.89,44.97,37.2,,false,""
2024-07-22T22:00:00.000000,Italy,Italy,IT,219.19,291.26,50.64,39.96,,false,""
2024-07-22T23:00:00.000000,Italy,Italy,IT,208.95,278.38,53.44,41.7,,false,""
2024-07-23T00:00:00.000000,Italy,Italy,IT,205.49,273.46,54.57,42.2,,false,""
2024-07-23T01:00:00.000000,Italy,Italy,IT,206.14,274.1,54.34,42.05,,false,""
2024-07-23T02:00:00.000000,Italy,Italy,IT,202.21,270.14,54.81,42.76,,false,""
2024-07-23T03:00:00.000000,Italy,Italy,IT,200.14,267.14,55.28,44.07,,false,""
2024-07-23T04:00:00.000000,Italy,Italy,IT,203.7,271.25,54.14,45.06,,false,""
2024-07-23T05:00:00.000000,Italy,Italy,IT,207.81,276.73,52.74,45.73,,false,""
2024-07-23T06:00:00.000000,Italy,Italy,IT,190.76,256.32,56.44,50.09,,false,""
2024-07-23T07:00:00.000000,Italy,Italy,IT,173.45,235.37,60.84,54.19,,false,""
2024-07-23T08:00:00.000000,Italy,Italy,IT,161.7,221.18,63.63,57.02,,false,""
2024-07-23T09:00:00.000000,Italy,Italy,IT,156.26,215.08,64.56,58.35,,false,""
2024-07-23T10:00:00.000000,Italy,Italy,IT,150.68,208.81,65.7,59.87,,false,""
2024-07-23T11:00:00.000000,Italy,Italy,IT,148.62,206.26,66.11,60.13,,false,""
2024-07-23T12:00:00.000000,Italy,Italy,IT,156.45,215.58,64.1,58.24,,false,""
2024-07-23T13:00:00.000000,Italy,Italy,IT,170.44,232.55,60.52,54.88,,false,""
2024-07-23T14:00:00.000000,Italy,Italy,IT,181.27,245.99,57.83,51.97,,false,""
2024-07-23T15:00:00.000000,Italy,Italy,IT,195.66,262.97,54.56,48.35,,false,""
2024-07-23T16:00:00.000000,Italy,Italy,IT,216.72,288.13,49.5,43.3,,false,""
2024-07-23T17:00:00.000000,Italy,Italy,IT,236.57,311.7,44.58,38.24,,false,""
2024-07-23T18:00:00.000000,Italy,Italy,IT,243.82,319.82,42.91,36.32,,false,""
2024-07-23T19:00:00.000000,Italy,Italy,IT,250.82,329.62,41.31,34.82,,false,""
2024-07-23T20:00:00.000000,Italy,Italy,IT,253.37,333.79,40.74,33.83,,false,""
2024-07-23T21:00:00.000000,Italy,Italy,IT,240.77,318.47,43.78,35.53,,false,""
2024-07-23T22:00:00.000000,Italy,Italy,IT,224.48,297.68,48.43,38.43,,false,""
2024-07-23T23:00:00.000000,Italy,Italy,IT,212.85,282.08,52.14,40.46,,false,""
2024-07-24T00:00:00.000000,Italy,Italy,IT,214.85,285.23,51.8,39.42,,false,""
2024-07-24T01:00:00.000000,Italy,Italy,IT,221.74,293.76,50.22,38.96,,false,""
2024-07-24T02:00:00.000000,Italy,Italy,IT,220.63,292.09,50.62,39.53,,false,""
2024-07-24T03:00:00.000000,Italy,Italy,IT,218.63,289.52,51.03,39.91,,false,""
2024-07-24T04:00:00.000000,Italy,Italy,IT,217.88,288.55,50.79,41.2,,false,""
2024-07-24T05:00:00.000000,Italy,Italy,IT,214.68,284.38,51.54,43.07,,false,""
2024-07-24T06:00:00.000000,Italy,Italy,IT,201.8,269.2,54.17,46.86,,false,""
2024-07-24T07:00:00.000000,Italy,Italy,IT,189.35,254.13,57.35,50.49,,false,""
2024-07-24T08:00:00.000000,Italy,Italy,IT,174.66,237.14,60.68,54.26,,false,""
2024-07-24T09:00:00.000000,Italy,Italy,IT,164.33,224.72,63.2,56.91,,false,""
2024-07-24T10:00:00.000000,Italy,Italy,IT,157.2,216.17,64.87,58.69,,false,""
2024-07-24T11:00:00.000000,Italy,Italy,IT,154.79,213.41,65.21,58.85,,false,""
2024-07-24T12:00:00.000000,Italy,Italy,IT,158.98,218.4,63.98,57.73,,false,""
2024-07-24T13:00:00.000000,Italy,Italy,IT,168.97,230.59,61.38,55.43,,false,""
2024-07-24T14:00:00.000000,Italy,Italy,IT,181.68,245.96,58.37,52.53,,false,""
2024-07-24T15:00:00.000000,Italy,Italy,IT,195.34,262.27,55.13,48.68,,false,""
2024-07-24T16:00:00.000000,Italy,Italy,IT,215.31,286.43,50.21,43.6,,false,""
2024-07-24T17:00:00.000000,Italy,Italy,IT,231.62,304.85,46.47,39.54,,false,""
2024-07-24T18:00:00.000000,Italy,Italy,IT,240.35,315.42,44.39,37.29,,false,""
2024-07-24T19:00:00.000000,Italy,Italy,IT,247.26,324.85,42.71,35.66,,false,""
2024-07-24T20:00:00.000000,Italy,Italy,IT,248.78,327.35,42.56,34.93,,false,""
2024-07-24T21:00:00.000000,Italy,Italy,IT,240.17,316.67,44.83,36.13,,false,""
2024-07-24T22:00:00.000000,Italy,Italy,IT,232.0,305.21,47.44,37.93,,false,""
2024-07-24T23:00:00.000000,Italy,Italy,IT,228.01,300.62,48.7,38.23,,false,""
2024-07-25T00:00:00.000000,Italy,Italy,IT,225.3,297.02,50.18,39.21,,false,""
2024-07-25T01:00:00.000000,Italy,Italy,IT,222.44,292.85,51.19,39.59,,false,""
2024-07-25T02:00:00.000000,Italy,Italy,IT,221.14,291.36,51.44,39.68,,false,""
2024-07-25T03:00:00.000000,Italy,Italy,IT,221.39,291.41,51.42,39.92,,false,""
2024-07-25T04:00:00.000000,Italy,Italy,IT,218.17,287.47,51.39,41.85,,false,""
2024-07-25T05:00:00.000000,Italy,Italy,IT,212.32,280.26,52.65,44.29,,false,""
2024-07-25T06:00:00.000000,Italy,Italy,IT,193.78,257.74,56.79,49.15,,false,""
2024-07-25T07:00:00.000000,Italy,Italy,IT,184.42,247.96,58.52,51.61,,false,""
2024-07-25T08:00:00.000000,Italy,Italy,IT,169.32,229.96,62.3,55.65,,false,""
2024-07-25T09:00:00.000000,Italy,Italy,IT,160.65,219.89,64.38,57.93,,false,""
2024-07-25T10:00:00.000000,Italy,Italy,IT,157.18,216.49,65.04,59.09,,false,""
2024-07-25T11:00:00.000000,Italy,Italy,IT,157.87,217.7,64.54,58.93,,false,""
2024-07-25T12:00:00.000000,Italy,Italy,IT,161.69,222.22,63.49,58.13,,false,""
2024-07-25T13:00:00.000000,Italy,Italy,IT,169.13,230.87,61.67,56.0,,false,""
2024-07-25T14:00:00.000000,Italy,Italy,IT,177.51,240.97,59.5,53.29,,false,""
2024-07-25T15:00:00.000000,Italy,Italy,IT,197.99,265.98,54.67,48.53,,false,""
2024-07-25T16:00:00.000000,Italy,Italy,IT,219.77,292.09,49.28,42.92,,false,""
2024-07-25T17:00:00.000000,Italy,Italy,IT,238.82,314.86,44.73,38.15,,false,""
2024-07-25T18:00:00.000000,Italy,Italy,IT,251.31,329.55,41.99,35.5,,false,""
2024-07-25T19:00:00.000000,Italy,Italy,IT,252.3,330.43,42.01,35.28,,false,""
2024-07-25T20:00:00.000000,Italy,Italy,IT,250.87,328.79,42.58,35.29,,false,""
2024-07-25T21:00:00.000000,Italy,Italy,IT,251.84,331.01,41.97,34.56,,false,""
2024-07-25T22:00:00.000000,Italy,Italy,IT,241.6,317.83,44.74,36.15,,false,""
2024-07-25T23:00:00.000000,Italy,Italy,IT,237.71,312.96,46.08,36.33,,false,""
2024-07-26T00:00:00.000000,Italy,Italy,IT,239.17,315.88,45.79,35.55,,false,""
2024-07-26T01:00:00.000000,Italy,Italy,IT,231.94,307.04,47.49,36.21,,false,""
2024-07-26T02:00:00.000000,Italy,Italy,IT,226.99,300.88,48.73,37.02,,false,""
2024-07-26T03:00:00.000000,Italy,Italy,IT,223.62,296.84,49.35,38.59,,false,""
2024-07-26T04:00:00.000000,Italy,Italy,IT,222.1,294.63,49.43,39.93,,false,""
2024-07-26T05:00:00.000000,Italy,Italy,IT,214.37,284.6,51.26,43.35,,false,""
2024-07-26T06:00:00.000000,Italy,Italy,IT,197.05,262.82,55.4,48.64,,false,""
2024-07-26T07:00:00.000000,Italy,Italy,IT,180.79,243.42,59.35,52.98,,false,""
2024-07-26T08:00:00.000000,Italy,Italy,IT,169.38,230.12,62.15,56.35,,false,""
2024-07-26T09:00:00.000000,Italy,Italy,IT,156.42,214.58,65.34,59.63,,false,""
2024-07-26T10:00:00.000000,Italy,Italy,IT,148.78,205.79,67.21,61.6,,false,""
2024-07-26T11:00:00.000000,Italy,Italy,IT,149.66,207.13,66.72,61.13,,false,""
2024-07-26T12:00:00.000000,Italy,Italy,IT,157.93,217.47,64.4,58.77,,false,""
2024-07-26T13:00:00.000000,Italy,Italy,IT,159.81,219.61,64.02,57.8,,false,""
2024-07-26T14:00:00.000000,Italy,Italy,IT,174.31,236.63,60.69,54.45,,false,""
2024-07-26T15:00:00.000000,Italy,Italy,IT,193.75,261.45,55.47,48.82,,false,""
2024-07-26T16:00:00.000000,Italy,Italy,IT,230.04,305.82,46.23,39.99,,false,""
2024-07-26T17:00:00.000000,Italy,Italy,IT,251.22,330.48,41.55,35.09,,false,""
2024-07-26T18:00:00.000000,Italy,Italy,IT,258.85,339.16,40.09,33.55,,false,""
2024-07-26T19:00:00.000000,Italy,Italy,IT,261.74,342.86,39.39,32.98,,false,""
2024-07-26T20:00:00.000000,Italy,Italy,IT,261.96,345.08,38.84,31.89,,false,""
2024-07-26T21:00:00.000000,Italy,Italy,IT,257.07,339.42,39.79,32.17,,false,""
2024-07-26T22:00:00.000000,Italy,Italy,IT,229.43,304.08,47.25,37.06,,false,""
2024-07-26T23:00:00.000000,Italy,Italy,IT,217.9,289.63,50.05,38.23,,false,""
2024-07-27T00:00:00.000000,Italy,Italy,IT,215.05,286.39,50.82,38.11,,false,""
2024-07-27T01:00:00.000000,Italy,Italy,IT,209.07,279.21,52.34,38.57,,false,""
2024-07-27T02:00:00.000000,Italy,Italy,IT,211.45,282.38,51.83,38.08,,false,""
2024-07-27T03:00:00.000000,Italy,Italy,IT,211.46,282.47,51.91,38.44,,false,""
2024-07-27T04:00:00.000000,Italy,Italy,IT,207.29,277.26,53.02,39.74,,false,""
2024-07-27T05:00:00.000000,Italy,Italy,IT,194.24,261.02,56.21,44.38,,false,""
2024-07-27T06:00:00.000000,Italy,Italy,IT,168.25,229.03,62.62,52.12,,false,""
2024-07-27T07:00:00.000000,Italy,Italy,IT,151.75,209.4,66.6,57.52,,false,""
2024-07-27T08:00:00.000000,Italy,Italy,IT,130.19,183.34,71.76,63.34,,false,""
2024-07-27T09:00:00.000000,Italy,Italy,IT,113.89,163.24,75.78,67.91,,false,""
2024-07-27T10:00:00.000000,Italy,Italy,IT,105.18,152.91,78.01,70.78,,false,""
2024-07-27T11:00:00.000000,Italy,Italy,IT,107.45,155.84,77.41,70.94,,false,""
2024-07-27T12:00:00.000000,Italy,Italy,IT,109.43,158.25,76.98,70.3,,false,""
2024-07-27T13:00:00.000000,Italy,Italy,IT,119.39,170.63,74.22,66.9,,false,""
2024-07-27T14:00:00.000000,Italy,Italy,IT,135.68,190.64,69.88,62.69,,false,""
2024-07-27T15:00:00.000000,Italy,Italy,IT,164.78,226.46,62.22,54.98,,false,""
2024-07-27T16:00:00.000000,Italy,Italy,IT,188.44,255.01,55.85,47.62,,false,""
2024-07-27T17:00:00.000000,Italy,Italy,IT,213.93,283.7,50.01,41.68,,false,""
2024-07-27T18:00:00.000000,Italy,Italy,IT,230.06,302.97,46.43,37.91,,false,""
2024-07-27T19:00:00.000000,Italy,Italy,IT,228.77,302.91,46.46,37.32,,false,""
2024-07-27T20:00:00.000000,Italy,Italy,IT,225.71,299.7,47.41,37.41,,false,""
2024-07-27T21:00:00.000000,Italy,Italy,IT,221.47,294.44,48.72,37.92,,false,""
2024-07-27T22:00:00.000000,Italy,Italy,IT,222.6,295.9,48.65,37.93,,false,""
2024-07-27T23:00:00.000000,Italy,Italy,IT,215.83,287.47,50.59,39.14,,false,""
2024-07-28T00:00:00.000000,Italy,Italy,IT,208.35,277.9,52.59,40.28,,false,""
2024-07-28T01:00:00.000000,Italy,Italy,IT,198.95,265.86,55.16,41.77,,false,""
2024-07-28T02:00:00.000000,Italy,Italy,IT,199.27,266.69,55.28,41.76,,false,""
2024-07-28T03:00:00.000000,Italy,Italy,IT,196.55,263.29,55.98,41.93,,false,""
2024-07-28T04:00:00.000000,Italy,Italy,IT,189.77,255.16,57.64,43.56,,false,""
2024-07-28T05:00:00.000000,Italy,Italy,IT,177.59,240.2,60.56,49.1,,false,""
2024-07-28T06:00:00.000000,Italy,Italy,IT,147.15,203.28,67.91,57.3,,false,""
2024-07-28T07:00:00.000000,Italy,Italy,IT,123.61,174.72,73.59,64.0,,false,""
2024-07-28T08:00:00.000000,Italy,Italy,IT,104.43,152.87,77.79,70.24,,false,""
2024-07-28T09:00:00.000000,Italy,Italy,IT,97.84,145.31,79.28,73.68,,false,""
2024-07-28T10:00:00.000000,Italy,Italy,IT,99.02,147.24,78.73,74.86,,false,""
2024-07-28T11:00:00.000000,Italy,Italy,IT,100.57,149.07,78.29,74.91,,false,""
2024-07-28T12:00:00.000000,Italy,Italy,IT,100.48,148.58,78.48,74.76,,false,""
2024-07-28T13:00:00.000000,Italy,Italy,IT,102.89,151.57,77.97,73.53,,false,""
2024-07-28T14:00:00.000000,Italy,Italy,IT,115.68,166.34,75.12,69.88,,false,""
2024-07-28T15:00:00.000000,Italy,Italy,IT,143.9,200.67,67.5,60.32,,false,""
2024-07-28T16:00:00.000000,Italy,Italy,IT,181.69,246.11,57.85,49.68,,false,""
2024-07-28T17:00:00.000000,Italy,Italy,IT,208.2,276.72,51.55,43.53,,false,""
2024-07-28T18:00:00.000000,Italy,Italy,IT,217.74,287.61,49.66,41.43,,false,""
2024-07-28T19:00:00.000000,Italy,Italy,IT,221.16,291.76,48.85,40.45,,false,""
2024-07-28T20:00:00.000000,Italy,Italy,IT,224.19,297.26,47.84,39.53,,false,""
2024-07-28T21:00:00.000000,Italy,Italy,IT,219.38,291.05,49.78,40.46,,false,""
2024-07-28T22:00:00.000000,Italy,Italy,IT,230.11,303.92,47.65,38.55,,false,""
2024-07-28T23:00:00.000000,Italy,Italy,IT,231.69,307.02,47.45,38.16,,false,""
2024-07-29T00:00:00.000000,Italy,Italy,IT,230.63,305.23,47.97,38.23,,false,""
2024-07-29T01:00:00.000000,Italy,Italy,IT,228.94,303.33,48.6,38.58,,false,""
2024-07-29T02:00:00.000000,Italy,Italy,IT,227.61,301.52,48.97,39.16,,false,""
2024-07-29T03:00:00.000000,Italy,Italy,IT,227.48,300.75,49.06,39.92,,false,""
2024-07-29T04:00:00.000000,Italy,Italy,IT,231.91,305.11,47.67,40.25,,false,""
2024-07-29T05:00:00.000000,Italy,Italy,IT,227.76,301.3,48.21,41.6,,false,""
2024-07-29T06:00:00.000000,Italy,Italy,IT,208.06,276.92,52.66,46.71,,false,""
2024-07-29T07:00:00.000000,Italy,Italy,IT,193.49,259.35,56.1,50.94,,false,""
2024-07-29T08:00:00.000000,Italy,Italy,IT,178.6,241.69,59.55,54.6,,false,""
2024-07-29T09:00:00.000000,Italy,Italy,IT,172.04,234.61,61.17,56.77,,false,""
2024-07-29T10:00:00.000000,Italy,Italy,IT,163.77,224.79,63.23,59.11,,false,""
2024-07-29T11:00:00.000000,Italy,Italy,IT,162.08,222.51,63.67,59.52,,false,""
2024-07-29T12:00:00.000000,Italy,Italy,IT,166.97,228.8,62.29,58.49,,false,""
2024-07-29T13:00:00.000000,Italy,Italy,IT,172.34,235.19,60.9,56.84,,false,""
2024-07-29T14:00:00.000000,Italy,Italy,IT,183.74,248.39,58.3,53.45,,false,""
2024-07-29T15:00:00.000000,Italy,Italy,IT,203.74,273.08,53.27,48.52,,false,""
2024-07-29T16:00:00.000000,Italy,Italy,IT,224.96,298.5,47.79,42.38,,false,""
2024-07-29T17:00:00.000000,Italy,Italy,IT,242.52,318.74,43.86,38.0,,false,""
2024-07-29T18:00:00.000000,Italy,Italy,IT,254.19,332.91,41.17,35.31,,false,""
2024-07-29T19:00:00.000000,Italy,Italy,IT,259.23,339.31,40.17,34.1,,false,""
2024-07-29T20:00:00.000000,Italy,Italy,IT,253.94,333.44,41.39,34.75,,false,""
2024-07-29T21:00:00.000000,Italy,Italy,IT,253.14,333.23,41.66,34.78,,false,""
2024-07-29T22:00:00.000000,Italy,Italy,IT,238.79,313.99,46.05,38.32,,false,""
2024-07-29T23:00:00.000000,Italy,Italy,IT,233.49,307.58,47.54,38.77,,false,""
2024-07-30T00:00:00.000000,Italy,Italy,IT,227.33,300.13,49.16,39.84,,false,""
2024-07-30T01:00:00.000000,Italy,Italy,IT,220.06,291.09,51.06,40.85,,false,""
2024-07-30T02:00:00.000000,Italy,Italy,IT,215.59,285.75,51.96,41.62,,false,""
2024-07-30T03:00:00.000000,Italy,Italy,IT,218.54,289.15,51.28,41.52,,false,""
2024-07-30T04:00:00.000000,Italy,Italy,IT,225.82,297.55,49.41,41.7,,false,""
2024-07-30T05:00:00.000000,Italy,Italy,IT,219.05,289.22,50.81,44.49,,false,""
2024-07-30T06:00:00.000000,Italy,Italy,IT,200.98,267.86,54.76,49.81,,false,""
2024-07-30T07:00:00.000000,Italy,Italy,IT,186.98,250.84,58.09,53.74,,false,""
2024-07-30T08:00:00.000000,Italy,Italy,IT,176.59,238.6,60.73,56.46,,false,""
2024-07-30T09:00:00.000000,Italy,Italy,IT,169.75,230.79,62.3,58.32,,false,""
2024-07-30T10:00:00.000000,Italy,Italy,IT,155.39,213.3,65.89,61.12,,false,""
2024-07-30T11:00:00.000000,Italy,Italy,IT,153.18,210.65,66.36,61.73,,false,""
2024-07-30T12:00:00.000000,Italy,Italy,IT,154.06,211.35,66.12,61.65,,false,""
2024-07-30T13:00:00.000000,Italy,Italy,IT,153.8,210.15,66.3,61.09,,false,""
2024-07-30T14:00:00.000000,Italy,Italy,IT,168.63,228.57,62.37,57.21,,false,""
2024-07-30T15:00:00.000000,Italy,Italy,IT,187.06,251.38,57.58,52.09,,false,""
2024-07-30T16:00:00.000000,Italy,Italy,IT,219.87,292.11,48.87,43.44,,false,""
2024-07-30T17:00:00.000000,Italy,Italy,IT,240.67,316.06,43.98,37.99,,false,""
2024-07-30T18:00:00.000000,Italy,Italy,IT,250.64,327.74,41.7,35.64,,false,""
2024-07-30T19:00:00.000000,Italy,Italy,IT,254.43,332.94,40.71,34.99,,false,""
2024-07-30T20:00:00.000000,Italy,Italy,IT,263.0,344.65,39.13,33.08,,false,""
2024-07-30T21:00:00.000000,Italy,Italy,IT,249.76,327.98,42.55,35.0,,false,""
2024-07-30T22:00:00.000000,Italy,Italy,IT,248.52,326.04,43.25,35.25,,false,""
2024-07-30T23:00:00.000000,Italy,Italy,IT,244.22,321.2,44.39,35.7,,false,""
2024-07-31T00:00:00.000000,Italy,Italy,IT,246.29,323.83,44.15,35.22,,false,""
2024-07-31T01:00:00.000000,Italy,Italy,IT,238.75,314.26,46.04,36.33,,false,""
2024-07-31T02:00:00.000000,Italy,Italy,IT,239.09,314.93,46.01,36.36,,false,""
2024-07-31T03:00:00.000000,Italy,Italy,IT,242.9,320.03,44.76,36.27,,false,""
2024-07-31T04:00:00.000000,Italy,Italy,IT,246.69,323.91,43.75,36.89,,false,""
2024-07-31T05:00:00.000000,Italy,Italy,IT,237.98,313.1,46.06,39.09,,false,""
2024-07-31T06:00:00.000000,Italy,Italy,IT,217.31,287.63,50.9,44.59,,false,""
2024-07-31T07:00:00.000000,Italy,Italy,IT,202.42,270.23,54.29,48.74,,false,""
2024-07-31T08:00:00.000000,Italy,Italy,IT,188.4,253.92,57.19,52.5,,false,""
2024-07-31T09:00:00.000000,Italy,Italy,IT,183.57,248.4,58.36,53.89,,false,""
2024-07-31T10:00:00.000000,Italy,Italy,IT,179.12,243.65,59.53,55.1,,false,""
2024-07-31T11:00:00.000000,Italy,Italy,IT,178.02,242.46,59.8,55.23,,false,""
2024-07-31T12:00:00.000000,Italy,Italy,IT,178.61,243.28,59.49,54.95,,false,""
2024-07-31T13:00:00.000000,Italy,Italy,IT,185.7,251.53,57.61,52.94,,false,""
2024-07-31T14:00:00.000000,Italy,Italy,IT,202.45,271.98,53.57,48.72,,false,""
2024-07-31T15:00:00.000000,Italy,Italy,IT,219.41,292.68,49.2,43.97,,false,""
2024-07-31T16:00:00.000000,Italy,Italy,IT,241.36,318.67,43.71,37.87,,false,""
2024-07-31T17:00:00.000000,Italy,Italy,IT,258.13,337.5,39.86,34.15,,false,""
2024-07-31T18:00:00.000000,Italy,Italy,IT,267.37,348.19,37.69,32.07,,false,""
2024-07-31T19:00:00.000000,Italy,Italy,IT,270.99,354.17,36.67,30.64,,false,""
2024-07-31T20:00:00.000000,Italy,Italy,IT,280.32,367.18,34.64,28.8,,false,""
2024-07-31T21:00:00.000000,Italy,Italy,IT,271.56,357.28,36.57,29.59,,false,""
2024-07-31T22:00:00.000000,Italy,Italy,IT,271.31,355.82,37.41,29.13,,false,""
2024-07-31T23:00:00.000000,Italy,Italy,IT,263.69,346.14,39.44,30.19,,false,""
2024-08-01T00:00:00.000000,Italy,Italy,IT,262.81,345.4,40.04,30.25,,false,""
2024-08-01T01:00:00.000000,Italy,Italy,IT,262.2,344.67,40.28,30.02,,false,""
2024-08-01T02:00:00.000000,Italy,Italy,IT,259.23,340.87,41.12,31.37,,false,""
2024-08-01T03:00:00.000000,Italy,Italy,IT,265.65,348.98,39.4,31.05,,false,""
2024-08-01T04:00:00.000000,Italy,Italy,IT,261.94,344.54,39.45,31.86,,false,""
2024-08-01T05:00:00.000000,Italy,Italy,IT,248.12,327.42,42.55,35.07,,false,""
2024-08-01T06:00:00.000000,Italy,Italy,IT,228.12,303.08,47.3,40.63,,false,""
2024-08-01T07:00:00.000000,Italy,Italy,IT,213.74,285.74,50.71,45.09,,false,""
2024-08-01T08:00:00.000000,Italy,Italy,IT,198.85,267.76,54.39,49.24,,false,""
2024-08-01T09:00:00.000000,Italy,Italy,IT,194.09,262.44,55.64,50.8,,false,""
2024-08-01T10:00:00.000000,Italy,Italy,IT,187.39,254.68,57.32,52.47,,false,""
2024-08-01T11:00:00.000000,Italy,Italy,IT,184.53,251.31,57.82,52.96,,false,""
2024-08-01T12:00:00.000000,Italy,Italy,IT,181.62,247.25,58.45,53.66,,false,""
2024-08-01T13:00:00.000000,Italy,Italy,IT,187.61,254.01,56.96,52.18,,false,""
2024-08-01T14:00:00.000000,Italy,Italy,IT,202.08,271.41,53.67,48.84,,false,""
2024-08-01T15:00:00.000000,Italy,Italy,IT,219.07,292.48,49.34,44.1,,false,""
2024-08-01T16:00:00.000000,Italy,Italy,IT,239.06,316.02,44.74,38.75,,false,""
2024-08-01T17:00:00.000000,Italy,Italy,IT,256.4,335.27,40.95,35.18,,false,""
2024-08-01T18:00:00.000000,Italy,Italy,IT,261.79,342.23,39.73,33.92,,false,""
2024-08-01T19:00:00.000000,Italy,Italy,IT,270.13,353.51,37.6,31.9,,false,""
2024-08-01T20:00:00.000000,Italy,Italy,IT,263.2,346.11,38.98,32.39,,false,""
2024-08-01T21:00:00.000000,Italy,Italy,IT,253.7,334.35,41.66,34.12,,false,""
2024-08-01T22:00:00.000000,Italy,Italy,IT,249.21,328.28,43.22,34.95,,false,""
2024-08-01T23:00:00.000000,Italy,Italy,IT,239.65,316.19,45.77,36.16,,false,""
2024-08-02T00:00:00.000000,Italy,Italy,IT,240.49,317.79,45.64,35.96,,false,""
2024-08-02T01:00:00.000000,Italy,Italy,IT,238.94,315.83,46.18,36.1,,false,""
2024-08-02T02:00:00.000000,Italy,Italy,IT,235.14,311.3,47.15,36.7,,false,""
2024-08-02T03:00:00.000000,Italy,Italy,IT,239.45,316.72,46.07,36.08,,false,""
2024-08-02T04:00:00.000000,Italy,Italy,IT,237.18,312.86,46.44,37.73,,false,""
2024-08-02T05:00:00.000000,Italy,Italy,IT,234.27,308.61,47.67,39.86,,false,""
2024-08-02T06:00:00.000000,Italy,Italy,IT,216.43,287.06,51.64,44.95,,false,""
2024-08-02T07:00:00.000000,Italy,Italy,IT,199.88,267.34,55.63,49.37,,false,""
2024-08-02T08:00:00.000000,Italy,Italy,IT,183.9,248.49,59.22,53.44,,false,""
2024-08-02T09:00:00.000000,Italy,Italy,IT,178.22,242.07,60.49,54.79,,false,""
2024-08-02T10:00:00.000000,Italy,Italy,IT,173.28,236.44,61.74,56.42,,false,""
2024-08-02T11:00:00.000000,Italy,Italy,IT,169.49,231.74,62.58,57.53,,false,""
2024-08-02T12:00:00.000000,Italy,Italy,IT,168.32,230.38,62.32,57.17,,false,""
2024-08-02T13:00:00.000000,Italy,Italy,IT,177.42,241.23,60.14,54.95,,false,""
2024-08-02T14:00:00.000000,Italy,Italy,IT,192.76,259.12,56.8,51.45,,false,""
2024-08-02T15:00:00.000000,Italy,Italy,IT,215.24,286.5,51.37,45.81,,false,""
2024-08-02T16:00:00.000000,Italy,Italy,IT,243.23,319.81,44.76,38.89,,false,""
2024-08-02T17:00:00.000000,Italy,Italy,IT,253.09,330.06,42.49,36.14,,false,""
2024-08-02T18:00:00.000000,Italy,Italy,IT,263.94,343.75,40.06,34.12,,false,""
2024-08-02T19:00:00.000000,Italy,Italy,IT,269.52,351.59,38.75,32.76,,false,""
2024-08-02T20:00:00.000000,Italy,Italy,IT,270.6,354.0,38.5,32.1,,false,""
2024-08-02T21:00:00.000000,Italy,Italy,IT,255.23,334.94,42.37,34.63,,false,""
2024-08-02T22:00:00.000000,Italy,Italy,IT,237.75,312.88,47.01,38.33,,false,""
2024-08-02T23:00:00.000000,Italy,Italy,IT,229.2,303.04,48.72,39.51,,false,""
2024-08-03T00:00:00.000000,Italy,Italy,IT,219.75,291.49,51.15,41.21,,false,""
2024-08-03T01:00:00.000000,Italy,Italy,IT,221.4,293.57,50.92,40.65,,false,""
2024-08-03T02:00:00.000000,Italy,Italy,IT,221.38,293.39,51.05,40.64,,false,""
2024-08-03T03:00:00.000000,Italy,Italy,IT,223.29,295.75,50.69,40.07,,false,""
2024-08-03T04:00:00.000000,Italy,Italy,IT,224.28,296.36,50.63,40.02,,false,""
2024-08-03T05:00:00.000000,Italy,Italy,IT,214.41,284.53,52.83,42.8,,false,""
2024-08-03T06:00:00.000000,Italy,Italy,IT,201.8,269.45,55.79,47.27,,false,""
2024-08-03T07:00:00.000000,Italy,Italy,IT,177.25,239.94,61.5,53.24,,false,""
2024-08-03T08:00:00.000000,Italy,Italy,IT,162.34,222.34,64.85,57.56,,false,""
2024-08-03T09:00:00.000000,Italy,Italy,IT,144.19,200.6,69.19,61.81,,false,""
2024-08-03T10:00:00.000000,Italy,Italy,IT,142.11,199.07,68.92,62.29,,false,""
2024-08-03T11:00:00.000000,Italy,Italy,IT,142.61,199.62,68.6,62.38,,false,""
2024-08-03T12:00:00.000000,Italy,Italy,IT,144.83,202.02,68.0,62.01,,false,""
2024-08-03T13:00:00.000000,Italy,Italy,IT,152.06,210.46,66.62,60.32,,false,""
2024-08-03T14:00:00.000000,Italy,Italy,IT,164.61,224.62,63.8,56.68,,false,""
2024-08-03T15:00:00.000000,Italy,Italy,IT,189.86,255.18,57.53,50.59,,false,""
2024-08-03T16:00:00.000000,Italy,Italy,IT,214.39,285.24,51.24,44.35,,false,""
2024-08-03T17:00:00.000000,Italy,Italy,IT,221.13,292.72,49.53,42.56,,false,""
2024-08-03T18:00:00.000000,Italy,Italy,IT,225.48,297.72,48.38,41.39,,false,""
2024-08-03T19:00:00.000000,Italy,Italy,IT,230.66,304.07,47.34,39.95,,false,""
2024-08-03T20:00:00.000000,Italy,Italy,IT,244.15,320.91,44.45,36.33,,false,""
2024-08-03T21:00:00.000000,Italy,Italy,IT,244.69,322.03,44.47,35.33,,false,""
2024-08-03T22:00:00.000000,Italy,Italy,IT,241.88,318.02,45.77,35.86,,false,""
2024-08-03T23:00:00.000000,Italy,Italy,IT,235.64,310.0,47.67,36.84,,false,""
2024-08-04T00:00:00.000000,Italy,Italy,IT,237.77,313.78,47.21,36.34,,false,""
2024-08-04T01:00:00.000000,Italy,Italy,IT,233.1,307.82,48.54,37.3,,false,""
2024-08-04T02:00:00.000000,Italy,Italy,IT,234.22,308.99,48.34,37.08,,false,""
2024-08-04T03:00:00.000000,Italy,Italy,IT,233.67,308.39,48.4,37.19,,false,""
2024-08-04T04:00:00.000000,Italy,Italy,IT,232.79,308.06,48.64,37.32,,false,""
2024-08-04T05:00:00.000000,Italy,Italy,IT,210.56,280.05,54.19,42.73,,false,""
2024-08-04T06:00:00.000000,Italy,Italy,IT,178.96,241.51,61.91,52.15,,false,""
2024-08-04T07:00:00.000000,Italy,Italy,IT,147.69,204.43,68.82,59.72,,false,""
2024-08-04T08:00:00.000000,Italy,Italy,IT,130.14,183.98,72.05,64.83,,false,""
2024-08-04T09:00:00.000000,Italy,Italy,IT,129.33,183.5,71.96,66.73,,false,""
2024-08-04T10:00:00.000000,Italy,Italy,IT,133.5,188.9,70.75,67.59,,false,""
2024-08-04T11:00:00.000000,Italy,Italy,IT,138.19,194.74,69.62,68.0,,false,""
2024-08-04T12:00:00.000000,Italy,Italy,IT,139.39,195.94,69.49,67.45,,false,""
2024-08-04T13:00:00.000000,Italy,Italy,IT,136.23,192.38,69.93,65.96,,false,""
2024-08-04T14:00:00.000000,Italy,Italy,IT,150.32,209.01,66.57,60.48,,false,""
2024-08-04T15:00:00.000000,Italy,Italy,IT,168.41,230.8,62.02,54.71,,false,""
2024-08-04T16:00:00.000000,Italy,Italy,IT,197.77,266.28,54.65,46.0,,false,""
2024-08-04T17:00:00.000000,Italy,Italy,IT,219.74,291.41,49.1,40.71,,false,""
2024-08-04T18:00:00.000000,Italy,Italy,IT,226.52,297.97,47.75,39.72,,false,""
2024-08-04T19:00:00.000000,Italy,Italy,IT,234.75,308.19,45.83,38.01,,false,""
2024-08-04T20:00:00.000000,Italy,Italy,IT,238.9,315.12,45.17,36.15,,false,""
2024-08-04T21:00:00.000000,Italy,Italy,IT,238.6,315.49,45.54,35.79,,false,""
2024-08-04T22:00:00.000000,Italy,Italy,IT,230.21,305.13,47.9,36.24,,false,""
2024-08-04T23:00:00.000000,Italy,Italy,IT,228.32,303.24,48.4,36.07,,false,""
2024-08-05T00:00:00.000000,Italy,Italy,IT,229.15,304.26,48.46,35.68,,false,""
2024-08-05T01:00:00.000000,Italy,Italy,IT,224.5,298.51,49.7,36.89,,false,""
2024-08-05T02:00:00.000000,Italy,Italy,IT,224.21,298.17,49.73,36.7,,false,""
2024-08-05T03:00:00.000000,Italy,Italy,IT,221.55,294.67,50.14,37.92,,false,""
2024-08-05T04:00:00.000000,Italy,Italy,IT,225.01,299.09,48.92,37.95,,false,""
2024-08-05T05:00:00.000000,Italy,Italy,IT,213.37,283.96,51.66,42.3,,false,""
2024-08-05T06:00:00.000000,Italy,Italy,IT,195.79,262.75,55.53,47.62,,false,""
2024-08-05T07:00:00.000000,Italy,Italy,IT,182.03,246.88,58.73,51.49,,false,""
2024-08-05T08:00:00.000000,Italy,Italy,IT,166.3,228.22,62.43,55.35,,false,""
2024-08-05T09:00:00.000000,Italy,Italy,IT,156.54,216.99,64.6,57.98,,false,""
2024-08-05T10:00:00.000000,Italy,Italy,IT,152.8,212.47,65.55,59.03,,false,""
2024-08-05T11:00:00.000000,Italy,Italy,IT,153.41,212.95,65.86,59.92,,false,""
2024-08-05T12:00:00.000000,Italy,Italy,IT,154.69,214.27,65.64,59.67,,false,""
2024-08-05T13:00:00.000000,Italy,Italy,IT,160.64,221.28,64.12,57.95,,false,""
2024-08-05T14:00:00.000000,Italy,Italy,IT,177.02,241.7,59.8,53.31,,false,""
2024-08-05T15:00:00.000000,Italy,Italy,IT,202.73,273.26,53.55,46.77,,false,""
2024-08-05T16:00:00.000000,Italy,Italy,IT,226.44,301.23,47.83,41.28,,false,""
2024-08-05T17:00:00.000000,Italy,Italy,IT,249.61,327.44,42.59,36.18,,false,""
2024-08-05T18:00:00.000000,Italy,Italy,IT,259.11,338.69,40.52,33.67,,false,""
2024-08-05T19:00:00.000000,Italy,Italy,IT,261.69,343.34,39.73,32.28,,false,""
2024-08-05T20:00:00.000000,Italy,Italy,IT,258.98,341.22,40.48,31.83,,false,""
2024-08-05T21:00:00.000000,Italy,Italy,IT,266.66,350.14,39.37,30.57,,false,""
2024-08-05T22:00:00.000000,Italy,Italy,IT,257.92,339.64,41.58,31.16,,false,""
2024-08-05T23:00:00.000000,Italy,Italy,IT,258.68,340.89,41.69,30.48,,false,""
2024-08-06T00:00:00.000000,Italy,Italy,IT,255.73,337.06,42.46,30.1,,false,""
2024-08-06T01:00:00.000000,Italy,Italy,IT,260.73,343.28,41.43,29.67,,false,""
2024-08-06T02:00:00.000000,Italy,Italy,IT,262.85,345.56,41.47,29.91,,false,""
2024-08-06T03:00:00.000000,Italy,Italy,IT,253.27,333.37,43.46,31.69,,false,""
2024-08-06T04:00:00.000000,Italy,Italy,IT,251.28,330.71,43.62,32.94,,false,""
2024-08-06T05:00:00.000000,Italy,Italy,IT,234.73,309.16,48.03,38.86,,false,""
2024-08-06T06:00:00.000000,Italy,Italy,IT,214.25,284.17,52.53,44.91,,false,""
2024-08-06T07:00:00.000000,Italy,Italy,IT,199.72,267.69,55.66,49.15,,false,""
2024-08-06T08:00:00.000000,Italy,Italy,IT,183.27,248.12,59.26,53.05,,false,""
2024-08-06T09:00:00.000000,Italy,Italy,IT,172.25,235.21,61.87,56.11,,false,""
2024-08-06T10:00:00.000000,Italy,Italy,IT,168.24,230.54,62.89,57.62,,false,""
2024-08-06T11:00:00.000000,Italy,Italy,IT,166.93,228.95,63.14,58.08,,false,""
2024-08-06T12:00:00.000000,Italy,Italy,IT,169.76,232.26,62.46,57.41,,false,""
2024-08-06T13:00:00.000000,Italy,Italy,IT,176.97,240.82,60.66,55.33,,false,""
2024-08-06T14:00:00.000000,Italy,Italy,IT,192.66,260.52,56.27,50.62,,false,""
2024-08-06T15:00:00.000000,Italy,Italy,IT,214.16,285.75,51.14,44.94,,false,""
2024-08-06T16:00:00.000000,Italy,Italy,IT,243.67,320.49,44.37,37.99,,false,""
2024-08-06T17:00:00.000000,Italy,Italy,IT,255.31,332.67,41.49,34.74,,false,""
2024-08-06T18:00:00.000000,Italy,Italy,IT,262.19,341.23,39.81,32.79,,false,""
2024-08-06T19:00:00.000000,Italy,Italy,IT,269.09,351.01,38.59,31.36,,false,""
2024-08-06T20:00:00.000000,Italy,Italy,IT,267.63,350.04,38.97,31.12,,false,""
2024-08-06T21:00:00.000000,Italy,Italy,IT,270.61,354.0,38.4,29.98,,false,""
2024-08-06T22:00:00.000000,Italy,Italy,IT,266.52,347.93,40.08,30.5,,false,""
2024-08-06T23:00:00.000000,Italy,Italy,IT,264.87,345.6,40.81,29.84,,false,""
2024-08-07T00:00:00.000000,Italy,Italy,IT,262.83,343.92,41.21,29.39,,false,""
2024-08-07T01:00:00.000000,Italy,Italy,IT,261.24,341.61,41.84,29.86,,false,""
2024-08-07T02:00:00.000000,Italy,Italy,IT,252.07,330.05,44.0,31.34,,false,""
2024-08-07T03:00:00.000000,Italy,Italy,IT,253.0,331.36,43.82,31.78,,false,""
2024-08-07T04:00:00.000000,Italy,Italy,IT,253.68,332.62,42.9,32.22,,false,""
2024-08-07T05:00:00.000000,Italy,Italy,IT,238.04,312.84,46.64,37.98,,false,""
2024-08-07T06:00:00.000000,Italy,Italy,IT,215.48,285.11,51.7,44.46,,false,""
2024-08-07T07:00:00.000000,Italy,Italy,IT,196.92,263.61,55.96,49.49,,false,""
2024-08-07T08:00:00.000000,Italy,Italy,IT,183.87,248.75,58.95,53.06,,false,""
2024-08-07T09:00:00.000000,Italy,Italy,IT,173.51,236.44,61.28,55.58,,false,""
2024-08-07T10:00:00.000000,Italy,Italy,IT,168.11,230.46,62.49,57.01,,false,""
2024-08-07T11:00:00.000000,Italy,Italy,IT,168.12,230.33,62.35,56.91,,false,""
2024-08-07T12:00:00.000000,Italy,Italy,IT,170.1,232.25,61.87,56.38,,false,""
2024-08-07T13:00:00.000000,Italy,Italy,IT,180.83,245.11,59.25,53.57,,false,""
2024-08-07T14:00:00.000000,Italy,Italy,IT,198.72,266.79,54.75,49.15,,false,""
2024-08-07T15:00:00.000000,Italy,Italy,IT,230.31,305.81,47.03,41.51,,false,""
2024-08-07T16:00:00.000000,Italy,Italy,IT,247.06,325.3,43.08,36.73,,false,""
2024-08-07T17:00:00.000000,Italy,Italy,IT,258.76,337.93,40.87,34.14,,false,""
2024-08-07T18:00:00.000000,Italy,Italy,IT,260.97,339.49,40.34,33.53,,false,""
2024-08-07T19:00:00.000000,Italy,Italy,IT,258.55,337.61,40.94,33.1,,false,""
2024-08-07T20:00:00.000000,Italy,Italy,IT,266.99,350.22,38.71,30.64,,false,""
2024-08-07T21:00:00.000000,Italy,Italy,IT,262.58,345.12,40.07,31.39,,false,""
2024-08-07T22:00:00.000000,Italy,Italy,IT,250.21,328.81,42.99,33.08,,false,""
2024-08-07T23:00:00.000000,Italy,Italy,IT,239.34,315.93,45.65,34.5,,false,""
2024-08-08T00:00:00.000000,Italy,Italy,IT,239.79,317.03,45.62,34.33,,false,""
2024-08-08T01:00:00.000000,Italy,Italy,IT,241.97,320.76,44.8,33.57,,false,""
2024-08-08T02:00:00.000000,Italy,Italy,IT,239.8,318.0,44.96,33.87,,false,""
2024-08-08T03:00:00.000000,Italy,Italy,IT,242.61,321.45,43.99,33.32,,false,""
2024-08-08T04:00:00.000000,Italy,Italy,IT,244.63,323.41,43.13,34.09,,false,""
2024-08-08T05:00:00.000000,Italy,Italy,IT,224.66,298.57,47.99,39.81,,false,""
2024-08-08T06:00:00.000000,Italy,Italy,IT,203.2,271.93,53.39,45.82,,false,""
2024-08-08T07:00:00.000000,Italy,Italy,IT,182.15,247.04,58.27,51.31,,false,""
2024-08-08T08:00:00.000000,Italy,Italy,IT,165.67,227.46,62.38,55.8,,false,""
2024-08-08T09:00:00.000000,Italy,Italy,IT,156.05,216.54,64.66,58.32,,false,""
2024-08-08T10:00:00.000000,Italy,Italy,IT,150.02,209.21,66.2,59.77,,false,""
2024-08-08T11:00:00.000000,Italy,Italy,IT,150.55,209.88,65.97,60.09,,false,""
2024-08-08T12:00:00.000000,Italy,Italy,IT,151.9,210.54,65.74,60.02,,false,""
2024-08-08T13:00:00.000000,Italy,Italy,IT,156.67,216.19,64.73,58.81,,false,""
2024-08-08T14:00:00.000000,Italy,Italy,IT,173.47,236.93,60.49,54.27,,false,""
2024-08-08T15:00:00.000000,Italy,Italy,IT,193.56,261.67,55.43,49.04,,false,""
2024-08-08T16:00:00.000000,Italy,Italy,IT,226.77,300.81,47.47,41.09,,false,""
2024-08-08T17:00:00.000000,Italy,Italy,IT,245.67,321.07,43.2,36.52,,false,""
2024-08-08T18:00:00.000000,Italy,Italy,IT,253.38,330.02,41.39,34.43,,false,""
2024-08-08T19:00:00.000000,Italy,Italy,IT,254.04,332.7,41.11,33.4,,false,""
2024-08-08T20:00:00.000000,Italy,Italy,IT,252.55,333.07,41.53,32.62,,false,""
2024-08-08T21:00:00.000000,Italy,Italy,IT,250.68,331.63,41.79,32.49,,false,""
2024-08-08T22:00:00.000000,Italy,Italy,IT,248.25,327.46,43.07,33.35,,false,""
2024-08-08T23:00:00.000000,Italy,Italy,IT,244.96,323.85,44.12,34.33,,false,""
2024-08-09T00:00:00.000000,Italy,Italy,IT,240.35,318.41,45.42,35.17,,false,""
2024-08-09T01:00:00.000000,Italy,Italy,IT,241.56,319.6,45.33,34.89,,false,""
2024-08-09T02:00:00.000000,Italy,Italy,IT,242.35,320.52,45.1,34.5,,false,""
2024-08-09T03:00:00.000000,Italy,Italy,IT,242.43,320.74,45.08,35.11,,false,""
2024-08-09T04:00:00.000000,Italy,Italy,IT,226.33,299.37,48.83,39.48,,false,""
2024-08-09T05:00:00.000000,Italy,Italy,IT,210.99,279.81,52.58,44.22,,false,""
2024-08-09T06:00:00.000000,Italy,Italy,IT,189.76,253.89,57.41,49.52,,false,""
2024-08-09T07:00:00.000000,Italy,Italy,IT,174.67,237.15,60.82,53.59,,false,""
2024-08-09T08:00:00.000000,Italy,Italy,IT,160.76,221.22,64.22,57.81,,false,""
2024-08-09T09:00:00.000000,Italy,Italy,IT,148.08,206.63,67.0,61.35,,false,""
2024-08-09T10:00:00.000000,Italy,Italy,IT,137.46,193.19,69.65,64.61,,false,""
2024-08-09T11:00:00.000000,Italy,Italy,IT,130.77,185.01,71.21,66.45,,false,""
2024-08-09T12:00:00.000000,Italy,Italy,IT,132.29,186.91,70.69,65.98,,false,""
2024-08-09T13:00:00.000000,Italy,Italy,IT,138.15,194.36,69.17,64.1,,false,""
2024-08-09T14:00:00.000000,Italy,Italy,IT,154.11,213.92,65.02,59.68,,false,""
2024-08-09T15:00:00.000000,Italy,Italy,IT,176.38,240.64,59.42,53.91,,false,""
2024-08-09T16:00:00.000000,Italy,Italy,IT,212.11,283.26,50.44,44.28,,false,""
2024-08-09T17:00:00.000000,Italy,Italy,IT,237.63,313.4,44.43,37.96,,false,""
2024-08-09T18:00:00.000000,Italy,Italy,IT,247.06,324.48,42.35,35.72,,false,""
2024-08-09T19:00:00.000000,Italy,Italy,IT,251.27,330.61,41.02,34.29,,false,""
2024-08-09T20:00:00.000000,Italy,Italy,IT,251.68,331.62,41.39,33.76,,false,""
2024-08-09T21:00:00.000000,Italy,Italy,IT,248.26,327.12,42.57,34.32,,false,""
2024-08-09T22:00:00.000000,Italy,Italy,IT,230.37,304.6,47.1,38.04,,false,""
2024-08-09T23:00:00.000000,Italy,Italy,IT,221.37,293.65,49.61,39.84,,false,""
2024-08-10T00:00:00.000000,Italy,Italy,IT,219.61,291.92,50.19,39.69,,false,""
2024-08-10T01:00:00.000000,Italy,Italy,IT,219.86,293.55,50.18,39.93,,false,""
2024-08-10T02:00:00.000000,Italy,Italy,IT,217.97,291.22,50.66,40.13,,false,""
2024-08-10T03:00:00.000000,Italy,Italy,IT,219.96,293.77,50.23,39.64,,false,""
2024-08-10T04:00:00.000000,Italy,Italy,IT,215.2,288.17,51.22,41.02,,false,""
2024-08-10T05:00:00.000000,Italy,Italy,IT,196.88,265.61,55.57,45.76,,false,""
2024-08-10T06:00:00.000000,Italy,Italy,IT,170.11,231.87,62.37,53.45,,false,""
2024-08-10T07:00:00.000000,Italy,Italy,IT,146.61,204.83,67.75,60.76,,false,""
2024-08-10T08:00:00.000000,Italy,Italy,IT,124.91,178.83,73.05,67.82,,false,""
2024-08-10T09:00:00.000000,Italy,Italy,IT,117.85,170.47,74.65,70.59,,false,""
2024-08-10T10:00:00.000000,Italy,Italy,IT,117.91,170.34,74.66,71.82,,false,""
2024-08-10T11:00:00.000000,Italy,Italy,IT,113.72,165.41,75.45,72.45,,false,""
2024-08-10T12:00:00.000000,Italy,Italy,IT,109.58,160.54,76.28,72.58,,false,""
2024-08-10T13:00:00.000000,Italy,Italy,IT,120.08,173.2,73.58,69.55,,false,""
2024-08-10T14:00:00.000000,Italy,Italy,IT,142.96,201.04,67.77,62.9,,false,""
2024-08-10T15:00:00.000000,Italy,Italy,IT,166.76,229.49,61.84,56.27,,false,""
2024-08-10T16:00:00.000000,Italy,Italy,IT,197.15,264.13,54.34,47.9,,false,""
2024-08-10T17:00:00.000000,Italy,Italy,IT,227.0,299.36,47.3,40.83,,false,""
2024-08-10T18:00:00.000000,Italy,Italy,IT,236.47,310.56,45.17,38.73,,false,""
2024-08-10T19:00:00.000000,Italy,Italy,IT,243.78,320.62,43.5,37.3,,false,""
2024-08-10T20:00:00.000000,Italy,Italy,IT,248.35,326.46,42.53,35.71,,false,""
2024-08-10T21:00:00.000000,Italy,Italy,IT,249.81,328.8,42.45,35.2,,false,""
2024-08-10T22:00:00.000000,Italy,Italy,IT,245.13,323.51,43.86,36.12,,false,""
2024-08-10T23:00:00.000000,Italy,Italy,IT,240.11,317.4,45.47,37.31,,false,""
2024-08-11T00:00:00.000000,Italy,Italy,IT,228.42,302.33,48.69,39.8,,false,""
2024-08-11T01:00:00.000000,Italy,Italy,IT,225.07,298.64,49.33,40.72,,false,""
2024-08-11T02:00:00.000000,Italy,Italy,IT,220.82,292.4,50.53,41.76,,false,""
2024-08-11T03:00:00.000000,Italy,Italy,IT,217.34,288.78,51.35,42.74,,false,""
2024-08-11T04:00:00.000000,Italy,Italy,IT,214.13,285.76,52.1,43.94,,false,""
2024-08-11T05:00:00.000000,Italy,Italy,IT,186.88,252.19,58.78,50.82,,false,""
2024-08-11T06:00:00.000000,Italy,Italy,IT,150.73,209.28,67.04,60.11,,false,""
2024-08-11T07:00:00.000000,Italy,Italy,IT,124.36,177.77,73.42,67.01,,false,""
2024-08-11T08:00:00.000000,Italy,Italy,IT,113.17,164.69,75.97,72.05,,false,""
2024-08-11T09:00:00.000000,Italy,Italy,IT,112.16,163.76,76.1,74.08,,false,""
2024-08-11T10:00:00.000000,Italy,Italy,IT,115.63,167.92,74.98,73.83,,false,""
2024-08-11T11:00:00.000000,Italy,Italy,IT,112.47,163.86,75.65,74.72,,false,""
2024-08-11T12:00:00.000000,Italy,Italy,IT,112.91,164.28,75.62,74.33,,false,""
2024-08-11T13:00:00.000000,Italy,Italy,IT,117.61,169.54,74.59,72.89,,false,""
2024-08-11T14:00:00.000000,Italy,Italy,IT,135.37,191.49,70.0,67.0,,false,""
2024-08-11T15:00:00.000000,Italy,Italy,IT,166.54,228.68,62.11,56.35,,false,""
2024-08-11T16:00:00.000000,Italy,Italy,IT,212.94,284.73,50.65,44.92,,false,""
2024-08-11T17:00:00.000000,Italy,Italy,IT,233.34,307.64,45.8,39.49,,false,""
2024-08-11T18:00:00.000000,Italy,Italy,IT,240.29,314.72,44.33,37.85,,false,""
2024-08-11T19:00:00.000000,Italy,Italy,IT,243.01,317.99,43.85,36.79,,false,""
2024-08-11T20:00:00.000000,Italy,Italy,IT,247.12,324.46,42.74,35.31,,false,""
2024-08-11T21:00:00.000000,Italy,Italy,IT,253.73,334.66,40.95,32.94,,false,""
2024-08-11T22:00:00.000000,Italy,Italy,IT,253.52,335.03,41.79,33.76,,false,""
2024-08-11T23:00:00.000000,Italy,Italy,IT,247.03,327.03,43.75,35.42,,false,""
2024-08-12T00:00:00.000000,Italy,Italy,IT,240.27,318.48,45.57,36.66,,false,""
2024-08-12T01:00:00.000000,Italy,Italy,IT,243.11,321.49,45.09,36.83,,false,""
2024-08-12T02:00:00.000000,Italy,Italy,IT,241.72,319.63,45.52,36.91,,false,""
2024-08-12T03:00:00.000000,Italy,Italy,IT,238.71,315.46,46.23,37.68,,false,""
2024-08-12T04:00:00.000000,Italy,Italy,IT,234.04,309.71,47.09,39.86,,false,""
2024-08-12T05:00:00.000000,Italy,Italy,IT,225.78,299.79,48.96,42.33,,false,""
2024-08-12T06:00:00.000000,Italy,Italy,IT,201.28,270.35,54.57,48.72,,false,""
2024-08-12T07:00:00.000000,Italy,Italy,IT,182.65,248.7,58.85,53.43,,false,""
2024-08-12T08:00:00.000000,Italy,Italy,IT,162.98,225.68,63.37,58.46,,false,""
2024-08-12T09:00:00.000000,Italy,Italy,IT,153.04,213.64,65.98,61.7,,false,""
2024-08-12T10:00:00.000000,Italy,Italy,IT,153.77,214.59,65.91,62.27,,false,""
2024-08-12T11:00:00.000000,Italy,Italy,IT,156.72,218.19,65.1,61.8,,false,""
2024-08-12T12:00:00.000000,Italy,Italy,IT,161.54,223.98,63.84,60.64,,false,""
2024-08-12T13:00:00.000000,Italy,Italy,IT,172.03,236.34,61.23,57.43,,false,""
2024-08-12T14:00:00.000000,Italy,Italy,IT,187.59,254.83,57.1,52.35,,false,""
2024-08-12T15:00:00.000000,Italy,Italy,IT,209.67,282.21,51.02,45.92,,false,""
2024-08-12T16:00:00.000000,Italy,Italy,IT,228.66,303.11,46.62,41.07,,false,""
2024-08-12T17:00:00.000000,Italy,Italy,IT,250.58,328.83,41.58,35.83,,false,""
2024-08-12T18:00:00.000000,Italy,Italy,IT,261.67,342.22,38.89,33.11,,false,""
2024-08-12T19:00:00.000000,Italy,Italy,IT,263.56,345.18,38.42,32.27,,false,""
2024-08-12T20:00:00.000000,Italy,Italy,IT,267.84,353.32,36.94,30.38,,false,""
2024-08-12T21:00:00.000000,Italy,Italy,IT,269.09,355.54,36.78,29.6,,false,""
2024-08-12T22:00:00.000000,Italy,Italy,IT,262.72,346.44,39.21,30.91,,false,""
2024-08-12T23:00:00.000000,Italy,Italy,IT,260.14,343.44,40.12,30.89,,false,""
2024-08-13T00:00:00.000000,Italy,Italy,IT,260.18,344.08,40.35,30.98,,false,""
2024-08-13T01:00:00.000000,Italy,Italy,IT,261.71,346.06,40.05,30.47,,false,""
2024-08-13T02:00:00.000000,Italy,Italy,IT,262.85,347.52,39.84,30.5,,false,""
2024-08-13T03:00:00.000000,Italy,Italy,IT,268.94,354.5,38.69,29.92,,false,""
2024-08-13T04:00:00.000000,Italy,Italy,IT,262.23,345.64,40.43,32.94,,false,""
2024-08-13T05:00:00.000000,Italy,Italy,IT,240.06,318.8,45.35,38.69,,false,""
2024-08-13T06:00:00.000000,Italy,Italy,IT,212.35,285.42,51.98,46.24,,false,""
2024-08-13T07:00:00.000000,Italy,Italy,IT,190.27,258.99,57.13,52.34,,false,""
2024-08-13T08:00:00.000000,Italy,Italy,IT,170.15,234.66,61.95,57.79,,false,""
2024-08-13T09:00:00.000000,Italy,Italy,IT,160.35,222.97,64.13,60.47,,false,""
2024-08-13T10:00:00.000000,Italy,Italy,IT,163.61,226.89,63.04,59.5,,false,""
2024-08-13T11:00:00.000000,Italy,Italy,IT,163.65,226.73,62.85,59.4,,false,""
2024-08-13T12:00:00.000000,Italy,Italy,IT,169.24,233.51,61.54,58.11,,false,""
2024-08-13T13:00:00.000000,Italy,Italy,IT,178.36,244.33,59.29,55.6,,false,""
2024-08-13T14:00:00.000000,Italy,Italy,IT,196.42,266.2,54.62,50.58,,false,""
2024-08-13T15:00:00.000000,Italy,Italy,IT,222.91,299.22,47.54,43.02,,false,""
2024-08-13T16:00:00.000000,Italy,Italy,IT,243.27,322.63,42.72,37.78,,false,""
2024-08-13T17:00:00.000000,Italy,Italy,IT,262.44,345.03,38.28,33.04,,false,""
2024-08-13T18:00:00.000000,Italy,Italy,IT,270.36,353.22,36.86,31.41,,false,""
2024-08-13T19:00:00.000000,Italy,Italy,IT,275.18,360.65,35.72,29.83,,false,""
2024-08-13T20:00:00.000000,Italy,Italy,IT,282.78,371.45,33.55,26.99,,false,""
2024-08-13T21:00:00.000000,Italy,Italy,IT,282.99,372.34,33.8,26.73,,false,""
2024-08-13T22:00:00.000000,Italy,Italy,IT,270.0,355.91,37.24,29.81,,false,""
2024-08-13T23:00:00.000000,Italy,Italy,IT,270.42,356.48,37.63,29.87,,false,""
2024-08-14T00:00:00.000000,Italy,Italy,IT,268.08,353.69,38.39,29.87,,false,""
2024-08-14T01:00:00.000000,Italy,Italy,IT,263.66,348.06,39.74,30.61,,false,""
2024-08-14T02:00:00.000000,Italy,Italy,IT,259.53,343.09,40.66,31.31,,false,""
2024-08-14T03:00:00.000000,Italy,Italy,IT,259.44,342.98,40.5,31.72,,false,""
2024-08-14T04:00:00.000000,Italy,Italy,IT,258.07,343.3,39.49,31.66,,false,""
2024-08-14T05:00:00.000000,Italy,Italy,IT,244.3,326.07,42.85,36.25,,false,""
2024-08-14T06:00:00.000000,Italy,Italy,IT,215.05,290.08,50.32,44.38,,false,""
2024-08-14T07:00:00.000000,Italy,Italy,IT,183.11,250.69,58.44,52.66,,false,""
2024-08-14T08:00:00.000000,Italy,Italy,IT,166.7,231.4,62.07,57.12,,false,""
2024-08-14T09:00:00.000000,Italy,Italy,IT,155.07,217.11,64.7,59.75,,false,""
2024-08-14T10:00:00.000000,Italy,Italy,IT,153.9,215.77,64.87,60.53,,false,""
2024-08-14T11:00:00.000000,Italy,Italy,IT,152.87,214.36,65.09,60.75,,false,""
2024-08-14T12:00:00.000000,Italy,Italy,IT,161.85,225.56,62.65,58.54,,false,""
2024-08-14T13:00:00.000000,Italy,Italy,IT,175.51,242.05,59.27,54.93,,false,""
2024-08-14T14:00:00.000000,Italy,Italy,IT,193.24,263.39,54.6,49.86,,false,""
2024-08-14T15:00:00.000000,Italy,Italy,IT,219.62,295.51,48.01,43.0,,false,""
2024-08-14T16:00:00.000000,Italy,Italy,IT,240.81,319.7,43.12,37.2,,false,""
2024-08-14T17:00:00.000000,Italy,Italy,IT,255.48,336.38,39.93,33.98,,false,""
2024-08-14T18:00:00.000000,Italy,Italy,IT,260.91,342.97,38.7,32.72,,false,""
2024-08-14T19:00:00.000000,Italy,Italy,IT,259.59,341.62,39.09,32.92,,false,""
2024-08-14T20:00:00.000000,Italy,Italy,IT,259.94,343.8,39.07,31.92,,false,""
2024-08-14T21:00:00.000000,Italy,Italy,IT,259.55,344.2,39.05,31.55,,false,""
2024-08-14T22:00:00.000000,Italy,Italy,IT,265.0,349.39,38.71,30.8,,false,""
2024-08-14T23:00:00.000000,Italy,Italy,IT,257.98,340.11,40.99,32.19,,false,""
2024-08-15T00:00:00.000000,Italy,Italy,IT,252.8,333.77,42.6,32.92,,false,""
2024-08-15T01:00:00.000000,Italy,Italy,IT,250.7,332.0,43.03,32.47,,false,""
2024-08-15T02:00:00.000000,Italy,Italy,IT,250.84,332.53,42.83,32.8,,false,""
2024-08-15T03:00:00.000000,Italy,Italy,IT,257.22,340.45,41.22,32.21,,false,""
2024-08-15T04:00:00.000000,Italy,Italy,IT,255.79,339.98,41.01,32.77,,false,""
2024-08-15T05:00:00.000000,Italy,Italy,IT,226.01,303.25,48.27,40.5,,false,""
2024-08-15T06:00:00.000000,Italy,Italy,IT,196.82,268.49,55.4,48.98,,false,""
2024-08-15T07:00:00.000000,Italy,Italy,IT,165.58,229.95,63.18,57.64,,false,""
2024-08-15T08:00:00.000000,Italy,Italy,IT,147.79,209.08,66.89,62.45,,false,""
2024-08-15T09:00:00.000000,Italy,Italy,IT,154.15,217.4,65.2,62.35,,false,""
2024-08-15T10:00:00.000000,Italy,Italy,IT,152.41,216.04,64.98,63.06,,false,""
2024-08-15T11:00:00.000000,Italy,Italy,IT,148.1,210.64,66.21,65.22,,false,""
2024-08-15T12:00:00.000000,Italy,Italy,IT,142.8,203.9,67.65,66.39,,false,""
2024-08-15T13:00:00.000000,Italy,Italy,IT,154.78,218.26,64.86,62.9,,false,""
2024-08-15T14:00:00.000000,Italy,Italy,IT,175.43,243.18,59.68,55.97,,false,""
2024-08-15T15:00:00.000000,Italy,Italy,IT,198.41,269.97,53.99,48.75,,false,""
2024-08-15T16:00:00.000000,Italy,Italy,IT,220.95,295.09,48.55,42.58,,false,""
2024-08-15T17:00:00.000000,Italy,Italy,IT,245.52,323.42,42.78,36.2,,false,""
2024-08-15T18:00:00.000000,Italy,Italy,IT,248.83,326.31,42.1,35.62,,false,""
2024-08-15T19:00:00.000000,Italy,Italy,IT,251.29,329.97,41.37,34.84,,false,""
2024-08-15T20:00:00.000000,Italy,Italy,IT,257.91,339.82,39.46,32.04,,false,""
2024-08-15T21:00:00.000000,Italy,Italy,IT,260.36,344.93,38.81,30.56,,false,""
2024-08-15T22:00:00.000000,Italy,Italy,IT,271.85,358.66,37.15,28.62,,false,""
2024-08-15T23:00:00.000000,Italy,Italy,IT,261.36,345.94,39.82,30.03,,false,""
2024-08-16T00:00:00.000000,Italy,Italy,IT,257.61,341.03,41.03,30.4,,false,""
2024-08-16T01:00:00.000000,Italy,Italy,IT,263.67,349.18,39.52,30.01,,false,""
2024-08-16T02:00:00.000000,Italy,Italy,IT,265.14,351.19,39.25,29.8,,false,""
2024-08-16T03:00:00.000000,Italy,Italy,IT,265.66,351.7,39.08,29.55,,false,""
2024-08-16T04:00:00.000000,Italy,Italy,IT,263.13,348.43,39.66,31.14,,false,""
2024-08-16T05:00:00.000000,Italy,Italy,IT,247.63,328.99,43.66,35.96,,false,""
2024-08-16T06:00:00.000000,Italy,Italy,IT,220.46,296.03,50.11,43.22,,false,""
2024-08-16T07:00:00.000000,Italy,Italy,IT,195.41,265.44,56.25,49.78,,false,""
2024-08-16T08:00:00.000000,Italy,Italy,IT,174.38,239.82,61.33,55.11,,false,""
2024-08-16T09:00:00.000000,Italy,Italy,IT,165.43,229.01,63.15,56.76,,false,""
2024-08-16T10:00:00.000000,Italy,Italy,IT,171.46,236.52,61.48,56.38,,false,""
2024-08-16T11:00:00.000000,Italy,Italy,IT,169.63,234.4,61.71,56.98,,false,""
2024-08-16T12:00:00.000000,Italy,Italy,IT,166.67,230.5,62.49,57.38,,false,""
2024-08-16T13:00:00.000000,Italy,Italy,IT,170.87,235.63,61.35,55.84,,false,""
2024-08-16T14:00:00.000000,Italy,Italy,IT,184.97,252.57,57.49,51.54,,false,""
2024-08-16T15:00:00.000000,Italy,Italy,IT,215.58,289.31,50.06,44.04,,false,""
2024-08-16T16:00:00.000000,Italy,Italy,IT,243.02,322.4,43.11,36.95,,false,""
2024-08-16T17:00:00.000000,Italy,Italy,IT,257.14,339.09,39.47,33.47,,false,""
2024-08-16T18:00:00.000000,Italy,Italy,IT,264.05,347.83,37.55,31.91,,false,""
2024-08-16T19:00:00.000000,Italy,Italy,IT,265.57,349.85,37.22,31.41,,false,""
2024-08-16T20:00:00.000000,Italy,Italy,IT,276.48,364.74,34.55,28.71,,false,""
2024-08-16T21:00:00.000000,Italy,Italy,IT,263.75,350.46,37.49,30.14,,false,""
2024-08-16T22:00:00.000000,Italy,Italy,IT,249.94,333.59,41.0,32.54,,false,""
2024-08-16T23:00:00.000000,Italy,Italy,IT,239.59,320.87,43.79,34.09,,false,""
2024-08-17T00:00:00.000000,Italy,Italy,IT,239.93,321.68,43.88,33.29,,false,""
2024-08-17T01:00:00.000000,Italy,Italy,IT,243.85,326.36,43.25,32.43,,false,""
2024-08-17T02:00:00.000000,Italy,Italy,IT,245.3,327.99,43.07,31.84,,false,""
2024-08-17T03:00:00.000000,Italy,Italy,IT,246.24,329.0,42.93,31.77,,false,""
2024-08-17T04:00:00.000000,Italy,Italy,IT,239.69,319.34,45.12,34.85,,false,""
2024-08-17T05:00:00.000000,Italy,Italy,IT,233.81,311.83,47.06,37.89,,false,""
2024-08-17T06:00:00.000000,Italy,Italy,IT,202.2,273.9,54.51,46.78,,false,""
2024-08-17T07:00:00.000000,Italy,Italy,IT,171.63,236.53,61.97,54.92,,false,""
2024-08-17T08:00:00.000000,Italy,Italy,IT,147.96,207.95,67.47,60.41,,false,""
2024-08-17T09:00:00.000000,Italy,Italy,IT,135.11,192.61,70.3,63.62,,false,""
2024-08-17T10:00:00.000000,Italy,Italy,IT,126.23,181.31,72.5,67.03,,false,""
2024-08-17T11:00:00.000000,Italy,Italy,IT,132.97,189.73,70.78,65.29,,false,""
2024-08-17T12:00:00.000000,Italy,Italy,IT,142.88,201.63,68.49,62.86,,false,""
2024-08-17T13:00:00.000000,Italy,Italy,IT,151.08,211.51,66.56,60.69,,false,""
2024-08-17T14:00:00.000000,Italy,Italy,IT,166.91,231.39,62.06,55.89,,false,""
2024-08-17T15:00:00.000000,Italy,Italy,IT,192.32,261.92,55.76,49.13,,false,""
2024-08-17T16:00:00.000000,Italy,Italy,IT,220.25,294.54,48.84,41.92,,false,""
2024-08-17T17:00:00.000000,Italy,Italy,IT,238.53,315.17,44.87,38.06,,false,""
2024-08-17T18:00:00.000000,Italy,Italy,IT,247.56,325.24,42.88,35.56,,false,""
2024-08-17T19:00:00.000000,Italy,Italy,IT,251.7,331.7,41.64,34.37,,false,""
2024-08-17T20:00:00.000000,Italy,Italy,IT,253.49,335.69,41.18,33.22,,false,""
2024-08-17T21:00:00.000000,Italy,Italy,IT,247.23,328.43,43.16,34.97,,false,""
2024-08-17T22:00:00.000000,Italy,Italy,IT,240.07,318.74,45.71,37.35,,false,""
2024-08-17T23:00:00.000000,Italy,Italy,IT,230.93,307.51,48.34,39.33,,false,""
2024-08-18T00:00:00.000000,Italy,Italy,IT,225.41,300.69,49.88,40.11,,false,""
2024-08-18T01:00:00.000000,Italy,Italy,IT,224.99,300.14,50.2,40.12,,false,""
2024-08-18T02:00:00.000000,Italy,Italy,IT,231.39,308.08,48.92,38.19,,false,""
2024-08-18T03:00:00.000000,Italy,Italy,IT,230.17,306.46,49.24,38.64,,false,""
2024-08-18T04:00:00.000000,Italy,Italy,IT,230.22,306.44,49.31,38.97,,false,""
2024-08-18T05:00:00.000000,Italy,Italy,IT,206.32,277.09,55.1,44.96,,false,""
2024-08-18T06:00:00.000000,Italy,Italy,IT,172.03,235.37,63.04,53.98,,false,""
2024-08-18T07:00:00.000000,Italy,Italy,IT,153.66,213.83,66.99,58.52,,false,""
2024-08-18T08:00:00.000000,Italy,Italy,IT,140.89,199.5,69.52,62.14,,false,""
2024-08-18T09:00:00.000000,Italy,Italy,IT,138.47,196.56,69.98,63.28,,false,""
2024-08-18T10:00:00.000000,Italy,Italy,IT,142.95,202.05,68.79,63.13,,false,""
2024-08-18T11:00:00.000000,Italy,Italy,IT,135.96,193.55,70.24,65.0,,false,""
2024-08-18T12:00:00.000000,Italy,Italy,IT,125.33,181.12,72.29,66.43,,false,""
2024-08-18T13:00:00.000000,Italy,Italy,IT,123.75,178.31,72.84,65.76,,false,""
2024-08-18T14:00:00.000000,Italy,Italy,IT,134.31,190.72,70.29,63.33,,false,""
2024-08-18T15:00:00.000000,Italy,Italy,IT,158.53,220.05,64.37,57.44,,false,""
2024-08-18T16:00:00.000000,Italy,Italy,IT,182.0,248.11,58.8,50.79,,false,""
2024-08-18T17:00:00.000000,Italy,Italy,IT,189.42,254.5,57.04,48.77,,false,""
2024-08-18T18:00:00.000000,Italy,Italy,IT,198.41,265.62,54.7,46.31,,false,""
2024-08-18T19:00:00.000000,Italy,Italy,IT,213.44,284.68,51.0,42.69,,false,""
2024-08-18T20:00:00.000000,Italy,Italy,IT,229.0,306.1,47.19,38.55,,false,""
2024-08-18T21:00:00.000000,Italy,Italy,IT,239.47,320.22,45.13,36.25,,false,""
2024-08-18T22:00:00.000000,Italy,Italy,IT,228.16,306.21,48.07,37.42,,false,""
2024-08-18T23:00:00.000000,Italy,Italy,IT,222.64,299.46,49.84,38.21,,false,""
2024-08-19T00:00:00.000000,Italy,Italy,IT,220.83,295.86,51.24,38.55,,false,""
2024-08-19T01:00:00.000000,Italy,Italy,IT,219.2,293.67,51.69,38.04,,false,""
2024-08-19T02:00:00.000000,Italy,Italy,IT,221.14,295.86,51.02,37.66,,false,""
2024-08-19T03:00:00.000000,Italy,Italy,IT,221.99,296.61,50.73,38.09,,false,""
2024-08-19T04:00:00.000000,Italy,Italy,IT,221.84,296.94,49.75,39.87,,false,""
2024-08-19T05:00:00.000000,Italy,Italy,IT,201.39,271.24,54.74,45.29,,false,""
2024-08-19T06:00:00.000000,Italy,Italy,IT,184.16,249.82,58.74,49.62,,false,""
2024-08-19T07:00:00.000000,Italy,Italy,IT,177.29,241.27,60.89,52.66,,false,""
2024-08-19T08:00:00.000000,Italy,Italy,IT,151.37,209.44,67.43,58.64,,false,""
2024-08-19T09:00:00.000000,Italy,Italy,IT,141.59,197.96,69.7,61.25,,false,""
2024-08-19T10:00:00.000000,Italy,Italy,IT,130.45,185.47,71.81,63.28,,false,""
2024-08-19T11:00:00.000000,Italy,Italy,IT,129.9,184.97,71.72,63.18,,false,""
2024-08-19T12:00:00.000000,Italy,Italy,IT,140.23,197.6,69.22,61.09,,false,""
2024-08-19T13:00:00.000000,Italy,Italy,IT,153.73,213.82,66.0,58.32,,false,""
2024-08-19T14:00:00.000000,Italy,Italy,IT,168.62,231.95,62.31,54.5,,false,""
2024-08-19T15:00:00.000000,Italy,Italy,IT,195.81,264.5,55.78,47.54,,false,""
2024-08-19T16:00:00.000000,Italy,Italy,IT,219.04,292.42,50.15,41.53,,false,""
2024-08-19T17:00:00.000000,Italy,Italy,IT,229.29,303.3,47.79,39.51,,false,""
2024-08-19T18:00:00.000000,Italy,Italy,IT,237.21,312.42,45.94,38.12,,false,""
2024-08-19T19:00:00.000000,Italy,Italy,IT,240.75,317.87,45.06,37.32,,false,""
2024-08-19T20:00:00.000000,Italy,Italy,IT,242.69,322.31,44.76,35.32,,false,""
2024-08-19T21:00:00.000000,Italy,Italy,IT,235.73,314.26,46.59,35.67,,false,""
2024-08-19T22:00:00.000000,Italy,Italy,IT,212.72,284.35,52.91,39.01,,false,""
2024-08-19T23:00:00.000000,Italy,Italy,IT,210.72,281.39,54.06,39.0,,false,""
2024-08-20T00:00:00.000000,Italy,Italy,IT,202.97,272.34,55.83,40.03,,false,""
2024-08-20T01:00:00.000000,Italy,Italy,IT,207.78,278.26,54.71,39.23,,false,""
2024-08-20T02:00:00.000000,Italy,Italy,IT,207.19,277.68,54.74,39.52,,false,""
2024-08-20T03:00:00.000000,Italy,Italy,IT,211.52,283.05,53.44,38.86,,false,""
2024-08-20T04:00:00.000000,Italy,Italy,IT,212.41,284.23,52.61,39.89,,false,""
2024-08-20T05:00:00.000000,Italy,Italy,IT,197.29,264.85,56.32,45.08,,false,""
2024-08-20T06:00:00.000000,Italy,Italy,IT,179.74,243.53,60.52,50.01,,false,""
2024-08-20T07:00:00.000000,Italy,Italy,IT,168.19,229.68,63.44,54.76,,false,""
2024-08-20T08:00:00.000000,Italy,Italy,IT,157.64,217.1,66.14,58.18,,false,""
2024-08-20T09:00:00.000000,Italy,Italy,IT,144.15,201.01,69.27,61.53,,false,""
2024-08-20T10:00:00.000000,Italy,Italy,IT,138.14,193.81,70.68,63.28,,false,""
2024-08-20T11:00:00.000000,Italy,Italy,IT,134.51,189.25,71.61,64.32,,false,""
2024-08-20T12:00:00.000000,Italy,Italy,IT,133.37,187.82,71.64,64.49,,false,""
2024-08-20T13:00:00.000000,Italy,Italy,IT,127.08,180.52,72.81,64.84,,false,""
2024-08-20T14:00:00.000000,Italy,Italy,IT,146.69,204.89,67.6,59.63,,false,""
2024-08-20T15:00:00.000000,Italy,Italy,IT,182.55,248.66,58.82,51.2,,false,""
2024-08-20T16:00:00.000000,Italy,Italy,IT,211.55,283.04,51.58,44.0,,false,""
2024-08-20T17:00:00.000000,Italy,Italy,IT,231.0,305.09,46.91,39.34,,false,""
2024-08-20T18:00:00.000000,Italy,Italy,IT,238.1,313.3,45.28,37.83,,false,""
2024-08-20T19:00:00.000000,Italy,Italy,IT,238.1,315.11,45.27,37.15,,false,""
2024-08-20T20:00:00.000000,Italy,Italy,IT,241.37,320.48,44.67,35.2,,false,""
2024-08-20T21:00:00.000000,Italy,Italy,IT,235.81,313.31,46.52,36.18,,false,""
2024-08-20T22:00:00.000000,Italy,Italy,IT,220.91,295.19,50.31,38.55,,false,""
2024-08-20T23:00:00.000000,Italy,Italy,IT,223.09,297.01,50.51,37.79,,false,""
2024-08-21T00:00:00.000000,Italy,Italy,IT,226.45,301.02,49.86,36.89,,false,""
2024-08-21T01:00:00.000000,Italy,Italy,IT,223.53,297.91,50.48,36.7,,false,""
2024-08-21T02:00:00.000000,Italy,Italy,IT,226.1,301.44,49.73,35.61,,false,""
2024-08-21T03:00:00.000000,Italy,Italy,IT,228.36,303.96,49.16,35.72,,false,""
2024-08-21T04:00:00.000000,Italy,Italy,IT,218.2,290.96,51.35,39.68,,false,""
2024-08-21T05:00:00.000000,Italy,Italy,IT,201.8,270.15,55.18,44.58,,false,""
2024-08-21T06:00:00.000000,Italy,Italy,IT,181.14,245.97,59.67,50.61,,false,""
2024-08-21T07:00:00.000000,Italy,Italy,IT,165.99,227.8,63.91,55.8,,false,""
2024-08-21T08:00:00.000000,Italy,Italy,IT,144.56,201.43,69.39,62.31,,false,""
2024-08-21T09:00:00.000000,Italy,Italy,IT,135.83,191.12,71.46,65.43,,false,""
2024-08-21T10:00:00.000000,Italy,Italy,IT,127.85,182.03,72.86,67.17,,false,""
2024-08-21T11:00:00.000000,Italy,Italy,IT,126.99,181.02,72.84,67.44,,false,""
2024-08-21T12:00:00.000000,Italy,Italy,IT,128.58,182.93,72.32,66.53,,false,""
2024-08-21T13:00:00.000000,Italy,Italy,IT,136.95,193.09,70.24,64.48,,false,""
2024-08-21T14:00:00.000000,Italy,Italy,IT,159.45,220.34,64.44,58.45,,false,""
2024-08-21T15:00:00.000000,Italy,Italy,IT,188.35,255.55,57.16,50.86,,false,""
2024-08-21T16:00:00.000000,Italy,Italy,IT,217.48,290.07,49.87,42.53,,false,""
2024-08-21T17:00:00.000000,Italy,Italy,IT,229.54,302.41,47.31,39.51,,false,""
2024-08-21T18:00:00.000000,Italy,Italy,IT,237.9,312.63,45.28,37.69,,false,""
2024-08-21T19:00:00.000000,Italy,Italy,IT,235.47,310.73,45.85,37.67,,false,""
2024-08-21T20:00:00.000000,Italy,Italy,IT,238.62,315.74,45.52,35.91,,false,""
2024-08-21T21:00:00.000000,Italy,Italy,IT,243.62,322.15,44.74,34.33,,false,""
2024-08-21T22:00:00.000000,Italy,Italy,IT,233.16,308.67,47.86,37.06,,false,""
2024-08-21T23:00:00.000000,Italy,Italy,IT,233.86,309.78,48.15,37.45,,false,""
2024-08-22T00:00:00.000000,Italy,Italy,IT,233.98,310.27,48.06,36.91,,false,""
2024-08-22T01:00:00.000000,Italy,Italy,IT,233.41,308.88,48.56,37.24,,false,""
2024-08-22T02:00:00.000000,Italy,Italy,IT,231.14,307.0,48.89,37.19,,false,""
2024-08-22T03:00:00.000000,Italy,Italy,IT,229.57,304.51,49.22,37.91,,false,""
2024-08-22T04:00:00.000000,Italy,Italy,IT,224.46,296.7,50.4,40.94,,false,""
2024-08-22T05:00:00.000000,Italy,Italy,IT,212.97,281.59,53.32,45.43,,false,""
2024-08-22T06:00:00.000000,Italy,Italy,IT,193.88,259.84,57.64,50.13,,false,""
2024-08-22T07:00:00.000000,Italy,Italy,IT,167.36,228.0,64.17,56.07,,false,""
2024-08-22T08:00:00.000000,Italy,Italy,IT,146.49,202.99,69.16,61.25,,false,""
2024-08-22T09:00:00.000000,Italy,Italy,IT,134.64,189.19,72.01,65.42,,false,""
2024-08-22T10:00:00.000000,Italy,Italy,IT,132.81,187.42,72.4,66.86,,false,""
2024-08-22T11:00:00.000000,Italy,Italy,IT,133.23,188.04,72.3,67.27,,false,""
2024-08-22T12:00:00.000000,Italy,Italy,IT,138.71,195.11,70.66,65.59,,false,""
2024-08-22T13:00:00.000000,Italy,Italy,IT,145.32,203.63,68.46,62.54,,false,""
2024-08-22T14:00:00.000000,Italy,Italy,IT,170.42,234.54,61.73,55.13,,false,""
2024-08-22T15:00:00.000000,Italy,Italy,IT,198.36,268.12,54.69,48.04,,false,""
2024-08-22T16:00:00.000000,Italy,Italy,IT,227.38,302.8,47.3,40.21,,false,""
2024-08-22T17:00:00.000000,Italy,Italy,IT,243.27,320.05,43.59,36.15,,false,""
2024-08-22T18:00:00.000000,Italy,Italy,IT,253.28,331.27,41.58,34.2,,false,""
2024-08-22T19:00:00.000000,Italy,Italy,IT,251.3,330.83,41.74,33.97,,false,""
2024-08-22T20:00:00.000000,Italy,Italy,IT,253.22,334.51,41.79,32.09,,false,""
2024-08-22T21:00:00.000000,Italy,Italy,IT,252.09,332.34,42.85,32.42,,false,""
2024-08-22T22:00:00.000000,Italy,Italy,IT,251.76,330.95,43.92,32.59,,false,""
2024-08-22T23:00:00.000000,Italy,Italy,IT,250.05,329.18,44.69,31.86,,false,""
2024-08-23T00:00:00.000000,Italy,Italy,IT,247.88,326.76,45.37,32.21,,false,""
2024-08-23T01:00:00.000000,Italy,Italy,IT,247.8,326.84,45.48,32.6,,false,""
2024-08-23T02:00:00.000000,Italy,Italy,IT,249.94,329.3,45.17,32.51,,false,""
2024-08-23T03:00:00.000000,Italy,Italy,IT,245.28,323.42,46.05,33.85,,false,""
2024-08-23T04:00:00.000000,Italy,Italy,IT,234.67,310.31,47.85,37.48,,false,""
2024-08-23T05:00:00.000000,Italy,Italy,IT,221.61,293.85,50.96,42.11,,false,""
2024-08-23T06:00:00.000000,Italy,Italy,IT,198.71,266.42,56.11,48.1,,false,""
2024-08-23T07:00:00.000000,Italy,Italy,IT,178.22,242.24,61.08,54.13,,false,""
2024-08-23T08:00:00.000000,Italy,Italy,IT,160.73,221.25,65.4,59.24,,false,""
2024-08-23T09:00:00.000000,Italy,Italy,IT,153.05,212.44,67.16,61.71,,false,""
2024-08-23T10:00:00.000000,Italy,Italy,IT,153.1,212.65,67.27,63.21,,false,""
2024-08-23T11:00:00.000000,Italy,Italy,IT,154.57,214.28,66.73,62.8,,false,""
2024-08-23T12:00:00.000000,Italy,Italy,IT,151.65,210.93,67.45,63.12,,false,""
2024-08-23T13:00:00.000000,Italy,Italy,IT,163.04,225.58,64.03,59.33,,false,""
2024-08-23T14:00:00.000000,Italy,Italy,IT,191.25,260.04,56.63,51.56,,false,""
2024-08-23T15:00:00.000000,Italy,Italy,IT,218.96,293.97,49.37,43.75,,false,""
2024-08-23T16:00:00.000000,Italy,Italy,IT,244.46,322.87,43.13,37.36,,false,""
2024-08-23T17:00:00.000000,Italy,Italy,IT,260.8,340.32,39.53,33.18,,false,""
2024-08-23T18:00:00.000000,Italy,Italy,IT,265.06,344.79,38.59,32.1,,false,""
2024-08-23T19:00:00.000000,Italy,Italy,IT,268.69,352.31,37.6,30.82,,false,""
2024-08-23T20:00:00.000000,Italy,Italy,IT,271.92,357.84,36.81,28.81,,false,""
2024-08-23T21:00:00.000000,Italy,Italy,IT,269.25,355.13,37.53,29.18,,false,""
2024-08-23T22:00:00.000000,Italy,Italy,IT,254.97,336.08,42.12,32.46,,false,""
2024-08-23T23:00:00.000000,Italy,Italy,IT,246.84,325.65,44.95,33.39,,false,""
2024-08-24T00:00:00.000000,Italy,Italy,IT,242.37,319.44,46.35,33.56,,false,""
2024-08-24T01:00:00.000000,Italy,Italy,IT,241.89,319.27,46.49,33.31,,false,""
2024-08-24T02:00:00.000000,Italy,Italy,IT,239.54,316.37,47.26,33.88,,false,""
2024-08-24T03:00:00.000000,Italy,Italy,IT,239.2,316.01,47.35,34.47,,false,""
2024-08-24T04:00:00.000000,Italy,Italy,IT,238.56,315.1,47.52,35.41,,false,""
2024-08-24T05:00:00.000000,Italy,Italy,IT,227.34,301.43,50.21,39.36,,false,""
2024-08-24T06:00:00.000000,Italy,Italy,IT,196.79,264.81,57.22,47.68,,false,""
2024-08-24T07:00:00.000000,Italy,Italy,IT,161.88,222.28,65.81,57.13,,false,""
2024-08-24T08:00:00.000000,Italy,Italy,IT,145.88,203.47,69.23,62.64,,false,""
2024-08-24T09:00:00.000000,Italy,Italy,IT,146.96,205.6,68.87,64.92,,false,""
2024-08-24T10:00:00.000000,Italy,Italy,IT,148.55,207.8,68.34,65.81,,false,""
2024-08-24T11:00:00.000000,Italy,Italy,IT,144.83,203.28,69.15,66.59,,false,""
2024-08-24T12:00:00.000000,Italy,Italy,IT,138.78,195.77,70.55,66.96,,false,""
2024-08-24T13:00:00.000000,Italy,Italy,IT,146.05,204.29,68.9,64.65,,false,""
2024-08-24T14:00:00.000000,Italy,Italy,IT,175.04,240.41,61.15,56.75,,false,""
2024-08-24T15:00:00.000000,Italy,Italy,IT,210.48,284.33,51.44,45.74,,false,""
2024-08-24T16:00:00.000000,Italy,Italy,IT,233.54,310.13,45.81,39.93,,false,""
2024-08-24T17:00:00.000000,Italy,Italy,IT,247.15,324.16,42.81,36.58,,false,""
2024-08-24T18:00:00.000000,Italy,Italy,IT,250.74,328.1,42.22,35.63,,false,""
2024-08-24T19:00:00.000000,Italy,Italy,IT,247.43,325.31,43.2,35.27,,false,""
2024-08-24T20:00:00.000000,Italy,Italy,IT,252.98,333.15,42.38,33.38,,false,""
2024-08-24T21:00:00.000000,Italy,Italy,IT,253.9,334.82,42.67,33.13,,false,""
2024-08-24T22:00:00.000000,Italy,Italy,IT,247.79,326.79,44.87,35.56,,false,""
2024-08-24T23:00:00.000000,Italy,Italy,IT,250.03,329.4,45.01,35.48,,false,""
2024-08-25T00:00:00.000000,Italy,Italy,IT,245.41,323.09,46.56,36.5,,false,""
2024-08-25T01:00:00.000000,Italy,Italy,IT,241.55,318.18,47.79,37.32,,false,""
2024-08-25T02:00:00.000000,Italy,Italy,IT,240.66,317.47,47.87,36.86,,false,""
2024-08-25T03:00:00.000000,Italy,Italy,IT,235.82,311.51,49.15,37.58,,false,""
2024-08-25T04:00:00.000000,Italy,Italy,IT,229.31,303.36,50.75,39.38,,false,""
2024-08-25T05:00:00.000000,Italy,Italy,IT,210.1,279.96,55.34,44.48,,false,""
2024-08-25T06:00:00.000000,Italy,Italy,IT,177.99,241.36,62.63,52.93,,false,""
2024-08-25T07:00:00.000000,Italy,Italy,IT,155.06,214.5,67.71,61.31,,false,""
2024-08-25T08:00:00.000000,Italy,Italy,IT,133.33,188.48,72.54,68.33,,false,""
2024-08-25T09:00:00.000000,Italy,Italy,IT,127.1,181.39,73.7,71.35,,false,""
2024-08-25T10:00:00.000000,Italy,Italy,IT,136.29,192.77,71.48,71.19,,false,""
2024-08-25T11:00:00.000000,Italy,Italy,IT,136.53,193.06,71.3,71.05,,false,""
2024-08-25T12:00:00.000000,Italy,Italy,IT,141.19,198.8,69.94,69.67,,false,""
2024-08-25T13:00:00.000000,Italy,Italy,IT,143.55,201.37,69.29,67.33,,false,""
2024-08-25T14:00:00.000000,Italy,Italy,IT,160.48,221.86,65.01,61.22,,false,""
2024-08-25T15:00:00.000000,Italy,Italy,IT,189.28,257.59,57.1,51.37,,false,""
2024-08-25T16:00:00.000000,Italy,Italy,IT,213.57,286.08,50.8,43.65,,false,""
2024-08-25T17:00:00.000000,Italy,Italy,IT,234.65,310.32,45.76,38.84,,false,""
2024-08-25T18:00:00.000000,Italy,Italy,IT,238.95,314.02,45.1,37.93,,false,""
2024-08-25T19:00:00.000000,Italy,Italy,IT,237.84,313.44,45.35,37.34,,false,""
2024-08-25T20:00:00.000000,Italy,Italy,IT,240.39,317.27,45.1,36.04,,false,""
2024-08-25T21:00:00.000000,Italy,Italy,IT,242.78,320.82,45.02,34.52,,false,""
2024-08-25T22:00:00.000000,Italy,Italy,IT,235.88,312.93,47.07,34.75,,false,""
2024-08-25T23:00:00.000000,Italy,Italy,IT,222.38,295.21,51.08,37.26,,false,""
2024-08-26T00:00:00.000000,Italy,Italy,IT,216.13,287.18,52.81,38.48,,false,""
2024-08-26T01:00:00.000000,Italy,Italy,IT,210.82,280.69,54.25,39.6,,false,""
2024-08-26T02:00:00.000000,Italy,Italy,IT,213.42,283.83,53.76,39.17,,false,""
2024-08-26T03:00:00.000000,Italy,Italy,IT,226.57,300.41,50.35,37.64,,false,""
2024-08-26T04:00:00.000000,Italy,Italy,IT,230.21,304.4,49.07,38.46,,false,""
2024-08-26T05:00:00.000000,Italy,Italy,IT,219.4,290.57,51.06,42.39,,false,""
2024-08-26T06:00:00.000000,Italy,Italy,IT,198.36,265.4,55.79,47.53,,false,""
2024-08-26T07:00:00.000000,Italy,Italy,IT,185.56,250.01,58.64,50.59,,false,""
2024-08-26T08:00:00.000000,Italy,Italy,IT,174.82,237.76,61.17,53.69,,false,""
2024-08-26T09:00:00.000000,Italy,Italy,IT,166.3,228.11,63.11,56.39,,false,""
2024-08-26T10:00:00.000000,Italy,Italy,IT,164.1,225.85,63.58,57.49,,false,""
2024-08-26T11:00:00.000000,Italy,Italy,IT,163.05,224.42,63.8,58.02,,false,""
2024-08-26T12:00:00.000000,Italy,Italy,IT,169.03,231.69,62.16,56.42,,false,""
2024-08-26T13:00:00.000000,Italy,Italy,IT,176.27,240.52,60.32,54.22,,false,""
2024-08-26T14:00:00.000000,Italy,Italy,IT,188.97,256.47,56.68,50.43,,false,""
2024-08-26T15:00:00.000000,Italy,Italy,IT,214.97,288.47,50.13,43.54,,false,""
2024-08-26T16:00:00.000000,Italy,Italy,IT,235.55,311.73,45.26,38.06,,false,""
2024-08-26T17:00:00.000000,Italy,Italy,IT,250.5,328.17,41.97,35.32,,false,""
2024-08-26T18:00:00.000000,Italy,Italy,IT,256.08,334.33,40.82,34.29,,false,""
2024-08-26T19:00:00.000000,Italy,Italy,IT,260.09,341.17,39.8,33.22,,false,""
2024-08-26T20:00:00.000000,Italy,Italy,IT,256.13,337.45,40.99,32.71,,false,""
2024-08-26T21:00:00.000000,Italy,Italy,IT,257.26,339.57,40.98,31.97,,false,""
2024-08-26T22:00:00.000000,Italy,Italy,IT,264.29,348.1,39.79,30.11,,false,""
2024-08-26T23:00:00.000000,Italy,Italy,IT,258.82,341.22,41.58,30.21,,false,""
2024-08-27T00:00:00.000000,Italy,Italy,IT,257.56,340.14,41.65,29.6,,false,""
2024-08-27T01:00:00.000000,Italy,Italy,IT,257.25,339.33,42.07,29.41,,false,""
2024-08-27T02:00:00.000000,Italy,Italy,IT,255.01,336.61,42.56,29.55,,false,""
2024-08-27T03:00:00.000000,Italy,Italy,IT,259.23,341.76,41.6,29.68,,false,""
2024-08-27T04:00:00.000000,Italy,Italy,IT,259.5,342.42,40.6,31.52,,false,""
2024-08-27T05:00:00.000000,Italy,Italy,IT,252.52,333.39,42.02,34.8,,false,""
2024-08-27T06:00:00.000000,Italy,Italy,IT,227.1,301.43,48.45,40.36,,false,""
2024-08-27T07:00:00.000000,Italy,Italy,IT,210.82,281.55,52.34,44.85,,false,""
2024-08-27T08:00:00.000000,Italy,Italy,IT,203.79,273.86,53.89,47.49,,false,""
2024-08-27T09:00:00.000000,Italy,Italy,IT,196.54,265.79,55.54,49.76,,false,""
2024-08-27T10:00:00.000000,Italy,Italy,IT,193.55,262.35,56.35,51.89,,false,""
2024-08-27T11:00:00.000000,Italy,Italy,IT,199.07,269.09,54.98,50.77,,false,""
2024-08-27T12:00:00.000000,Italy,Italy,IT,205.65,276.48,53.19,49.15,,false,""
2024-08-27T13:00:00.000000,Italy,Italy,IT,217.61,291.28,49.96,45.36,,false,""
2024-08-27T14:00:00.000000,Italy,Italy,IT,234.67,311.49,45.65,40.85,,false,""
2024-08-27T15:00:00.000000,Italy,Italy,IT,242.38,321.02,43.63,37.58,,false,""
2024-08-27T16:00:00.000000,Italy,Italy,IT,254.71,335.32,40.8,33.99,,false,""
2024-08-27T17:00:00.000000,Italy,Italy,IT,267.77,349.93,37.91,31.87,,false,""
2024-08-27T18:00:00.000000,Italy,Italy,IT,262.93,343.25,39.51,33.28,,false,""
2024-08-27T19:00:00.000000,Italy,Italy,IT,252.72,331.55,42.15,34.97,,false,""
2024-08-27T20:00:00.000000,Italy,Italy,IT,262.79,345.3,39.87,31.66,,false,""
2024-08-27T21:00:00.000000,Italy,Italy,IT,269.53,354.41,38.35,29.85,,false,""
2024-08-27T22:00:00.000000,Italy,Italy,IT,270.51,355.6,38.59,28.86,,false,""
2024-08-27T23:00:00.000000,Italy,Italy,IT,261.62,344.29,41.37,29.99,,false,""
2024-08-28T00:00:00.000000,Italy,Italy,IT,253.9,334.53,43.44,31.49,,false,""
2024-08-28T01:00:00.000000,Italy,Italy,IT,250.95,331.24,43.98,31.31,,false,""
2024-08-28T02:00:00.000000,Italy,Italy,IT,254.44,335.13,43.35,30.68,,false,""
2024-08-28T03:00:00.000000,Italy,Italy,IT,268.86,353.65,39.49,28.76,,false,""
2024-08-28T04:00:00.000000,Italy,Italy,IT,264.52,348.64,39.25,29.84,,false,""
2024-08-28T05:00:00.000000,Italy,Italy,IT,246.34,325.53,43.59,34.65,,false,""
2024-08-28T06:00:00.000000,Italy,Italy,IT,227.0,301.83,48.51,40.88,,false,""
2024-08-28T07:00:00.000000,Italy,Italy,IT,210.24,281.76,52.78,46.01,,false,""
2024-08-28T08:00:00.000000,Italy,Italy,IT,196.15,265.17,56.26,50.1,,false,""
2024-08-28T09:00:00.000000,Italy,Italy,IT,186.92,254.21,58.49,53.06,,false,""
2024-08-28T10:00:00.000000,Italy,Italy,IT,185.39,252.63,58.81,53.94,,false,""
2024-08-28T11:00:00.000000,Italy,Italy,IT,191.48,260.21,57.32,52.82,,false,""
2024-08-28T12:00:00.000000,Italy,Italy,IT,202.23,273.4,54.37,50.03,,false,""
2024-08-28T13:00:00.000000,Italy,Italy,IT,211.84,285.35,51.54,46.58,,false,""
2024-08-28T14:00:00.000000,Italy,Italy,IT,220.5,294.83,49.18,43.74,,false,""
2024-08-28T15:00:00.000000,Italy,Italy,IT,235.46,312.38,45.29,39.54,,false,""
2024-08-28T16:00:00.000000,Italy,Italy,IT,254.05,333.94,41.08,35.19,,false,""
2024-08-28T17:00:00.000000,Italy,Italy,IT,266.93,347.5,38.35,32.72,,false,""
2024-08-28T18:00:00.000000,Italy,Italy,IT,271.78,353.58,37.18,31.37,,false,""
2024-08-28T19:00:00.000000,Italy,Italy,IT,272.29,356.44,36.96,29.89,,false,""
2024-08-28T20:00:00.000000,Italy,Italy,IT,278.73,366.35,35.35,27.39,,false,""
2024-08-28T21:00:00.000000,Italy,Italy,IT,280.02,367.85,35.46,27.3,,false,""
2024-08-28T22:00:00.000000,Italy,Italy,IT,269.18,355.1,37.75,28.42,,false,""
2024-08-28T23:00:00.000000,Italy,Italy,IT,268.08,353.64,38.58,27.98,,false,""
2024-08-29T00:00:00.000000,Italy,Italy,IT,267.72,352.33,39.43,28.17,,false,""
2024-08-29T01:00:00.000000,Italy,Italy,IT,261.19,344.55,40.86,28.52,,false,""
2024-08-29T02:00:00.000000,Italy,Italy,IT,260.96,344.41,40.8,28.3,,false,""
2024-08-29T03:00:00.000000,Italy,Italy,IT,263.15,347.38,39.98,28.46,,false,""
2024-08-29T04:00:00.000000,Italy,Italy,IT,266.39,351.4,38.38,28.94,,false,""
2024-08-29T05:00:00.000000,Italy,Italy,IT,249.95,331.06,42.13,33.72,,false,""
2024-08-29T06:00:00.000000,Italy,Italy,IT,232.07,308.59,46.74,39.49,,false,""
2024-08-29T07:00:00.000000,Italy,Italy,IT,211.14,283.58,52.02,45.51,,false,""
2024-08-29T08:00:00.000000,Italy,Italy,IT,192.43,260.53,57.01,50.66,,false,""
2024-08-29T09:00:00.000000,Italy,Italy,IT,181.99,248.15,59.41,53.72,,false,""
2024-08-29T10:00:00.000000,Italy,Italy,IT,182.45,249.2,59.13,54.54,,false,""
2024-08-29T11:00:00.000000,Italy,Italy,IT,184.62,252.03,58.36,53.76,,false,""
2024-08-29T12:00:00.000000,Italy,Italy,IT,191.67,260.56,56.44,51.88,,false,""
2024-08-29T13:00:00.000000,Italy,Italy,IT,198.98,269.52,54.47,49.19,,false,""
2024-08-29T14:00:00.000000,Italy,Italy,IT,213.16,286.77,50.41,44.92,,false,""
2024-08-29T15:00:00.000000,Italy,Italy,IT,231.51,308.0,45.69,39.72,,false,""
2024-08-29T16:00:00.000000,Italy,Italy,IT,249.01,327.02,41.88,35.99,,false,""
2024-08-29T17:00:00.000000,Italy,Italy,IT,269.98,351.72,37.3,31.43,,false,""
2024-08-29T18:00:00.000000,Italy,Italy,IT,271.17,353.72,36.92,30.8,,false,""
2024-08-29T19:00:00.000000,Italy,Italy,IT,273.86,358.54,36.17,29.7,,false,""
2024-08-29T20:00:00.000000,Italy,Italy,IT,276.51,363.15,35.82,28.29,,false,""
2024-08-29T21:00:00.000000,Italy,Italy,IT,273.03,358.81,37.31,28.77,,false,""
2024-08-29T22:00:00.000000,Italy,Italy,IT,278.63,365.81,36.32,27.84,,false,""
2024-08-29T23:00:00.000000,Italy,Italy,IT,276.45,362.23,37.8,28.71,,false,""
2024-08-30T00:00:00.000000,Italy,Italy,IT,275.78,361.11,38.41,28.71,,false,""
2024-08-30T01:00:00.000000,Italy,Italy,IT,277.71,363.3,38.21,28.55,,false,""
2024-08-30T02:00:00.000000,Italy,Italy,IT,279.1,365.6,37.74,28.18,,false,""
2024-08-30T03:00:00.000000,Italy,Italy,IT,283.85,372.04,35.97,27.62,,false,""
2024-08-30T04:00:00.000000,Italy,Italy,IT,282.42,371.32,34.82,28.14,,false,""
2024-08-30T05:00:00.000000,Italy,Italy,IT,252.63,334.29,41.58,34.47,,false,""
2024-08-30T06:00:00.000000,Italy,Italy,IT,229.87,306.74,47.05,40.98,,false,""
2024-08-30T07:00:00.000000,Italy,Italy,IT,212.67,285.17,51.89,46.33,,false,""
2024-08-30T08:00:00.000000,Italy,Italy,IT,197.82,267.16,55.66,50.38,,false,""
2024-08-30T09:00:00.000000,Italy,Italy,IT,184.84,251.49,58.7,53.81,,false,""
2024-08-30T10:00:00.000000,Italy,Italy,IT,177.72,242.79,60.34,55.77,,false,""
2024-08-30T11:00:00.000000,Italy,Italy,IT,170.94,234.33,61.95,57.16,,false,""
2024-08-30T12:00:00.000000,Italy,Italy,IT,176.3,241.11,60.45,55.92,,false,""
2024-08-30T13:00:00.000000,Italy,Italy,IT,180.58,246.58,59.01,54.1,,false,""
2024-08-30T14:00:00.000000,Italy,Italy,IT,203.79,275.34,52.87,48.01,,false,""
2024-08-30T15:00:00.000000,Italy,Italy,IT,229.14,305.51,46.61,41.7,,false,""
2024-08-30T16:00:00.000000,Italy,Italy,IT,246.16,324.58,42.63,37.06,,false,""
2024-08-30T17:00:00.000000,Italy,Italy,IT,261.56,342.91,39.1,33.64,,false,""
2024-08-30T18:00:00.000000,Italy,Italy,IT,264.22,345.54,38.55,32.89,,false,""
2024-08-30T19:00:00.000000,Italy,Italy,IT,273.09,358.05,36.56,30.34,,false,""
2024-08-30T20:00:00.000000,Italy,Italy,IT,270.27,355.46,37.66,30.45,,false,""
2024-08-30T21:00:00.000000,Italy,Italy,IT,267.35,352.15,38.57,30.76,,false,""
2024-08-30T22:00:00.000000,Italy,Italy,IT,253.32,332.36,43.58,33.49,,false,""
2024-08-30T23:00:00.000000,Italy,Italy,IT,246.93,324.06,45.77,35.15,,false,""
2024-08-31T00:00:00.000000,Italy,Italy,IT,243.28,319.45,47.09,35.67,,false,""
2024-08-31T01:00:00.000000,Italy,Italy,IT,237.72,312.48,48.66,37.04,,false,""
2024-08-31T02:00:00.000000,Italy,Italy,IT,235.94,310.49,49.07,37.48,,false,""
2024-08-31T03:00:00.000000,Italy,Italy,IT,233.75,307.6,49.7,38.26,,false,""
2024-08-31T04:00:00.000000,Italy,Italy,IT,232.14,305.59,49.94,39.25,,false,""
2024-08-31T05:00:00.000000,Italy,Italy,IT,219.81,291.04,52.73,41.77,,false,""
2024-08-31T06:00:00.000000,Italy,Italy,IT,194.84,261.76,58.08,48.44,,false,""
2024-08-31T07:00:00.000000,Italy,Italy,IT,162.5,222.67,65.68,56.8,,false,""
2024-08-31T08:00:00.000000,Italy,Italy,IT,143.87,199.91,70.36,62.98,,false,""
2024-08-31T09:00:00.000000,Italy,Italy,IT,134.84,189.37,72.42,66.78,,false,""
2024-08-31T10:00:00.000000,Italy,Italy,IT,134.8,189.89,72.01,67.95,,false,""
2024-08-31T11:00:00.000000,Italy,Italy,IT,132.46,187.09,72.52,68.63,,false,""
2024-08-31T12:00:00.000000,Italy,Italy,IT,138.39,194.07,71.26,67.22,,false,""
2024-08-31T13:00:00.000000,Italy,Italy,IT,153.28,212.34,67.55,63.06,,false,""
2024-08-31T14:00:00.000000,Italy,Italy,IT,177.4,242.62,60.7,55.22,,false,""
2024-08-31T15:00:00.000000,Italy,Italy,IT,209.29,282.08,51.95,45.44,,false,""
2024-08-31T16:00:00.000000,Italy,Italy,IT,231.12,306.99,47.18,39.38,,false,""
2024-08-31T17:00:00.000000,Italy,Italy,IT,244.65,321.42,43.92,36.56,,false,""
2024-08-31T18:00:00.000000,Italy,Italy,IT,252.43,331.26,42.3,34.85,,false,""
2024-08-31T19:00:00.000000,Italy,Italy,IT,257.04,338.37,41.31,33.24,,false,""
2024-08-31T20:00:00.000000,Italy,Italy,IT,261.2,343.54,40.78,31.76,,false,""
2024-08-31T21:00:00.000000,Italy,Italy,IT,258.5,339.8,42.16,32.81,,false,""
2024-08-31T22:00:00.000000,Italy,Italy,IT,246.43,324.5,44.92,33.66,,false,""
2024-08-31T23:00:00.000000,Italy,Italy,IT,238.69,315.19,46.82,34.25,,false,""
2024-09-01T00:00:00.000000,Italy,Italy,IT,232.68,307.34,48.59,34.28,,false,""
2024-09-01T01:00:00.000000,Italy,Italy,IT,230.83,305.69,49.1,34.06,,false,""
2024-09-01T02:00:00.000000,Italy,Italy,IT,227.69,301.58,49.98,34.81,,false,""
2024-09-01T03:00:00.000000,Italy,Italy,IT,225.04,298.04,50.67,35.8,,false,""
2024-09-01T04:00:00.000000,Italy,Italy,IT,221.7,294.02,51.49,37.2,,false,""
2024-09-01T05:00:00.000000,Italy,Italy,IT,202.65,271.19,55.91,42.08,,false,""
2024-09-01T06:00:00.000000,Italy,Italy,IT,175.18,238.57,62.19,49.71,,false,""
2024-09-01T07:00:00.000000,Italy,Italy,IT,148.92,207.38,68.35,58.95,,false,""
2024-09-01T08:00:00.000000,Italy,Italy,IT,131.31,186.75,72.47,66.57,,false,""
2024-09-01T09:00:00.000000,Italy,Italy,IT,130.8,187.08,72.15,69.01,,false,""
2024-09-01T10:00:00.000000,Italy,Italy,IT,134.83,192.22,70.89,68.25,,false,""
2024-09-01T11:00:00.000000,Italy,Italy,IT,125.75,181.03,73.09,70.36,,false,""
2024-09-01T12:00:00.000000,Italy,Italy,IT,124.84,179.69,73.29,69.89,,false,""
2024-09-01T13:00:00.000000,Italy,Italy,IT,137.12,193.97,70.45,65.24,,false,""
2024-09-01T14:00:00.000000,Italy,Italy,IT,162.82,224.56,64.38,58.34,,false,""
2024-09-01T15:00:00.000000,Italy,Italy,IT,195.95,266.08,54.61,45.67,,false,""
2024-09-01T16:00:00.000000,Italy,Italy,IT,235.64,313.66,44.8,36.25,,false,""
2024-09-01T17:00:00.000000,Italy,Italy,IT,244.25,321.37,43.46,34.78,,false,""
2024-09-01T18:00:00.000000,Italy,Italy,IT,245.06,321.6,43.46,35.25,,false,""
2024-09-01T19:00:00.000000,Italy,Italy,IT,250.08,329.26,42.37,33.6,,false,""
2024-09-01T20:00:00.000000,Italy,Italy,IT,259.38,341.46,40.13,31.18,,false,""
2024-09-01T21:00:00.000000,Italy,Italy,IT,261.68,344.82,39.86,29.37,,false,""
2024-09-01T22:00:00.000000,Italy,Italy,IT,256.74,338.26,41.98,29.5,,false,""
2024-09-01T23:00:00.000000,Italy,Italy,IT,249.84,329.6,44.13,30.18,,false,""
2024-09-02T00:00:00.000000,Italy,Italy,IT,256.86,338.66,42.38,28.13,,false,""
2024-09-02T01:00:00.000000,Italy,Italy,IT,256.91,338.74,42.28,27.78,,false,""
2024-09-02T02:00:00.000000,Italy,Italy,IT,263.11,346.35,41.13,27.28,,false,""
2024-09-02T03:00:00.000000,Italy,Italy,IT,262.41,345.71,40.84,27.71,,false,""
2024-09-02T04:00:00.000000,Italy,Italy,IT,269.93,356.24,37.44,27.74,,false,""
2024-09-02T05:00:00.000000,Italy,Italy,IT,250.24,330.22,42.06,33.3,,false,""
2024-09-02T06:00:00.000000,Italy,Italy,IT,236.98,313.86,45.32,37.29,,false,""
2024-09-02T07:00:00.000000,Italy,Italy,IT,226.67,302.16,47.74,40.3,,false,""
2024-09-02T08:00:00.000000,Italy,Italy,IT,218.63,293.01,49.7,42.8,,false,""
2024-09-02T09:00:00.000000,Italy,Italy,IT,211.6,285.24,51.23,44.99,,false,""
2024-09-02T10:00:00.000000,Italy,Italy,IT,204.78,277.5,52.7,47.51,,false,""
2024-09-02T11:00:00.000000,Italy,Italy,IT,206.45,279.52,52.2,46.94,,false,""
2024-09-02T12:00:00.000000,Italy,Italy,IT,210.65,284.41,51.2,46.83,,false,""
2024-09-02T13:00:00.000000,Italy,Italy,IT,220.18,296.0,48.79,44.36,,false,""
2024-09-02T14:00:00.000000,Italy,Italy,IT,228.47,305.54,46.79,41.91,,false,""
2024-09-02T15:00:00.000000,Italy,Italy,IT,248.44,328.7,42.26,37.03,,false,""
2024-09-02T16:00:00.000000,Italy,Italy,IT,255.13,336.81,40.48,33.91,,false,""
2024-09-02T17:00:00.000000,Italy,Italy,IT,265.17,348.68,37.92,30.98,,false,""
2024-09-02T18:00:00.000000,Italy,Italy,IT,269.14,353.27,37.0,30.2,,false,""
2024-09-02T19:00:00.000000,Italy,Italy,IT,277.74,364.93,35.3,28.53,,false,""
2024-09-02T20:00:00.000000,Italy,Italy,IT,286.66,376.48,33.65,26.07,,false,""
2024-09-02T21:00:00.000000,Italy,Italy,IT,285.21,374.68,34.16,25.77,,false,""
2024-09-02T22:00:00.000000,Italy,Italy,IT,279.85,368.37,35.63,25.6,,false,""
2024-09-02T23:00:00.000000,Italy,Italy,IT,272.09,358.45,37.75,26.45,,false,""
2024-09-03T00:00:00.000000,Italy,Italy,IT,268.5,353.86,38.76,26.92,,false,""
2024-09-03T01:00:00.000000,Italy,Italy,IT,267.2,352.28,38.97,25.87,,false,""
2024-09-03T02:00:00.000000,Italy,Italy,IT,272.85,359.27,37.74,24.98,,false,""
2024-09-03T03:00:00.000000,Italy,Italy,IT,277.48,365.58,36.23,24.78,,false,""
2024-09-03T04:00:00.000000,Italy,Italy,IT,281.42,370.01,35.22,26.19,,false,""
2024-09-03T05:00:00.000000,Italy,Italy,IT,272.7,358.34,37.34,29.65,,false,""
2024-09-03T06:00:00.000000,Italy,Italy,IT,248.62,328.76,42.93,36.09,,false,""
2024-09-03T07:00:00.000000,Italy,Italy,IT,229.99,306.83,47.24,41.15,,false,""
2024-09-03T08:00:00.000000,Italy,Italy,IT,215.84,289.77,50.82,45.14,,false,""
2024-09-03T09:00:00.000000,Italy,Italy,IT,211.6,285.17,51.6,46.19,,false,""
2024-09-03T10:00:00.000000,Italy,Italy,IT,198.22,268.78,54.75,49.48,,false,""
2024-09-03T11:00:00.000000,Italy,Italy,IT,195.69,265.38,55.31,50.13,,false,""
2024-09-03T12:00:00.000000,Italy,Italy,IT,204.83,276.7,53.05,47.66,,false,""
2024-09-03T13:00:00.000000,Italy,Italy,IT,214.67,288.56,50.63,44.58,,false,""
2024-09-03T14:00:00.000000,Italy,Italy,IT,236.03,314.82,45.25,39.34,,false,""
2024-09-03T15:00:00.000000,Italy,Italy,IT,249.93,331.62,41.78,35.93,,false,""
2024-09-03T16:00:00.000000,Italy,Italy,IT,267.17,350.96,38.21,32.27,,false,""
2024-09-03T17:00:00.000000,Italy,Italy,IT,282.33,368.59,34.77,29.33,,false,""
2024-09-03T18:00:00.000000,Italy,Italy,IT,286.6,372.69,34.05,28.3,,false,""
2024-09-03T19:00:00.000000,Italy,Italy,IT,294.53,384.61,32.16,26.08,,false,""
2024-09-03T20:00:00.000000,Italy,Italy,IT,300.47,391.94,31.31,23.93,,false,""
2024-09-03T21:00:00.000000,Italy,Italy,IT,293.47,383.15,33.36,24.3,,false,""
2024-09-03T22:00:00.000000,Italy,Italy,IT,288.25,376.67,34.71,24.69,,false,""
2024-09-03T23:00:00.000000,Italy,Italy,IT,283.07,371.46,35.62,24.25,,false,""
2024-09-04T00:00:00.000000,Italy,Italy,IT,279.76,367.33,36.5,24.29,,false,""
2024-09-04T01:00:00.000000,Italy,Italy,IT,277.69,364.93,36.97,24.2,,false,""
2024-09-04T02:00:00.000000,Italy,Italy,IT,277.42,363.78,37.28,24.8,,false,""
2024-09-04T03:00:00.000000,Italy,Italy,IT,279.42,366.58,36.45,24.76,,false,""
2024-09-04T04:00:00.000000,Italy,Italy,IT,287.14,377.1,33.84,25.49,,false,""
2024-09-04T05:00:00.000000,Italy,Italy,IT,270.57,355.38,38.14,30.61,,false,""
2024-09-04T06:00:00.000000,Italy,Italy,IT,248.29,327.18,43.59,36.48,,false,""
2024-09-04T07:00:00.000000,Italy,Italy,IT,235.52,312.03,46.46,40.93,,false,""
2024-09-04T08:00:00.000000,Italy,Italy,IT,221.46,295.69,49.68,44.79,,false,""
2024-09-04T09:00:00.000000,Italy,Italy,IT,213.49,287.11,51.49,46.74,,false,""
2024-09-04T10:00:00.000000,Italy,Italy,IT,200.74,272.22,54.06,48.93,,false,""
2024-09-04T11:00:00.000000,Italy,Italy,IT,204.17,276.13,53.33,47.8,,false,""
2024-09-04T12:00:00.000000,Italy,Italy,IT,215.02,288.59,50.83,45.23,,false,""
2024-09-04T13:00:00.000000,Italy,Italy,IT,224.85,300.56,48.52,42.59,,false,""
2024-09-04T14:00:00.000000,Italy,Italy,IT,242.52,321.73,44.14,38.37,,false,""
2024-09-04T15:00:00.000000,Italy,Italy,IT,255.81,337.94,40.6,35.05,,false,""
2024-09-04T16:00:00.000000,Italy,Italy,IT,268.32,352.16,37.72,31.88,,false,""
2024-09-04T17:00:00.000000,Italy,Italy,IT,276.49,361.52,35.75,29.96,,false,""
2024-09-04T18:00:00.000000,Italy,Italy,IT,281.17,367.33,34.68,28.76,,false,""
2024-09-04T19:00:00.000000,Italy,Italy,IT,282.96,370.88,34.43,27.52,,false,""
2024-09-04T20:00:00.000000,Italy,Italy,IT,287.39,376.71,33.61,25.67,,false,""
2024-09-04T21:00:00.000000,Italy,Italy,IT,278.67,365.34,36.18,27.25,,false,""
2024-09-04T22:00:00.000000,Italy,Italy,IT,269.61,354.97,38.29,28.71,,false,""
2024-09-04T23:00:00.000000,Italy,Italy,IT,265.29,349.84,39.62,28.94,,false,""
2024-09-05T00:00:00.000000,Italy,Italy,IT,263.2,347.34,39.96,28.26,,false,""
2024-09-05T01:00:00.000000,Italy,Italy,IT,263.06,347.79,39.82,27.84,,false,""
2024-09-05T02:00:00.000000,Italy,Italy,IT,256.82,339.75,41.26,29.47,,false,""
2024-09-05T03:00:00.000000,Italy,Italy,IT,257.1,339.89,41.17,30.2,,false,""
2024-09-05T04:00:00.000000,Italy,Italy,IT,274.0,361.6,36.4,28.38,,false,""
2024-09-05T05:00:00.000000,Italy,Italy,IT,267.11,352.58,37.87,30.32,,false,""
2024-09-05T06:00:00.000000,Italy,Italy,IT,255.65,337.67,40.7,34.16,,false,""
2024-09-05T07:00:00.000000,Italy,Italy,IT,251.14,332.45,41.78,37.13,,false,""
2024-09-05T08:00:00.000000,Italy,Italy,IT,241.12,320.7,44.08,40.23,,false,""
2024-09-05T09:00:00.000000,Italy,Italy,IT,232.15,310.58,46.02,42.62,,false,""
2024-09-05T10:00:00.000000,Italy,Italy,IT,212.1,286.32,50.95,46.44,,false,""
2024-09-05T11:00:00.000000,Italy,Italy,IT,202.22,274.04,53.3,48.12,,false,""
2024-09-05T12:00:00.000000,Italy,Italy,IT,217.04,292.26,49.83,44.82,,false,""
2024-09-05T13:00:00.000000,Italy,Italy,IT,226.69,303.98,47.49,42.78,,false,""
2024-09-05T14:00:00.000000,Italy,Italy,IT,241.83,322.5,43.86,39.44,,false,""
2024-09-05T15:00:00.000000,Italy,Italy,IT,255.12,338.1,40.99,36.45,,false,""
2024-09-05T16:00:00.000000,Italy,Italy,IT,271.99,358.01,36.95,32.4,,false,""
2024-09-05T17:00:00.000000,Italy,Italy,IT,274.44,357.41,36.77,32.75,,false,""
2024-09-05T18:00:00.000000,Italy,Italy,IT,276.69,362.23,36.06,31.22,,false,""
2024-09-05T19:00:00.000000,Italy,Italy,IT,286.26,375.28,34.05,28.84,,false,""
2024-09-05T20:00:00.000000,Italy,Italy,IT,268.41,352.89,39.29,31.6,,false,""
2024-09-05T21:00:00.000000,Italy,Italy,IT,259.88,342.81,41.18,32.66,,false,""
2024-09-05T22:00:00.000000,Italy,Italy,IT,256.78,338.86,42.64,33.22,,false,""
2024-09-05T23:00:00.000000,Italy,Italy,IT,246.24,325.84,45.19,34.32,,false,""
2024-09-06T00:00:00.000000,Italy,Italy,IT,240.85,319.49,46.13,33.82,,false,""
2024-09-06T01:00:00.000000,Italy,Italy,IT,240.45,319.09,46.12,32.94,,false,""
2024-09-06T02:00:00.000000,Italy,Italy,IT,247.68,328.05,44.54,31.25,,false,""
2024-09-06T03:00:00.000000,Italy,Italy,IT,254.11,336.29,42.89,30.38,,false,""
2024-09-06T04:00:00.000000,Italy,Italy,IT,271.03,357.27,37.97,28.36,,false,""
2024-09-06T05:00:00.000000,Italy,Italy,IT,261.51,344.77,39.96,31.61,,false,""
2024-09-06T06:00:00.000000,Italy,Italy,IT,237.86,314.69,45.38,38.52,,false,""
2024-09-06T07:00:00.000000,Italy,Italy,IT,231.93,308.19,46.73,41.65,,false,""
2024-09-06T08:00:00.000000,Italy,Italy,IT,221.33,296.08,49.36,44.85,,false,""
2024-09-06T09:00:00.000000,Italy,Italy,IT,205.76,277.65,53.11,48.86,,false,""
2024-09-06T10:00:00.000000,Italy,Italy,IT,185.03,252.71,58.07,53.13,,false,""
2024-09-06T11:00:00.000000,Italy,Italy,IT,178.12,244.31,59.66,54.72,,false,""
2024-09-06T12:00:00.000000,Italy,Italy,IT,185.71,253.83,57.84,53.0,,false,""
2024-09-06T13:00:00.000000,Italy,Italy,IT,193.28,262.89,56.05,50.67,,false,""
2024-09-06T14:00:00.000000,Italy,Italy,IT,211.89,285.77,50.99,44.97,,false,""
2024-09-06T15:00:00.000000,Italy,Italy,IT,237.95,317.27,44.53,38.78,,false,""
2024-09-06T16:00:00.000000,Italy,Italy,IT,258.49,341.23,39.47,34.03,,false,""
2024-09-06T17:00:00.000000,Italy,Italy,IT,270.01,354.07,37.14,31.59,,false,""
2024-09-06T18:00:00.000000,Italy,Italy,IT,270.64,354.19,37.22,31.35,,false,""
2024-09-06T19:00:00.000000,Italy,Italy,IT,280.15,367.55,35.24,29.08,,false,""
2024-09-06T20:00:00.000000,Italy,Italy,IT,281.88,370.97,35.01,27.2,,false,""
2024-09-06T21:00:00.000000,Italy,Italy,IT,273.66,361.05,37.3,28.15,,false,""
2024-09-06T22:00:00.000000,Italy,Italy,IT,256.5,339.39,41.09,31.04,,false,""
2024-09-06T23:00:00.000000,Italy,Italy,IT,246.06,325.92,43.99,32.74,,false,""
2024-09-07T00:00:00.000000,Italy,Italy,IT,244.67,324.44,44.59,32.72,,false,""
2024-09-07T01:00:00.000000,Italy,Italy,IT,242.8,322.01,45.06,32.63,,false,""
2024-09-07T02:00:00.000000,Italy,Italy,IT,239.5,317.72,45.69,32.72,,false,""
2024-09-07T03:00:00.000000,Italy,Italy,IT,238.42,316.78,45.57,32.88,,false,""
2024-09-07T04:00:00.000000,Italy,Italy,IT,233.6,309.94,46.8,35.05,,false,""
2024-09-07T05:00:00.000000,Italy,Italy,IT,214.31,286.43,51.28,40.3,,false,""
2024-09-07T06:00:00.000000,Italy,Italy,IT,193.02,261.09,56.32,46.81,,false,""
2024-09-07T07:00:00.000000,Italy,Italy,IT,167.26,230.48,62.53,54.04,,false,""
2024-09-07T08:00:00.000000,Italy,Italy,IT,136.56,193.39,70.05,61.68,,false,""
2024-09-07T09:00:00.000000,Italy,Italy,IT,118.62,171.84,74.41,66.97,,false,""
2024-09-07T10:00:00.000000,Italy,Italy,IT,113.01,165.61,75.79,69.87,,false,""
2024-09-07T11:00:00.000000,Italy,Italy,IT,112.25,164.93,76.05,70.71,,false,""
2024-09-07T12:00:00.000000,Italy,Italy,IT,114.38,167.3,75.54,69.86,,false,""
2024-09-07T13:00:00.000000,Italy,Italy,IT,123.61,178.27,73.2,65.81,,false,""
2024-09-07T14:00:00.000000,Italy,Italy,IT,154.89,216.23,65.42,57.08,,false,""
2024-09-07T15:00:00.000000,Italy,Italy,IT,194.02,264.15,55.2,47.45,,false,""
2024-09-07T16:00:00.000000,Italy,Italy,IT,239.35,319.17,43.62,37.78,,false,""
2024-09-07T17:00:00.000000,Italy,Italy,IT,257.58,340.4,39.49,34.29,,false,""
2024-09-07T18:00:00.000000,Italy,Italy,IT,264.5,348.53,38.17,33.24,,false,""
2024-09-07T19:00:00.000000,Italy,Italy,IT,266.34,351.11,38.0,32.26,,false,""
2024-09-07T20:00:00.000000,Italy,Italy,IT,250.76,332.11,42.28,33.04,,false,""
2024-09-07T21:00:00.000000,Italy,Italy,IT,244.77,324.83,43.94,33.73,,false,""
2024-09-07T22:00:00.000000,Italy,Italy,IT,238.61,317.18,45.51,34.67,,false,""
2024-09-07T23:00:00.000000,Italy,Italy,IT,242.46,322.39,44.83,33.45,,false,""
2024-09-08T00:00:00.000000,Italy,Italy,IT,237.02,315.44,46.51,34.08,,false,""
2024-09-08T01:00:00.000000,Italy,Italy,IT,230.52,307.26,48.32,35.27,,false,""
2024-09-08T02:00:00.000000,Italy,Italy,IT,225.44,301.12,49.48,36.06,,false,""
2024-09-08T03:00:00.000000,Italy,Italy,IT,224.09,299.37,49.81,36.18,,false,""
2024-09-08T04:00:00.000000,Italy,Italy,IT,224.23,298.81,49.91,37.14,,false,""
2024-09-08T05:00:00.000000,Italy,Italy,IT,216.82,290.18,51.5,40.31,,false,""
2024-09-08T06:00:00.000000,Italy,Italy,IT,197.67,268.01,55.95,45.86,,false,""
2024-09-08T07:00:00.000000,Italy,Italy,IT,178.8,244.98,60.2,51.92,,false,""
2024-09-08T08:00:00.000000,Italy,Italy,IT,162.46,225.1,64.17,57.16,,false,""
2024-09-08T09:00:00.000000,Italy,Italy,IT,155.79,217.3,65.35,59.06,,false,""
2024-09-08T10:00:00.000000,Italy,Italy,IT,156.71,217.68,64.93,59.68,,false,""
2024-09-08T11:00:00.000000,Italy,Italy,IT,153.53,213.74,65.68,60.52,,false,""
2024-09-08T12:00:00.000000,Italy,Italy,IT,155.69,217.08,65.18,59.67,,false,""
2024-09-08T13:00:00.000000,Italy,Italy,IT,158.4,218.88,65.05,57.79,,false,""
2024-09-08T14:00:00.000000,Italy,Italy,IT,172.12,234.88,61.81,53.36,,false,""
2024-09-08T15:00:00.000000,Italy,Italy,IT,196.07,264.07,55.8,47.49,,false,""
2024-09-08T16:00:00.000000,Italy,Italy,IT,209.36,279.48,52.29,45.07,,false,""
2024-09-08T17:00:00.000000,Italy,Italy,IT,210.79,280.82,51.55,44.3,,false,""
2024-09-08T18:00:00.000000,Italy,Italy,IT,209.54,278.71,51.88,44.16,,false,""
2024-09-08T19:00:00.000000,Italy,Italy,IT,209.54,279.32,52.31,43.92,,false,""
2024-09-08T20:00:00.000000,Italy,Italy,IT,210.89,281.45,52.28,42.89,,false,""
2024-09-08T21:00:00.000000,Italy,Italy,IT,207.6,277.43,53.33,43.89,,false,""
2024-09-08T22:00:00.000000,Italy,Italy,IT,190.34,255.09,58.27,47.83,,false,""
2024-09-08T23:00:00.000000,Italy,Italy,IT,170.16,230.13,63.41,50.71,,false,""
2024-09-09T00:00:00.000000,Italy,Italy,IT,166.38,225.66,64.64,52.33,,false,""
2024-09-09T01:00:00.000000,Italy,Italy,IT,169.02,229.39,63.84,52.33,,false,""
2024-09-09T02:00:00.000000,Italy,Italy,IT,166.4,225.93,64.5,53.14,,false,""
2024-09-09T03:00:00.000000,Italy,Italy,IT,182.85,245.63,60.74,50.08,,false,""
2024-09-09T04:00:00.000000,Italy,Italy,IT,218.99,289.67,51.38,43.56,,false,""
2024-09-09T05:00:00.000000,Italy,Italy,IT,224.56,295.35,50.04,43.34,,false,""
2024-09-09T06:00:00.000000,Italy,Italy,IT,209.6,276.73,53.31,47.51,,false,""
2024-09-09T07:00:00.000000,Italy,Italy,IT,196.01,261.23,56.18,51.07,,false,""
2024-09-09T08:00:00.000000,Italy,Italy,IT,183.05,247.17,58.86,54.47,,false,""
2024-09-09T09:00:00.000000,Italy,Italy,IT,161.37,220.93,64.15,60.09,,false,""
2024-09-09T10:00:00.000000,Italy,Italy,IT,144.12,199.66,68.63,64.73,,false,""
2024-09-09T11:00:00.000000,Italy,Italy,IT,134.78,188.29,70.9,66.33,,false,""
2024-09-09T12:00:00.000000,Italy,Italy,IT,141.87,196.89,69.16,64.42,,false,""
2024-09-09T13:00:00.000000,Italy,Italy,IT,148.43,204.44,67.59,62.03,,false,""
2024-09-09T14:00:00.000000,Italy,Italy,IT,172.28,233.79,61.68,56.38,,false,""
2024-09-09T15:00:00.000000,Italy,Italy,IT,187.22,251.75,58.04,52.21,,false,""
2024-09-09T16:00:00.000000,Italy,Italy,IT,213.37,283.15,51.52,46.95,,false,""
2024-09-09T17:00:00.000000,Italy,Italy,IT,222.98,292.65,49.47,45.46,,false,""
2024-09-09T18:00:00.000000,Italy,Italy,IT,228.4,300.51,48.4,44.04,,false,""
2024-09-09T19:00:00.000000,Italy,Italy,IT,229.46,302.06,48.58,43.16,,false,""
2024-09-09T20:00:00.000000,Italy,Italy,IT,214.62,283.42,52.8,45.86,,false,""
2024-09-09T21:00:00.000000,Italy,Italy,IT,200.29,266.55,56.06,48.51,,false,""
2024-09-09T22:00:00.000000,Italy,Italy,IT,184.57,246.96,60.14,50.9,,false,""
2024-09-09T23:00:00.000000,Italy,Italy,IT,171.17,230.04,63.58,52.24,,false,""
2024-09-10T00:00:00.000000,Italy,Italy,IT,172.65,232.38,62.96,51.08,,false,""
2024-09-10T01:00:00.000000,Italy,Italy,IT,173.2,233.15,62.87,51.09,,false,""
2024-09-10T02:00:00.000000,Italy,Italy,IT,169.88,229.1,63.56,51.44,,false,""
2024-09-10T03:00:00.000000,Italy,Italy,IT,174.82,235.2,62.03,50.79,,false,""
2024-09-10T04:00:00.000000,Italy,Italy,IT,187.54,250.56,58.56,49.17,,false,""
2024-09-10T05:00:00.000000,Italy,Italy,IT,198.58,262.93,55.73,48.68,,false,""
2024-09-10T06:00:00.000000,Italy,Italy,IT,180.29,240.9,60.0,53.55,,false,""
2024-09-10T07:00:00.000000,Italy,Italy,IT,152.69,208.77,66.66,60.25,,false,""
2024-09-10T08:00:00.000000,Italy,Italy,IT,123.78,173.58,73.81,67.44,,false,""
2024-09-10T09:00:00.000000,Italy,Italy,IT,115.18,163.77,75.93,70.98,,false,""
2024-09-10T10:00:00.000000,Italy,Italy,IT,113.39,162.0,76.2,72.26,,false,""
2024-09-10T11:00:00.000000,Italy,Italy,IT,112.06,160.2,76.5,72.08,,false,""
2024-09-10T12:00:00.000000,Italy,Italy,IT,120.36,170.34,74.62,70.68,,false,""
2024-09-10T13:00:00.000000,Italy,Italy,IT,122.68,172.37,74.32,68.91,,false,""
2024-09-10T14:00:00.000000,Italy,Italy,IT,143.28,196.55,69.57,63.57,,false,""
2024-09-10T15:00:00.000000,Italy,Italy,IT,177.78,238.15,61.53,55.52,,false,""
2024-09-10T16:00:00.000000,Italy,Italy,IT,212.89,279.79,53.08,46.8,,false,""
2024-09-10T17:00:00.000000,Italy,Italy,IT,232.52,301.57,48.74,43.24,,false,""
2024-09-10T18:00:00.000000,Italy,Italy,IT,235.81,304.98,48.17,42.27,,false,""
2024-09-10T19:00:00.000000,Italy,Italy,IT,235.84,307.77,48.12,41.3,,false,""
2024-09-10T20:00:00.000000,Italy,Italy,IT,222.64,292.98,51.24,42.9,,false,""
2024-09-10T21:00:00.000000,Italy,Italy,IT,219.55,289.9,51.75,42.99,,false,""
2024-09-10T22:00:00.000000,Italy,Italy,IT,207.81,275.56,54.66,44.83,,false,""
2024-09-10T23:00:00.000000,Italy,Italy,IT,204.96,272.34,55.61,45.07,,false,""
2024-09-11T00:00:00.000000,Italy,Italy,IT,204.08,271.51,55.8,44.58,,false,""
2024-09-11T01:00:00.000000,Italy,Italy,IT,205.24,273.11,55.59,44.0,,false,""
2024-09-11T02:00:00.000000,Italy,Italy,IT,208.71,277.25,54.72,43.25,,false,""
2024-09-11T03:00:00.000000,Italy,Italy,IT,220.6,292.16,51.66,41.37,,false,""
2024-09-11T04:00:00.000000,Italy,Italy,IT,227.08,299.26,49.64,41.12,,false,""
2024-09-11T05:00:00.000000,Italy,Italy,IT,229.87,301.48,49.39,41.78,,false,""
2024-09-11T06:00:00.000000,Italy,Italy,IT,213.88,282.54,53.02,46.05,,false,""
2024-09-11T07:00:00.000000,Italy,Italy,IT,192.84,258.76,57.63,50.97,,false,""
2024-09-11T08:00:00.000000,Italy,Italy,IT,174.15,236.44,62.18,55.18,,false,""
2024-09-11T09:00:00.000000,Italy,Italy,IT,163.1,223.34,64.74,57.84,,false,""
2024-09-11T10:00:00.000000,Italy,Italy,IT,151.67,210.25,67.06,60.32,,false,""
2024-09-11T11:00:00.000000,Italy,Italy,IT,151.47,210.24,67.02,60.4,,false,""
2024-09-11T12:00:00.000000,Italy,Italy,IT,163.32,224.61,64.14,57.56,,false,""
2024-09-11T13:00:00.000000,Italy,Italy,IT,176.28,240.14,60.85,54.0,,false,""
2024-09-11T14:00:00.000000,Italy,Italy,IT,201.99,271.69,54.22,47.17,,false,""
2024-09-11T15:00:00.000000,Italy,Italy,IT,230.28,306.02,47.51,40.59,,false,""
2024-09-11T16:00:00.000000,Italy,Italy,IT,260.96,342.29,40.21,34.88,,false,""
2024-09-11T17:00:00.000000,Italy,Italy,IT,268.96,349.6,38.7,33.74,,false,""
2024-09-11T18:00:00.000000,Italy,Italy,IT,273.79,356.84,37.46,32.91,,false,""
2024-09-11T19:00:00.000000,Italy,Italy,IT,268.94,351.43,39.11,33.44,,false,""
2024-09-11T20:00:00.000000,Italy,Italy,IT,249.54,327.22,44.67,36.12,,false,""
2024-09-11T21:00:00.000000,Italy,Italy,IT,232.56,306.08,48.89,39.39,,false,""
2024-09-11T22:00:00.000000,Italy,Italy,IT,226.77,298.05,51.07,40.66,,false,""
2024-09-11T23:00:00.000000,Italy,Italy,IT,220.27,289.94,52.93,41.67,,false,""
2024-09-12T00:00:00.000000,Italy,Italy,IT,210.51,277.96,55.46,43.51,,false,""
2024-09-12T01:00:00.000000,Italy,Italy,IT,207.95,274.98,55.98,44.38,,false,""
2024-09-12T02:00:00.000000,Italy,Italy,IT,208.42,276.32,55.79,44.25,,false,""
2024-09-12T03:00:00.000000,Italy,Italy,IT,214.18,282.78,54.04,43.36,,false,""
2024-09-12T04:00:00.000000,Italy,Italy,IT,220.79,292.54,50.57,42.8,,false,""
2024-09-12T05:00:00.000000,Italy,Italy,IT,224.48,295.57,49.95,43.15,,false,""
2024-09-12T06:00:00.000000,Italy,Italy,IT,214.21,282.48,52.72,46.42,,false,""
2024-09-12T07:00:00.000000,Italy,Italy,IT,204.01,269.85,55.36,49.89,,false,""
2024-09-12T08:00:00.000000,Italy,Italy,IT,194.01,258.1,57.89,52.51,,false,""
2024-09-12T09:00:00.000000,Italy,Italy,IT,186.13,248.93,59.7,54.6,,false,""
2024-09-12T10:00:00.000000,Italy,Italy,IT,166.99,226.7,64.14,58.15,,false,""
2024-09-12T11:00:00.000000,Italy,Italy,IT,156.39,213.93,66.54,60.34,,false,""
2024-09-12T12:00:00.000000,Italy,Italy,IT,161.95,221.02,64.78,58.52,,false,""
2024-09-12T13:00:00.000000,Italy,Italy,IT,174.86,236.18,61.78,55.74,,false,""
2024-09-12T14:00:00.000000,Italy,Italy,IT,197.75,264.53,55.89,50.48,,false,""
2024-09-12T15:00:00.000000,Italy,Italy,IT,212.91,282.98,52.09,47.0,,false,""
2024-09-12T16:00:00.000000,Italy,Italy,IT,230.04,303.32,47.83,43.28,,false,""
2024-09-12T17:00:00.000000,Italy,Italy,IT,238.47,313.26,45.82,41.54,,false,""
2024-09-12T18:00:00.000000,Italy,Italy,IT,240.86,316.91,45.09,41.01,,false,""
2024-09-12T19:00:00.000000,Italy,Italy,IT,236.02,311.42,46.37,41.69,,false,""
2024-09-12T20:00:00.000000,Italy,Italy,IT,218.03,289.01,51.21,44.59,,false,""
2024-09-12T21:00:00.000000,Italy,Italy,IT,200.37,266.37,56.05,49.15,,false,""
2024-09-12T22:00:00.000000,Italy,Italy,IT,159.47,214.44,66.79,56.68,,false,""
2024-09-12T23:00:00.000000,Italy,Italy,IT,150.71,203.74,69.34,58.62,,false,""
2024-09-13T00:00:00.000000,Italy,Italy,IT,150.63,203.48,69.71,58.54,,false,""
2024-09-13T01:00:00.000000,Italy,Italy,IT,148.15,200.4,70.16,58.79,,false,""
2024-09-13T02:00:00.000000,Italy,Italy,IT,145.56,198.02,70.31,59.88,,false,""
2024-09-13T03:00:00.000000,Italy,Italy,IT,146.68,199.06,69.85,58.7,,false,""
2024-09-13T04:00:00.000000,Italy,Italy,IT,160.82,217.4,65.44,55.65,,false,""
2024-09-13T05:00:00.000000,Italy,Italy,IT,160.06,214.07,65.6,56.77,,false,""
2024-09-13T06:00:00.000000,Italy,Italy,IT,152.8,205.7,67.07,59.61,,false,""
2024-09-13T07:00:00.000000,Italy,Italy,IT,137.69,189.42,70.29,64.2,,false,""
2024-09-13T08:00:00.000000,Italy,Italy,IT,123.25,172.94,73.61,67.41,,false,""
2024-09-13T09:00:00.000000,Italy,Italy,IT,116.93,165.51,75.17,69.6,,false,""
2024-09-13T10:00:00.000000,Italy,Italy,IT,111.88,159.77,76.4,71.48,,false,""
2024-09-13T11:00:00.000000,Italy,Italy,IT,110.15,157.71,76.87,71.92,,false,""
2024-09-13T12:00:00.000000,Italy,Italy,IT,121.19,171.32,74.2,68.79,,false,""
2024-09-13T13:00:00.000000,Italy,Italy,IT,127.15,178.31,72.95,66.59,,false,""
2024-09-13T14:00:00.000000,Italy,Italy,IT,137.82,191.04,70.32,64.58,,false,""
2024-09-13T15:00:00.000000,Italy,Italy,IT,158.86,215.8,65.37,58.06,,false,""
2024-09-13T16:00:00.000000,Italy,Italy,IT,187.23,250.31,58.32,51.58,,false,""
2024-09-13T17:00:00.000000,Italy,Italy,IT,195.45,259.22,56.58,49.91,,false,""
2024-09-13T18:00:00.000000,Italy,Italy,IT,199.48,263.85,55.91,49.36,,false,""
2024-09-13T19:00:00.000000,Italy,Italy,IT,197.55,262.17,56.63,49.65,,false,""
2024-09-13T20:00:00.000000,Italy,Italy,IT,178.62,238.39,61.88,52.1,,false,""
2024-09-13T21:00:00.000000,Italy,Italy,IT,174.41,233.59,62.75,52.22,,false,""
2024-09-13T22:00:00.000000,Italy,Italy,IT,162.18,218.82,65.62,53.8,,false,""
2024-09-13T23:00:00.000000,Italy,Italy,IT,153.58,207.9,68.18,55.61,,false,""
2024-09-14T00:00:00.000000,Italy,Italy,IT,153.13,207.27,68.55,55.55,,false,""
2024-09-14T01:00:00.000000,Italy,Italy,IT,153.41,207.72,68.5,54.67,,false,""
2024-09-14T02:00:00.000000,Italy,Italy,IT,155.5,210.35,67.96,53.74,,false,""
2024-09-14T03:00:00.000000,Italy,Italy,IT,159.84,216.06,66.41,52.06,,false,""
2024-09-14T04:00:00.000000,Italy,Italy,IT,158.08,213.66,66.27,52.45,,false,""
2024-09-14T05:00:00.000000,Italy,Italy,IT,150.47,204.57,67.79,54.44,,false,""
2024-09-14T06:00:00.000000,Italy,Italy,IT,128.98,179.23,72.85,61.18,,false,""
2024-09-14T07:00:00.000000,Italy,Italy,IT,111.48,158.14,77.29,67.47,,false,""
2024-09-14T08:00:00.000000,Italy,Italy,IT,102.92,149.61,79.08,71.73,,false,""
2024-09-14T09:00:00.000000,Italy,Italy,IT,100.41,147.87,79.05,73.78,,false,""
2024-09-14T10:00:00.000000,Italy,Italy,IT,96.35,143.69,79.92,77.2,,false,""
2024-09-14T11:00:00.000000,Italy,Italy,IT,92.32,138.84,81.08,79.28,,false,""
2024-09-14T12:00:00.000000,Italy,Italy,IT,104.26,153.04,78.55,76.58,,false,""
2024-09-14T13:00:00.000000,Italy,Italy,IT,116.91,168.22,75.6,72.25,,false,""
2024-09-14T14:00:00.000000,Italy,Italy,IT,131.51,185.52,72.18,66.77,,false,""
2024-09-14T15:00:00.000000,Italy,Italy,IT,156.93,215.57,65.99,57.93,,false,""
2024-09-14T16:00:00.000000,Italy,Italy,IT,173.93,235.6,61.31,51.92,,false,""
2024-09-14T17:00:00.000000,Italy,Italy,IT,184.39,246.31,58.87,48.78,,false,""
2024-09-14T18:00:00.000000,Italy,Italy,IT,195.08,259.01,56.55,47.41,,false,""
2024-09-14T19:00:00.000000,Italy,Italy,IT,195.94,260.4,56.77,46.37,,false,""
2024-09-14T20:00:00.000000,Italy,Italy,IT,183.44,245.14,60.43,46.6,,false,""
2024-09-14T21:00:00.000000,Italy,Italy,IT,190.41,254.48,59.05,44.87,,false,""
2024-09-14T22:00:00.000000,Italy,Italy,IT,179.15,240.34,62.14,48.19,,false,""
2024-09-14T23:00:00.000000,Italy,Italy,IT,176.85,237.49,63.14,48.9,,false,""
2024-09-15T00:00:00.000000,Italy,Italy,IT,165.87,222.18,65.99,50.95,,false,""
2024-09-15T01:00:00.000000,Italy,Italy,IT,165.1,222.4,66.3,51.24,,false,""
2024-09-15T02:00:00.000000,Italy,Italy,IT,164.08,221.61,66.57,51.74,,false,""
2024-09-15T03:00:00.000000,Italy,Italy,IT,163.33,220.63,66.48,52.01,,false,""
2024-09-15T04:00:00.000000,Italy,Italy,IT,160.53,216.55,66.95,53.8,,false,""
2024-09-15T05:00:00.000000,Italy,Italy,IT,152.17,206.33,68.8,56.96,,false,""
2024-09-15T06:00:00.000000,Italy,Italy,IT,142.65,196.44,70.46,62.32,,false,""
2024-09-15T07:00:00.000000,Italy,Italy,IT,121.77,171.98,75.46,70.58,,false,""
2024-09-15T08:00:00.000000,Italy,Italy,IT,98.96,146.65,80.14,76.37,,false,""
2024-09-15T09:00:00.000000,Italy,Italy,IT,91.15,138.35,81.49,78.89,,false,""
2024-09-15T10:00:00.000000,Italy,Italy,IT,84.58,130.67,83.16,80.95,,false,""
2024-09-15T11:00:00.000000,Italy,Italy,IT,89.49,137.31,81.93,80.45,,false,""
2024-09-15T12:00:00.000000,Italy,Italy,IT,97.8,147.77,79.91,78.06,,false,""
2024-09-15T13:00:00.000000,Italy,Italy,IT,110.23,163.02,76.76,74.14,,false,""
2024-09-15T14:00:00.000000,Italy,Italy,IT,128.21,183.78,72.98,68.98,,false,""
2024-09-15T15:00:00.000000,Italy,Italy,IT,172.33,234.58,63.16,57.54,,false,""
2024-09-15T16:00:00.000000,Italy,Italy,IT,195.83,262.25,57.08,49.87,,false,""
2024-09-15T17:00:00.000000,Italy,Italy,IT,201.74,267.72,55.59,46.47,,false,""
2024-09-15T18:00:00.000000,Italy,Italy,IT,205.48,271.09,55.19,45.01,,false,""
2024-09-15T19:00:00.000000,Italy,Italy,IT,206.35,272.23,55.32,44.52,,false,""
2024-09-15T20:00:00.000000,Italy,Italy,IT,209.19,276.44,54.85,42.65,,false,""
2024-09-15T21:00:00.000000,Italy,Italy,IT,211.17,279.12,54.99,42.01,,false,""
2024-09-15T22:00:00.000000,Italy,Italy,IT,198.92,265.03,58.05,43.68,,false,""
2024-09-15T23:00:00.000000,Italy,Italy,IT,189.8,253.97,60.07,44.01,,false,""
2024-09-16T00:00:00.000000,Italy,Italy,IT,185.68,249.19,61.03,44.07,,false,""
2024-09-16T01:00:00.000000,Italy,Italy,IT,189.04,253.13,60.45,43.64,,false,""
2024-09-16T02:00:00.000000,Italy,Italy,IT,192.88,258.37,59.45,42.81,,false,""
2024-09-16T03:00:00.000000,Italy,Italy,IT,205.67,274.55,55.49,41.04,,false,""
2024-09-16T04:00:00.000000,Italy,Italy,IT,230.86,305.16,48.48,36.97,,false,""
2024-09-16T05:00:00.000000,Italy,Italy,IT,235.31,309.13,46.9,37.84,,false,""
2024-09-16T06:00:00.000000,Italy,Italy,IT,227.96,300.46,48.57,41.37,,false,""
2024-09-16T07:00:00.000000,Italy,Italy,IT,209.73,280.77,52.51,46.12,,false,""
2024-09-16T08:00:00.000000,Italy,Italy,IT,193.15,261.63,56.53,50.89,,false,""
2024-09-16T09:00:00.000000,Italy,Italy,IT,177.35,242.78,60.53,54.73,,false,""
2024-09-16T10:00:00.000000,Italy,Italy,IT,163.82,226.45,63.91,57.56,,false,""
2024-09-16T11:00:00.000000,Italy,Italy,IT,159.34,221.16,64.77,57.91,,false,""
2024-09-16T12:00:00.000000,Italy,Italy,IT,185.51,253.22,58.41,52.35,,false,""
2024-09-16T13:00:00.000000,Italy,Italy,IT,215.0,289.52,50.89,45.56,,false,""
2024-09-16T14:00:00.000000,Italy,Italy,IT,239.95,319.47,44.6,39.54,,false,""
2024-09-16T15:00:00.000000,Italy,Italy,IT,265.27,349.86,38.71,33.84,,false,""
2024-09-16T16:00:00.000000,Italy,Italy,IT,279.65,366.18,35.5,29.78,,false,""
2024-09-16T17:00:00.000000,Italy,Italy,IT,279.74,364.79,35.74,29.55,,false,""
2024-09-16T18:00:00.000000,Italy,Italy,IT,281.94,368.31,35.14,29.01,,false,""
2024-09-16T19:00:00.000000,Italy,Italy,IT,272.27,356.81,38.0,30.42,,false,""
2024-09-16T20:00:00.000000,Italy,Italy,IT,268.18,351.31,39.68,31.05,,false,""
2024-09-16T21:00:00.000000,Italy,Italy,IT,262.84,345.56,41.11,31.84,,false,""
2024-09-16T22:00:00.000000,Italy,Italy,IT,265.82,349.69,40.79,30.37,,false,""
2024-09-16T23:00:00.000000,Italy,Italy,IT,254.35,335.01,43.76,31.84,,false,""
2024-09-17T00:00:00.000000,Italy,Italy,IT,258.64,340.52,42.93,31.34,,false,""
2024-09-17T01:00:00.000000,Italy,Italy,IT,261.17,343.72,42.28,31.12,,false,""
2024-09-17T02:00:00.000000,Italy,Italy,IT,261.32,343.76,42.38,31.53,,false,""
2024-09-17T03:00:00.000000,Italy,Italy,IT,260.34,343.09,41.88,31.66,,false,""
2024-09-17T04:00:00.000000,Italy,Italy,IT,272.96,358.17,37.97,30.32,,false,""
2024-09-17T05:00:00.000000,Italy,Italy,IT,266.62,349.06,39.21,32.2,,false,""
2024-09-17T06:00:00.000000,Italy,Italy,IT,256.36,336.19,41.67,35.19,,false,""
2024-09-17T07:00:00.000000,Italy,Italy,IT,250.37,330.17,42.82,36.96,,false,""
2024-09-17T08:00:00.000000,Italy,Italy,IT,240.18,318.9,45.31,39.27,,false,""
2024-09-17T09:00:00.000000,Italy,Italy,IT,226.01,301.83,48.63,42.5,,false,""
2024-09-17T10:00:00.000000,Italy,Italy,IT,216.56,290.61,50.75,45.12,,false,""
2024-09-17T11:00:00.000000,Italy,Italy,IT,215.48,289.01,51.08,45.53,,false,""
2024-09-17T12:00:00.000000,Italy,Italy,IT,215.46,288.75,51.09,45.71,,false,""
2024-09-17T13:00:00.000000,Italy,Italy,IT,222.77,297.79,49.12,44.02,,false,""
2024-09-17T14:00:00.000000,Italy,Italy,IT,242.39,321.38,44.53,39.28,,false,""
2024-09-17T15:00:00.000000,Italy,Italy,IT,259.35,341.94,40.55,35.3,,false,""
2024-09-17T16:00:00.000000,Italy,Italy,IT,269.57,353.21,38.15,32.93,,false,""
2024-09-17T17:00:00.000000,Italy,Italy,IT,271.12,354.6,37.79,32.38,,false,""
2024-09-17T18:00:00.000000,Italy,Italy,IT,275.62,360.1,36.89,31.09,,false,""
2024-09-17T19:00:00.000000,Italy,Italy,IT,280.11,366.9,36.2,29.08,,false,""
2024-09-17T20:00:00.000000,Italy,Italy,IT,284.09,372.23,35.6,27.21,,false,""
2024-09-17T21:00:00.000000,Italy,Italy,IT,276.86,363.81,37.04,28.08,,false,""
2024-09-17T22:00:00.000000,Italy,Italy,IT,261.1,343.24,41.57,30.58,,false,""
2024-09-17T23:00:00.000000,Italy,Italy,IT,254.32,334.73,43.54,31.49,,false,""
2024-09-18T00:00:00.000000,Italy,Italy,IT,254.3,334.72,43.42,31.02,,false,""
2024-09-18T01:00:00.000000,Italy,Italy,IT,259.29,341.06,42.42,30.22,,false,""
2024-09-18T02:00:00.000000,Italy,Italy,IT,264.3,347.15,41.38,29.49,,false,""
2024-09-18T03:00:00.000000,Italy,Italy,IT,267.49,351.95,39.75,28.84,,false,""
2024-09-18T04:00:00.000000,Italy,Italy,IT,279.31,366.45,35.95,27.93,,false,""
2024-09-18T05:00:00.000000,Italy,Italy,IT,272.5,355.86,37.85,31.33,,false,""
2024-09-18T06:00:00.000000,Italy,Italy,IT,253.91,332.75,42.63,36.63,,false,""
2024-09-18T07:00:00.000000,Italy,Italy,IT,239.79,315.78,46.34,40.81,,false,""
2024-09-18T08:00:00.000000,Italy,Italy,IT,234.0,310.49,47.37,41.76,,false,""
2024-09-18T09:00:00.000000,Italy,Italy,IT,224.44,299.99,49.03,43.57,,false,""
2024-09-18T10:00:00.000000,Italy,Italy,IT,216.95,291.18,50.86,45.0,,false,""
2024-09-18T11:00:00.000000,Italy,Italy,IT,216.3,290.65,50.73,44.58,,false,""
2024-09-18T12:00:00.000000,Italy,Italy,IT,221.64,297.02,49.51,43.49,,false,""
2024-09-18T13:00:00.000000,Italy,Italy,IT,229.82,306.77,47.5,41.61,,false,""
2024-09-18T14:00:00.000000,Italy,Italy,IT,242.04,320.79,44.78,38.82,,false,""
2024-09-18T15:00:00.000000,Italy,Italy,IT,265.79,349.04,39.44,33.39,,false,""
2024-09-18T16:00:00.000000,Italy,Italy,IT,279.67,364.36,36.18,30.57,,false,""
2024-09-18T17:00:00.000000,Italy,Italy,IT,283.69,367.58,35.86,29.89,,false,""
2024-09-18T18:00:00.000000,Italy,Italy,IT,287.62,372.69,35.28,29.38,,false,""
2024-09-18T19:00:00.000000,Italy,Italy,IT,304.92,395.31,31.39,25.44,,false,""
2024-09-18T20:00:00.000000,Italy,Italy,IT,306.82,397.78,31.62,24.75,,false,""
2024-09-18T21:00:00.000000,Italy,Italy,IT,305.22,395.34,32.27,25.6,,false,""
2024-09-18T22:00:00.000000,Italy,Italy,IT,269.12,349.91,41.0,30.03,,false,""
2024-09-18T23:00:00.000000,Italy,Italy,IT,262.99,342.05,42.61,30.29,,false,""
2024-09-19T00:00:00.000000,Italy,Italy,IT,260.91,339.71,43.27,30.55,,false,""
2024-09-19T01:00:00.000000,Italy,Italy,IT,258.53,336.82,43.9,30.78,,false,""
2024-09-19T02:00:00.000000,Italy,Italy,IT,259.08,337.48,43.73,30.7,,false,""
2024-09-19T03:00:00.000000,Italy,Italy,IT,259.85,338.84,42.96,30.93,,false,""
2024-09-19T04:00:00.000000,Italy,Italy,IT,259.73,340.12,41.51,32.0,,false,""
2024-09-19T05:00:00.000000,Italy,Italy,IT,257.22,334.83,42.22,34.69,,false,""
2024-09-19T06:00:00.000000,Italy,Italy,IT,238.15,311.08,46.65,38.94,,false,""
2024-09-19T07:00:00.000000,Italy,Italy,IT,227.01,298.92,49.35,42.1,,false,""
2024-09-19T08:00:00.000000,Italy,Italy,IT,211.64,281.18,52.99,45.88,,false,""
2024-09-19T09:00:00.000000,Italy,Italy,IT,197.73,264.92,56.24,49.29,,false,""
2024-09-19T10:00:00.000000,Italy,Italy,IT,184.56,249.78,59.01,52.09,,false,""
2024-09-19T11:00:00.000000,Italy,Italy,IT,186.58,252.11,58.53,52.11,,false,""
2024-09-19T12:00:00.000000,Italy,Italy,IT,194.33,261.4,56.69,50.23,,false,""
2024-09-19T13:00:00.000000,Italy,Italy,IT,205.49,274.75,54.12,47.57,,false,""
2024-09-19T14:00:00.000000,Italy,Italy,IT,224.25,296.45,50.17,43.17,,false,""
2024-09-19T15:00:00.000000,Italy,Italy,IT,250.33,328.01,44.31,37.13,,false,""
2024-09-19T16:00:00.000000,Italy,Italy,IT,265.43,345.79,40.25,33.62,,false,""
2024-09-19T17:00:00.000000,Italy,Italy,IT,269.35,349.49,39.34,32.84,,false,""
2024-09-19T18:00:00.000000,Italy,Italy,IT,267.48,347.12,39.9,32.29,,false,""
2024-09-19T19:00:00.000000,Italy,Italy,IT,274.48,355.82,38.89,29.89,,false,""
2024-09-19T20:00:00.000000,Italy,Italy,IT,275.31,357.43,39.08,28.58,,false,""
2024-09-19T21:00:00.000000,Italy,Italy,IT,274.03,355.78,39.33,28.59,,false,""
2024-09-19T22:00:00.000000,Italy,Italy,IT,264.89,344.35,42.06,30.47,,false,""
2024-09-19T23:00:00.000000,Italy,Italy,IT,267.8,347.71,41.78,29.52,,false,""
2024-09-20T00:00:00.000000,Italy,Italy,IT,264.6,343.57,42.81,29.94,,false,""
2024-09-20T01:00:00.000000,Italy,Italy,IT,260.17,337.97,44.0,30.45,,false,""
2024-09-20T02:00:00.000000,Italy,Italy,IT,255.63,332.43,44.88,31.15,,false,""
2024-09-20T03:00:00.000000,Italy,Italy,IT,250.96,327.97,44.83,31.91,,false,""
2024-09-20T04:00:00.000000,Italy,Italy,IT,253.25,330.85,43.43,32.64,,false,""
2024-09-20T05:00:00.000000,Italy,Italy,IT,238.98,311.15,46.63,38.01,,false,""
2024-09-20T06:00:00.000000,Italy,Italy,IT,225.32,294.31,49.8,41.68,,false,""
2024-09-20T07:00:00.000000,Italy,Italy,IT,209.85,277.7,53.13,45.82,,false,""
2024-09-20T08:00:00.000000,Italy,Italy,IT,194.99,261.56,56.65,49.91,,false,""
2024-09-20T09:00:00.000000,Italy,Italy,IT,187.9,253.76,58.35,52.0,,false,""
2024-09-20T10:00:00.000000,Italy,Italy,IT,175.37,239.99,60.97,55.45,,false,""
2024-09-20T11:00:00.000000,Italy,Italy,IT,173.51,237.96,61.36,55.68,,false,""
2024-09-20T12:00:00.000000,Italy,Italy,IT,187.72,254.98,58.09,53.12,,false,""
2024-09-20T13:00:00.000000,Italy,Italy,IT,206.27,276.86,53.58,48.84,,false,""
2024-09-20T14:00:00.000000,Italy,Italy,IT,218.94,291.19,50.83,44.73,,false,""
2024-09-20T15:00:00.000000,Italy,Italy,IT,238.39,315.0,45.79,38.69,,false,""
2024-09-20T16:00:00.000000,Italy,Italy,IT,250.66,328.63,42.82,36.1,,false,""
2024-09-20T17:00:00.000000,Italy,Italy,IT,255.22,332.37,41.98,35.27,,false,""
2024-09-20T18:00:00.000000,Italy,Italy,IT,258.85,338.31,40.77,34.24,,false,""
2024-09-20T19:00:00.000000,Italy,Italy,IT,272.4,355.62,37.59,30.94,,false,""
2024-09-20T20:00:00.000000,Italy,Italy,IT,281.86,368.01,35.58,28.21,,false,""
2024-09-20T21:00:00.000000,Italy,Italy,IT,275.43,360.43,36.9,29.36,,false,""
2024-09-20T22:00:00.000000,Italy,Italy,IT,234.19,309.68,46.7,33.53,,false,""
2024-09-20T23:00:00.000000,Italy,Italy,IT,228.81,303.27,48.12,33.99,,false,""
2024-09-21T00:00:00.000000,Italy,Italy,IT,228.39,303.07,48.36,33.94,,false,""
2024-09-21T01:00:00.000000,Italy,Italy,IT,227.89,302.38,48.68,34.35,,false,""
2024-09-21T02:00:00.000000,Italy,Italy,IT,218.32,290.3,51.03,36.39,,false,""
2024-09-21T03:00:00.000000,Italy,Italy,IT,216.34,287.83,51.42,36.84,,false,""
2024-09-21T04:00:00.000000,Italy,Italy,IT,224.66,297.65,49.38,37.52,,false,""
2024-09-21T05:00:00.000000,Italy,Italy,IT,223.42,294.58,49.71,40.94,,false,""
2024-09-21T06:00:00.000000,Italy,Italy,IT,199.52,267.61,54.8,47.4,,false,""
2024-09-21T07:00:00.000000,Italy,Italy,IT,174.83,238.71,60.67,54.21,,false,""
2024-09-21T08:00:00.000000,Italy,Italy,IT,147.4,205.97,67.36,61.73,,false,""
2024-09-21T09:00:00.000000,Italy,Italy,IT,122.32,176.13,73.11,68.53,,false,""
2024-09-21T10:00:00.000000,Italy,Italy,IT,115.25,168.06,74.89,71.81,,false,""
2024-09-21T11:00:00.000000,Italy,Italy,IT,119.59,173.78,73.73,71.29,,false,""
2024-09-21T12:00:00.000000,Italy,Italy,IT,121.15,175.84,73.31,70.7,,false,""
2024-09-21T13:00:00.000000,Italy,Italy,IT,130.52,186.54,71.42,66.92,,false,""
2024-09-21T14:00:00.000000,Italy,Italy,IT,171.0,235.2,61.59,55.32,,false,""
2024-09-21T15:00:00.000000,Italy,Italy,IT,215.85,290.15,50.05,43.35,,false,""
2024-09-21T16:00:00.000000,Italy,Italy,IT,243.72,321.62,43.31,37.05,,false,""
2024-09-21T17:00:00.000000,Italy,Italy,IT,249.47,326.46,42.44,35.78,,false,""
2024-09-21T18:00:00.000000,Italy,Italy,IT,255.19,333.88,41.46,35.36,,false,""
2024-09-21T19:00:00.000000,Italy,Italy,IT,253.06,333.36,42.02,33.63,,false,""
2024-09-21T20:00:00.000000,Italy,Italy,IT,259.36,341.41,40.69,31.39,,false,""
2024-09-21T21:00:00.000000,Italy,Italy,IT,258.28,340.19,41.01,31.92,,false,""
2024-09-21T22:00:00.000000,Italy,Italy,IT,226.96,301.34,48.9,34.96,,false,""
2024-09-21T23:00:00.000000,Italy,Italy,IT,220.85,292.36,51.37,36.16,,false,""
2024-09-22T00:00:00.000000,Italy,Italy,IT,221.09,291.6,51.94,36.59,,false,""
2024-09-22T01:00:00.000000,Italy,Italy,IT,220.67,291.24,52.11,36.77,,false,""
2024-09-22T02:00:00.000000,Italy,Italy,IT,221.86,292.74,51.93,37.02,,false,""
2024-09-22T03:00:00.000000,Italy,Italy,IT,219.53,289.68,52.37,37.65,,false,""
2024-09-22T04:00:00.000000,Italy,Italy,IT,223.2,294.18,51.47,37.89,,false,""
2024-09-22T05:00:00.000000,Italy,Italy,IT,206.26,274.13,55.32,42.98,,false,""
2024-09-22T06:00:00.000000,Italy,Italy,IT,184.56,248.85,59.76,48.25,,false,""
2024-09-22T07:00:00.000000,Italy,Italy,IT,171.69,234.38,62.48,54.34,,false,""
2024-09-22T08:00:00.000000,Italy,Italy,IT,157.47,218.68,65.34,60.96,,false,""
2024-09-22T09:00:00.000000,Italy,Italy,IT,150.44,210.66,66.74,63.88,,false,""
2024-09-22T10:00:00.000000,Italy,Italy,IT,151.28,211.58,66.75,64.55,,false,""
2024-09-22T11:00:00.000000,Italy,Italy,IT,144.67,203.51,68.55,66.39,,false,""
2024-09-22T12:00:00.000000,Italy,Italy,IT,150.08,210.69,66.95,64.47,,false,""
2024-09-22T13:00:00.000000,Italy,Italy,IT,167.29,231.32,62.93,59.01,,false,""
2024-09-22T14:00:00.000000,Italy,Italy,IT,188.65,256.07,57.97,50.58,,false,""
2024-09-22T15:00:00.000000,Italy,Italy,IT,216.05,289.66,50.63,42.75,,false,""
2024-09-22T16:00:00.000000,Italy,Italy,IT,222.74,295.57,48.75,40.03,,false,""
2024-09-22T17:00:00.000000,Italy,Italy,IT,227.26,297.54,48.4,38.99,,false,""
2024-09-22T18:00:00.000000,Italy,Italy,IT,234.19,307.56,46.53,37.75,,false,""
2024-09-22T19:00:00.000000,Italy,Italy,IT,235.96,311.28,46.08,36.41,,false,""
2024-09-22T20:00:00.000000,Italy,Italy,IT,239.85,316.22,45.56,33.87,,false,""
2024-09-22T21:00:00.000000,Italy,Italy,IT,231.88,306.2,48.09,34.05,,false,""
2024-09-22T22:00:00.000000,Italy,Italy,IT,248.99,327.61,44.44,32.4,,false,""
2024-09-22T23:00:00.000000,Italy,Italy,IT,249.68,328.91,44.15,31.81,,false,""
2024-09-23T00:00:00.000000,Italy,Italy,IT,246.96,326.76,43.95,31.43,,false,""
2024-09-23T01:00:00.000000,Italy,Italy,IT,247.79,327.83,43.78,31.41,,false,""
2024-09-23T02:00:00.000000,Italy,Italy,IT,251.37,331.93,43.33,31.51,,false,""
2024-09-23T03:00:00.000000,Italy,Italy,IT,259.83,342.42,41.03,30.73,,false,""
2024-09-23T04:00:00.000000,Italy,Italy,IT,273.55,360.29,36.32,28.88,,false,""
2024-09-23T05:00:00.000000,Italy,Italy,IT,276.72,361.29,35.9,30.63,,false,""
2024-09-23T06:00:00.000000,Italy,Italy,IT,270.17,352.24,37.59,33.49,,false,""
2024-09-23T07:00:00.000000,Italy,Italy,IT,254.87,333.62,41.69,37.66,,false,""
2024-09-23T08:00:00.000000,Italy,Italy,IT,240.82,318.92,44.66,40.83,,false,""
2024-09-23T09:00:00.000000,Italy,Italy,IT,234.67,312.02,45.9,42.27,,false,""
2024-09-23T10:00:00.000000,Italy,Italy,IT,223.92,299.29,48.44,43.36,,false,""
2024-09-23T11:00:00.000000,Italy,Italy,IT,219.68,293.57,49.54,43.41,,false,""
2024-09-23T12:00:00.000000,Italy,Italy,IT,226.36,301.75,47.84,41.85,,false,""
2024-09-23T13:00:00.000000,Italy,Italy,IT,236.06,314.14,45.04,39.37,,false,""
2024-09-23T14:00:00.000000,Italy,Italy,IT,254.0,335.85,40.84,36.0,,false,""
2024-09-23T15:00:00.000000,Italy,Italy,IT,266.77,351.65,37.7,32.47,,false,""
2024-09-23T16:00:00.000000,Italy,Italy,IT,290.24,377.99,32.57,28.84,,false,""
2024-09-23T17:00:00.000000,Italy,Italy,IT,292.73,380.2,32.22,28.44,,false,""
2024-09-23T18:00:00.000000,Italy,Italy,IT,286.07,374.16,33.56,29.0,,false,""
2024-09-23T19:00:00.000000,Italy,Italy,IT,277.79,364.69,35.43,29.11,,false,""
2024-09-23T20:00:00.000000,Italy,Italy,IT,277.92,364.48,36.2,29.11,,false,""
2024-09-23T21:00:00.000000,Italy,Italy,IT,274.12,359.44,37.49,30.4,,false,""
2024-09-23T22:00:00.000000,Italy,Italy,IT,240.65,316.27,46.67,36.25,,false,""
2024-09-23T23:00:00.000000,Italy,Italy,IT,230.07,302.53,49.68,38.45,,false,""
2024-09-24T00:00:00.000000,Italy,Italy,IT,226.57,298.35,50.78,39.0,,false,""
2024-09-24T01:00:00.000000,Italy,Italy,IT,208.02,274.95,55.35,42.95,,false,""
2024-09-24T02:00:00.000000,Italy,Italy,IT,197.18,261.77,57.68,45.0,,false,""
2024-09-24T03:00:00.000000,Italy,Italy,IT,205.94,272.71,55.36,43.43,,false,""
2024-09-24T04:00:00.000000,Italy,Italy,IT,233.61,307.65,47.52,38.59,,false,""
2024-09-24T05:00:00.000000,Italy,Italy,IT,241.48,316.12,45.22,39.13,,false,""
2024-09-24T06:00:00.000000,Italy,Italy,IT,224.76,295.88,49.19,44.2,,false,""
2024-09-24T07:00:00.000000,Italy,Italy,IT,196.45,263.01,55.86,50.98,,false,""
2024-09-24T08:00:00.000000,Italy,Italy,IT,178.43,241.89,59.81,54.43,,false,""
2024-09-24T09:00:00.000000,Italy,Italy,IT,166.08,227.07,62.71,57.89,,false,""
2024-09-24T10:00:00.000000,Italy,Italy,IT,152.49,210.44,66.03,60.85,,false,""
2024-09-24T11:00:00.000000,Italy,Italy,IT,151.48,208.62,66.49,60.93,,false,""
2024-09-24T12:00:00.000000,Italy,Italy,IT,155.82,214.27,65.41,59.78,,false,""
2024-09-24T13:00:00.000000,Italy,Italy,IT,172.14,234.05,61.42,55.06,,false,""
2024-09-24T14:00:00.000000,Italy,Italy,IT,200.26,269.13,54.14,47.88,,false,""
2024-09-24T15:00:00.000000,Italy,Italy,IT,230.76,306.88,46.36,39.74,,false,""
2024-09-24T16:00:00.000000,Italy,Italy,IT,254.57,334.8,40.68,35.0,,false,""
2024-09-24T17:00:00.000000,Italy,Italy,IT,258.04,337.06,40.11,34.55,,false,""
2024-09-24T18:00:00.000000,Italy,Italy,IT,261.72,342.81,39.16,33.74,,false,""
2024-09-24T19:00:00.000000,Italy,Italy,IT,259.25,340.91,39.85,32.51,,false,""
2024-09-24T20:00:00.000000,Italy,Italy,IT,255.05,335.92,41.33,33.27,,false,""
2024-09-24T21:00:00.000000,Italy,Italy,IT,241.2,318.58,44.94,35.76,,false,""
2024-09-24T22:00:00.000000,Italy,Italy,IT,224.31,296.44,49.91,39.23,,false,""
2024-09-24T23:00:00.000000,Italy,Italy,IT,219.11,288.99,52.0,40.41,,false,""
2024-09-25T00:00:00.000000,Italy,Italy,IT,223.96,294.64,51.39,39.7,,false,""
2024-09-25T01:00:00.000000,Italy,Italy,IT,216.4,285.19,53.2,40.63,,false,""
2024-09-25T02:00:00.000000,Italy,Italy,IT,217.05,285.87,53.1,40.84,,false,""
2024-09-25T03:00:00.000000,Italy,Italy,IT,227.99,299.56,50.25,38.8,,false,""
2024-09-25T04:00:00.000000,Italy,Italy,IT,247.04,323.15,44.68,35.06,,false,""
2024-09-25T05:00:00.000000,Italy,Italy,IT,253.28,331.01,42.48,35.72,,false,""
2024-09-25T06:00:00.000000,Italy,Italy,IT,239.36,313.55,45.91,40.82,,false,""
2024-09-25T07:00:00.000000,Italy,Italy,IT,212.15,281.92,52.04,46.78,,false,""
2024-09-25T08:00:00.000000,Italy,Italy,IT,193.15,260.23,56.32,50.68,,false,""
2024-09-25T09:00:00.000000,Italy,Italy,IT,176.3,240.1,60.35,54.99,,false,""
2024-09-25T10:00:00.000000,Italy,Italy,IT,154.26,212.53,66.09,60.16,,false,""
2024-09-25T11:00:00.000000,Italy,Italy,IT,146.99,203.39,67.77,61.22,,false,""
2024-09-25T12:00:00.000000,Italy,Italy,IT,167.42,228.47,62.72,56.14,,false,""
2024-09-25T13:00:00.000000,Italy,Italy,IT,191.77,258.58,56.56,50.6,,false,""
2024-09-25T14:00:00.000000,Italy,Italy,IT,212.62,283.87,51.47,45.48,,false,""
2024-09-25T15:00:00.000000,Italy,Italy,IT,245.94,325.36,42.96,37.27,,false,""
2024-09-25T16:00:00.000000,Italy,Italy,IT,268.24,351.03,37.5,32.92,,false,""
2024-09-25T17:00:00.000000,Italy,Italy,IT,270.08,350.21,37.57,33.23,,false,""
2024-09-25T18:00:00.000000,Italy,Italy,IT,271.02,354.46,37.12,32.41,,false,""
2024-09-25T19:00:00.000000,Italy,Italy,IT,269.3,352.39,38.29,32.45,,false,""
2024-09-25T20:00:00.000000,Italy,Italy,IT,260.37,341.27,41.17,34.4,,false,""
2024-09-25T21:00:00.000000,Italy,Italy,IT,259.98,340.9,41.46,34.88,,false,""
2024-09-25T22:00:00.000000,Italy,Italy,IT,231.18,305.01,48.7,39.32,,false,""
2024-09-25T23:00:00.000000,Italy,Italy,IT,221.61,292.38,51.69,41.32,,false,""
2024-09-26T00:00:00.000000,Italy,Italy,IT,220.43,290.78,52.22,40.74,,false,""
2024-09-26T01:00:00.000000,Italy,Italy,IT,215.54,284.94,53.18,41.82,,false,""
2024-09-26T02:00:00.000000,Italy,Italy,IT,214.26,283.5,53.35,42.05,,false,""
2024-09-26T03:00:00.000000,Italy,Italy,IT,222.52,293.76,51.26,41.12,,false,""
2024-09-26T04:00:00.000000,Italy,Italy,IT,231.2,304.01,48.26,39.3,,false,""
2024-09-26T05:00:00.000000,Italy,Italy,IT,233.33,305.45,47.56,40.07,,false,""
2024-09-26T06:00:00.000000,Italy,Italy,IT,221.23,289.8,50.43,43.8,,false,""
2024-09-26T07:00:00.000000,Italy,Italy,IT,206.55,273.67,53.68,47.35,,false,""
2024-09-26T08:00:00.000000,Italy,Italy,IT,187.17,251.8,57.68,51.44,,false,""
2024-09-26T09:00:00.000000,Italy,Italy,IT,173.98,236.43,60.47,54.61,,false,""
2024-09-26T10:00:00.000000,Italy,Italy,IT,155.84,214.6,64.58,58.69,,false,""
2024-09-26T11:00:00.000000,Italy,Italy,IT,148.51,205.51,66.31,60.29,,false,""
2024-09-26T12:00:00.000000,Italy,Italy,IT,153.2,210.81,65.42,59.4,,false,""
2024-09-26T13:00:00.000000,Italy,Italy,IT,166.69,227.49,62.1,56.21,,false,""
2024-09-26T14:00:00.000000,Italy,Italy,IT,185.3,249.66,57.7,51.86,,false,""
2024-09-26T15:00:00.000000,Italy,Italy,IT,208.54,278.23,52.01,46.32,,false,""
2024-09-26T16:00:00.000000,Italy,Italy,IT,223.6,295.57,48.39,42.25,,false,""
2024-09-26T17:00:00.000000,Italy,Italy,IT,228.02,298.5,47.8,41.27,,false,""
2024-09-26T18:00:00.000000,Italy,Italy,IT,224.82,295.06,48.72,41.88,,false,""
2024-09-26T19:00:00.000000,Italy,Italy,IT,219.15,289.5,50.1,42.62,,false,""
2024-09-26T20:00:00.000000,Italy,Italy,IT,207.89,276.0,52.86,45.81,,false,""
2024-09-26T21:00:00.000000,Italy,Italy,IT,188.87,252.56,57.48,48.92,,false,""
2024-09-26T22:00:00.000000,Italy,Italy,IT,183.18,245.51,59.1,50.5,,false,""
2024-09-26T23:00:00.000000,Italy,Italy,IT,168.7,227.39,63.03,52.78,,false,""
2024-09-27T00:00:00.000000,Italy,Italy,IT,164.3,222.4,63.99,53.21,,false,""
2024-09-27T01:00:00.000000,Italy,Italy,IT,163.07,220.65,64.49,52.67,,false,""
2024-09-27T02:00:00.000000,Italy,Italy,IT,168.64,227.29,63.47,51.85,,false,""
2024-09-27T03:00:00.000000,Italy,Italy,IT,182.31,244.14,59.93,49.62,,false,""
2024-09-27T04:00:00.000000,Italy,Italy,IT,199.33,264.01,55.14,46.32,,false,""
2024-09-27T05:00:00.000000,Italy,Italy,IT,216.73,283.95,51.06,44.77,,false,""
2024-09-27T06:00:00.000000,Italy,Italy,IT,205.86,271.76,53.45,47.98,,false,""
2024-09-27T07:00:00.000000,Italy,Italy,IT,184.51,246.9,58.31,53.26,,false,""
2024-09-27T08:00:00.000000,Italy,Italy,IT,165.5,224.76,62.89,58.26,,false,""
2024-09-27T09:00:00.000000,Italy,Italy,IT,147.15,202.84,67.4,63.14,,false,""
2024-09-27T10:00:00.000000,Italy,Italy,IT,124.78,175.47,72.84,68.18,,false,""
2024-09-27T11:00:00.000000,Italy,Italy,IT,120.32,170.26,73.64,68.43,,false,""
2024-09-27T12:00:00.000000,Italy,Italy,IT,134.19,187.21,70.38,65.02,,false,""
2024-09-27T13:00:00.000000,Italy,Italy,IT,148.79,205.04,66.8,61.44,,false,""
2024-09-27T14:00:00.000000,Italy,Italy,IT,165.66,225.17,62.88,57.5,,false,""
2024-09-27T15:00:00.000000,Italy,Italy,IT,198.18,265.02,54.73,49.26,,false,""
2024-09-27T16:00:00.000000,Italy,Italy,IT,225.12,297.06,48.34,42.8,,false,""
2024-09-27T17:00:00.000000,Italy,Italy,IT,233.46,304.55,46.85,41.55,,false,""
2024-09-27T18:00:00.000000,Italy,Italy,IT,234.15,306.92,46.88,41.41,,false,""
2024-09-27T19:00:00.000000,Italy,Italy,IT,232.99,305.96,47.43,40.97,,false,""
2024-09-27T20:00:00.000000,Italy,Italy,IT,221.97,292.83,50.5,43.17,,false,""
2024-09-27T21:00:00.000000,Italy,Italy,IT,218.09,288.48,51.51,44.25,,false,""
2024-09-27T22:00:00.000000,Italy,Italy,IT,197.72,262.57,56.54,48.71,,false,""
2024-09-27T23:00:00.000000,Italy,Italy,IT,195.81,260.11,57.42,49.47,,false,""
2024-09-28T00:00:00.000000,Italy,Italy,IT,193.54,257.43,58.24,49.83,,false,""
2024-09-28T01:00:00.000000,Italy,Italy,IT,187.95,250.5,59.78,51.23,,false,""
2024-09-28T02:00:00.000000,Italy,Italy,IT,190.02,253.12,59.31,50.87,,false,""
2024-09-28T03:00:00.000000,Italy,Italy,IT,188.72,251.25,59.42,50.85,,false,""
2024-09-28T04:00:00.000000,Italy,Italy,IT,189.03,251.45,58.91,50.37,,false,""
2024-09-28T05:00:00.000000,Italy,Italy,IT,176.46,235.87,61.58,52.69,,false,""
2024-09-28T06:00:00.000000,Italy,Italy,IT,166.84,224.39,63.59,57.26,,false,""
2024-09-28T07:00:00.000000,Italy,Italy,IT,137.17,189.72,70.73,65.23,,false,""
2024-09-28T08:00:00.000000,Italy,Italy,IT,101.3,146.38,79.15,73.6,,false,""
2024-09-28T09:00:00.000000,Italy,Italy,IT,99.3,144.79,79.52,75.92,,false,""
2024-09-28T10:00:00.000000,Italy,Italy,IT,95.13,139.87,80.57,78.61,,false,""
2024-09-28T11:00:00.000000,Italy,Italy,IT,92.56,137.12,80.96,79.5,,false,""
2024-09-28T12:00:00.000000,Italy,Italy,IT,91.85,136.03,81.12,79.69,,false,""
2024-09-28T13:00:00.000000,Italy,Italy,IT,102.87,148.47,78.9,76.72,,false,""
2024-09-28T14:00:00.000000,Italy,Italy,IT,119.95,169.23,74.56,70.71,,false,""
2024-09-28T15:00:00.000000,Italy,Italy,IT,142.23,195.75,69.11,63.11,,false,""
2024-09-28T16:00:00.000000,Italy,Italy,IT,157.58,210.97,65.76,57.88,,false,""
2024-09-28T17:00:00.000000,Italy,Italy,IT,170.11,224.54,62.66,55.19,,false,""
2024-09-28T18:00:00.000000,Italy,Italy,IT,173.11,229.4,62.39,55.16,,false,""
2024-09-28T19:00:00.000000,Italy,Italy,IT,165.73,221.8,64.3,56.13,,false,""
2024-09-28T20:00:00.000000,Italy,Italy,IT,170.22,228.44,63.3,54.5,,false,""
2024-09-28T21:00:00.000000,Italy,Italy,IT,167.77,225.29,64.19,55.69,,false,""
2024-09-28T22:00:00.000000,Italy,Italy,IT,154.64,208.52,67.95,58.13,,false,""
2024-09-28T23:00:00.000000,Italy,Italy,IT,149.4,201.51,69.8,59.27,,false,""
2024-09-29T00:00:00.000000,Italy,Italy,IT,150.68,202.66,69.93,59.47,,false,""
2024-09-29T01:00:00.000000,Italy,Italy,IT,152.42,204.67,69.65,58.46,,false,""
2024-09-29T02:00:00.000000,Italy,Italy,IT,149.63,200.87,70.47,59.25,,false,""
2024-09-29T03:00:00.000000,Italy,Italy,IT,139.62,189.15,72.64,61.15,,false,""
2024-09-29T04:00:00.000000,Italy,Italy,IT,137.9,187.57,72.57,62.18,,false,""
2024-09-29T05:00:00.000000,Italy,Italy,IT,130.3,177.75,74.56,66.39,,false,""
2024-09-29T06:00:00.000000,Italy,Italy,IT,112.52,157.5,77.99,72.83,,false,""
2024-09-29T07:00:00.000000,Italy,Italy,IT,93.26,136.05,81.95,78.21,,false,""
2024-09-29T08:00:00.000000,Italy,Italy,IT,79.56,121.12,84.43,81.84,,false,""
2024-09-29T09:00:00.000000,Italy,Italy,IT,81.43,124.25,83.86,82.07,,false,""
2024-09-29T10:00:00.000000,Italy,Italy,IT,78.14,120.58,84.66,84.09,,false,""
2024-09-29T11:00:00.000000,Italy,Italy,IT,76.56,118.96,85.19,84.79,,false,""
2024-09-29T12:00:00.000000,Italy,Italy,IT,86.9,132.15,82.74,81.85,,false,""
2024-09-29T13:00:00.000000,Italy,Italy,IT,92.84,138.0,81.42,79.81,,false,""
2024-09-29T14:00:00.000000,Italy,Italy,IT,99.18,144.41,80.0,77.92,,false,""
2024-09-29T15:00:00.000000,Italy,Italy,IT,125.84,174.58,74.39,71.52,,false,""
2024-09-29T16:00:00.000000,Italy,Italy,IT,153.74,206.7,67.93,62.64,,false,""
2024-09-29T17:00:00.000000,Italy,Italy,IT,162.13,214.69,65.74,58.82,,false,""
2024-09-29T18:00:00.000000,Italy,Italy,IT,166.5,218.25,65.93,58.24,,false,""
2024-09-29T19:00:00.000000,Italy,Italy,IT,167.04,219.29,66.08,56.8,,false,""
2024-09-29T20:00:00.000000,Italy,Italy,IT,168.52,223.55,65.39,56.05,,false,""
2024-09-29T21:00:00.000000,Italy,Italy,IT,168.32,223.86,65.98,55.04,,false,""
2024-09-29T22:00:00.000000,Italy,Italy,IT,166.16,221.1,66.63,55.23,,false,""
2024-09-29T23:00:00.000000,Italy,Italy,IT,165.75,220.52,67.02,55.8,,false,""
2024-09-30T00:00:00.000000,Italy,Italy,IT,167.69,222.56,66.69,54.86,,false,""
2024-09-30T01:00:00.000000,Italy,Italy,IT,170.01,225.53,66.23,54.16,,false,""
2024-09-30T02:00:00.000000,Italy,Italy,IT,173.11,229.54,65.32,52.93,,false,""
2024-09-30T03:00:00.000000,Italy,Italy,IT,179.03,237.8,62.96,50.47,,false,""
2024-09-30T04:00:00.000000,Italy,Italy,IT,200.34,264.37,56.46,46.74,,false,""
2024-09-30T05:00:00.000000,Italy,Italy,IT,209.99,274.07,53.87,46.28,,false,""
2024-09-30T06:00:00.000000,Italy,Italy,IT,200.32,261.91,55.85,49.33,,false,""
2024-09-30T07:00:00.000000,Italy,Italy,IT,175.85,235.74,61.25,55.14,,false,""
2024-09-30T08:00:00.000000,Italy,Italy,IT,147.11,202.31,67.92,62.07,,false,""
2024-09-30T09:00:00.000000,Italy,Italy,IT,130.63,183.06,71.96,66.03,,false,""
2024-09-30T10:00:00.000000,Italy,Italy,IT,110.81,159.27,76.76,70.72,,false,""
2024-09-30T11:00:00.000000,Italy,Italy,IT,116.12,166.0,75.43,69.33,,false,""
2024-09-30T12:00:00.000000,Italy,Italy,IT,125.38,176.88,73.35,67.09,,false,""
2024-09-30T13:00:00.000000,Italy,Italy,IT,148.79,205.08,67.68,62.21,,false,""
2024-09-30T14:00:00.000000,Italy,Italy,IT,178.52,240.73,60.51,54.27,,false,""
2024-09-30T15:00:00.000000,Italy,Italy,IT,223.27,295.44,49.44,42.95,,false,""
2024-09-30T16:00:00.000000,Italy,Italy,IT,245.48,320.09,44.23,37.28,,false,""
2024-09-30T17:00:00.000000,Italy,Italy,IT,251.1,323.97,43.48,36.54,,false,""
2024-09-30T18:00:00.000000,Italy,Italy,IT,254.23,328.74,43.22,35.93,,false,""
2024-09-30T19:00:00.000000,Italy,Italy,IT,252.25,328.47,43.72,35.39,,false,""
2024-09-30T20:00:00.000000,Italy,Italy,IT,259.5,337.75,42.48,34.33,,false,""
2024-09-30T21:00:00.000000,Italy,Italy,IT,250.27,326.28,45.07,35.8,,false,""
2024-09-30T22:00:00.000000,Italy,Italy,IT,237.42,309.39,49.0,37.87,,false,""
2024-09-30T23:00:00.000000,Italy,Italy,IT,231.21,301.5,50.86,38.65,,false,""
2024-10-01T00:00:00.000000,Italy,Italy,IT,230.73,301.18,51.06,38.72,,false,""
2024-10-01T01:00:00.000000,Italy,Italy,IT,229.31,299.75,51.19,38.38,,false,""
2024-10-01T02:00:00.000000,Italy,Italy,IT,228.71,298.4,51.47,38.76,,false,""
2024-10-01T03:00:00.000000,Italy,Italy,IT,238.49,311.04,48.71,36.99,,false,""
2024-10-01T04:00:00.000000,Italy,Italy,IT,246.96,321.66,45.48,35.48,,false,""
2024-10-01T05:00:00.000000,Italy,Italy,IT,248.42,321.45,44.9,36.93,,false,""
2024-10-01T06:00:00.000000,Italy,Italy,IT,233.11,303.68,48.31,41.22,,false,""
2024-10-01T07:00:00.000000,Italy,Italy,IT,215.84,284.45,51.66,45.31,,false,""
2024-10-01T08:00:00.000000,Italy,Italy,IT,203.19,271.3,54.38,48.28,,false,""
2024-10-01T09:00:00.000000,Italy,Italy,IT,191.47,257.75,57.13,51.38,,false,""
2024-10-01T10:00:00.000000,Italy,Italy,IT,176.29,239.49,60.95,54.84,,false,""
2024-10-01T11:00:00.000000,Italy,Italy,IT,174.63,237.1,61.34,54.57,,false,""
2024-10-01T12:00:00.000000,Italy,Italy,IT,186.08,250.6,58.65,51.86,,false,""
2024-10-01T13:00:00.000000,Italy,Italy,IT,197.6,264.19,56.02,48.91,,false,""
2024-10-01T14:00:00.000000,Italy,Italy,IT,216.77,286.76,51.68,44.27,,false,""
2024-10-01T15:00:00.000000,Italy,Italy,IT,246.55,324.34,43.58,37.13,,false,""
2024-10-01T16:00:00.000000,Italy,Italy,IT,260.86,340.56,39.83,33.65,,false,""
2024-10-01T17:00:00.000000,Italy,Italy,IT,266.49,346.58,38.58,32.82,,false,""
2024-10-01T18:00:00.000000,Italy,Italy,IT,270.54,352.37,38.29,32.88,,false,""
2024-10-01T19:00:00.000000,Italy,Italy,IT,259.96,339.1,41.38,34.49,,false,""
2024-10-01T20:00:00.000000,Italy,Italy,IT,244.12,318.94,45.77,36.99,,false,""
2024-10-01T21:00:00.000000,Italy,Italy,IT,242.98,317.9,46.13,37.46,,false,""
2024-10-01T22:00:00.000000,Italy,Italy,IT,225.54,296.35,50.46,39.83,,false,""
2024-10-01T23:00:00.000000,Italy,Italy,IT,216.29,284.5,53.03,41.33,,false,""
2024-10-02T00:00:00.000000,Italy,Italy,IT,219.25,288.01,52.81,40.87,,false,""
2024-10-02T01:00:00.000000,Italy,Italy,IT,211.88,278.51,54.86,42.08,,false,""
2024-10-02T02:00:00.000000,Italy,Italy,IT,213.61,280.85,54.33,41.77,,false,""
2024-10-02T03:00:00.000000,Italy,Italy,IT,220.19,290.28,51.82,40.42,,false,""
2024-10-02T04:00:00.000000,Italy,Italy,IT,233.92,308.96,46.77,38.07,,false,""
2024-10-02T05:00:00.000000,Italy,Italy,IT,238.55,312.85,45.82,38.78,,false,""
2024-10-02T06:00:00.000000,Italy,Italy,IT,233.44,305.11,47.59,42.6,,false,""
2024-10-02T07:00:00.000000,Italy,Italy,IT,218.96,289.24,50.82,46.62,,false,""
2024-10-02T08:00:00.000000,Italy,Italy,IT,204.71,272.24,54.18,50.21,,false,""
2024-10-02T09:00:00.000000,Italy,Italy,IT,192.14,257.64,56.99,53.16,,false,""
2024-10-02T10:00:00.000000,Italy,Italy,IT,177.34,239.72,60.69,56.59,,false,""
2024-10-02T11:00:00.000000,Italy,Italy,IT,173.13,234.53,61.67,57.25,,false,""
2024-10-02T12:00:00.000000,Italy,Italy,IT,175.84,237.7,60.96,56.61,,false,""
2024-10-02T13:00:00.000000,Italy,Italy,IT,190.31,255.11,57.54,52.92,,false,""
2024-10-02T14:00:00.000000,Italy,Italy,IT,214.49,284.31,51.89,46.04,,false,""
2024-10-02T15:00:00.000000,Italy,Italy,IT,239.54,315.23,45.38,39.62,,false,""
2024-10-02T16:00:00.000000,Italy,Italy,IT,257.4,335.88,41.47,36.05,,false,""
2024-10-02T17:00:00.000000,Italy,Italy,IT,260.07,337.56,41.02,35.62,,false,""
2024-10-02T18:00:00.000000,Italy,Italy,IT,262.15,341.75,40.67,35.45,,false,""
2024-10-02T19:00:00.000000,Italy,Italy,IT,250.34,327.15,44.0,37.1,,false,""
2024-10-02T20:00:00.000000,Italy,Italy,IT,229.01,298.84,50.52,41.91,,false,""
2024-10-02T21:00:00.000000,Italy,Italy,IT,213.57,278.89,54.86,45.54,,false,""
2024-10-02T22:00:00.000000,Italy,Italy,IT,212.15,276.85,55.48,45.61,,false,""
2024-10-02T23:00:00.000000,Italy,Italy,IT,203.69,267.36,57.43,46.62,,false,""
2024-10-03T00:00:00.000000,Italy,Italy,IT,204.27,267.79,57.64,46.55,,false,""
2024-10-03T01:00:00.000000,Italy,Italy,IT,208.7,273.61,56.57,46.13,,false,""
2024-10-03T02:00:00.000000,Italy,Italy,IT,207.15,272.03,56.64,46.27,,false,""
2024-10-03T03:00:00.000000,Italy,Italy,IT,214.86,282.18,54.28,45.03,,false,""
2024-10-03T04:00:00.000000,Italy,Italy,IT,229.06,299.69,49.79,42.17,,false,""
2024-10-03T05:00:00.000000,Italy,Italy,IT,234.81,306.85,47.55,41.01,,false,""
2024-10-03T06:00:00.000000,Italy,Italy,IT,230.13,300.68,48.21,42.1,,false,""
2024-10-03T07:00:00.000000,Italy,Italy,IT,223.08,292.87,49.75,43.91,,false,""
2024-10-03T08:00:00.000000,Italy,Italy,IT,221.68,292.04,49.87,43.93,,false,""
2024-10-03T09:00:00.000000,Italy,Italy,IT,213.03,280.82,51.74,45.68,,false,""
2024-10-03T10:00:00.000000,Italy,Italy,IT,204.82,272.49,53.44,47.72,,false,""
2024-10-03T11:00:00.000000,Italy,Italy,IT,198.28,264.64,54.99,49.16,,false,""
2024-10-03T12:00:00.000000,Italy,Italy,IT,198.0,264.13,54.87,49.21,,false,""
2024-10-03T13:00:00.000000,Italy,Italy,IT,201.94,268.76,54.08,47.96,,false,""
2024-10-03T14:00:00.000000,Italy,Italy,IT,217.56,287.92,50.27,43.89,,false,""
2024-10-03T15:00:00.000000,Italy,Italy,IT,236.79,311.54,45.55,40.23,,false,""
2024-10-03T16:00:00.000000,Italy,Italy,IT,240.67,316.18,44.54,39.51,,false,""
2024-10-03T17:00:00.000000,Italy,Italy,IT,233.07,306.19,46.4,41.11,,false,""
2024-10-03T18:00:00.000000,Italy,Italy,IT,225.25,296.44,48.86,43.53,,false,""
2024-10-03T19:00:00.000000,Italy,Italy,IT,212.98,280.05,52.85,46.25,,false,""
2024-10-03T20:00:00.000000,Italy,Italy,IT,199.98,263.46,56.66,49.21,,false,""
2024-10-03T21:00:00.000000,Italy,Italy,IT,180.45,238.4,62.13,53.83,,false,""
2024-10-03T22:00:00.000000,Italy,Italy,IT,163.18,217.39,66.33,57.29,,false,""
2024-10-03T23:00:00.000000,Italy,Italy,IT,156.29,209.16,68.03,58.38,,false,""
2024-10-04T00:00:00.000000,Italy,Italy,IT,160.34,214.21,67.16,57.55,,false,""
2024-10-04T01:00:00.000000,Italy,Italy,IT,151.14,202.82,69.31,59.0,,false,""
2024-10-04T02:00:00.000000,Italy,Italy,IT,152.39,204.2,69.21,58.45,,false,""
2024-10-04T03:00:00.000000,Italy,Italy,IT,160.58,214.6,66.98,56.19,,false,""
2024-10-04T04:00:00.000000,Italy,Italy,IT,185.22,246.18,59.94,51.12,,false,""
2024-10-04T05:00:00.000000,Italy,Italy,IT,211.03,277.36,53.45,46.99,,false,""
2024-10-04T06:00:00.000000,Italy,Italy,IT,207.75,271.87,54.24,48.5,,false,""
2024-10-04T07:00:00.000000,Italy,Italy,IT,185.34,246.91,58.93,53.51,,false,""
2024-10-04T08:00:00.000000,Italy,Italy,IT,160.26,218.21,64.22,58.57,,false,""
2024-10-04T09:00:00.000000,Italy,Italy,IT,146.29,200.82,67.94,61.98,,false,""
2024-10-04T10:00:00.000000,Italy,Italy,IT,131.2,182.5,71.57,64.9,,false,""
2024-10-04T11:00:00.000000,Italy,Italy,IT,136.68,189.07,70.17,63.64,,false,""
2024-10-04T12:00:00.000000,Italy,Italy,IT,148.84,203.87,67.32,61.17,,false,""
2024-10-04T13:00:00.000000,Italy,Italy,IT,172.59,232.82,61.61,56.52,,false,""
2024-10-04T14:00:00.000000,Italy,Italy,IT,190.37,254.82,57.1,51.51,,false,""
2024-10-04T15:00:00.000000,Italy,Italy,IT,200.52,267.17,54.64,47.58,,false,""
2024-10-04T16:00:00.000000,Italy,Italy,IT,220.87,291.24,49.77,42.83,,false,""
2024-10-04T17:00:00.000000,Italy,Italy,IT,228.87,299.46,48.48,42.11,,false,""
2024-10-04T18:00:00.000000,Italy,Italy,IT,227.51,298.86,48.67,42.47,,false,""
2024-10-04T19:00:00.000000,Italy,Italy,IT,223.68,293.97,50.2,42.62,,false,""
2024-10-04T20:00:00.000000,Italy,Italy,IT,215.08,283.57,52.71,44.08,,false,""
2024-10-04T21:00:00.000000,Italy,Italy,IT,216.91,285.22,53.11,44.35,,false,""
2024-10-04T22:00:00.000000,Italy,Italy,IT,212.11,278.57,54.9,45.71,,false,""
2024-10-04T23:00:00.000000,Italy,Italy,IT,210.05,275.35,56.03,46.31,,false,""
2024-10-05T00:00:00.000000,Italy,Italy,IT,206.35,271.09,57.03,46.66,,false,""
2024-10-05T01:00:00.000000,Italy,Italy,IT,210.35,276.02,56.14,45.55,,false,""
2024-10-05T02:00:00.000000,Italy,Italy,IT,210.5,276.54,56.02,45.21,,false,""
2024-10-05T03:00:00.000000,Italy,Italy,IT,213.15,280.02,55.21,44.39,,false,""
2024-10-05T04:00:00.000000,Italy,Italy,IT,218.67,285.45,53.54,44.39,,false,""
2024-10-05T05:00:00.000000,Italy,Italy,IT,201.18,263.24,57.29,47.77,,false,""
2024-10-05T06:00:00.000000,Italy,Italy,IT,186.83,247.56,59.96,51.35,,false,""
2024-10-05T07:00:00.000000,Italy,Italy,IT,172.7,230.17,63.09,56.19,,false,""
2024-10-05T08:00:00.000000,Italy,Italy,IT,147.45,200.99,68.96,62.07,,false,""
2024-10-05T09:00:00.000000,Italy,Italy,IT,124.74,174.4,74.31,67.72,,false,""
2024-10-05T10:00:00.000000,Italy,Italy,IT,113.05,161.66,76.22,71.38,,false,""
2024-10-05T11:00:00.000000,Italy,Italy,IT,113.73,163.11,76.02,72.49,,false,""
2024-10-05T12:00:00.000000,Italy,Italy,IT,106.27,153.69,77.73,74.26,,false,""
2024-10-05T13:00:00.000000,Italy,Italy,IT,118.21,167.53,74.99,70.59,,false,""
2024-10-05T14:00:00.000000,Italy,Italy,IT,141.25,194.67,69.93,63.45,,false,""
2024-10-05T15:00:00.000000,Italy,Italy,IT,180.21,241.95,60.73,54.14,,false,""
2024-10-05T16:00:00.000000,Italy,Italy,IT,211.39,277.43,53.59,47.02,,false,""
2024-10-05T17:00:00.000000,Italy,Italy,IT,216.88,283.36,52.52,45.41,,false,""
2024-10-05T18:00:00.000000,Italy,Italy,IT,216.83,283.61,52.83,44.78,,false,""
2024-10-05T19:00:00.000000,Italy,Italy,IT,215.47,283.23,53.06,43.47,,false,""
2024-10-05T20:00:00.000000,Italy,Italy,IT,212.83,279.88,54.34,44.07,,false,""
2024-10-05T21:00:00.000000,Italy,Italy,IT,207.63,273.01,56.01,45.54,,false,""
2024-10-05T22:00:00.000000,Italy,Italy,IT,194.22,256.84,59.61,47.41,,false,""
2024-10-05T23:00:00.000000,Italy,Italy,IT,187.19,248.0,61.78,49.31,,false,""
2024-10-06T00:00:00.000000,Italy,Italy,IT,186.35,245.82,62.84,49.98,,false,""
2024-10-06T01:00:00.000000,Italy,Italy,IT,190.2,250.38,62.19,49.38,,false,""
2024-10-06T02:00:00.000000,Italy,Italy,IT,188.85,248.9,62.5,49.56,,false,""
2024-10-06T03:00:00.000000,Italy,Italy,IT,187.03,246.7,62.81,49.67,,false,""
2024-10-06T04:00:00.000000,Italy,Italy,IT,192.53,253.45,60.86,48.53,,false,""
2024-10-06T05:00:00.000000,Italy,Italy,IT,185.42,244.73,62.03,51.81,,false,""
2024-10-06T06:00:00.000000,Italy,Italy,IT,168.98,224.77,65.64,59.85,,false,""
2024-10-06T07:00:00.000000,Italy,Italy,IT,154.79,209.18,68.78,65.79,,false,""
2024-10-06T08:00:00.000000,Italy,Italy,IT,133.41,184.33,73.25,70.81,,false,""
2024-10-06T09:00:00.000000,Italy,Italy,IT,118.29,167.1,76.3,74.34,,false,""
2024-10-06T10:00:00.000000,Italy,Italy,IT,114.93,164.75,76.5,74.82,,false,""
2024-10-06T11:00:00.000000,Italy,Italy,IT,109.29,158.22,77.65,76.09,,false,""
2024-10-06T12:00:00.000000,Italy,Italy,IT,116.0,166.0,76.19,74.67,,false,""
2024-10-06T13:00:00.000000,Italy,Italy,IT,135.66,189.59,71.74,69.47,,false,""
2024-10-06T14:00:00.000000,Italy,Italy,IT,168.26,227.27,64.69,61.15,,false,""
2024-10-06T15:00:00.000000,Italy,Italy,IT,201.37,266.38,56.65,50.66,,false,""
2024-10-06T16:00:00.000000,Italy,Italy,IT,211.18,276.29,53.85,46.62,,false,""
2024-10-06T17:00:00.000000,Italy,Italy,IT,210.71,272.87,54.67,45.88,,false,""
2024-10-06T18:00:00.000000,Italy,Italy,IT,210.25,272.87,55.18,45.5,,false,""
2024-10-06T19:00:00.000000,Italy,Italy,IT,210.93,275.39,54.78,44.34,,false,""
2024-10-06T20:00:00.000000,Italy,Italy,IT,213.71,279.11,54.66,43.51,,false,""
2024-10-06T21:00:00.000000,Italy,Italy,IT,205.97,268.72,57.41,44.84,,false,""
2024-10-06T22:00:00.000000,Italy,Italy,IT,208.81,272.22,57.11,45.14,,false,""
2024-10-06T23:00:00.000000,Italy,Italy,IT,207.03,269.24,58.34,46.08,,false,""
2024-10-07T00:00:00.000000,Italy,Italy,IT,205.79,267.72,59.0,46.64,,false,""
2024-10-07T01:00:00.000000,Italy,Italy,IT,191.3,251.23,61.56,47.89,,false,""
2024-10-07T02:00:00.000000,Italy,Italy,IT,194.1,255.17,60.35,46.55,,false,""
2024-10-07T03:00:00.000000,Italy,Italy,IT,210.68,276.42,55.46,42.51,,false,""
2024-10-07T04:00:00.000000,Italy,Italy,IT,234.16,306.43,48.23,38.04,,false,""
2024-10-07T05:00:00.000000,Italy,Italy,IT,235.53,306.87,47.48,39.18,,false,""
2024-10-07T06:00:00.000000,Italy,Italy,IT,227.77,296.93,49.16,41.53,,false,""
2024-10-07T07:00:00.000000,Italy,Italy,IT,212.71,279.67,52.26,45.58,,false,""
2024-10-07T08:00:00.000000,Italy,Italy,IT,208.1,276.29,53.05,47.25,,false,""
2024-10-07T09:00:00.000000,Italy,Italy,IT,199.33,266.51,55.27,49.39,,false,""
2024-10-07T10:00:00.000000,Italy,Italy,IT,184.99,249.37,58.93,52.33,,false,""
2024-10-07T11:00:00.000000,Italy,Italy,IT,182.93,247.0,59.43,52.72,,false,""
2024-10-07T12:00:00.000000,Italy,Italy,IT,191.79,257.16,57.47,50.62,,false,""
2024-10-07T13:00:00.000000,Italy,Italy,IT,210.82,280.19,53.09,47.08,,false,""
2024-10-07T14:00:00.000000,Italy,Italy,IT,232.38,306.54,47.99,41.96,,false,""
2024-10-07T15:00:00.000000,Italy,Italy,IT,258.32,338.39,41.12,35.69,,false,""
2024-10-07T16:00:00.000000,Italy,Italy,IT,272.7,355.3,37.89,32.84,,false,""
2024-10-07T17:00:00.000000,Italy,Italy,IT,277.07,359.51,36.99,32.32,,false,""
2024-10-07T18:00:00.000000,Italy,Italy,IT,266.14,346.22,40.11,34.45,,false,""
2024-10-07T19:00:00.000000,Italy,Italy,IT,253.8,330.6,43.7,36.63,,false,""
2024-10-07T20:00:00.000000,Italy,Italy,IT,242.91,316.78,47.05,38.93,,false,""
2024-10-07T21:00:00.000000,Italy,Italy,IT,243.3,317.48,47.43,38.9,,false,""
2024-10-07T22:00:00.000000,Italy,Italy,IT,231.59,302.9,50.94,41.66,,false,""
2024-10-07T23:00:00.000000,Italy,Italy,IT,220.75,289.49,53.71,43.62,,false,""
2024-10-08T00:00:00.000000,Italy,Italy,IT,214.68,281.99,55.33,44.89,,false,""
2024-10-08T01:00:00.000000,Italy,Italy,IT,206.8,271.94,57.37,46.48,,false,""
2024-10-08T02:00:00.000000,Italy,Italy,IT,205.14,269.86,57.83,46.38,,false,""
2024-10-08T03:00:00.000000,Italy,Italy,IT,215.42,282.97,54.87,44.51,,false,""
2024-10-08T04:00:00.000000,Italy,Italy,IT,226.08,297.14,50.59,42.3,,false,""
2024-10-08T05:00:00.000000,Italy,Italy,IT,229.47,301.32,48.86,41.82,,false,""
2024-10-08T06:00:00.000000,Italy,Italy,IT,220.57,290.31,50.69,43.84,,false,""
2024-10-08T07:00:00.000000,Italy,Italy,IT,207.45,274.36,53.52,46.86,,false,""
2024-10-08T08:00:00.000000,Italy,Italy,IT,197.53,263.45,55.48,49.29,,false,""
2024-10-08T09:00:00.000000,Italy,Italy,IT,187.11,250.88,57.83,52.16,,false,""
2024-10-08T10:00:00.000000,Italy,Italy,IT,173.1,233.64,61.17,55.26,,false,""
2024-10-08T11:00:00.000000,Italy,Italy,IT,170.5,230.18,61.84,55.71,,false,""
2024-10-08T12:00:00.000000,Italy,Italy,IT,176.52,237.14,60.46,54.35,,false,""
2024-10-08T13:00:00.000000,Italy,Italy,IT,188.53,251.48,58.0,52.36,,false,""
2024-10-08T14:00:00.000000,Italy,Italy,IT,202.99,269.03,54.93,49.07,,false,""
2024-10-08T15:00:00.000000,Italy,Italy,IT,215.43,285.06,51.77,45.6,,false,""
2024-10-08T16:00:00.000000,Italy,Italy,IT,223.63,294.39,49.61,43.52,,false,""
2024-10-08T17:00:00.000000,Italy,Italy,IT,222.66,291.8,50.26,44.07,,false,""
2024-10-08T18:00:00.000000,Italy,Italy,IT,213.53,280.99,52.94,46.29,,false,""
2024-10-08T19:00:00.000000,Italy,Italy,IT,195.38,256.84,58.48,50.65,,false,""
2024-10-08T20:00:00.000000,Italy,Italy,IT,183.71,241.93,62.35,53.42,,false,""
2024-10-08T21:00:00.000000,Italy,Italy,IT,180.71,238.05,63.61,54.43,,false,""
2024-10-08T22:00:00.000000,Italy,Italy,IT,162.44,214.14,68.2,59.31,,false,""
2024-10-08T23:00:00.000000,Italy,Italy,IT,154.44,204.42,70.03,60.55,,false,""
2024-10-09T00:00:00.000000,Italy,Italy,IT,152.33,202.74,70.56,60.92,,false,""
2024-10-09T01:00:00.000000,Italy,Italy,IT,154.18,205.05,70.23,60.18,,false,""
2024-10-09T02:00:00.000000,Italy,Italy,IT,161.72,214.89,68.26,57.9,,false,""
2024-10-09T03:00:00.000000,Italy,Italy,IT,179.35,235.72,64.43,54.47,,false,""
2024-10-09T04:00:00.000000,Italy,Italy,IT,203.25,266.77,57.43,48.65,,false,""
2024-10-09T05:00:00.000000,Italy,Italy,IT,214.6,279.97,53.97,45.85,,false,""
2024-10-09T06:00:00.000000,Italy,Italy,IT,217.74,283.25,53.43,45.79,,false,""
2024-10-09T07:00:00.000000,Italy,Italy,IT,206.6,270.34,55.71,48.52,,false,""
2024-10-09T08:00:00.000000,Italy,Italy,IT,190.91,253.15,59.19,52.4,,false,""
2024-10-09T09:00:00.000000,Italy,Italy,IT,162.76,219.32,65.63,59.04,,false,""
2024-10-09T10:00:00.000000,Italy,Italy,IT,141.12,193.65,70.4,64.11,,false,""
2024-10-09T11:00:00.000000,Italy,Italy,IT,134.17,184.91,71.84,64.98,,false,""
2024-10-09T12:00:00.000000,Italy,Italy,IT,144.09,196.48,69.5,62.29,,false,""
2024-10-09T13:00:00.000000,Italy,Italy,IT,163.83,220.06,65.19,58.6,,false,""
2024-10-09T14:00:00.000000,Italy,Italy,IT,184.22,244.28,60.43,53.49,,false,""
2024-10-09T15:00:00.000000,Italy,Italy,IT,210.47,276.58,54.25,47.6,,false,""
2024-10-09T16:00:00.000000,Italy,Italy,IT,225.35,294.26,51.12,43.94,,false,""
2024-10-09T17:00:00.000000,Italy,Italy,IT,227.42,295.24,50.64,43.56,,false,""
2024-10-09T18:00:00.000000,Italy,Italy,IT,223.81,291.74,52.02,44.77,,false,""
2024-10-09T19:00:00.000000,Italy,Italy,IT,204.92,268.29,56.96,48.26,,false,""
2024-10-09T20:00:00.000000,Italy,Italy,IT,189.2,248.79,61.01,51.31,,false,""
2024-10-09T21:00:00.000000,Italy,Italy,IT,180.08,237.25,63.45,54.05,,false,""
2024-10-09T22:00:00.000000,Italy,Italy,IT,146.39,194.58,71.68,60.26,,false,""
2024-10-09T23:00:00.000000,Italy,Italy,IT,135.13,181.39,74.56,62.13,,false,""
2024-10-10T00:00:00.000000,Italy,Italy,IT,135.01,180.78,74.76,62.81,,false,""
2024-10-10T01:00:00.000000,Italy,Italy,IT,136.27,183.01,74.86,62.29,,false,""
2024-10-10T02:00:00.000000,Italy,Italy,IT,136.12,183.2,74.77,62.03,,false,""
2024-10-10T03:00:00.000000,Italy,Italy,IT,137.75,185.47,73.84,60.24,,false,""
2024-10-10T04:00:00.000000,Italy,Italy,IT,160.61,213.71,67.33,55.4,,false,""
2024-10-10T05:00:00.000000,Italy,Italy,IT,174.27,229.71,63.44,53.34,,false,""
2024-10-10T06:00:00.000000,Italy,Italy,IT,177.24,232.69,62.75,53.3,,false,""
2024-10-10T07:00:00.000000,Italy,Italy,IT,166.96,220.81,65.34,56.34,,false,""
2024-10-10T08:00:00.000000,Italy,Italy,IT,152.91,205.54,67.91,59.12,,false,""
2024-10-10T09:00:00.000000,Italy,Italy,IT,148.68,201.07,68.76,60.28,,false,""
2024-10-10T10:00:00.000000,Italy,Italy,IT,129.72,178.42,73.2,64.73,,false,""
2024-10-10T11:00:00.000000,Italy,Italy,IT,121.58,169.39,74.91,66.07,,false,""
2024-10-10T12:00:00.000000,Italy,Italy,IT,131.85,181.5,73.04,64.13,,false,""
2024-10-10T13:00:00.000000,Italy,Italy,IT,143.87,195.22,70.64,61.63,,false,""
2024-10-10T14:00:00.000000,Italy,Italy,IT,161.97,217.81,66.15,57.41,,false,""
2024-10-10T15:00:00.000000,Italy,Italy,IT,197.38,261.3,57.51,49.67,,false,""
2024-10-10T16:00:00.000000,Italy,Italy,IT,218.24,285.76,52.4,44.85,,false,""
2024-10-10T17:00:00.000000,Italy,Italy,IT,222.98,290.23,51.83,44.47,,false,""
2024-10-10T18:00:00.000000,Italy,Italy,IT,224.27,291.66,51.8,45.3,,false,""
2024-10-10T19:00:00.000000,Italy,Italy,IT,201.03,263.64,57.75,48.98,,false,""
2024-10-10T20:00:00.000000,Italy,Italy,IT,175.63,231.99,64.21,53.42,,false,""
2024-10-10T21:00:00.000000,Italy,Italy,IT,172.61,228.26,65.36,55.04,,false,""
2024-10-10T22:00:00.000000,Italy,Italy,IT,151.94,202.71,70.89,58.33,,false,""
2024-10-10T23:00:00.000000,Italy,Italy,IT,148.11,196.94,71.84,58.51,,false,""
2024-10-11T00:00:00.000000,Italy,Italy,IT,151.19,201.52,71.04,57.33,,false,""
2024-10-11T01:00:00.000000,Italy,Italy,IT,140.08,187.6,73.37,59.18,,false,""
2024-10-11T02:00:00.000000,Italy,Italy,IT,134.42,181.53,74.42,59.69,,false,""
2024-10-11T03:00:00.000000,Italy,Italy,IT,130.17,177.05,74.43,59.34,,false,""
2024-10-11T04:00:00.000000,Italy,Italy,IT,165.73,220.43,65.68,53.55,,false,""
2024-10-11T05:00:00.000000,Italy,Italy,IT,183.39,240.1,61.32,51.66,,false,""
2024-10-11T06:00:00.000000,Italy,Italy,IT,180.89,235.94,62.43,54.29,,false,""
2024-10-11T07:00:00.000000,Italy,Italy,IT,155.77,207.82,67.56,60.48,,false,""
2024-10-11T08:00:00.000000,Italy,Italy,IT,131.67,180.27,73.31,66.52,,false,""
2024-10-11T09:00:00.000000,Italy,Italy,IT,118.46,165.09,76.55,70.19,,false,""
2024-10-11T10:00:00.000000,Italy,Italy,IT,114.97,161.85,77.05,72.17,,false,""
2024-10-11T11:00:00.000000,Italy,Italy,IT,111.38,157.53,78.16,73.08,,false,""
2024-10-11T12:00:00.000000,Italy,Italy,IT,110.3,156.38,78.12,71.66,,false,""
2024-10-11T13:00:00.000000,Italy,Italy,IT,122.14,170.71,75.31,67.41,,false,""
2024-10-11T14:00:00.000000,Italy,Italy,IT,151.49,205.48,68.55,59.96,,false,""
2024-10-11T15:00:00.000000,Italy,Italy,IT,200.15,263.94,56.66,48.85,,false,""
2024-10-11T16:00:00.000000,Italy,Italy,IT,217.18,282.83,52.9,44.64,,false,""
2024-10-11T17:00:00.000000,Italy,Italy,IT,226.84,293.64,50.94,42.98,,false,""
2024-10-11T18:00:00.000000,Italy,Italy,IT,224.33,292.12,51.68,42.99,,false,""
2024-10-11T19:00:00.000000,Italy,Italy,IT,214.3,278.98,54.49,44.06,,false,""
2024-10-11T20:00:00.000000,Italy,Italy,IT,198.81,258.82,58.83,46.61,,false,""
2024-10-11T21:00:00.000000,Italy,Italy,IT,194.18,253.12,59.99,47.71,,false,""
2024-10-11T22:00:00.000000,Italy,Italy,IT,179.53,233.95,64.18,51.31,,false,""
2024-10-11T23:00:00.000000,Italy,Italy,IT,180.89,235.62,64.75,50.9,,false,""
2024-10-12T00:00:00.000000,Italy,Italy,IT,180.96,234.73,65.52,51.39,,false,""
2024-10-12T01:00:00.000000,Italy,Italy,IT,185.0,241.4,64.69,51.04,,false,""
2024-10-12T02:00:00.000000,Italy,Italy,IT,179.12,234.16,65.74,51.67,,false,""
2024-10-12T03:00:00.000000,Italy,Italy,IT,177.37,232.87,65.38,51.56,,false,""
2024-10-12T04:00:00.000000,Italy,Italy,IT,182.88,238.82,63.94,50.13,,false,""
2024-10-12T05:00:00.000000,Italy,Italy,IT,192.0,247.47,61.61,50.34,,false,""
2024-10-12T06:00:00.000000,Italy,Italy,IT,170.19,222.03,66.86,56.75,,false,""
2024-10-12T07:00:00.000000,Italy,Italy,IT,140.98,189.03,73.03,64.56,,false,""
2024-10-12T08:00:00.000000,Italy,Italy,IT,113.03,158.31,78.84,71.4,,false,""
2024-10-12T09:00:00.000000,Italy,Italy,IT,99.05,143.56,81.48,75.03,,false,""
2024-10-12T10:00:00.000000,Italy,Italy,IT,96.8,141.15,81.92,77.08,,false,""
2024-10-12T11:00:00.000000,Italy,Italy,IT,96.99,140.79,82.15,77.81,,false,""
2024-10-12T12:00:00.000000,Italy,Italy,IT,102.21,146.71,81.0,76.19,,false,""
2024-10-12T13:00:00.000000,Italy,Italy,IT,109.32,155.25,79.46,72.89,,false,""
2024-10-12T14:00:00.000000,Italy,Italy,IT,136.21,186.67,72.84,65.08,,false,""
2024-10-12T15:00:00.000000,Italy,Italy,IT,176.33,233.4,62.97,53.93,,false,""
2024-10-12T16:00:00.000000,Italy,Italy,IT,192.8,251.01,59.96,49.82,,false,""
2024-10-12T17:00:00.000000,Italy,Italy,IT,201.25,260.94,58.49,48.48,,false,""
2024-10-12T18:00:00.000000,Italy,Italy,IT,199.18,258.17,59.51,48.3,,false,""
2024-10-12T19:00:00.000000,Italy,Italy,IT,189.3,248.15,61.86,49.28,,false,""
2024-10-12T20:00:00.000000,Italy,Italy,IT,187.58,246.75,62.96,50.21,,false,""
2024-10-12T21:00:00.000000,Italy,Italy,IT,195.98,257.44,61.66,51.16,,false,""
2024-10-12T22:00:00.000000,Italy,Italy,IT,192.59,253.03,62.46,54.15,,false,""
2024-10-12T23:00:00.000000,Italy,Italy,IT,181.85,239.35,64.81,57.1,,false,""
2024-10-13T00:00:00.000000,Italy,Italy,IT,181.52,239.02,65.56,57.54,,false,""
2024-10-13T01:00:00.000000,Italy,Italy,IT,183.79,241.35,65.77,57.53,,false,""
2024-10-13T02:00:00.000000,Italy,Italy,IT,179.88,237.27,66.62,57.77,,false,""
2024-10-13T03:00:00.000000,Italy,Italy,IT,170.83,227.04,68.08,59.5,,false,""
2024-10-13T04:00:00.000000,Italy,Italy,IT,173.25,228.71,66.77,58.84,,false,""
2024-10-13T05:00:00.000000,Italy,Italy,IT,176.27,231.7,66.03,59.22,,false,""
2024-10-13T06:00:00.000000,Italy,Italy,IT,157.22,210.52,70.01,63.71,,false,""
2024-10-13T07:00:00.000000,Italy,Italy,IT,135.94,186.17,74.27,70.21,,false,""
2024-10-13T08:00:00.000000,Italy,Italy,IT,115.63,163.04,78.45,76.14,,false,""
2024-10-13T09:00:00.000000,Italy,Italy,IT,105.81,152.45,80.16,78.83,,false,""
2024-10-13T10:00:00.000000,Italy,Italy,IT,99.3,145.05,81.32,80.06,,false,""
2024-10-13T11:00:00.000000,Italy,Italy,IT,89.42,133.48,83.44,82.41,,false,""
2024-10-13T12:00:00.000000,Italy,Italy,IT,90.45,135.29,83.03,81.91,,false,""
2024-10-13T13:00:00.000000,Italy,Italy,IT,108.38,156.17,78.88,77.16,,false,""
2024-10-13T14:00:00.000000,Italy,Italy,IT,139.03,191.74,72.43,69.21,,false,""
2024-10-13T15:00:00.000000,Italy,Italy,IT,174.88,233.0,63.71,57.02,,false,""
2024-10-13T16:00:00.000000,Italy,Italy,IT,195.02,257.25,58.61,51.24,,false,""
2024-10-13T17:00:00.000000,Italy,Italy,IT,192.8,252.68,58.56,50.85,,false,""
2024-10-13T18:00:00.000000,Italy,Italy,IT,184.07,242.58,60.48,51.05,,false,""
2024-10-13T19:00:00.000000,Italy,Italy,IT,188.93,249.07,59.68,51.55,,false,""
2024-10-13T20:00:00.000000,Italy,Italy,IT,190.65,251.72,59.59,49.41,,false,""
2024-10-13T21:00:00.000000,Italy,Italy,IT,191.57,254.56,60.04,52.59,,false,""
2024-10-13T22:00:00.000000,Italy,Italy,IT,177.47,236.9,63.44,53.47,,false,""
2024-10-13T23:00:00.000000,Italy,Italy,IT,174.73,233.86,64.4,53.83,,false,""
2024-10-14T00:00:00.000000,Italy,Italy,IT,176.19,234.84,64.46,53.58,,false,""
2024-10-14T01:00:00.000000,Italy,Italy,IT,173.91,232.87,64.71,51.49,,false,""
2024-10-14T02:00:00.000000,Italy,Italy,IT,182.36,243.64,62.45,48.87,,false,""
2024-10-14T03:00:00.000000,Italy,Italy,IT,205.91,274.39,56.95,50.34,,false,""
2024-10-14T04:00:00.000000,Italy,Italy,IT,211.18,281.35,53.48,45.11,,false,""
2024-10-14T05:00:00.000000,Italy,Italy,IT,234.18,307.28,47.56,41.66,,false,""
2024-10-14T06:00:00.000000,Italy,Italy,IT,220.31,290.08,51.14,44.86,,false,""
2024-10-14T07:00:00.000000,Italy,Italy,IT,205.97,274.14,54.57,48.78,,false,""
2024-10-14T08:00:00.000000,Italy,Italy,IT,186.6,250.34,59.81,52.95,,false,""
2024-10-14T09:00:00.000000,Italy,Italy,IT,174.1,235.99,62.51,55.85,,false,""
2024-10-14T10:00:00.000000,Italy,Italy,IT,167.97,228.9,63.69,57.13,,false,""
2024-10-14T11:00:00.000000,Italy,Italy,IT,162.88,223.19,64.64,57.95,,false,""
2024-10-14T12:00:00.000000,Italy,Italy,IT,169.63,230.95,63.25,56.41,,false,""
2024-10-14T13:00:00.000000,Italy,Italy,IT,184.09,248.47,59.77,53.15,,false,""
2024-10-14T14:00:00.000000,Italy,Italy,IT,214.95,286.55,51.54,45.62,,false,""
2024-10-14T15:00:00.000000,Italy,Italy,IT,254.71,335.8,41.59,36.01,,false,""
2024-10-14T16:00:00.000000,Italy,Italy,IT,269.41,352.6,38.63,33.15,,false,""
2024-10-14T17:00:00.000000,Italy,Italy,IT,277.42,361.88,36.59,31.78,,false,""
2024-10-14T18:00:00.000000,Italy,Italy,IT,276.83,360.95,36.94,32.62,,false,""
2024-10-14T19:00:00.000000,Italy,Italy,IT,253.14,332.37,43.21,36.0,,false,""
2024-10-14T20:00:00.000000,Italy,Italy,IT,237.37,311.97,47.7,38.94,,false,""
2024-10-14T21:00:00.000000,Italy,Italy,IT,228.53,301.19,50.11,40.68,,false,""
2024-10-14T22:00:00.000000,Italy,Italy,IT,202.89,268.77,56.72,44.67,,false,""
2024-10-14T23:00:00.000000,Italy,Italy,IT,199.5,264.61,57.81,43.76,,false,""
2024-10-15T00:00:00.000000,Italy,Italy,IT,201.11,267.31,57.65,43.73,,false,""
2024-10-15T01:00:00.000000,Italy,Italy,IT,198.79,264.42,58.27,44.09,,false,""
2024-10-15T02:00:00.000000,Italy,Italy,IT,200.49,267.01,57.42,43.05,,false,""
2024-10-15T03:00:00.000000,Italy,Italy,IT,210.45,280.18,54.15,41.15,,false,""
2024-10-15T04:00:00.000000,Italy,Italy,IT,233.47,308.07,47.68,37.87,,false,""
2024-10-15T05:00:00.000000,Italy,Italy,IT,237.77,311.58,46.21,37.71,,false,""
2024-10-15T06:00:00.000000,Italy,Italy,IT,224.7,296.06,49.26,41.06,,false,""
2024-10-15T07:00:00.000000,Italy,Italy,IT,207.63,276.03,53.92,46.29,,false,""
2024-10-15T08:00:00.000000,Italy,Italy,IT,175.86,236.96,62.29,53.53,,false,""
2024-10-15T09:00:00.000000,Italy,Italy,IT,162.2,220.83,65.55,56.8,,false,""
2024-10-15T10:00:00.000000,Italy,Italy,IT,155.76,214.1,66.79,58.4,,false,""
2024-10-15T11:00:00.000000,Italy,Italy,IT,153.08,210.69,67.26,58.28,,false,""
2024-10-15T12:00:00.000000,Italy,Italy,IT,161.2,220.79,65.22,56.06,,false,""
2024-10-15T13:00:00.000000,Italy,Italy,IT,175.93,238.15,61.99,53.08,,false,""
2024-10-15T14:00:00.000000,Italy,Italy,IT,209.74,279.44,53.59,44.81,,false,""
2024-10-15T15:00:00.000000,Italy,Italy,IT,240.88,318.17,44.9,37.2,,false,""
2024-10-15T16:00:00.000000,Italy,Italy,IT,248.91,326.78,43.29,35.58,,false,""
2024-10-15T17:00:00.000000,Italy,Italy,IT,249.55,325.3,43.63,35.64,,false,""
2024-10-15T18:00:00.000000,Italy,Italy,IT,250.05,327.74,43.22,35.03,,false,""
2024-10-15T19:00:00.000000,Italy,Italy,IT,232.67,305.7,48.01,37.9,,false,""
2024-10-15T20:00:00.000000,Italy,Italy,IT,218.46,287.86,52.13,40.53,,false,""
2024-10-15T21:00:00.000000,Italy,Italy,IT,211.25,279.16,54.17,42.32,,false,""
2024-10-15T22:00:00.000000,Italy,Italy,IT,203.2,269.01,56.53,44.13,,false,""
2024-10-15T23:00:00.000000,Italy,Italy,IT,198.62,263.26,58.11,45.07,,false,""
2024-10-16T00:00:00.000000,Italy,Italy,IT,194.23,258.01,59.12,45.99,,false,""
2024-10-16T01:00:00.000000,Italy,Italy,IT,190.5,253.47,60.16,46.73,,false,""
2024-10-16T02:00:00.000000,Italy,Italy,IT,198.96,263.99,58.87,45.99,,false,""
2024-10-16T03:00:00.000000,Italy,Italy,IT,208.48,274.8,56.54,44.13,,false,""
2024-10-16T04:00:00.000000,Italy,Italy,IT,228.28,300.33,50.14,39.53,,false,""
2024-10-16T05:00:00.000000,Italy,Italy,IT,260.03,338.59,41.62,35.11,,false,""
2024-10-16T06:00:00.000000,Italy,Italy,IT,252.86,329.49,43.32,36.89,,false,""
2024-10-16T07:00:00.000000,Italy,Italy,IT,235.27,308.42,47.27,40.68,,false,""
2024-10-16T08:00:00.000000,Italy,Italy,IT,227.63,300.47,48.99,42.97,,false,""
2024-10-16T09:00:00.000000,Italy,Italy,IT,221.46,293.67,50.36,45.26,,false,""
2024-10-16T10:00:00.000000,Italy,Italy,IT,211.87,281.9,52.95,48.14,,false,""
2024-10-16T11:00:00.000000,Italy,Italy,IT,213.63,284.19,52.7,47.67,,false,""
2024-10-16T12:00:00.000000,Italy,Italy,IT,222.24,294.57,50.44,45.2,,false,""
2024-10-16T13:00:00.000000,Italy,Italy,IT,235.43,309.86,47.28,41.35,,false,""
2024-10-16T14:00:00.000000,Italy,Italy,IT,246.8,324.5,44.18,37.96,,false,""
2024-10-16T15:00:00.000000,Italy,Italy,IT,253.06,332.39,42.3,35.85,,false,""
2024-10-16T16:00:00.000000,Italy,Italy,IT,248.32,325.89,43.47,36.05,,false,""
2024-10-16T17:00:00.000000,Italy,Italy,IT,247.39,324.26,44.05,36.98,,false,""
2024-10-16T18:00:00.000000,Italy,Italy,IT,240.83,316.82,45.82,37.32,,false,""
2024-10-16T19:00:00.000000,Italy,Italy,IT,224.44,296.1,49.72,39.78,,false,""
2024-10-16T20:00:00.000000,Italy,Italy,IT,210.62,278.62,53.45,42.79,,false,""
2024-10-16T21:00:00.000000,Italy,Italy,IT,199.27,264.31,56.75,45.82,,false,""
2024-10-16T22:00:00.000000,Italy,Italy,IT,199.02,263.81,57.69,47.06,,false,""
2024-10-16T23:00:00.000000,Italy,Italy,IT,192.57,255.79,59.67,48.82,,false,""
2024-10-17T00:00:00.000000,Italy,Italy,IT,185.72,246.91,61.65,50.78,,false,""
2024-10-17T01:00:00.000000,Italy,Italy,IT,190.42,253.45,60.46,50.19,,false,""
2024-10-17T02:00:00.000000,Italy,Italy,IT,190.84,254.03,60.08,49.97,,false,""
2024-10-17T03:00:00.000000,Italy,Italy,IT,193.33,257.13,58.63,48.14,,false,""
2024-10-17T04:00:00.000000,Italy,Italy,IT,212.61,281.45,52.63,43.12,,false,""
2024-10-17T05:00:00.000000,Italy,Italy,IT,231.47,304.4,47.7,39.87,,false,""
2024-10-17T06:00:00.000000,Italy,Italy,IT,239.33,312.69,46.01,39.87,,false,""
2024-10-17T07:00:00.000000,Italy,Italy,IT,229.72,300.85,48.73,42.7,,false,""
2024-10-17T08:00:00.000000,Italy,Italy,IT,224.91,296.52,49.89,44.07,,false,""
2024-10-17T09:00:00.000000,Italy,Italy,IT,217.9,287.91,51.56,46.0,,false,""
2024-10-17T10:00:00.000000,Italy,Italy,IT,213.7,283.0,52.78,47.61,,false,""
2024-10-17T11:00:00.000000,Italy,Italy,IT,219.17,289.79,51.54,46.37,,false,""
2024-10-17T12:00:00.000000,Italy,Italy,IT,217.18,287.27,51.9,46.23,,false,""
2024-10-17T13:00:00.000000,Italy,Italy,IT,224.68,296.41,50.06,43.84,,false,""
2024-10-17T14:00:00.000000,Italy,Italy,IT,236.95,311.46,47.07,40.21,,false,""
2024-10-17T15:00:00.000000,Italy,Italy,IT,246.63,322.87,44.98,37.93,,false,""
2024-10-17T16:00:00.000000,Italy,Italy,IT,252.9,328.98,43.65,37.17,,false,""
2024-10-17T17:00:00.000000,Italy,Italy,IT,253.77,328.78,43.85,37.95,,false,""
2024-10-17T18:00:00.000000,Italy,Italy,IT,239.5,312.03,47.64,40.28,,false,""
2024-10-17T19:00:00.000000,Italy,Italy,IT,234.36,305.89,49.21,41.43,,false,""
2024-10-17T20:00:00.000000,Italy,Italy,IT,218.12,285.38,53.7,44.88,,false,""
2024-10-17T21:00:00.000000,Italy,Italy,IT,211.45,276.95,55.82,46.72,,false,""
2024-10-17T22:00:00.000000,Italy,Italy,IT,217.93,284.25,54.95,46.45,,false,""
2024-10-17T23:00:00.000000,Italy,Italy,IT,211.46,276.1,56.93,48.1,,false,""
2024-10-18T00:00:00.000000,Italy,Italy,IT,202.41,264.74,59.35,50.47,,false,""
2024-10-18T01:00:00.000000,Italy,Italy,IT,209.28,272.76,57.97,48.91,,false,""
2024-10-18T02:00:00.000000,Italy,Italy,IT,209.69,273.21,58.05,48.69,,false,""
2024-10-18T03:00:00.000000,Italy,Italy,IT,214.82,280.03,56.19,47.26,,false,""
2024-10-18T04:00:00.000000,Italy,Italy,IT,219.43,287.87,52.72,44.53,,false,""
2024-10-18T05:00:00.000000,Italy,Italy,IT,238.41,310.83,47.14,39.72,,false,""
2024-10-18T06:00:00.000000,Italy,Italy,IT,230.69,301.37,49.27,42.9,,false,""
2024-10-18T07:00:00.000000,Italy,Italy,IT,230.7,301.33,49.29,44.33,,false,""
2024-10-18T08:00:00.000000,Italy,Italy,IT,229.41,300.34,49.48,44.65,,false,""
2024-10-18T09:00:00.000000,Italy,Italy,IT,211.46,278.55,53.65,49.05,,false,""
2024-10-18T10:00:00.000000,Italy,Italy,IT,205.88,272.49,54.88,49.86,,false,""
2024-10-18T11:00:00.000000,Italy,Italy,IT,202.39,268.69,55.87,50.7,,false,""
2024-10-18T12:00:00.000000,Italy,Italy,IT,206.19,273.03,55.04,49.62,,false,""
2024-10-18T13:00:00.000000,Italy,Italy,IT,207.65,273.96,55.38,49.01,,false,""
2024-10-18T14:00:00.000000,Italy,Italy,IT,217.35,286.35,52.23,45.63,,false,""
2024-10-18T15:00:00.000000,Italy,Italy,IT,225.93,297.86,49.35,41.17,,false,""
2024-10-18T16:00:00.000000,Italy,Italy,IT,226.93,297.44,48.98,40.11,,false,""
2024-10-18T17:00:00.000000,Italy,Italy,IT,222.4,292.44,50.26,41.11,,false,""
2024-10-18T18:00:00.000000,Italy,Italy,IT,220.94,291.01,51.18,42.0,,false,""
2024-10-18T19:00:00.000000,Italy,Italy,IT,209.88,276.86,54.44,44.55,,false,""
2024-10-18T20:00:00.000000,Italy,Italy,IT,196.17,259.01,58.44,47.27,,false,""
2024-10-18T21:00:00.000000,Italy,Italy,IT,181.97,241.01,61.99,50.12,,false,""
2024-10-18T22:00:00.000000,Italy,Italy,IT,173.02,228.95,65.07,52.14,,false,""
2024-10-18T23:00:00.000000,Italy,Italy,IT,167.66,221.55,67.31,53.37,,false,""
2024-10-19T00:00:00.000000,Italy,Italy,IT,168.34,222.02,67.45,53.34,,false,""
2024-10-19T01:00:00.000000,Italy,Italy,IT,172.03,226.07,67.02,53.52,,false,""
2024-10-19T02:00:00.000000,Italy,Italy,IT,171.84,226.14,66.9,53.56,,false,""
2024-10-19T03:00:00.000000,Italy,Italy,IT,167.54,220.61,67.7,55.1,,false,""
2024-10-19T04:00:00.000000,Italy,Italy,IT,167.79,220.37,67.23,54.16,,false,""
2024-10-19T05:00:00.000000,Italy,Italy,IT,171.25,226.06,65.28,53.39,,false,""
2024-10-19T06:00:00.000000,Italy,Italy,IT,173.94,229.37,64.64,53.76,,false,""
2024-10-19T07:00:00.000000,Italy,Italy,IT,183.15,240.03,62.44,52.95,,false,""
2024-10-19T08:00:00.000000,Italy,Italy,IT,172.57,227.86,64.55,55.6,,false,""
2024-10-19T09:00:00.000000,Italy,Italy,IT,162.36,216.25,66.58,57.96,,false,""
2024-10-19T10:00:00.000000,Italy,Italy,IT,161.76,215.92,66.99,58.99,,false,""
2024-10-19T11:00:00.000000,Italy,Italy,IT,150.88,202.65,69.67,60.97,,false,""
2024-10-19T12:00:00.000000,Italy,Italy,IT,156.43,209.44,68.48,59.42,,false,""
2024-10-19T13:00:00.000000,Italy,Italy,IT,159.58,213.01,68.03,58.73,,false,""
2024-10-19T14:00:00.000000,Italy,Italy,IT,159.91,214.23,67.4,57.27,,false,""
2024-10-19T15:00:00.000000,Italy,Italy,IT,169.99,226.51,64.3,53.39,,false,""
2024-10-19T16:00:00.000000,Italy,Italy,IT,175.04,231.9,62.96,51.32,,false,""
2024-10-19T17:00:00.000000,Italy,Italy,IT,174.68,229.94,63.8,51.53,,false,""
2024-10-19T18:00:00.000000,Italy,Italy,IT,172.5,227.13,64.9,51.86,,false,""
2024-10-19T19:00:00.000000,Italy,Italy,IT,178.54,234.5,63.94,50.77,,false,""
2024-10-19T20:00:00.000000,Italy,Italy,IT,170.21,224.68,66.07,52.0,,false,""
2024-10-19T21:00:00.000000,Italy,Italy,IT,170.84,224.73,66.18,52.94,,false,""
2024-10-19T22:00:00.000000,Italy,Italy,IT,167.79,222.45,66.41,55.12,,false,""
2024-10-19T23:00:00.000000,Italy,Italy,IT,158.51,212.3,67.92,57.97,,false,""
2024-10-20T00:00:00.000000,Italy,Italy,IT,172.88,230.65,64.53,57.49,,false,""
2024-10-20T01:00:00.000000,Italy,Italy,IT,182.32,242.17,62.43,56.91,,false,""
2024-10-20T02:00:00.000000,Italy,Italy,IT,185.18,245.88,62.49,57.5,,false,""
2024-10-20T03:00:00.000000,Italy,Italy,IT,182.95,242.59,62.82,57.51,,false,""
2024-10-20T04:00:00.000000,Italy,Italy,IT,186.05,245.81,61.97,56.56,,false,""
2024-10-20T05:00:00.000000,Italy,Italy,IT,183.87,243.14,62.13,56.85,,false,""
2024-10-20T06:00:00.000000,Italy,Italy,IT,180.2,238.95,62.9,57.91,,false,""
2024-10-20T07:00:00.000000,Italy,Italy,IT,166.95,222.99,65.66,60.57,,false,""
2024-10-20T08:00:00.000000,Italy,Italy,IT,147.89,200.56,69.3,65.03,,false,""
2024-10-20T09:00:00.000000,Italy,Italy,IT,142.22,194.64,70.76,67.19,,false,""
2024-10-20T10:00:00.000000,Italy,Italy,IT,133.67,185.18,72.32,69.59,,false,""
2024-10-20T11:00:00.000000,Italy,Italy,IT,131.34,182.5,73.1,71.09,,false,""
2024-10-20T12:00:00.000000,Italy,Italy,IT,130.2,181.39,73.51,71.5,,false,""
2024-10-20T13:00:00.000000,Italy,Italy,IT,133.14,185.88,71.92,68.72,,false,""
2024-10-20T14:00:00.000000,Italy,Italy,IT,147.1,202.81,68.1,63.53,,false,""
2024-10-20T15:00:00.000000,Italy,Italy,IT,170.09,229.85,62.83,57.12,,false,""
2024-10-20T16:00:00.000000,Italy,Italy,IT,177.21,236.81,61.21,53.18,,false,""
2024-10-20T17:00:00.000000,Italy,Italy,IT,174.54,232.35,61.94,52.02,,false,""
2024-10-20T18:00:00.000000,Italy,Italy,IT,169.25,227.17,63.32,52.01,,false,""
2024-10-20T19:00:00.000000,Italy,Italy,IT,169.66,227.75,63.4,53.35,,false,""
2024-10-20T20:00:00.000000,Italy,Italy,IT,174.55,233.93,62.53,53.37,,false,""
2024-10-20T21:00:00.000000,Italy,Italy,IT,180.37,241.71,61.7,54.31,,false,""
2024-10-20T22:00:00.000000,Italy,Italy,IT,164.72,222.26,66.07,56.55,,false,""
2024-10-20T23:00:00.000000,Italy,Italy,IT,165.11,222.3,66.62,56.03,,false,""
2024-10-21T00:00:00.000000,Italy,Italy,IT,170.21,229.13,65.58,55.13,,false,""
2024-10-21T01:00:00.000000,Italy,Italy,IT,174.92,234.94,64.6,53.61,,false,""
2024-10-21T02:00:00.000000,Italy,Italy,IT,171.62,230.7,65.08,53.15,,false,""
2024-10-21T03:00:00.000000,Italy,Italy,IT,176.41,237.16,63.13,50.26,,false,""
2024-10-21T04:00:00.000000,Italy,Italy,IT,198.23,263.72,56.26,43.8,,false,""
2024-10-21T05:00:00.000000,Italy,Italy,IT,208.98,275.01,53.7,43.16,,false,""
2024-10-21T06:00:00.000000,Italy,Italy,IT,203.02,266.75,55.15,46.88,,false,""
2024-10-21T07:00:00.000000,Italy,Italy,IT,197.71,261.69,56.7,49.76,,false,""
2024-10-21T08:00:00.000000,Italy,Italy,IT,184.23,245.83,60.26,53.2,,false,""
2024-10-21T09:00:00.000000,Italy,Italy,IT,182.72,245.38,60.42,54.37,,false,""
2024-10-21T10:00:00.000000,Italy,Italy,IT,162.05,220.01,66.19,59.1,,false,""
2024-10-21T11:00:00.000000,Italy,Italy,IT,165.43,225.0,65.03,58.08,,false,""
2024-10-21T12:00:00.000000,Italy,Italy,IT,179.17,241.86,61.5,54.62,,false,""
2024-10-21T13:00:00.000000,Italy,Italy,IT,185.12,249.26,59.56,52.19,,false,""
2024-10-21T14:00:00.000000,Italy,Italy,IT,205.32,274.84,53.93,45.98,,false,""
2024-10-21T15:00:00.000000,Italy,Italy,IT,232.25,308.07,46.94,38.7,,false,""
2024-10-21T16:00:00.000000,Italy,Italy,IT,243.75,320.03,43.89,36.83,,false,""
2024-10-21T17:00:00.000000,Italy,Italy,IT,243.92,319.56,44.06,37.2,,false,""
2024-10-21T18:00:00.000000,Italy,Italy,IT,245.38,323.13,43.81,36.2,,false,""
2024-10-21T19:00:00.000000,Italy,Italy,IT,236.26,312.43,46.32,37.73,,false,""
2024-10-21T20:00:00.000000,Italy,Italy,IT,222.95,295.61,50.07,40.47,,false,""
2024-10-21T21:00:00.000000,Italy,Italy,IT,215.75,286.72,52.4,41.9,,false,""
2024-10-21T22:00:00.000000,Italy,Italy,IT,205.61,273.61,55.49,44.47,,false,""
2024-10-21T23:00:00.000000,Italy,Italy,IT,201.65,268.67,56.79,44.79,,false,""
2024-10-22T00:00:00.000000,Italy,Italy,IT,195.87,261.53,58.25,45.58,,false,""
2024-10-22T01:00:00.000000,Italy,Italy,IT,197.43,263.68,57.78,45.44,,false,""
2024-10-22T02:00:00.000000,Italy,Italy,IT,198.33,265.1,57.35,44.41,,false,""
2024-10-22T03:00:00.000000,Italy,Italy,IT,205.94,275.27,54.6,41.99,,false,""
2024-10-22T04:00:00.000000,Italy,Italy,IT,232.82,309.29,46.32,36.24,,false,""
2024-10-22T05:00:00.000000,Italy,Italy,IT,250.28,329.8,41.72,34.2,,false,""
2024-10-22T06:00:00.000000,Italy,Italy,IT,252.4,332.71,41.54,35.58,,false,""
2024-10-22T07:00:00.000000,Italy,Italy,IT,239.31,316.34,45.23,39.82,,false,""
2024-10-22T08:00:00.000000,Italy,Italy,IT,221.65,294.62,49.97,44.19,,false,""
2024-10-22T09:00:00.000000,Italy,Italy,IT,212.96,284.04,52.43,46.59,,false,""
2024-10-22T10:00:00.000000,Italy,Italy,IT,201.54,269.57,55.52,49.34,,false,""
2024-10-22T11:00:00.000000,Italy,Italy,IT,204.48,273.46,55.1,48.81,,false,""
2024-10-22T12:00:00.000000,Italy,Italy,IT,217.22,289.0,51.79,45.11,,false,""
2024-10-22T13:00:00.000000,Italy,Italy,IT,234.38,310.38,47.13,40.45,,false,""
2024-10-22T14:00:00.000000,Italy,Italy,IT,251.25,332.04,42.09,35.32,,false,""
2024-10-22T15:00:00.000000,Italy,Italy,IT,260.97,344.46,39.37,31.9,,false,""
2024-10-22T16:00:00.000000,Italy,Italy,IT,260.28,342.39,39.47,31.93,,false,""
2024-10-22T17:00:00.000000,Italy,Italy,IT,258.69,338.91,40.41,33.01,,false,""
2024-10-22T18:00:00.000000,Italy,Italy,IT,260.53,343.16,39.86,32.22,,false,""
2024-10-22T19:00:00.000000,Italy,Italy,IT,247.48,326.45,43.68,34.42,,false,""
2024-10-22T20:00:00.000000,Italy,Italy,IT,236.27,312.04,47.27,36.93,,false,""
2024-10-22T21:00:00.000000,Italy,Italy,IT,233.89,309.01,48.54,37.65,,false,""
2024-10-22T22:00:00.000000,Italy,Italy,IT,202.26,268.73,56.43,42.39,,false,""
2024-10-22T23:00:00.000000,Italy,Italy,IT,194.99,259.06,58.28,43.25,,false,""
2024-10-23T00:00:00.000000,Italy,Italy,IT,197.58,261.95,58.2,42.85,,false,""
2024-10-23T01:00:00.000000,Italy,Italy,IT,198.9,263.85,57.99,42.59,,false,""
2024-10-23T02:00:00.000000,Italy,Italy,IT,198.06,262.81,58.02,42.83,,false,""
2024-10-23T03:00:00.000000,Italy,Italy,IT,205.15,272.95,55.04,40.96,,false,""
2024-10-23T04:00:00.000000,Italy,Italy,IT,225.41,298.76,48.75,37.32,,false,""
2024-10-23T05:00:00.000000,Italy,Italy,IT,262.32,344.6,39.53,32.21,,false,""
2024-10-23T06:00:00.000000,Italy,Italy,IT,263.25,345.41,39.46,33.36,,false,""
2024-10-23T07:00:00.000000,Italy,Italy,IT,245.71,323.18,44.1,37.69,,false,""
2024-10-23T08:00:00.000000,Italy,Italy,IT,239.64,316.45,45.72,39.35,,false,""
2024-10-23T09:00:00.000000,Italy,Italy,IT,230.27,305.02,47.85,41.3,,false,""
2024-10-23T10:00:00.000000,Italy,Italy,IT,221.14,294.81,49.78,42.89,,false,""
2024-10-23T11:00:00.000000,Italy,Italy,IT,218.95,291.96,50.35,43.26,,false,""
2024-10-23T12:00:00.000000,Italy,Italy,IT,230.1,305.82,47.22,40.57,,false,""
2024-10-23T13:00:00.000000,Italy,Italy,IT,239.86,317.86,44.88,37.96,,false,""
2024-10-23T14:00:00.000000,Italy,Italy,IT,249.5,329.94,42.1,34.82,,false,""
2024-10-23T15:00:00.000000,Italy,Italy,IT,267.68,352.2,37.47,30.51,,false,""
2024-10-23T16:00:00.000000,Italy,Italy,IT,270.19,354.48,36.97,30.13,,false,""
2024-10-23T17:00:00.000000,Italy,Italy,IT,271.82,356.01,36.81,30.36,,false,""
2024-10-23T18:00:00.000000,Italy,Italy,IT,266.17,349.82,38.16,30.91,,false,""
2024-10-23T19:00:00.000000,Italy,Italy,IT,242.42,319.27,44.87,35.32,,false,""
2024-10-23T20:00:00.000000,Italy,Italy,IT,234.23,308.87,47.44,37.31,,false,""
2024-10-23T21:00:00.000000,Italy,Italy,IT,210.39,278.3,53.76,41.03,,false,""
2024-10-23T22:00:00.000000,Italy,Italy,IT,199.01,262.45,57.49,43.99,,false,""
2024-10-23T23:00:00.000000,Italy,Italy,IT,192.11,253.47,59.45,45.24,,false,""
2024-10-24T00:00:00.000000,Italy,Italy,IT,191.52,254.53,59.83,45.37,,false,""
2024-10-24T01:00:00.000000,Italy,Italy,IT,189.74,252.43,60.29,45.81,,false,""
2024-10-24T02:00:00.000000,Italy,Italy,IT,194.45,258.5,59.14,44.78,,false,""
2024-10-24T03:00:00.000000,Italy,Italy,IT,201.32,268.75,56.02,42.25,,false,""
2024-10-24T04:00:00.000000,Italy,Italy,IT,230.75,306.34,47.0,36.38,,false,""
2024-10-24T05:00:00.000000,Italy,Italy,IT,254.88,335.58,40.93,33.3,,false,""
2024-10-24T06:00:00.000000,Italy,Italy,IT,249.77,328.01,42.48,35.88,,false,""
2024-10-24T07:00:00.000000,Italy,Italy,IT,235.82,311.47,46.13,38.81,,false,""
2024-10-24T08:00:00.000000,Italy,Italy,IT,229.2,302.9,47.94,40.78,,false,""
2024-10-24T09:00:00.000000,Italy,Italy,IT,223.65,296.32,49.58,42.59,,false,""
2024-10-24T10:00:00.000000,Italy,Italy,IT,214.52,285.57,51.81,45.07,,false,""
2024-10-24T11:00:00.000000,Italy,Italy,IT,208.06,277.59,53.5,46.45,,false,""
2024-10-24T12:00:00.000000,Italy,Italy,IT,215.72,287.28,51.3,44.38,,false,""
2024-10-24T13:00:00.000000,Italy,Italy,IT,226.58,301.2,48.28,41.34,,false,""
2024-10-24T14:00:00.000000,Italy,Italy,IT,243.34,322.42,43.61,36.43,,false,""
2024-10-24T15:00:00.000000,Italy,Italy,IT,258.81,341.44,39.58,32.49,,false,""
2024-10-24T16:00:00.000000,Italy,Italy,IT,258.89,340.33,39.75,32.04,,false,""
2024-10-24T17:00:00.000000,Italy,Italy,IT,255.26,335.6,40.8,32.63,,false,""
2024-10-24T18:00:00.000000,Italy,Italy,IT,250.62,330.4,41.94,32.84,,false,""
2024-10-24T19:00:00.000000,Italy,Italy,IT,240.92,318.51,44.72,34.52,,false,""
2024-10-24T20:00:00.000000,Italy,Italy,IT,221.4,293.68,50.17,39.03,,false,""
2024-10-24T21:00:00.000000,Italy,Italy,IT,205.28,273.02,54.78,42.14,,false,""
2024-10-24T22:00:00.000000,Italy,Italy,IT,188.53,251.86,59.46,45.11,,false,""
2024-10-24T23:00:00.000000,Italy,Italy,IT,184.42,246.33,60.98,45.31,,false,""
2024-10-25T00:00:00.000000,Italy,Italy,IT,180.23,240.85,62.1,46.61,,false,""
2024-10-25T01:00:00.000000,Italy,Italy,IT,178.16,238.65,62.76,47.23,,false,""
2024-10-25T02:00:00.000000,Italy,Italy,IT,177.96,238.82,62.32,46.79,,false,""
2024-10-25T03:00:00.000000,Italy,Italy,IT,184.18,247.86,59.66,45.4,,false,""
2024-10-25T04:00:00.000000,Italy,Italy,IT,219.48,292.83,49.34,38.74,,false,""
2024-10-25T05:00:00.000000,Italy,Italy,IT,233.5,309.06,45.93,36.43,,false,""
2024-10-25T06:00:00.000000,Italy,Italy,IT,229.85,304.0,46.9,38.54,,false,""
2024-10-25T07:00:00.000000,Italy,Italy,IT,227.71,301.09,47.95,40.13,,false,""
2024-10-25T08:00:00.000000,Italy,Italy,IT,222.53,295.35,49.26,41.53,,false,""
2024-10-25T09:00:00.000000,Italy,Italy,IT,210.56,280.81,52.07,44.45,,false,""
2024-10-25T10:00:00.000000,Italy,Italy,IT,194.23,261.18,56.08,48.26,,false,""
2024-10-25T11:00:00.000000,Italy,Italy,IT,184.03,248.89,58.26,50.1,,false,""
2024-10-25T12:00:00.000000,Italy,Italy,IT,191.09,257.74,56.34,47.86,,false,""
2024-10-25T13:00:00.000000,Italy,Italy,IT,206.47,277.05,52.29,44.02,,false,""
2024-10-25T14:00:00.000000,Italy,Italy,IT,223.08,298.4,47.5,38.98,,false,""
2024-10-25T15:00:00.000000,Italy,Italy,IT,242.92,321.62,43.23,35.28,,false,""
2024-10-25T16:00:00.000000,Italy,Italy,IT,240.77,317.53,44.07,36.1,,false,""
2024-10-25T17:00:00.000000,Italy,Italy,IT,242.27,319.16,43.48,35.99,,false,""
2024-10-25T18:00:00.000000,Italy,Italy,IT,230.39,305.29,46.14,36.98,,false,""
2024-10-25T19:00:00.000000,Italy,Italy,IT,202.86,270.69,53.21,41.13,,false,""
2024-10-25T20:00:00.000000,Italy,Italy,IT,182.13,245.01,58.8,44.44,,false,""
2024-10-25T21:00:00.000000,Italy,Italy,IT,186.63,250.39,58.1,44.43,,false,""
2024-10-25T22:00:00.000000,Italy,Italy,IT,167.54,225.37,63.17,48.74,,false,""
2024-10-25T23:00:00.000000,Italy,Italy,IT,159.48,214.61,65.99,50.96,,false,""
2024-10-26T00:00:00.000000,Italy,Italy,IT,154.54,208.42,67.55,51.88,,false,""
2024-10-26T01:00:00.000000,Italy,Italy,IT,151.43,204.72,68.38,52.64,,false,""
2024-10-26T02:00:00.000000,Italy,Italy,IT,148.47,201.85,68.54,52.73,,false,""
2024-10-26T03:00:00.000000,Italy,Italy,IT,147.21,200.03,68.71,52.68,,false,""
2024-10-26T04:00:00.000000,Italy,Italy,IT,155.44,210.37,65.88,51.02,,false,""
2024-10-26T05:00:00.000000,Italy,Italy,IT,151.52,204.92,66.4,52.4,,false,""
2024-10-26T06:00:00.000000,Italy,Italy,IT,152.84,204.94,66.64,55.58,,false,""
2024-10-26T07:00:00.000000,Italy,Italy,IT,138.55,189.35,69.29,58.67,,false,""
2024-10-26T08:00:00.000000,Italy,Italy,IT,120.0,168.26,73.51,62.6,,false,""
2024-10-26T09:00:00.000000,Italy,Italy,IT,108.7,155.15,76.3,65.39,,false,""
2024-10-26T10:00:00.000000,Italy,Italy,IT,99.78,144.67,78.51,66.84,,false,""
2024-10-26T11:00:00.000000,Italy,Italy,IT,97.77,142.05,79.11,67.18,,false,""
2024-10-26T12:00:00.000000,Italy,Italy,IT,97.91,141.92,79.4,67.27,,false,""
2024-10-26T13:00:00.000000,Italy,Italy,IT,107.74,153.42,77.31,64.24,,false,""
2024-10-26T14:00:00.000000,Italy,Italy,IT,134.81,186.25,70.18,56.65,,false,""
2024-10-26T15:00:00.000000,Italy,Italy,IT,159.86,216.37,63.45,51.58,,false,""
2024-10-26T16:00:00.000000,Italy,Italy,IT,170.26,226.92,61.62,50.15,,false,""
2024-10-26T17:00:00.000000,Italy,Italy,IT,168.89,224.7,62.2,49.99,,false,""
2024-10-26T18:00:00.000000,Italy,Italy,IT,171.56,228.51,61.8,48.47,,false,""
2024-10-26T19:00:00.000000,Italy,Italy,IT,166.93,222.99,63.53,49.06,,false,""
2024-10-26T20:00:00.000000,Italy,Italy,IT,156.24,209.87,66.62,50.28,,false,""
2024-10-26T21:00:00.000000,Italy,Italy,IT,154.61,208.04,67.4,51.86,,false,""
2024-10-26T22:00:00.000000,Italy,Italy,IT,144.47,195.69,70.1,52.21,,false,""
2024-10-26T23:00:00.000000,Italy,Italy,IT,146.43,198.23,69.7,52.61,,false,""
2024-10-27T00:00:00.000000,Italy,Italy,IT,144.33,196.93,70.21,53.18,,false,""
2024-10-27T01:00:00.000000,Italy,Italy,IT,153.16,206.18,68.43,52.73,,false,""
2024-10-27T02:00:00.000000,Italy,Italy,IT,160.06,215.4,66.99,52.55,,false,""
2024-10-27T03:00:00.000000,Italy,Italy,IT,169.57,227.24,64.65,51.2,,false,""
2024-10-27T04:00:00.000000,Italy,Italy,IT,168.8,225.92,64.86,50.8,,false,""
2024-10-27T05:00:00.000000,Italy,Italy,IT,165.47,221.52,65.3,51.79,,false,""
2024-10-27T06:00:00.000000,Italy,Italy,IT,158.98,213.41,66.61,55.23,,false,""
2024-10-27T07:00:00.000000,Italy,Italy,IT,140.24,192.03,70.39,61.42,,false,""
2024-10-27T08:00:00.000000,Italy,Italy,IT,127.21,177.13,73.22,65.4,,false,""
2024-10-27T09:00:00.000000,Italy,Italy,IT,124.28,175.09,73.4,67.14,,false,""
2024-10-27T10:00:00.000000,Italy,Italy,IT,117.27,166.86,75.24,69.75,,false,""
2024-10-27T11:00:00.000000,Italy,Italy,IT,117.48,166.86,75.47,69.72,,false,""
2024-10-27T12:00:00.000000,Italy,Italy,IT,117.91,167.22,75.68,69.04,,false,""
2024-10-27T13:00:00.000000,Italy,Italy,IT,124.18,175.03,73.94,64.69,,false,""
2024-10-27T14:00:00.000000,Italy,Italy,IT,139.34,193.39,69.3,58.01,,false,""
2024-10-27T15:00:00.000000,Italy,Italy,IT,161.92,220.35,63.08,50.82,,false,""
2024-10-27T16:00:00.000000,Italy,Italy,IT,172.06,230.44,60.58,49.35,,false,""
2024-10-27T17:00:00.000000,Italy,Italy,IT,172.6,231.53,60.57,48.97,,false,""
2024-10-27T18:00:00.000000,Italy,Italy,IT,177.34,237.34,59.67,47.57,,false,""
2024-10-27T19:00:00.000000,Italy,Italy,IT,180.65,242.18,59.2,45.92,,false,""
2024-10-27T20:00:00.000000,Italy,Italy,IT,170.35,229.24,62.07,47.0,,false,""
2024-10-27T21:00:00.000000,Italy,Italy,IT,162.55,219.24,64.24,48.49,,false,""
2024-10-27T22:00:00.000000,Italy,Italy,IT,156.41,211.21,66.43,49.54,,false,""
2024-10-27T23:00:00.000000,Italy,Italy,IT,159.94,216.4,66.38,50.23,,false,""
2024-10-28T00:00:00.000000,Italy,Italy,IT,163.51,221.18,65.71,50.07,,false,""
2024-10-28T01:00:00.000000,Italy,Italy,IT,161.13,218.31,66.62,51.08,,false,""
2024-10-28T02:00:00.000000,Italy,Italy,IT,164.42,222.86,65.75,50.56,,false,""
2024-10-28T03:00:00.000000,Italy,Italy,IT,165.36,224.56,65.05,49.49,,false,""
2024-10-28T04:00:00.000000,Italy,Italy,IT,164.94,224.35,64.44,48.53,,false,""
2024-10-28T05:00:00.000000,Italy,Italy,IT,185.56,249.47,57.9,44.71,,false,""
2024-10-28T06:00:00.000000,Italy,Italy,IT,191.78,256.59,56.51,45.35,,false,""
2024-10-28T07:00:00.000000,Italy,Italy,IT,171.44,231.64,61.44,50.15,,false,""
2024-10-28T08:00:00.000000,Italy,Italy,IT,157.78,215.73,64.65,54.87,,false,""
2024-10-28T09:00:00.000000,Italy,Italy,IT,144.19,199.17,68.34,58.34,,false,""
2024-10-28T10:00:00.000000,Italy,Italy,IT,138.97,194.07,69.3,59.55,,false,""
2024-10-28T11:00:00.000000,Italy,Italy,IT,135.85,191.04,70.07,60.79,,false,""
2024-10-28T12:00:00.000000,Italy,Italy,IT,145.48,202.43,68.02,58.32,,false,""
2024-10-28T13:00:00.000000,Italy,Italy,IT,175.22,238.75,60.51,51.57,,false,""
2024-10-28T14:00:00.000000,Italy,Italy,IT,206.93,278.59,51.91,42.73,,false,""
2024-10-28T15:00:00.000000,Italy,Italy,IT,222.87,296.67,47.48,37.87,,false,""
2024-10-28T16:00:00.000000,Italy,Italy,IT,235.61,312.03,44.32,35.57,,false,""
2024-10-28T17:00:00.000000,Italy,Italy,IT,244.09,321.25,42.52,35.05,,false,""
2024-10-28T18:00:00.000000,Italy,Italy,IT,238.2,314.69,44.26,35.76,,false,""
2024-10-28T19:00:00.000000,Italy,Italy,IT,234.28,310.82,45.11,35.63,,false,""
2024-10-28T20:00:00.000000,Italy,Italy,IT,216.03,288.69,49.7,37.58,,false,""
2024-10-28T21:00:00.000000,Italy,Italy,IT,208.61,279.55,52.21,39.15,,false,""
2024-10-28T22:00:00.000000,Italy,Italy,IT,190.65,256.31,57.47,42.76,,false,""
2024-10-28T23:00:00.000000,Italy,Italy,IT,195.14,260.54,57.55,42.51,,false,""
2024-10-29T00:00:00.000000,Italy,Italy,IT,189.48,253.96,59.03,42.8,,false,""
2024-10-29T01:00:00.000000,Italy,Italy,IT,189.65,254.5,58.92,42.74,,false,""
2024-10-29T02:00:00.000000,Italy,Italy,IT,188.85,253.73,59.03,42.95,,false,""
2024-10-29T03:00:00.000000,Italy,Italy,IT,188.14,253.06,59.01,43.23,,false,""
2024-10-29T04:00:00.000000,Italy,Italy,IT,192.45,259.03,57.23,42.53,,false,""
2024-10-29T05:00:00.000000,Italy,Italy,IT,219.82,293.31,49.21,38.86,,false,""
2024-10-29T06:00:00.000000,Italy,Italy,IT,216.56,287.33,50.22,42.24,,false,""
2024-10-29T07:00:00.000000,Italy,Italy,IT,207.91,277.07,52.32,45.45,,false,""
2024-10-29T08:00:00.000000,Italy,Italy,IT,194.76,263.14,55.21,49.36,,false,""
2024-10-29T09:00:00.000000,Italy,Italy,IT,186.14,253.27,57.53,52.06,,false,""
2024-10-29T10:00:00.000000,Italy,Italy,IT,183.17,249.99,58.18,52.6,,false,""
2024-10-29T11:00:00.000000,Italy,Italy,IT,172.58,237.07,60.93,54.73,,false,""
2024-10-29T12:00:00.000000,Italy,Italy,IT,181.7,248.43,58.61,52.5,,false,""
2024-10-29T13:00:00.000000,Italy,Italy,IT,204.91,276.92,52.73,47.12,,false,""
2024-10-29T14:00:00.000000,Italy,Italy,IT,239.73,319.45,43.66,38.72,,false,""
2024-10-29T15:00:00.000000,Italy,Italy,IT,256.53,338.26,39.72,34.09,,false,""
2024-10-29T16:00:00.000000,Italy,Italy,IT,264.54,346.93,37.65,31.61,,false,""
2024-10-29T17:00:00.000000,Italy,Italy,IT,268.92,352.36,36.7,31.16,,false,""
2024-10-29T18:00:00.000000,Italy,Italy,IT,262.44,344.65,38.48,32.2,,false,""
2024-10-29T19:00:00.000000,Italy,Italy,IT,258.88,342.24,39.01,31.13,,false,""
2024-10-29T20:00:00.000000,Italy,Italy,IT,240.2,318.91,44.28,34.17,,false,""
2024-10-29T21:00:00.000000,Italy,Italy,IT,231.67,307.95,47.22,36.02,,false,""
2024-10-29T22:00:00.000000,Italy,Italy,IT,218.19,290.24,51.38,38.55,,false,""
2024-10-29T23:00:00.000000,Italy,Italy,IT,199.27,266.13,56.6,42.16,,false,""
2024-10-30T00:00:00.000000,Italy,Italy,IT,196.32,262.83,57.29,41.86,,false,""
2024-10-30T01:00:00.000000,Italy,Italy,IT,196.66,263.35,57.49,42.05,,false,""
2024-10-30T02:00:00.000000,Italy,Italy,IT,193.84,259.98,58.13,42.58,,false,""
2024-10-30T03:00:00.000000,Italy,Italy,IT,195.11,261.55,57.76,42.26,,false,""
2024-10-30T04:00:00.000000,Italy,Italy,IT,204.31,274.27,54.45,41.42,,false,""
2024-10-30T05:00:00.000000,Italy,Italy,IT,225.06,301.32,47.69,38.01,,false,""
2024-10-30T06:00:00.000000,Italy,Italy,IT,220.09,292.84,49.57,41.31,,false,""
2024-10-30T07:00:00.000000,Italy,Italy,IT,210.81,281.3,51.81,45.05,,false,""
2024-10-30T08:00:00.000000,Italy,Italy,IT,194.83,264.49,54.96,49.45,,false,""
2024-10-30T09:00:00.000000,Italy,Italy,IT,170.31,234.21,61.39,54.89,,false,""
2024-10-30T10:00:00.000000,Italy,Italy,IT,167.78,230.52,62.44,55.83,,false,""
2024-10-30T11:00:00.000000,Italy,Italy,IT,162.03,223.11,64.2,57.56,,false,""
2024-10-30T12:00:00.000000,Italy,Italy,IT,169.9,233.6,61.73,55.25,,false,""
2024-10-30T13:00:00.000000,Italy,Italy,IT,192.38,261.22,55.78,48.93,,false,""
2024-10-30T14:00:00.000000,Italy,Italy,IT,228.65,306.83,45.52,39.7,,false,""
2024-10-30T15:00:00.000000,Italy,Italy,IT,249.83,331.02,40.6,34.66,,false,""
2024-10-30T16:00:00.000000,Italy,Italy,IT,255.8,336.58,39.47,33.23,,false,""
2024-10-30T17:00:00.000000,Italy,Italy,IT,254.7,334.71,40.19,33.96,,false,""
2024-10-30T18:00:00.000000,Italy,Italy,IT,247.81,326.51,42.04,35.24,,false,""
2024-10-30T19:00:00.000000,Italy,Italy,IT,248.52,329.04,41.66,34.25,,false,""
2024-10-30T20:00:00.000000,Italy,Italy,IT,226.74,301.56,47.6,38.21,,false,""
2024-10-30T21:00:00.000000,Italy,Italy,IT,210.18,280.02,52.76,41.01,,false,""
2024-10-30T22:00:00.000000,Italy,Italy,IT,197.51,263.35,56.7,43.35,,false,""
2024-10-30T23:00:00.000000,Italy,Italy,IT,193.02,258.11,57.87,43.74,,false,""
2024-10-31T00:00:00.000000,Italy,Italy,IT,186.91,250.89,59.72,44.36,,false,""
2024-10-31T01:00:00.000000,Italy,Italy,IT,185.41,249.47,60.11,43.98,,false,""
2024-10-31T02:00:00.000000,Italy,Italy,IT,183.02,246.42,61.04,44.59,,false,""
2024-10-31T03:00:00.000000,Italy,Italy,IT,183.22,246.64,60.87,44.27,,false,""
2024-10-31T04:00:00.000000,Italy,Italy,IT,191.86,257.61,58.36,43.45,,false,""
2024-10-31T05:00:00.000000,Italy,Italy,IT,194.76,261.46,56.22,44.06,,false,""
2024-10-31T06:00:00.000000,Italy,Italy,IT,190.06,253.82,57.69,47.54,,false,""
2024-10-31T07:00:00.000000,Italy,Italy,IT,179.74,241.78,60.28,51.4,,false,""
2024-10-31T08:00:00.000000,Italy,Italy,IT,169.33,230.3,63.48,55.44,,false,""
2024-10-31T09:00:00.000000,Italy,Italy,IT,148.1,205.26,68.72,60.18,,false,""
2024-10-31T10:00:00.000000,Italy,Italy,IT,137.25,192.46,70.79,62.24,,false,""
2024-10-31T11:00:00.000000,Italy,Italy,IT,137.94,192.95,70.88,63.21,,false,""
2024-10-31T12:00:00.000000,Italy,Italy,IT,151.61,209.49,67.76,60.17,,false,""
2024-10-31T13:00:00.000000,Italy,Italy,IT,174.99,238.22,61.83,53.89,,false,""
2024-10-31T14:00:00.000000,Italy,Italy,IT,207.06,278.34,53.12,45.03,,false,""
2024-10-31T15:00:00.000000,Italy,Italy,IT,229.35,304.91,47.19,38.95,,false,""
2024-10-31T16:00:00.000000,Italy,Italy,IT,243.41,321.16,43.98,35.5,,false,""
2024-10-31T17:00:00.000000,Italy,Italy,IT,241.36,317.28,44.88,37.1,,false,""
2024-10-31T18:00:00.000000,Italy,Italy,IT,243.38,321.05,44.47,36.43,,false,""
2024-10-31T19:00:00.000000,Italy,Italy,IT,242.99,321.69,44.66,36.0,,false,""
2024-10-31T20:00:00.000000,Italy,Italy,IT,211.21,282.11,52.46,40.6,,false,""
2024-10-31T21:00:00.000000,Italy,Italy,IT,198.22,264.92,56.24,41.77,,false,""
2024-10-31T22:00:00.000000,Italy,Italy,IT,192.9,258.06,58.39,43.17,,false,""
2024-10-31T23:00:00.000000,Italy,Italy,IT,215.94,287.01,56.76,41.76,,false,""
2024-11-01T00:00:00.000000,Italy,Italy,IT,218.44,288.69,57.6,41.58,,false,""
2024-11-01T01:00:00.000000,Italy,Italy,IT,222.55,293.24,56.98,41.99,,false,""
2024-11-01T02:00:00.000000,Italy,Italy,IT,232.51,305.27,55.04,41.54,,false,""
2024-11-01T03:00:00.000000,Italy,Italy,IT,226.71,298.25,56.12,42.5,,false,""
2024-11-01T04:00:00.000000,Italy,Italy,IT,221.28,292.04,56.94,41.69,,false,""
2024-11-01T05:00:00.000000,Italy,Italy,IT,221.99,293.34,55.39,41.71,,false,""
2024-11-01T06:00:00.000000,Italy,Italy,IT,208.77,277.31,58.22,47.34,,false,""
2024-11-01T07:00:00.000000,Italy,Italy,IT,176.72,240.6,64.38,56.04,,false,""
2024-11-01T08:00:00.000000,Italy,Italy,IT,159.47,221.91,68.14,63.13,,false,""
2024-11-01T09:00:00.000000,Italy,Italy,IT,148.95,209.97,70.36,66.36,,false,""
2024-11-01T10:00:00.000000,Italy,Italy,IT,141.21,201.04,72.21,68.68,,false,""
2024-11-01T11:00:00.000000,Italy,Italy,IT,147.09,208.13,71.46,68.56,,false,""
2024-11-01T12:00:00.000000,Italy,Italy,IT,149.69,211.85,70.94,67.48,,false,""
2024-11-01T13:00:00.000000,Italy,Italy,IT,178.33,245.9,64.41,60.88,,false,""
2024-11-01T14:00:00.000000,Italy,Italy,IT,206.96,279.83,57.3,51.51,,false,""
2024-11-01T15:00:00.000000,Italy,Italy,IT,225.26,299.16,51.94,43.88,,false,""
2024-11-01T16:00:00.000000,Italy,Italy,IT,230.54,303.97,50.55,41.15,,false,""
2024-11-01T17:00:00.000000,Italy,Italy,IT,230.7,304.6,50.06,40.33,,false,""
2024-11-01T18:00:00.000000,Italy,Italy,IT,227.46,301.04,50.88,40.21,,false,""
2024-11-01T19:00:00.000000,Italy,Italy,IT,228.7,301.9,51.52,40.83,,false,""
2024-11-01T20:00:00.000000,Italy,Italy,IT,230.7,305.41,51.58,40.03,,false,""
2024-11-01T21:00:00.000000,Italy,Italy,IT,235.73,312.35,50.81,38.42,,false,""
2024-11-01T22:00:00.000000,Italy,Italy,IT,221.6,294.83,55.26,40.64,,false,""
2024-11-01T23:00:00.000000,Italy,Italy,IT,206.08,277.93,59.0,43.41,,false,""
2024-11-02T00:00:00.000000,Italy,Italy,IT,291.41,384.11,51.54,38.33,,false,""
2024-11-02T01:00:00.000000,Italy,Italy,IT,289.41,380.75,52.62,37.96,,false,""
2024-11-02T02:00:00.000000,Italy,Italy,IT,294.74,387.24,52.11,36.98,,false,""
2024-11-02T03:00:00.000000,Italy,Italy,IT,289.31,382.36,51.75,36.39,,false,""
2024-11-02T04:00:00.000000,Italy,Italy,IT,281.02,372.5,52.52,37.15,,false,""
2024-11-02T05:00:00.000000,Italy,Italy,IT,269.68,357.36,54.29,38.59,,false,""
2024-11-02T06:00:00.000000,Italy,Italy,IT,256.37,339.91,56.45,44.26,,false,""
2024-11-02T07:00:00.000000,Italy,Italy,IT,234.1,312.93,60.82,52.17,,false,""
2024-11-02T08:00:00.000000,Italy,Italy,IT,217.24,293.65,64.18,57.72,,false,""
2024-11-02T09:00:00.000000,Italy,Italy,IT,208.29,284.42,66.57,61.28,,false,""
2024-11-02T10:00:00.000000,Italy,Italy,IT,205.29,280.96,67.49,63.1,,false,""
2024-11-02T11:00:00.000000,Italy,Italy,IT,204.31,279.57,67.73,62.77,,false,""
2024-11-02T12:00:00.000000,Italy,Italy,IT,218.3,296.5,64.85,60.0,,false,""
2024-11-02T13:00:00.000000,Italy,Italy,IT,229.69,310.16,62.22,56.36,,false,""
2024-11-02T14:00:00.000000,Italy,Italy,IT,250.42,335.12,56.1,48.29,,false,""
2024-11-02T15:00:00.000000,Italy,Italy,IT,260.14,344.76,52.79,43.06,,false,""
2024-11-02T16:00:00.000000,Italy,Italy,IT,256.03,336.95,52.92,43.67,,false,""
2024-11-02T17:00:00.000000,Italy,Italy,IT,258.75,339.75,51.94,43.13,,false,""
2024-11-02T18:00:00.000000,Italy,Italy,IT,250.4,330.6,53.71,43.17,,false,""
2024-11-02T19:00:00.000000,Italy,Italy,IT,247.62,328.32,54.86,42.62,,false,""
2024-11-02T20:00:00.000000,Italy,Italy,IT,244.04,324.2,57.06,43.33,,false,""
2024-11-02T21:00:00.000000,Italy,Italy,IT,245.53,326.01,57.92,43.08,,false,""
2024-11-02T22:00:00.000000,Italy,Italy,IT,256.87,340.92,56.35,42.54,,false,""
2024-11-02T23:00:00.000000,Italy,Italy,IT,182.44,248.49,63.49,49.38,,false,""
2024-11-03T00:00:00.000000,Italy,Italy,IT,189.99,257.96,62.31,50.58,,false,""
2024-11-03T01:00:00.000000,Italy,Italy,IT,193.36,262.2,61.69,50.4,,false,""
2024-11-03T02:00:00.000000,Italy,Italy,IT,200.91,271.34,60.13,49.75,,false,""
2024-11-03T03:00:00.000000,Italy,Italy,IT,202.09,273.74,59.51,49.97,,false,""
2024-11-03T04:00:00.000000,Italy,Italy,IT,196.88,267.1,60.58,49.89,,false,""
2024-11-03T05:00:00.000000,Italy,Italy,IT,193.78,262.95,60.76,50.0,,false,""
2024-11-03T06:00:00.000000,Italy,Italy,IT,187.4,255.1,62.1,53.61,,false,""
2024-11-03T07:00:00.000000,Italy,Italy,IT,159.73,222.38,67.8,61.78,,false,""
2024-11-03T08:00:00.000000,Italy,Italy,IT,134.52,192.05,73.97,68.78,,false,""
2024-11-03T09:00:00.000000,Italy,Italy,IT,122.91,178.42,76.61,72.02,,false,""
2024-11-03T10:00:00.000000,Italy,Italy,IT,118.5,173.2,77.36,72.71,,false,""
2024-11-03T11:00:00.000000,Italy,Italy,IT,122.63,178.37,76.47,72.2,,false,""
2024-11-03T12:00:00.000000,Italy,Italy,IT,127.0,183.84,75.68,71.47,,false,""
2024-11-03T13:00:00.000000,Italy,Italy,IT,146.59,207.65,70.92,66.02,,false,""
2024-11-03T14:00:00.000000,Italy,Italy,IT,186.95,256.01,60.86,53.84,,false,""
2024-11-03T15:00:00.000000,Italy,Italy,IT,206.3,277.54,55.32,46.41,,false,""
2024-11-03T16:00:00.000000,Italy,Italy,IT,207.74,276.95,54.96,44.98,,false,""
2024-11-03T17:00:00.000000,Italy,Italy,IT,201.02,268.37,56.56,45.33,,false,""
2024-11-03T18:00:00.000000,Italy,Italy,IT,201.0,268.61,56.66,43.69,,false,""
2024-11-03T19:00:00.000000,Italy,Italy,IT,202.35,270.96,56.41,42.76,,false,""
2024-11-03T20:00:00.000000,Italy,Italy,IT,206.91,277.98,55.54,41.5,,false,""
2024-11-03T21:00:00.000000,Italy,Italy,IT,208.46,280.16,56.0,40.79,,false,""
2024-11-03T22:00:00.000000,Italy,Italy,IT,208.88,281.05,56.53,40.67,,false,""
2024-11-03T23:00:00.000000,Italy,Italy,IT,214.12,287.04,56.12,41.67,,false,""
2024-11-04T00:00:00.000000,Italy,Italy,IT,225.36,300.69,54.39,41.45,,false,""
2024-11-04T01:00:00.000000,Italy,Italy,IT,222.96,297.7,55.17,41.72,,false,""
2024-11-04T02:00:00.000000,Italy,Italy,IT,225.66,301.34,54.22,40.34,,false,""
2024-11-04T03:00:00.000000,Italy,Italy,IT,225.46,301.36,54.22,40.68,,false,""
2024-11-04T04:00:00.000000,Italy,Italy,IT,221.19,296.18,53.98,40.24,,false,""
2024-11-04T05:00:00.000000,Italy,Italy,IT,245.17,326.9,45.12,35.6,,false,""
2024-11-04T06:00:00.000000,Italy,Italy,IT,234.34,310.9,47.66,39.29,,false,""
2024-11-04T07:00:00.000000,Italy,Italy,IT,221.04,294.82,50.76,43.78,,false,""
2024-11-04T08:00:00.000000,Italy,Italy,IT,214.87,288.94,52.08,45.8,,false,""
2024-11-04T09:00:00.000000,Italy,Italy,IT,204.41,276.75,54.9,48.64,,false,""
2024-11-04T10:00:00.000000,Italy,Italy,IT,196.86,267.88,56.73,50.41,,false,""
2024-11-04T11:00:00.000000,Italy,Italy,IT,194.02,264.55,57.65,51.72,,false,""
2024-11-04T12:00:00.000000,Italy,Italy,IT,200.64,272.58,56.04,49.85,,false,""
2024-11-04T13:00:00.000000,Italy,Italy,IT,223.66,300.83,50.05,43.86,,false,""
2024-11-04T14:00:00.000000,Italy,Italy,IT,248.19,329.98,43.52,36.8,,false,""
2024-11-04T15:00:00.000000,Italy,Italy,IT,268.64,352.07,38.69,32.04,,false,""
2024-11-04T16:00:00.000000,Italy,Italy,IT,282.36,368.7,35.9,29.36,,false,""
2024-11-04T17:00:00.000000,Italy,Italy,IT,286.94,374.4,34.97,29.15,,false,""
2024-11-04T18:00:00.000000,Italy,Italy,IT,285.88,373.31,35.17,29.35,,false,""
2024-11-04T19:00:00.000000,Italy,Italy,IT,288.31,377.78,34.78,28.6,,false,""
2024-11-04T20:00:00.000000,Italy,Italy,IT,273.82,360.95,38.49,29.23,,false,""
2024-11-04T21:00:00.000000,Italy,Italy,IT,258.5,341.53,43.15,31.44,,false,""
2024-11-04T22:00:00.000000,Italy,Italy,IT,251.12,332.31,45.67,32.64,,false,""
2024-11-04T23:00:00.000000,Italy,Italy,IT,242.78,320.52,48.78,34.54,,false,""
2024-11-05T00:00:00.000000,Italy,Italy,IT,239.87,317.0,49.72,33.54,,false,""
2024-11-05T01:00:00.000000,Italy,Italy,IT,236.87,313.55,50.67,34.26,,false,""
2024-11-05T02:00:00.000000,Italy,Italy,IT,239.49,317.16,50.1,33.96,,false,""
2024-11-05T03:00:00.000000,Italy,Italy,IT,244.23,323.23,48.72,33.28,,false,""
2024-11-05T04:00:00.000000,Italy,Italy,IT,253.99,336.48,44.92,31.78,,false,""
2024-11-05T05:00:00.000000,Italy,Italy,IT,276.59,365.13,37.45,28.59,,false,""
2024-11-05T06:00:00.000000,Italy,Italy,IT,267.73,353.88,38.81,32.04,,false,""
2024-11-05T07:00:00.000000,Italy,Italy,IT,251.23,333.62,42.51,37.18,,false,""
2024-11-05T08:00:00.000000,Italy,Italy,IT,241.76,321.38,45.47,41.27,,false,""
2024-11-05T09:00:00.000000,Italy,Italy,IT,208.64,280.36,54.36,47.54,,false,""
2024-11-05T10:00:00.000000,Italy,Italy,IT,201.65,272.26,56.23,49.02,,false,""
2024-11-05T11:00:00.000000,Italy,Italy,IT,199.73,270.7,56.58,49.5,,false,""
2024-11-05T12:00:00.000000,Italy,Italy,IT,209.78,282.93,54.23,46.77,,false,""
2024-11-05T13:00:00.000000,Italy,Italy,IT,239.11,320.12,46.14,39.68,,false,""
2024-11-05T14:00:00.000000,Italy,Italy,IT,270.83,359.43,37.67,31.3,,false,""
2024-11-05T15:00:00.000000,Italy,Italy,IT,290.78,381.68,33.32,26.69,,false,""
2024-11-05T16:00:00.000000,Italy,Italy,IT,297.91,388.86,31.91,25.99,,false,""
2024-11-05T17:00:00.000000,Italy,Italy,IT,298.96,390.94,31.57,26.68,,false,""
2024-11-05T18:00:00.000000,Italy,Italy,IT,301.86,394.83,30.82,26.5,,false,""
2024-11-05T19:00:00.000000,Italy,Italy,IT,307.16,402.47,29.52,24.5,,false,""
2024-11-05T20:00:00.000000,Italy,Italy,IT,293.55,386.82,32.71,25.46,,false,""
2024-11-05T21:00:00.000000,Italy,Italy,IT,292.8,386.47,33.38,25.64,,false,""
2024-11-05T22:00:00.000000,Italy,Italy,IT,271.88,359.72,39.48,29.06,,false,""
2024-11-05T23:00:00.000000,Italy,Italy,IT,255.41,338.51,44.45,30.77,,false,""
2024-11-06T00:00:00.000000,Italy,Italy,IT,251.97,334.02,45.93,30.94,,false,""
2024-11-06T01:00:00.000000,Italy,Italy,IT,254.73,337.89,44.85,29.69,,false,""
2024-11-06T02:00:00.000000,Italy,Italy,IT,254.1,337.38,44.7,29.83,,false,""
2024-11-06T03:00:00.000000,Italy,Italy,IT,253.66,337.0,44.61,29.72,,false,""
2024-11-06T04:00:00.000000,Italy,Italy,IT,271.74,359.6,39.78,27.76,,false,""
2024-11-06T05:00:00.000000,Italy,Italy,IT,298.07,392.92,31.93,25.47,,false,""
2024-11-06T06:00:00.000000,Italy,Italy,IT,286.05,376.47,34.69,29.14,,false,""
2024-11-06T07:00:00.000000,Italy,Italy,IT,267.98,353.62,39.1,34.12,,false,""
2024-11-06T08:00:00.000000,Italy,Italy,IT,259.65,344.9,40.69,36.47,,false,""
2024-11-06T09:00:00.000000,Italy,Italy,IT,249.76,333.08,43.3,38.79,,false,""
2024-11-06T10:00:00.000000,Italy,Italy,IT,248.47,331.66,43.71,40.13,,false,""
2024-11-06T11:00:00.000000,Italy,Italy,IT,247.13,330.36,43.93,40.58,,false,""
2024-11-06T12:00:00.000000,Italy,Italy,IT,249.48,333.65,43.54,40.07,,false,""
2024-11-06T13:00:00.000000,Italy,Italy,IT,269.93,358.49,38.39,34.36,,false,""
2024-11-06T14:00:00.000000,Italy,Italy,IT,281.23,371.37,35.51,30.14,,false,""
2024-11-06T15:00:00.000000,Italy,Italy,IT,290.45,381.53,33.24,27.32,,false,""
2024-11-06T16:00:00.000000,Italy,Italy,IT,300.65,392.02,31.39,26.42,,false,""
2024-11-06T17:00:00.000000,Italy,Italy,IT,303.5,395.71,30.71,26.27,,false,""
2024-11-06T18:00:00.000000,Italy,Italy,IT,305.41,398.18,30.11,25.84,,false,""
2024-11-06T19:00:00.000000,Italy,Italy,IT,308.96,404.58,28.94,24.08,,false,""
2024-11-06T20:00:00.000000,Italy,Italy,IT,306.21,401.72,30.06,24.56,,false,""
2024-11-06T21:00:00.000000,Italy,Italy,IT,301.33,395.8,32.32,25.09,,false,""
2024-11-06T22:00:00.000000,Italy,Italy,IT,278.15,366.45,38.67,28.43,,false,""
2024-11-06T23:00:00.000000,Italy,Italy,IT,258.72,341.62,44.1,31.36,,false,""
2024-11-07T00:00:00.000000,Italy,Italy,IT,243.71,323.56,47.46,32.7,,false,""
2024-11-07T01:00:00.000000,Italy,Italy,IT,242.79,322.09,48.35,33.05,,false,""
2024-11-07T02:00:00.000000,Italy,Italy,IT,243.47,322.5,48.45,33.29,,false,""
2024-11-07T03:00:00.000000,Italy,Italy,IT,252.63,334.77,45.77,32.51,,false,""
2024-11-07T04:00:00.000000,Italy,Italy,IT,263.36,348.69,42.13,30.54,,false,""
2024-11-07T05:00:00.000000,Italy,Italy,IT,289.79,381.66,34.12,27.46,,false,""
2024-11-07T06:00:00.000000,Italy,Italy,IT,273.87,361.09,37.4,31.88,,false,""
2024-11-07T07:00:00.000000,Italy,Italy,IT,257.74,341.41,41.29,35.88,,false,""
2024-11-07T08:00:00.000000,Italy,Italy,IT,243.54,324.62,44.45,39.7,,false,""
2024-11-07T09:00:00.000000,Italy,Italy,IT,247.97,330.72,43.7,39.51,,false,""
2024-11-07T10:00:00.000000,Italy,Italy,IT,243.78,326.04,44.52,40.45,,false,""
2024-11-07T11:00:00.000000,Italy,Italy,IT,241.33,323.5,45.03,40.68,,false,""
2024-11-07T12:00:00.000000,Italy,Italy,IT,250.86,334.63,43.41,39.04,,false,""
2024-11-07T13:00:00.000000,Italy,Italy,IT,271.34,360.16,37.92,33.95,,false,""
2024-11-07T14:00:00.000000,Italy,Italy,IT,287.69,379.44,33.84,29.44,,false,""
2024-11-07T15:00:00.000000,Italy,Italy,IT,291.26,382.2,33.33,28.19,,false,""
2024-11-07T16:00:00.000000,Italy,Italy,IT,282.51,369.97,35.49,29.68,,false,""
2024-11-07T17:00:00.000000,Italy,Italy,IT,277.89,364.36,36.2,30.25,,false,""
2024-11-07T18:00:00.000000,Italy,Italy,IT,280.17,367.68,35.54,29.46,,false,""
2024-11-07T19:00:00.000000,Italy,Italy,IT,287.27,377.27,34.13,27.88,,false,""
2024-11-07T20:00:00.000000,Italy,Italy,IT,275.76,363.3,37.69,28.46,,false,""
2024-11-07T21:00:00.000000,Italy,Italy,IT,248.7,329.37,44.97,31.47,,false,""
2024-11-07T22:00:00.000000,Italy,Italy,IT,245.98,326.2,46.26,32.26,,false,""
2024-11-07T23:00:00.000000,Italy,Italy,IT,236.74,313.9,49.96,34.9,,false,""
2024-11-08T00:00:00.000000,Italy,Italy,IT,228.39,303.56,52.43,35.39,,false,""
2024-11-08T01:00:00.000000,Italy,Italy,IT,225.51,299.69,53.21,35.49,,false,""
2024-11-08T02:00:00.000000,Italy,Italy,IT,225.28,299.32,53.47,35.77,,false,""
2024-11-08T03:00:00.000000,Italy,Italy,IT,233.16,309.69,51.31,34.19,,false,""
2024-11-08T04:00:00.000000,Italy,Italy,IT,238.02,317.77,48.12,32.56,,false,""
2024-11-08T05:00:00.000000,Italy,Italy,IT,263.77,349.08,40.74,30.26,,false,""
2024-11-08T06:00:00.000000,Italy,Italy,IT,263.52,347.24,40.52,33.47,,false,""
2024-11-08T07:00:00.000000,Italy,Italy,IT,246.99,326.15,44.51,37.33,,false,""
2024-11-08T08:00:00.000000,Italy,Italy,IT,237.1,314.83,46.61,40.14,,false,""
2024-11-08T09:00:00.000000,Italy,Italy,IT,230.26,308.06,48.03,41.56,,false,""
2024-11-08T10:00:00.000000,Italy,Italy,IT,225.06,302.34,49.32,42.24,,false,""
2024-11-08T11:00:00.000000,Italy,Italy,IT,231.7,310.57,48.09,41.73,,false,""
2024-11-08T12:00:00.000000,Italy,Italy,IT,238.84,319.75,46.17,39.85,,false,""
2024-11-08T13:00:00.000000,Italy,Italy,IT,245.38,327.36,44.36,36.78,,false,""
2024-11-08T14:00:00.000000,Italy,Italy,IT,253.52,336.31,42.21,33.71,,false,""
2024-11-08T15:00:00.000000,Italy,Italy,IT,260.18,343.03,40.76,31.84,,false,""
2024-11-08T16:00:00.000000,Italy,Italy,IT,258.55,339.34,41.28,32.5,,false,""
2024-11-08T17:00:00.000000,Italy,Italy,IT,266.69,349.37,39.9,32.64,,false,""
2024-11-08T18:00:00.000000,Italy,Italy,IT,264.35,347.54,40.06,32.65,,false,""
2024-11-08T19:00:00.000000,Italy,Italy,IT,266.07,351.44,39.47,30.67,,false,""
2024-11-08T20:00:00.000000,Italy,Italy,IT,266.59,351.95,40.43,30.18,,false,""
2024-11-08T21:00:00.000000,Italy,Italy,IT,252.09,333.5,44.82,32.65,,false,""
2024-11-08T22:00:00.000000,Italy,Italy,IT,256.8,338.33,45.29,33.67,,false,""
2024-11-08T23:00:00.000000,Italy,Italy,IT,227.31,300.78,53.91,38.04,,false,""
2024-11-09T00:00:00.000000,Italy,Italy,IT,223.83,296.59,55.21,37.65,,false,""
2024-11-09T01:00:00.000000,Italy,Italy,IT,215.18,286.12,57.34,38.29,,false,""
2024-11-09T02:00:00.000000,Italy,Italy,IT,211.83,282.05,58.19,38.55,,false,""
2024-11-09T03:00:00.000000,Italy,Italy,IT,207.51,276.47,59.09,38.94,,false,""
2024-11-09T04:00:00.000000,Italy,Italy,IT,210.42,280.7,57.65,38.17,,false,""
2024-11-09T05:00:00.000000,Italy,Italy,IT,207.67,278.0,56.85,38.72,,false,""
2024-11-09T06:00:00.000000,Italy,Italy,IT,199.65,267.37,57.77,43.63,,false,""
2024-11-09T07:00:00.000000,Italy,Italy,IT,185.21,249.88,60.84,48.28,,false,""
2024-11-09T08:00:00.000000,Italy,Italy,IT,173.08,236.53,63.09,51.56,,false,""
2024-11-09T09:00:00.000000,Italy,Italy,IT,164.93,227.91,64.83,53.51,,false,""
2024-11-09T10:00:00.000000,Italy,Italy,IT,157.59,219.67,66.67,55.14,,false,""
2024-11-09T11:00:00.000000,Italy,Italy,IT,159.62,222.3,66.59,55.6,,false,""
2024-11-09T12:00:00.000000,Italy,Italy,IT,165.09,229.54,64.99,54.08,,false,""
2024-11-09T13:00:00.000000,Italy,Italy,IT,186.02,255.1,59.69,47.82,,false,""
2024-11-09T14:00:00.000000,Italy,Italy,IT,222.2,299.46,50.47,38.72,,false,""
2024-11-09T15:00:00.000000,Italy,Italy,IT,230.13,307.59,48.33,36.81,,false,""
2024-11-09T16:00:00.000000,Italy,Italy,IT,235.32,310.66,47.45,37.9,,false,""
2024-11-09T17:00:00.000000,Italy,Italy,IT,235.47,311.13,47.37,38.46,,false,""
2024-11-09T18:00:00.000000,Italy,Italy,IT,227.36,302.15,49.56,39.36,,false,""
2024-11-09T19:00:00.000000,Italy,Italy,IT,232.92,310.29,47.99,37.86,,false,""
2024-11-09T20:00:00.000000,Italy,Italy,IT,241.26,320.74,47.12,34.68,,false,""
2024-11-09T21:00:00.000000,Italy,Italy,IT,237.39,315.28,49.07,35.09,,false,""
2024-11-09T22:00:00.000000,Italy,Italy,IT,238.72,317.04,49.61,35.55,,false,""
2024-11-09T23:00:00.000000,Italy,Italy,IT,233.81,311.58,50.69,36.24,,false,""
2024-11-10T00:00:00.000000,Italy,Italy,IT,238.86,318.12,50.26,34.7,,false,""
2024-11-10T01:00:00.000000,Italy,Italy,IT,233.09,311.25,52.03,35.43,,false,""
2024-11-10T02:00:00.000000,Italy,Italy,IT,227.65,304.62,53.49,36.31,,false,""
2024-11-10T03:00:00.000000,Italy,Italy,IT,226.02,302.7,53.62,36.89,,false,""
2024-11-10T04:00:00.000000,Italy,Italy,IT,223.88,299.71,53.73,38.1,,false,""
2024-11-10T05:00:00.000000,Italy,Italy,IT,211.74,283.64,56.42,41.31,,false,""
2024-11-10T06:00:00.000000,Italy,Italy,IT,196.01,264.38,59.86,44.77,,false,""
2024-11-10T07:00:00.000000,Italy,Italy,IT,172.66,236.37,64.94,50.08,,false,""
2024-11-10T08:00:00.000000,Italy,Italy,IT,174.43,239.75,63.85,53.58,,false,""
2024-11-10T09:00:00.000000,Italy,Italy,IT,173.59,238.64,64.67,57.14,,false,""
2024-11-10T10:00:00.000000,Italy,Italy,IT,169.87,234.17,65.3,59.61,,false,""
2024-11-10T11:00:00.000000,Italy,Italy,IT,175.57,241.08,63.99,58.96,,false,""
2024-11-10T12:00:00.000000,Italy,Italy,IT,175.9,241.74,63.99,58.24,,false,""
2024-11-10T13:00:00.000000,Italy,Italy,IT,188.33,257.61,60.77,53.47,,false,""
2024-11-10T14:00:00.000000,Italy,Italy,IT,226.46,304.28,50.77,42.44,,false,""
2024-11-10T15:00:00.000000,Italy,Italy,IT,233.86,312.01,48.42,39.64,,false,""
2024-11-10T16:00:00.000000,Italy,Italy,IT,231.54,306.98,48.56,40.22,,false,""
2024-11-10T17:00:00.000000,Italy,Italy,IT,222.68,295.53,50.7,41.18,,false,""
2024-11-10T18:00:00.000000,Italy,Italy,IT,221.27,294.36,51.08,39.98,,false,""
2024-11-10T19:00:00.000000,Italy,Italy,IT,227.26,302.4,50.02,37.58,,false,""
2024-11-10T20:00:00.000000,Italy,Italy,IT,235.29,312.97,48.69,36.6,,false,""
2024-11-10T21:00:00.000000,Italy,Italy,IT,242.13,321.45,47.92,35.28,,false,""
2024-11-10T22:00:00.000000,Italy,Italy,IT,233.84,311.34,50.63,36.47,,false,""
2024-11-10T23:00:00.000000,Italy,Italy,IT,221.39,294.92,54.62,38.59,,false,""
2024-11-11T00:00:00.000000,Italy,Italy,IT,220.52,292.67,55.84,39.3,,false,""
2024-11-11T01:00:00.000000,Italy,Italy,IT,218.19,289.47,56.87,40.03,,false,""
2024-11-11T02:00:00.000000,Italy,Italy,IT,215.68,286.5,57.43,40.41,,false,""
2024-11-11T03:00:00.000000,Italy,Italy,IT,217.38,289.01,56.52,40.19,,false,""
2024-11-11T04:00:00.000000,Italy,Italy,IT,227.85,303.27,52.53,38.97,,false,""
2024-11-11T05:00:00.000000,Italy,Italy,IT,245.64,326.97,45.2,34.61,,false,""
2024-11-11T06:00:00.000000,Italy,Italy,IT,234.98,313.04,47.07,37.72,,false,""
2024-11-11T07:00:00.000000,Italy,Italy,IT,220.29,295.4,50.25,41.5,,false,""
2024-11-11T08:00:00.000000,Italy,Italy,IT,218.35,294.07,50.75,43.53,,false,""
2024-11-11T09:00:00.000000,Italy,Italy,IT,213.92,288.61,51.99,46.14,,false,""
2024-11-11T10:00:00.000000,Italy,Italy,IT,212.85,287.71,52.33,46.01,,false,""
2024-11-11T11:00:00.000000,Italy,Italy,IT,219.42,296.29,50.57,44.96,,false,""
2024-11-11T12:00:00.000000,Italy,Italy,IT,221.94,299.11,50.03,43.65,,false,""
2024-11-11T13:00:00.000000,Italy,Italy,IT,241.86,323.2,45.53,39.34,,false,""
2024-11-11T14:00:00.000000,Italy,Italy,IT,255.49,339.49,41.83,34.27,,false,""
2024-11-11T15:00:00.000000,Italy,Italy,IT,265.76,349.98,39.73,32.29,,false,""
2024-11-11T16:00:00.000000,Italy,Italy,IT,264.56,347.61,39.81,32.61,,false,""
2024-11-11T17:00:00.000000,Italy,Italy,IT,266.68,350.21,39.3,32.75,,false,""
2024-11-11T18:00:00.000000,Italy,Italy,IT,266.72,350.73,39.23,32.39,,false,""
2024-11-11T19:00:00.000000,Italy,Italy,IT,268.33,354.17,38.84,30.43,,false,""
2024-11-11T20:00:00.000000,Italy,Italy,IT,270.29,357.38,38.44,29.35,,false,""
2024-11-11T21:00:00.000000,Italy,Italy,IT,264.36,349.15,40.86,30.37,,false,""
2024-11-11T22:00:00.000000,Italy,Italy,IT,253.13,335.87,43.79,32.41,,false,""
2024-11-11T23:00:00.000000,Italy,Italy,IT,230.81,307.84,50.3,35.59,,false,""
2024-11-12T00:00:00.000000,Italy,Italy,IT,227.71,303.59,51.74,35.93,,false,""
2024-11-12T01:00:00.000000,Italy,Italy,IT,231.39,308.87,50.63,35.1,,false,""
2024-11-12T02:00:00.000000,Italy,Italy,IT,228.71,305.71,51.24,36.09,,false,""
2024-11-12T03:00:00.000000,Italy,Italy,IT,232.0,309.88,50.1,35.93,,false,""
2024-11-12T04:00:00.000000,Italy,Italy,IT,249.3,331.81,44.6,32.86,,false,""
2024-11-12T05:00:00.000000,Italy,Italy,IT,273.51,361.96,37.53,29.86,,false,""
2024-11-12T06:00:00.000000,Italy,Italy,IT,268.16,354.19,38.23,33.32,,false,""
2024-11-12T07:00:00.000000,Italy,Italy,IT,259.38,342.33,40.85,37.25,,false,""
2024-11-12T08:00:00.000000,Italy,Italy,IT,248.13,330.18,43.24,39.63,,false,""
2024-11-12T09:00:00.000000,Italy,Italy,IT,241.93,323.61,44.55,41.34,,false,""
2024-11-12T10:00:00.000000,Italy,Italy,IT,246.41,329.38,43.61,40.63,,false,""
2024-11-12T11:00:00.000000,Italy,Italy,IT,246.14,329.23,43.87,40.79,,false,""
2024-11-12T12:00:00.000000,Italy,Italy,IT,256.96,342.33,41.41,38.24,,false,""
2024-11-12T13:00:00.000000,Italy,Italy,IT,269.0,356.6,39.0,35.64,,false,""
2024-11-12T14:00:00.000000,Italy,Italy,IT,277.65,365.73,37.37,33.62,,false,""
2024-11-12T15:00:00.000000,Italy,Italy,IT,286.59,375.03,35.41,31.27,,false,""
2024-11-12T16:00:00.000000,Italy,Italy,IT,287.0,375.0,35.53,31.48,,false,""
2024-11-12T17:00:00.000000,Italy,Italy,IT,286.58,375.06,35.37,31.26,,false,""
2024-11-12T18:00:00.000000,Italy,Italy,IT,284.25,372.95,35.76,31.2,,false,""
2024-11-12T19:00:00.000000,Italy,Italy,IT,288.88,380.18,34.44,29.76,,false,""
2024-11-12T20:00:00.000000,Italy,Italy,IT,287.76,379.61,34.77,28.51,,false,""
2024-11-12T21:00:00.000000,Italy,Italy,IT,270.28,358.2,39.32,30.93,,false,""
2024-11-12T22:00:00.000000,Italy,Italy,IT,254.9,339.16,43.81,33.14,,false,""
2024-11-12T23:00:00.000000,Italy,Italy,IT,255.49,340.08,44.36,33.81,,false,""
2024-11-13T00:00:00.000000,Italy,Italy,IT,243.69,324.77,47.96,36.02,,false,""
2024-11-13T01:00:00.000000,Italy,Italy,IT,244.56,324.64,48.97,36.5,,false,""
2024-11-13T02:00:00.000000,Italy,Italy,IT,247.76,329.16,47.96,36.13,,false,""
2024-11-13T03:00:00.000000,Italy,Italy,IT,260.43,345.55,44.37,34.09,,false,""
2024-11-13T04:00:00.000000,Italy,Italy,IT,274.74,363.69,39.49,30.9,,false,""
2024-11-13T05:00:00.000000,Italy,Italy,IT,302.91,398.29,31.4,25.81,,false,""
2024-11-13T06:00:00.000000,Italy,Italy,IT,298.06,390.9,32.39,28.27,,false,""
2024-11-13T07:00:00.000000,Italy,Italy,IT,281.91,370.43,36.42,33.29,,false,""
2024-11-13T08:00:00.000000,Italy,Italy,IT,270.55,358.53,38.68,35.33,,false,""
2024-11-13T09:00:00.000000,Italy,Italy,IT,265.66,353.35,39.82,36.56,,false,""
2024-11-13T10:00:00.000000,Italy,Italy,IT,262.0,348.91,40.8,37.16,,false,""
2024-11-13T11:00:00.000000,Italy,Italy,IT,263.95,352.0,40.25,36.99,,false,""
2024-11-13T12:00:00.000000,Italy,Italy,IT,276.2,366.96,37.44,34.08,,false,""
2024-11-13T13:00:00.000000,Italy,Italy,IT,296.37,391.53,32.38,28.85,,false,""
2024-11-13T14:00:00.000000,Italy,Italy,IT,308.85,405.63,29.47,25.3,,false,""
2024-11-13T15:00:00.000000,Italy,Italy,IT,306.92,401.09,30.13,25.82,,false,""
2024-11-13T16:00:00.000000,Italy,Italy,IT,305.77,398.69,30.55,26.21,,false,""
2024-11-13T17:00:00.000000,Italy,Italy,IT,306.97,399.85,30.23,26.35,,false,""
2024-11-13T18:00:00.000000,Italy,Italy,IT,307.57,402.34,30.11,25.2,,false,""
2024-11-13T19:00:00.000000,Italy,Italy,IT,311.06,408.04,29.14,22.65,,false,""
2024-11-13T20:00:00.000000,Italy,Italy,IT,305.11,401.14,30.34,22.71,,false,""
2024-11-13T21:00:00.000000,Italy,Italy,IT,304.79,401.43,30.96,22.45,,false,""
2024-11-13T22:00:00.000000,Italy,Italy,IT,296.48,389.81,34.63,24.22,,false,""
2024-11-13T23:00:00.000000,Italy,Italy,IT,273.86,360.45,41.08,27.61,,false,""
2024-11-14T00:00:00.000000,Italy,Italy,IT,261.91,345.77,44.29,29.41,,false,""
2024-11-14T01:00:00.000000,Italy,Italy,IT,259.52,342.65,45.22,30.53,,false,""
2024-11-14T02:00:00.000000,Italy,Italy,IT,254.97,337.38,46.05,31.1,,false,""
2024-11-14T03:00:00.000000,Italy,Italy,IT,256.62,340.04,44.89,30.45,,false,""
2024-11-14T04:00:00.000000,Italy,Italy,IT,270.97,358.25,40.22,27.47,,false,""
2024-11-14T05:00:00.000000,Italy,Italy,IT,290.35,382.43,33.74,24.27,,false,""
2024-11-14T06:00:00.000000,Italy,Italy,IT,279.87,367.82,35.89,28.12,,false,""
2024-11-14T07:00:00.000000,Italy,Italy,IT,265.65,349.65,38.95,32.53,,false,""
2024-11-14T08:00:00.000000,Italy,Italy,IT,261.99,347.15,39.54,33.25,,false,""
2024-11-14T09:00:00.000000,Italy,Italy,IT,258.39,343.74,40.48,34.39,,false,""
2024-11-14T10:00:00.000000,Italy,Italy,IT,257.96,343.3,40.77,34.76,,false,""
2024-11-14T11:00:00.000000,Italy,Italy,IT,257.72,343.36,40.8,34.97,,false,""
2024-11-14T12:00:00.000000,Italy,Italy,IT,266.23,353.82,38.82,32.81,,false,""
2024-11-14T13:00:00.000000,Italy,Italy,IT,274.88,363.0,37.2,30.18,,false,""
2024-11-14T14:00:00.000000,Italy,Italy,IT,283.55,372.31,35.32,28.31,,false,""
2024-11-14T15:00:00.000000,Italy,Italy,IT,287.48,375.93,34.57,27.2,,false,""
2024-11-14T16:00:00.000000,Italy,Italy,IT,284.99,371.84,35.16,28.98,,false,""
2024-11-14T17:00:00.000000,Italy,Italy,IT,282.95,370.17,35.47,29.85,,false,""
2024-11-14T18:00:00.000000,Italy,Italy,IT,277.88,364.2,36.67,30.38,,false,""
2024-11-14T19:00:00.000000,Italy,Italy,IT,281.32,369.67,35.49,29.2,,false,""
2024-11-14T20:00:00.000000,Italy,Italy,IT,269.45,355.17,38.84,31.24,,false,""
2024-11-14T21:00:00.000000,Italy,Italy,IT,250.43,331.41,44.36,34.25,,false,""
2024-11-14T22:00:00.000000,Italy,Italy,IT,240.2,319.54,47.2,36.14,,false,""
2024-11-14T23:00:00.000000,Italy,Italy,IT,224.93,301.15,51.34,38.88,,false,""
2024-11-15T00:00:00.000000,Italy,Italy,IT,213.16,286.5,54.69,41.46,,false,""
2024-11-15T01:00:00.000000,Italy,Italy,IT,203.78,274.42,57.35,43.6,,false,""
2024-11-15T02:00:00.000000,Italy,Italy,IT,197.28,266.5,58.73,44.42,,false,""
2024-11-15T03:00:00.000000,Italy,Italy,IT,194.17,263.22,58.96,44.53,,false,""
2024-11-15T04:00:00.000000,Italy,Italy,IT,216.63,291.27,52.53,40.13,,false,""
2024-11-15T05:00:00.000000,Italy,Italy,IT,236.88,316.03,46.32,36.31,,false,""
2024-11-15T06:00:00.000000,Italy,Italy,IT,230.4,305.25,47.74,40.24,,false,""
2024-11-15T07:00:00.000000,Italy,Italy,IT,219.73,292.42,50.04,43.49,,false,""
2024-11-15T08:00:00.000000,Italy,Italy,IT,213.73,286.53,51.48,46.68,,false,""
2024-11-15T09:00:00.000000,Italy,Italy,IT,205.2,277.26,53.51,49.49,,false,""
2024-11-15T10:00:00.000000,Italy,Italy,IT,197.66,268.25,55.37,51.11,,false,""
2024-11-15T11:00:00.000000,Italy,Italy,IT,188.6,257.15,57.94,53.49,,false,""
2024-11-15T12:00:00.000000,Italy,Italy,IT,191.16,260.35,57.3,52.42,,false,""
2024-11-15T13:00:00.000000,Italy,Italy,IT,212.05,285.58,52.29,46.27,,false,""
2024-11-15T14:00:00.000000,Italy,Italy,IT,239.13,318.57,45.41,39.13,,false,""
2024-11-15T15:00:00.000000,Italy,Italy,IT,246.26,325.74,43.63,36.96,,false,""
2024-11-15T16:00:00.000000,Italy,Italy,IT,245.37,323.86,43.88,37.11,,false,""
2024-11-15T17:00:00.000000,Italy,Italy,IT,246.58,325.56,43.56,37.43,,false,""
2024-11-15T18:00:00.000000,Italy,Italy,IT,248.58,328.21,43.08,37.17,,false,""
2024-11-15T19:00:00.000000,Italy,Italy,IT,256.61,339.17,41.3,34.43,,false,""
2024-11-15T20:00:00.000000,Italy,Italy,IT,246.4,327.14,44.34,35.93,,false,""
2024-11-15T21:00:00.000000,Italy,Italy,IT,245.09,325.91,45.41,37.02,,false,""
2024-11-15T22:00:00.000000,Italy,Italy,IT,234.77,312.5,48.98,39.59,,false,""
2024-11-15T23:00:00.000000,Italy,Italy,IT,224.99,299.81,52.65,41.47,,false,""
2024-11-16T00:00:00.000000,Italy,Italy,IT,210.19,280.19,57.76,44.63,,false,""
2024-11-16T01:00:00.000000,Italy,Italy,IT,205.86,275.03,59.13,45.13,,false,""
2024-11-16T02:00:00.000000,Italy,Italy,IT,205.65,274.97,59.33,45.6,,false,""
2024-11-16T03:00:00.000000,Italy,Italy,IT,207.22,277.53,58.42,44.5,,false,""
2024-11-16T04:00:00.000000,Italy,Italy,IT,217.89,291.62,54.88,42.82,,false,""
2024-11-16T05:00:00.000000,Italy,Italy,IT,220.04,293.57,53.25,41.77,,false,""
2024-11-16T06:00:00.000000,Italy,Italy,IT,211.36,281.65,54.46,45.41,,false,""
2024-11-16T07:00:00.000000,Italy,Italy,IT,195.8,263.44,57.71,49.99,,false,""
2024-11-16T08:00:00.000000,Italy,Italy,IT,178.09,244.38,61.59,52.92,,false,""
2024-11-16T09:00:00.000000,Italy,Italy,IT,154.26,215.29,67.64,57.99,,false,""
2024-11-16T10:00:00.000000,Italy,Italy,IT,154.08,215.13,68.25,59.15,,false,""
2024-11-16T11:00:00.000000,Italy,Italy,IT,159.22,221.96,67.2,59.36,,false,""
2024-11-16T12:00:00.000000,Italy,Italy,IT,165.27,229.33,65.7,57.39,,false,""
2024-11-16T13:00:00.000000,Italy,Italy,IT,190.22,260.18,59.51,50.62,,false,""
2024-11-16T14:00:00.000000,Italy,Italy,IT,244.28,326.96,45.42,36.53,,false,""
2024-11-16T15:00:00.000000,Italy,Italy,IT,273.07,360.32,38.25,30.39,,false,""
2024-11-16T16:00:00.000000,Italy,Italy,IT,266.39,350.3,39.92,32.54,,false,""
2024-11-16T17:00:00.000000,Italy,Italy,IT,258.21,340.05,42.06,34.13,,false,""
2024-11-16T18:00:00.000000,Italy,Italy,IT,264.97,348.27,40.75,32.64,,false,""
2024-11-16T19:00:00.000000,Italy,Italy,IT,275.24,362.52,38.42,30.38,,false,""
2024-11-16T20:00:00.000000,Italy,Italy,IT,275.64,364.23,38.75,30.06,,false,""
2024-11-16T21:00:00.000000,Italy,Italy,IT,271.23,359.43,40.02,30.34,,false,""
2024-11-16T22:00:00.000000,Italy,Italy,IT,259.2,344.15,43.93,33.12,,false,""
2024-11-16T23:00:00.000000,Italy,Italy,IT,242.57,320.53,50.6,37.84,,false,""
2024-11-17T00:00:00.000000,Italy,Italy,IT,235.96,311.53,53.64,39.52,,false,""
2024-11-17T01:00:00.000000,Italy,Italy,IT,232.19,306.62,55.01,40.31,,false,""
2024-11-17T02:00:00.000000,Italy,Italy,IT,227.88,301.29,56.05,40.46,,false,""
2024-11-17T03:00:00.000000,Italy,Italy,IT,221.63,293.68,57.3,41.19,,false,""
2024-11-17T04:00:00.000000,Italy,Italy,IT,225.17,298.29,55.93,40.78,,false,""
2024-11-17T05:00:00.000000,Italy,Italy,IT,224.35,297.07,55.26,41.14,,false,""
2024-11-17T06:00:00.000000,Italy,Italy,IT,215.48,286.59,56.65,44.52,,false,""
2024-11-17T07:00:00.000000,Italy,Italy,IT,195.64,263.76,60.55,50.27,,false,""
2024-11-17T08:00:00.000000,Italy,Italy,IT,171.46,236.3,65.02,55.08,,false,""
2024-11-17T09:00:00.000000,Italy,Italy,IT,153.98,214.92,69.27,60.56,,false,""
2024-11-17T10:00:00.000000,Italy,Italy,IT,146.9,206.87,70.61,62.4,,false,""
2024-11-17T11:00:00.000000,Italy,Italy,IT,144.42,203.02,71.68,62.89,,false,""
2024-11-17T12:00:00.000000,Italy,Italy,IT,148.84,208.57,70.74,62.17,,false,""
2024-11-17T13:00:00.000000,Italy,Italy,IT,168.57,232.35,66.2,56.4,,false,""
2024-11-17T14:00:00.000000,Italy,Italy,IT,210.47,283.26,55.17,44.63,,false,""
2024-11-17T15:00:00.000000,Italy,Italy,IT,228.5,304.05,50.23,40.94,,false,""
2024-11-17T16:00:00.000000,Italy,Italy,IT,236.3,312.51,48.01,39.01,,false,""
2024-11-17T17:00:00.000000,Italy,Italy,IT,229.44,303.6,49.52,40.61,,false,""
2024-11-17T18:00:00.000000,Italy,Italy,IT,231.47,305.54,49.31,40.53,,false,""
2024-11-17T19:00:00.000000,Italy,Italy,IT,232.62,307.81,49.06,40.16,,false,""
2024-11-17T20:00:00.000000,Italy,Italy,IT,234.58,311.36,49.04,39.1,,false,""
2024-11-17T21:00:00.000000,Italy,Italy,IT,214.86,287.41,54.71,42.89,,false,""
2024-11-17T22:00:00.000000,Italy,Italy,IT,212.3,284.35,56.36,44.83,,false,""
2024-11-17T23:00:00.000000,Italy,Italy,IT,206.08,275.95,59.34,46.26,,false,""
2024-11-18T00:00:00.000000,Italy,Italy,IT,208.41,279.01,59.13,45.62,,false,""
2024-11-18T01:00:00.000000,Italy,Italy,IT,204.54,275.02,59.67,45.48,,false,""
2024-11-18T02:00:00.000000,Italy,Italy,IT,210.17,282.04,58.54,43.82,,false,""
2024-11-18T03:00:00.000000,Italy,Italy,IT,218.35,292.41,56.12,41.68,,false,""
2024-11-18T04:00:00.000000,Italy,Italy,IT,229.66,306.33,52.24,38.26,,false,""
2024-11-18T05:00:00.000000,Italy,Italy,IT,263.13,347.38,42.0,31.27,,false,""
2024-11-18T06:00:00.000000,Italy,Italy,IT,258.31,340.22,42.33,33.31,,false,""
2024-11-18T07:00:00.000000,Italy,Italy,IT,249.39,329.31,44.26,36.09,,false,""
2024-11-18T08:00:00.000000,Italy,Italy,IT,244.81,324.81,45.21,37.88,,false,""
2024-11-18T09:00:00.000000,Italy,Italy,IT,238.25,317.67,46.62,40.41,,false,""
2024-11-18T10:00:00.000000,Italy,Italy,IT,232.54,310.62,48.22,42.35,,false,""
2024-11-18T11:00:00.000000,Italy,Italy,IT,230.08,307.99,48.63,42.37,,false,""
2024-11-18T12:00:00.000000,Italy,Italy,IT,243.1,323.94,45.59,39.56,,false,""
2024-11-18T13:00:00.000000,Italy,Italy,IT,257.1,340.5,42.15,35.57,,false,""
2024-11-18T14:00:00.000000,Italy,Italy,IT,271.56,357.42,38.37,31.16,,false,""
2024-11-18T15:00:00.000000,Italy,Italy,IT,275.95,361.76,37.02,30.18,,false,""
2024-11-18T16:00:00.000000,Italy,Italy,IT,278.06,363.63,36.42,30.54,,false,""
2024-11-18T17:00:00.000000,Italy,Italy,IT,282.15,368.83,35.69,30.43,,false,""
2024-11-18T18:00:00.000000,Italy,Italy,IT,282.66,370.19,35.36,29.82,,false,""
2024-11-18T19:00:00.000000,Italy,Italy,IT,292.82,384.53,33.04,26.58,,false,""
2024-11-18T20:00:00.000000,Italy,Italy,IT,289.15,380.43,34.18,26.03,,false,""
2024-11-18T21:00:00.000000,Italy,Italy,IT,279.37,368.09,37.73,28.6,,false,""
2024-11-18T22:00:00.000000,Italy,Italy,IT,265.89,351.3,41.78,31.53,,false,""
2024-11-18T23:00:00.000000,Italy,Italy,IT,247.58,327.32,47.91,35.72,,false,""
2024-11-19T00:00:00.000000,Italy,Italy,IT,237.19,314.5,50.76,37.99,,false,""
2024-11-19T01:00:00.000000,Italy,Italy,IT,238.09,315.69,50.6,38.8,,false,""
2024-11-19T02:00:00.000000,Italy,Italy,IT,234.83,311.55,51.51,39.32,,false,""
2024-11-19T03:00:00.000000,Italy,Italy,IT,240.06,318.32,49.86,37.75,,false,""
2024-11-19T04:00:00.000000,Italy,Italy,IT,250.43,331.02,46.55,35.28,,false,""
2024-11-19T05:00:00.000000,Italy,Italy,IT,268.5,354.34,39.89,31.94,,false,""
2024-11-19T06:00:00.000000,Italy,Italy,IT,266.45,349.69,40.57,33.99,,false,""
2024-11-19T07:00:00.000000,Italy,Italy,IT,253.24,332.91,43.84,37.67,,false,""
2024-11-19T08:00:00.000000,Italy,Italy,IT,243.14,321.31,46.06,39.98,,false,""
2024-11-19T09:00:00.000000,Italy,Italy,IT,241.87,320.4,46.31,41.08,,false,""
2024-11-19T10:00:00.000000,Italy,Italy,IT,234.15,311.06,48.01,43.53,,false,""
2024-11-19T11:00:00.000000,Italy,Italy,IT,236.61,314.66,47.49,43.33,,false,""
2024-11-19T12:00:00.000000,Italy,Italy,IT,242.06,321.36,46.24,41.92,,false,""
2024-11-19T13:00:00.000000,Italy,Italy,IT,255.75,338.22,42.72,37.98,,false,""
2024-11-19T14:00:00.000000,Italy,Italy,IT,264.15,346.84,40.87,35.88,,false,""
2024-11-19T15:00:00.000000,Italy,Italy,IT,258.9,339.58,42.31,35.75,,false,""
2024-11-19T16:00:00.000000,Italy,Italy,IT,259.14,340.05,41.91,35.18,,false,""
2024-11-19T17:00:00.000000,Italy,Italy,IT,261.44,343.62,41.23,33.75,,false,""
2024-11-19T18:00:00.000000,Italy,Italy,IT,259.46,341.07,41.91,33.37,,false,""
2024-11-19T19:00:00.000000,Italy,Italy,IT,260.38,342.33,42.05,33.83,,false,""
2024-11-19T20:00:00.000000,Italy,Italy,IT,251.54,330.67,45.25,35.92,,false,""
2024-11-19T21:00:00.000000,Italy,Italy,IT,237.9,313.91,49.14,38.67,,false,""
2024-11-19T22:00:00.000000,Italy,Italy,IT,225.49,298.61,52.68,42.25,,false,""
2024-11-19T23:00:00.000000,Italy,Italy,IT,205.56,271.3,59.7,47.57,,false,""
2024-11-20T00:00:00.000000,Italy,Italy,IT,207.64,273.82,60.18,47.98,,false,""
2024-11-20T01:00:00.000000,Italy,Italy,IT,205.57,271.74,60.43,48.15,,false,""
2024-11-20T02:00:00.000000,Italy,Italy,IT,193.87,257.13,63.32,50.18,,false,""
2024-11-20T03:00:00.000000,Italy,Italy,IT,189.23,251.24,64.28,50.28,,false,""
2024-11-20T04:00:00.000000,Italy,Italy,IT,202.92,269.28,59.84,46.95,,false,""
2024-11-20T05:00:00.000000,Italy,Italy,IT,219.46,290.57,53.94,41.65,,false,""
2024-11-20T06:00:00.000000,Italy,Italy,IT,229.94,303.06,50.23,39.97,,false,""
2024-11-20T07:00:00.000000,Italy,Italy,IT,224.42,295.7,51.3,42.42,,false,""
2024-11-20T08:00:00.000000,Italy,Italy,IT,217.56,287.69,52.67,43.96,,false,""
2024-11-20T09:00:00.000000,Italy,Italy,IT,211.51,280.91,54.1,46.06,,false,""
2024-11-20T10:00:00.000000,Italy,Italy,IT,204.93,273.06,55.71,47.88,,false,""
2024-11-20T11:00:00.000000,Italy,Italy,IT,208.59,278.09,54.81,48.18,,false,""
2024-11-20T12:00:00.000000,Italy,Italy,IT,215.61,286.76,53.23,46.54,,false,""
2024-11-20T13:00:00.000000,Italy,Italy,IT,219.62,291.27,52.17,45.1,,false,""
2024-11-20T14:00:00.000000,Italy,Italy,IT,220.85,292.67,51.34,43.52,,false,""
2024-11-20T15:00:00.000000,Italy,Italy,IT,221.42,292.77,51.25,42.5,,false,""
2024-11-20T16:00:00.000000,Italy,Italy,IT,224.74,296.35,50.55,42.75,,false,""
2024-11-20T17:00:00.000000,Italy,Italy,IT,229.17,301.66,49.81,42.24,,false,""
2024-11-20T18:00:00.000000,Italy,Italy,IT,231.42,305.38,48.71,40.93,,false,""
2024-11-20T19:00:00.000000,Italy,Italy,IT,237.37,313.38,47.51,38.77,,false,""
2024-11-20T20:00:00.000000,Italy,Italy,IT,236.11,310.63,49.3,39.43,,false,""
2024-11-20T21:00:00.000000,Italy,Italy,IT,228.97,300.87,52.43,41.21,,false,""
2024-11-20T22:00:00.000000,Italy,Italy,IT,226.37,297.83,53.55,42.76,,false,""
2024-11-20T23:00:00.000000,Italy,Italy,IT,199.6,264.69,57.95,46.85,,false,""
2024-11-21T00:00:00.000000,Italy,Italy,IT,215.79,285.32,57.05,46.54,,false,""
2024-11-21T01:00:00.000000,Italy,Italy,IT,215.52,285.16,57.13,45.59,,false,""
2024-11-21T02:00:00.000000,Italy,Italy,IT,226.42,298.43,54.84,42.54,,false,""
2024-11-21T03:00:00.000000,Italy,Italy,IT,236.3,310.89,52.21,40.16,,false,""
2024-11-21T04:00:00.000000,Italy,Italy,IT,249.64,327.89,48.06,36.58,,false,""
2024-11-21T05:00:00.000000,Italy,Italy,IT,264.97,348.84,41.71,31.46,,false,""
2024-11-21T06:00:00.000000,Italy,Italy,IT,276.81,363.56,37.67,29.47,,false,""
2024-11-21T07:00:00.000000,Italy,Italy,IT,269.03,353.17,39.76,32.49,,false,""
2024-11-21T08:00:00.000000,Italy,Italy,IT,261.4,344.86,41.66,35.64,,false,""
2024-11-21T09:00:00.000000,Italy,Italy,IT,252.55,334.55,43.96,37.75,,false,""
2024-11-21T10:00:00.000000,Italy,Italy,IT,247.12,328.42,44.88,38.73,,false,""
2024-11-21T11:00:00.000000,Italy,Italy,IT,255.91,339.1,42.8,37.14,,false,""
2024-11-21T12:00:00.000000,Italy,Italy,IT,269.64,356.54,38.92,33.27,,false,""
2024-11-21T13:00:00.000000,Italy,Italy,IT,272.54,360.17,37.51,31.39,,false,""
2024-11-21T14:00:00.000000,Italy,Italy,IT,281.46,369.98,35.2,30.02,,false,""
2024-11-21T15:00:00.000000,Italy,Italy,IT,281.48,369.23,35.53,30.7,,false,""
2024-11-21T16:00:00.000000,Italy,Italy,IT,280.99,367.58,36.02,31.85,,false,""
2024-11-21T17:00:00.000000,Italy,Italy,IT,279.64,366.65,36.25,31.49,,false,""
2024-11-21T18:00:00.000000,Italy,Italy,IT,276.98,363.87,36.73,31.19,,false,""
2024-11-21T19:00:00.000000,Italy,Italy,IT,278.81,366.64,36.42,30.58,,false,""
2024-11-21T20:00:00.000000,Italy,Italy,IT,255.6,337.55,42.63,34.54,,false,""
2024-11-21T21:00:00.000000,Italy,Italy,IT,239.63,317.14,47.53,38.63,,false,""
2024-11-21T22:00:00.000000,Italy,Italy,IT,230.42,304.19,51.29,42.4,,false,""
2024-11-21T23:00:00.000000,Italy,Italy,IT,211.05,279.58,57.02,47.0,,false,""
2024-11-22T00:00:00.000000,Italy,Italy,IT,205.84,273.33,58.48,47.85,,false,""
2024-11-22T01:00:00.000000,Italy,Italy,IT,204.15,271.61,58.89,48.52,,false,""
2024-11-22T02:00:00.000000,Italy,Italy,IT,208.53,277.54,57.42,46.81,,false,""
2024-11-22T03:00:00.000000,Italy,Italy,IT,212.08,281.91,56.55,46.31,,false,""
2024-11-22T04:00:00.000000,Italy,Italy,IT,217.63,288.13,55.24,45.03,,false,""
2024-11-22T05:00:00.000000,Italy,Italy,IT,219.77,290.89,53.21,44.14,,false,""
2024-11-22T06:00:00.000000,Italy,Italy,IT,218.18,288.55,52.49,44.96,,false,""
2024-11-22T07:00:00.000000,Italy,Italy,IT,213.44,281.79,53.8,46.74,,false,""
2024-11-22T08:00:00.000000,Italy,Italy,IT,202.2,268.72,56.24,48.86,,false,""
2024-11-22T09:00:00.000000,Italy,Italy,IT,195.11,261.6,57.71,50.8,,false,""
2024-11-22T10:00:00.000000,Italy,Italy,IT,187.19,252.39,59.66,52.96,,false,""
2024-11-22T11:00:00.000000,Italy,Italy,IT,184.41,249.67,60.12,54.83,,false,""
2024-11-22T12:00:00.000000,Italy,Italy,IT,190.54,257.63,58.39,53.68,,false,""
2024-11-22T13:00:00.000000,Italy,Italy,IT,200.98,269.99,56.15,50.25,,false,""
2024-11-22T14:00:00.000000,Italy,Italy,IT,224.1,298.09,50.49,43.86,,false,""
2024-11-22T15:00:00.000000,Italy,Italy,IT,233.51,308.62,48.18,41.33,,false,""
2024-11-22T16:00:00.000000,Italy,Italy,IT,236.54,311.29,47.68,41.0,,false,""
2024-11-22T17:00:00.000000,Italy,Italy,IT,237.54,312.85,47.75,40.76,,false,""
2024-11-22T18:00:00.000000,Italy,Italy,IT,241.22,317.52,47.36,40.76,,false,""
2024-11-22T19:00:00.000000,Italy,Italy,IT,247.12,325.16,46.25,39.22,,false,""
2024-11-22T20:00:00.000000,Italy,Italy,IT,250.79,329.65,45.89,38.73,,false,""
2024-11-22T21:00:00.000000,Italy,Italy,IT,246.93,325.53,47.19,39.41,,false,""
2024-11-22T22:00:00.000000,Italy,Italy,IT,242.06,319.8,48.71,40.2,,false,""
2024-11-22T23:00:00.000000,Italy,Italy,IT,219.72,291.74,54.46,43.67,,false,""
2024-11-23T00:00:00.000000,Italy,Italy,IT,214.44,285.46,56.14,44.71,,false,""
2024-11-23T01:00:00.000000,Italy,Italy,IT,214.81,285.01,56.94,45.46,,false,""
2024-11-23T02:00:00.000000,Italy,Italy,IT,201.23,267.5,60.74,48.82,,false,""
2024-11-23T03:00:00.000000,Italy,Italy,IT,203.02,269.07,60.55,48.17,,false,""
2024-11-23T04:00:00.000000,Italy,Italy,IT,206.7,272.66,59.71,47.31,,false,""
2024-11-23T05:00:00.000000,Italy,Italy,IT,210.36,276.64,58.45,45.75,,false,""
2024-11-23T06:00:00.000000,Italy,Italy,IT,192.65,255.1,61.75,49.61,,false,""
2024-11-23T07:00:00.000000,Italy,Italy,IT,175.56,235.36,65.03,54.09,,false,""
2024-11-23T08:00:00.000000,Italy,Italy,IT,157.6,215.57,68.67,58.13,,false,""
2024-11-23T09:00:00.000000,Italy,Italy,IT,141.06,196.51,72.25,62.86,,false,""
2024-11-23T10:00:00.000000,Italy,Italy,IT,139.94,196.47,71.88,63.27,,false,""
2024-11-23T11:00:00.000000,Italy,Italy,IT,134.96,190.71,73.26,64.7,,false,""
2024-11-23T12:00:00.000000,Italy,Italy,IT,150.47,209.84,69.91,61.13,,false,""
2024-11-23T13:00:00.000000,Italy,Italy,IT,182.44,249.18,62.09,51.46,,false,""
2024-11-23T14:00:00.000000,Italy,Italy,IT,230.61,308.56,49.51,38.79,,false,""
2024-11-23T15:00:00.000000,Italy,Italy,IT,253.14,334.8,43.9,33.47,,false,""
2024-11-23T16:00:00.000000,Italy,Italy,IT,245.48,324.05,45.5,35.22,,false,""
2024-11-23T17:00:00.000000,Italy,Italy,IT,243.23,321.1,46.14,36.49,,false,""
2024-11-23T18:00:00.000000,Italy,Italy,IT,245.85,324.13,45.76,36.18,,false,""
2024-11-23T19:00:00.000000,Italy,Italy,IT,258.71,340.91,42.98,32.66,,false,""
2024-11-23T20:00:00.000000,Italy,Italy,IT,261.11,344.62,42.76,31.76,,false,""
2024-11-23T21:00:00.000000,Italy,Italy,IT,254.83,336.52,45.16,33.03,,false,""
2024-11-23T22:00:00.000000,Italy,Italy,IT,252.18,333.1,46.53,34.03,,false,""
2024-11-23T23:00:00.000000,Italy,Italy,IT,242.23,320.61,50.33,37.82,,false,""
2024-11-24T00:00:00.000000,Italy,Italy,IT,233.76,310.24,52.92,40.35,,false,""
2024-11-24T01:00:00.000000,Italy,Italy,IT,232.98,309.47,53.26,40.31,,false,""
2024-11-24T02:00:00.000000,Italy,Italy,IT,235.28,312.31,52.87,39.51,,false,""
2024-11-24T03:00:00.000000,Italy,Italy,IT,235.98,312.89,53.05,39.69,,false,""
2024-11-24T04:00:00.000000,Italy,Italy,IT,236.08,312.85,52.8,39.44,,false,""
2024-11-24T05:00:00.000000,Italy,Italy,IT,233.71,309.4,52.86,39.62,,false,""
2024-11-24T06:00:00.000000,Italy,Italy,IT,222.31,294.28,55.32,43.14,,false,""
2024-11-24T07:00:00.000000,Italy,Italy,IT,200.23,267.71,60.16,48.91,,false,""
2024-11-24T08:00:00.000000,Italy,Italy,IT,181.35,244.88,64.74,54.32,,false,""
2024-11-24T09:00:00.000000,Italy,Italy,IT,174.21,237.36,65.77,56.49,,false,""
2024-11-24T10:00:00.000000,Italy,Italy,IT,169.06,231.18,67.16,58.73,,false,""
2024-11-24T11:00:00.000000,Italy,Italy,IT,165.97,227.2,67.98,59.28,,false,""
2024-11-24T12:00:00.000000,Italy,Italy,IT,176.85,240.38,65.84,57.45,,false,""
2024-11-24T13:00:00.000000,Italy,Italy,IT,207.19,277.7,58.54,49.99,,false,""
2024-11-24T14:00:00.000000,Italy,Italy,IT,256.68,340.12,44.8,37.01,,false,""
2024-11-24T15:00:00.000000,Italy,Italy,IT,262.14,345.53,42.32,34.67,,false,""
2024-11-24T16:00:00.000000,Italy,Italy,IT,260.68,342.52,42.72,35.08,,false,""
2024-11-24T17:00:00.000000,Italy,Italy,IT,250.42,329.71,45.21,36.47,,false,""
2024-11-24T18:00:00.000000,Italy,Italy,IT,247.22,325.73,46.06,35.75,,false,""
2024-11-24T19:00:00.000000,Italy,Italy,IT,257.77,340.02,43.55,32.57,,false,""
2024-11-24T20:00:00.000000,Italy,Italy,IT,262.99,346.15,43.22,31.47,,false,""
2024-11-24T21:00:00.000000,Italy,Italy,IT,258.86,340.78,44.92,31.92,,false,""
2024-11-24T22:00:00.000000,Italy,Italy,IT,257.95,339.31,46.11,32.6,,false,""
2024-11-24T23:00:00.000000,Italy,Italy,IT,244.77,322.75,50.17,35.96,,false,""
2024-11-25T00:00:00.000000,Italy,Italy,IT,240.67,317.98,51.56,37.14,,false,""
2024-11-25T01:00:00.000000,Italy,Italy,IT,236.29,312.54,52.61,37.51,,false,""
2024-11-25T02:00:00.000000,Italy,Italy,IT,240.23,318.07,51.29,36.88,,false,""
2024-11-25T03:00:00.000000,Italy,Italy,IT,249.04,329.14,48.78,35.03,,false,""
2024-11-25T04:00:00.000000,Italy,Italy,IT,262.76,346.54,44.22,31.58,,false,""
2024-11-25T05:00:00.000000,Italy,Italy,IT,277.47,365.19,38.09,26.87,,false,""
2024-11-25T06:00:00.000000,Italy,Italy,IT,269.62,352.9,39.95,30.32,,false,""
2024-11-25T07:00:00.000000,Italy,Italy,IT,265.85,349.13,40.63,33.0,,false,""
2024-11-25T08:00:00.000000,Italy,Italy,IT,261.13,344.71,41.66,34.61,,false,""
2024-11-25T09:00:00.000000,Italy,Italy,IT,259.27,342.81,42.23,35.16,,false,""
2024-11-25T10:00:00.000000,Italy,Italy,IT,256.23,339.47,43.05,35.78,,false,""
2024-11-25T11:00:00.000000,Italy,Italy,IT,253.87,336.66,43.59,36.04,,false,""
2024-11-25T12:00:00.000000,Italy,Italy,IT,262.45,347.24,41.46,33.56,,false,""
2024-11-25T13:00:00.000000,Italy,Italy,IT,275.56,363.45,37.77,29.48,,false,""
2024-11-25T14:00:00.000000,Italy,Italy,IT,281.98,370.43,35.73,27.31,,false,""
2024-11-25T15:00:00.000000,Italy,Italy,IT,289.23,377.91,34.3,26.27,,false,""
2024-11-25T16:00:00.000000,Italy,Italy,IT,294.72,384.58,33.22,26.2,,false,""
2024-11-25T17:00:00.000000,Italy,Italy,IT,291.71,381.14,34.07,26.42,,false,""
2024-11-25T18:00:00.000000,Italy,Italy,IT,294.7,385.24,33.31,25.77,,false,""
2024-11-25T19:00:00.000000,Italy,Italy,IT,305.38,399.01,30.87,22.82,,false,""
2024-11-25T20:00:00.000000,Italy,Italy,IT,296.82,388.55,33.37,23.7,,false,""
2024-11-25T21:00:00.000000,Italy,Italy,IT,283.1,371.36,37.71,27.02,,false,""
2024-11-25T22:00:00.000000,Italy,Italy,IT,277.19,363.55,40.25,29.36,,false,""
2024-11-25T23:00:00.000000,Italy,Italy,IT,265.52,348.68,43.8,31.6,,false,""
2024-11-26T00:00:00.000000,Italy,Italy,IT,257.38,338.51,45.93,32.34,,false,""
2024-11-26T01:00:00.000000,Italy,Italy,IT,250.55,329.65,47.78,33.47,,false,""
2024-11-26T02:00:00.000000,Italy,Italy,IT,252.63,332.5,47.06,32.91,,false,""
2024-11-26T03:00:00.000000,Italy,Italy,IT,255.02,335.48,46.34,32.72,,false,""
2024-11-26T04:00:00.000000,Italy,Italy,IT,263.18,345.62,43.94,31.91,,false,""
2024-11-26T05:00:00.000000,Italy,Italy,IT,288.9,379.53,35.17,26.58,,false,""
2024-11-26T06:00:00.000000,Italy,Italy,IT,278.36,364.94,37.22,28.97,,false,""
2024-11-26T07:00:00.000000,Italy,Italy,IT,266.82,350.24,39.87,32.92,,false,""
2024-11-26T08:00:00.000000,Italy,Italy,IT,258.58,340.71,41.71,35.93,,false,""
2024-11-26T09:00:00.000000,Italy,Italy,IT,253.55,334.67,43.35,37.69,,false,""
2024-11-26T10:00:00.000000,Italy,Italy,IT,249.21,329.69,44.36,38.77,,false,""
2024-11-26T11:00:00.000000,Italy,Italy,IT,251.95,333.77,43.77,38.08,,false,""
2024-11-26T12:00:00.000000,Italy,Italy,IT,260.74,344.81,41.51,35.34,,false,""
2024-11-26T13:00:00.000000,Italy,Italy,IT,277.12,364.98,36.95,30.93,,false,""
2024-11-26T14:00:00.000000,Italy,Italy,IT,289.2,379.64,33.51,28.12,,false,""
2024-11-26T15:00:00.000000,Italy,Italy,IT,295.95,385.74,32.39,27.35,,false,""
2024-11-26T16:00:00.000000,Italy,Italy,IT,296.14,386.45,32.41,27.18,,false,""
2024-11-26T17:00:00.000000,Italy,Italy,IT,296.4,387.38,32.43,26.13,,false,""
2024-11-26T18:00:00.000000,Italy,Italy,IT,298.44,390.86,31.65,24.8,,false,""
2024-11-26T19:00:00.000000,Italy,Italy,IT,306.82,401.9,29.64,22.53,,false,""
2024-11-26T20:00:00.000000,Italy,Italy,IT,301.16,393.7,32.44,23.12,,false,""
2024-11-26T21:00:00.000000,Italy,Italy,IT,292.29,382.34,35.7,25.33,,false,""
2024-11-26T22:00:00.000000,Italy,Italy,IT,292.73,382.4,36.51,26.11,,false,""
2024-11-26T23:00:00.000000,Italy,Italy,IT,292.52,382.12,37.2,27.51,,false,""
2024-11-27T00:00:00.000000,Italy,Italy,IT,287.34,375.31,39.15,28.49,,false,""
2024-11-27T01:00:00.000000,Italy,Italy,IT,282.86,370.18,40.06,29.35,,false,""
2024-11-27T02:00:00.000000,Italy,Italy,IT,285.64,373.55,39.59,30.07,,false,""
2024-11-27T03:00:00.000000,Italy,Italy,IT,286.75,375.28,38.79,29.99,,false,""
2024-11-27T04:00:00.000000,Italy,Italy,IT,298.42,390.61,34.79,27.69,,false,""
2024-11-27T05:00:00.000000,Italy,Italy,IT,317.39,415.74,27.78,23.26,,false,""
2024-11-27T06:00:00.000000,Italy,Italy,IT,295.33,385.9,33.56,28.24,,false,""
2024-11-27T07:00:00.000000,Italy,Italy,IT,280.38,366.99,36.9,31.67,,false,""
2024-11-27T08:00:00.000000,Italy,Italy,IT,273.59,359.66,38.37,33.51,,false,""
2024-11-27T09:00:00.000000,Italy,Italy,IT,268.9,354.73,39.46,34.69,,false,""
2024-11-27T10:00:00.000000,Italy,Italy,IT,262.52,346.35,41.52,36.83,,false,""
2024-11-27T11:00:00.000000,Italy,Italy,IT,264.79,349.56,41.21,36.35,,false,""
2024-11-27T12:00:00.000000,Italy,Italy,IT,271.17,357.64,39.54,34.67,,false,""
2024-11-27T13:00:00.000000,Italy,Italy,IT,285.37,375.32,35.61,30.44,,false,""
2024-11-27T14:00:00.000000,Italy,Italy,IT,302.28,395.83,31.22,25.94,,false,""
2024-11-27T15:00:00.000000,Italy,Italy,IT,305.24,397.92,30.89,25.64,,false,""
2024-11-27T16:00:00.000000,Italy,Italy,IT,301.99,392.92,31.92,26.18,,false,""
2024-11-27T17:00:00.000000,Italy,Italy,IT,306.33,399.04,30.95,24.74,,false,""
2024-11-27T18:00:00.000000,Italy,Italy,IT,310.41,405.08,29.63,23.4,,false,""
2024-11-27T19:00:00.000000,Italy,Italy,IT,310.21,405.42,29.82,22.66,,false,""
2024-11-27T20:00:00.000000,Italy,Italy,IT,309.54,404.71,30.59,22.5,,false,""
2024-11-27T21:00:00.000000,Italy,Italy,IT,300.85,393.31,33.99,24.95,,false,""
2024-11-27T22:00:00.000000,Italy,Italy,IT,300.58,392.24,35.27,26.28,,false,""
2024-11-27T23:00:00.000000,Italy,Italy,IT,294.7,384.34,37.88,27.63,,false,""
2024-11-28T00:00:00.000000,Italy,Italy,IT,289.97,379.16,39.11,28.06,,false,""
2024-11-28T01:00:00.000000,Italy,Italy,IT,286.73,374.65,40.53,28.56,,false,""
2024-11-28T02:00:00.000000,Italy,Italy,IT,279.6,366.21,41.57,28.67,,false,""
2024-11-28T03:00:00.000000,Italy,Italy,IT,284.7,372.22,40.67,28.05,,false,""
2024-11-28T04:00:00.000000,Italy,Italy,IT,296.23,386.39,37.22,26.36,,false,""
2024-11-28T05:00:00.000000,Italy,Italy,IT,317.97,414.4,29.9,22.27,,false,""
2024-11-28T06:00:00.000000,Italy,Italy,IT,313.74,408.56,29.87,23.77,,false,""
2024-11-28T07:00:00.000000,Italy,Italy,IT,304.59,397.3,31.83,26.4,,true,ESTIMATED_TIME_SLICER_AVERAGE
2024-11-28T08:00:00.000000,Italy,Italy,IT,289.42,379.53,34.95,29.74,,true,ESTIMATED_TIME_SLICER_AVERAGE
2024-11-28T09:00:00.000000,Italy,Italy,IT,278.03,366.04,37.56,32.04,,false,""
2024-11-28T10:00:00.000000,Italy,Italy,IT,277.34,365.51,37.84,33.11,,false,""
2024-11-28T11:00:00.000000,Italy,Italy,IT,272.46,359.88,38.66,34.18,,false,""
2024-11-28T12:00:00.000000,Italy,Italy,IT,274.34,361.72,38.49,33.35,,false,""
2024-11-28T13:00:00.000000,Italy,Italy,IT,289.65,380.1,34.82,28.96,,false,""
2024-11-28T14:00:00.000000,Italy,Italy,IT,300.63,392.73,32.04,25.99,,false,""
2024-11-28T15:00:00.000000,Italy,Italy,IT,296.11,386.19,33.01,26.4,,false,""
2024-11-28T16:00:00.000000,Italy,Italy,IT,301.27,393.21,31.53,26.26,,true,ESTIMATED_TIME_SLICER_AVERAGE
2024-11-28T17:00:00.000000,Italy,Italy,IT,296.61,387.4,32.72,27.19,,false,""
2024-11-28T18:00:00.000000,Italy,Italy,IT,300.52,392.41,31.81,26.6,,false,""
2024-11-28T19:00:00.000000,Italy,Italy,IT,305.27,399.23,30.73,24.97,,false,""
2024-11-28T20:00:00.000000,Italy,Italy,IT,283.47,371.46,36.95,28.35,,false,""
2024-11-28T21:00:00.000000,Italy,Italy,IT,272.51,358.47,39.88,30.28,,false,""
2024-11-28T22:00:00.000000,Italy,Italy,IT,269.65,355.14,41.16,31.08,,false,""
2024-11-28T23:00:00.000000,Italy,Italy,IT,254.86,335.62,46.75,34.52,,false,""
2024-11-29T00:00:00.000000,Italy,Italy,IT,247.86,326.99,48.92,35.23,,false,""
2024-11-29T01:00:00.000000,Italy,Italy,IT,250.79,331.33,47.74,34.48,,false,""
2024-11-29T02:00:00.000000,Italy,Italy,IT,265.57,350.46,44.07,32.68,,false,""
2024-11-29T03:00:00.000000,Italy,Italy,IT,272.07,358.6,42.35,30.78,,false,""
2024-11-29T04:00:00.000000,Italy,Italy,IT,288.79,379.61,37.66,27.77,,false,""
2024-11-29T05:00:00.000000,Italy,Italy,IT,309.0,405.97,30.23,23.77,,false,""
2024-11-29T06:00:00.000000,Italy,Italy,IT,304.87,398.62,30.86,26.28,,false,""
2024-11-29T07:00:00.000000,Italy,Italy,IT,288.67,378.02,34.69,30.19,,false,""
2024-11-29T08:00:00.000000,Italy,Italy,IT,280.89,368.98,36.62,32.66,,false,""
2024-11-29T09:00:00.000000,Italy,Italy,IT,266.34,351.84,40.15,35.9,,false,""
2024-11-29T10:00:00.000000,Italy,Italy,IT,253.68,336.54,43.16,39.21,,false,""
2024-11-29T11:00:00.000000,Italy,Italy,IT,245.98,327.72,44.76,41.12,,false,""
2024-11-29T12:00:00.000000,Italy,Italy,IT,243.76,325.25,45.12,41.47,,false,""
2024-11-29T13:00:00.000000,Italy,Italy,IT,262.18,347.94,40.59,36.38,,false,""
2024-11-29T14:00:00.000000,Italy,Italy,IT,282.93,373.16,35.33,30.77,,false,""
2024-11-29T15:00:00.000000,Italy,Italy,IT,291.82,383.08,33.29,28.98,,false,""
2024-11-29T16:00:00.000000,Italy,Italy,IT,285.1,374.08,34.94,30.22,,false,""
2024-11-29T17:00:00.000000,Italy,Italy,IT,282.78,371.76,35.37,30.08,,false,""
2024-11-29T18:00:00.000000,Italy,Italy,IT,278.93,366.96,36.67,30.22,,false,""
2024-11-29T19:00:00.000000,Italy,Italy,IT,267.77,352.47,40.13,31.8,,false,""
2024-11-29T20:00:00.000000,Italy,Italy,IT,245.71,323.93,46.71,35.52,,false,""
2024-11-29T21:00:00.000000,Italy,Italy,IT,234.38,310.03,50.11,37.54,,false,""
2024-11-29T22:00:00.000000,Italy,Italy,IT,237.26,312.76,50.51,37.97,,false,""
2024-11-29T23:00:00.000000,Italy,Italy,IT,208.62,275.08,58.76,44.1,,false,""
2024-11-30T00:00:00.000000,Italy,Italy,IT,199.28,264.95,61.25,46.11,,false,""
2024-11-30T01:00:00.000000,Italy,Italy,IT,200.2,266.22,61.53,46.2,,false,""
2024-11-30T02:00:00.000000,Italy,Italy,IT,195.65,260.41,62.83,47.29,,false,""
2024-11-30T03:00:00.000000,Italy,Italy,IT,197.83,262.63,62.6,47.27,,false,""
2024-11-30T04:00:00.000000,Italy,Italy,IT,208.44,275.2,60.03,45.58,,false,""
2024-11-30T05:00:00.000000,Italy,Italy,IT,210.38,276.43,58.92,45.07,,false,""
2024-11-30T06:00:00.000000,Italy,Italy,IT,206.59,271.18,58.4,47.16,,false,""
2024-11-30T07:00:00.000000,Italy,Italy,IT,190.33,251.38,61.52,51.65,,false,""
2024-11-30T08:00:00.000000,Italy,Italy,IT,171.17,229.51,65.1,57.38,,false,""
2024-11-30T09:00:00.000000,Italy,Italy,IT,162.0,221.48,66.53,58.81,,false,""
2024-11-30T10:00:00.000000,Italy,Italy,IT,161.36,221.65,66.98,59.36,,false,""
2024-11-30T11:00:00.000000,Italy,Italy,IT,158.06,218.51,67.67,60.74,,false,""
2024-11-30T12:00:00.000000,Italy,Italy,IT,156.27,216.53,67.86,60.26,,false,""
2024-11-30T13:00:00.000000,Italy,Italy,IT,168.99,231.59,64.86,55.65,,false,""
2024-11-30T14:00:00.000000,Italy,Italy,IT,189.5,256.03,59.5,48.98,,false,""
2024-11-30T15:00:00.000000,Italy,Italy,IT,199.17,266.11,57.29,47.16,,false,""
2024-11-30T16:00:00.000000,Italy,Italy,IT,202.01,268.12,56.37,47.21,,false,""
2024-11-30T17:00:00.000000,Italy,Italy,IT,195.62,260.26,58.11,48.66,,false,""
2024-11-30T18:00:00.000000,Italy,Italy,IT,196.97,261.72,57.95,48.49,,false,""
2024-11-30T19:00:00.000000,Italy,Italy,IT,207.22,274.85,55.95,45.51,,false,""
2024-11-30T20:00:00.000000,Italy,Italy,IT,199.23,264.64,58.96,46.56,,false,""
2024-11-30T21:00:00.000000,Italy,Italy,IT,189.3,251.51,62.49,49.49,,false,""
2024-11-30T22:00:00.000000,Italy,Italy,IT,189.38,252.09,63.15,50.46,,false,""
2024-11-30T23:00:00.000000,Italy,Italy,IT,159.66,217.18,66.52,53.16,,false,""
2024-12-01T00:00:00.000000,Italy,Italy,IT,152.44,208.8,68.17,53.36,,false,""
2024-12-01T01:00:00.000000,Italy,Italy,IT,143.86,198.32,70.6,55.34,,false,""
2024-12-01T02:00:00.000000,Italy,Italy,IT,135.8,188.22,72.67,56.34,,false,""
2024-12-01T03:00:00.000000,Italy,Italy,IT,136.73,189.67,72.18,55.09,,false,""
2024-12-01T04:00:00.000000,Italy,Italy,IT,143.38,197.69,70.76,54.34,,false,""
2024-12-01T05:00:00.000000,Italy,Italy,IT,149.0,204.02,68.98,53.54,,false,""
2024-12-01T06:00:00.000000,Italy,Italy,IT,149.55,204.38,68.84,53.69,,false,""
2024-12-01T07:00:00.000000,Italy,Italy,IT,137.96,190.48,71.14,57.65,,false,""
2024-12-01T08:00:00.000000,Italy,Italy,IT,128.42,179.52,72.66,62.29,,false,""
2024-12-01T09:00:00.000000,Italy,Italy,IT,120.53,170.72,74.6,64.91,,false,""
2024-12-01T10:00:00.000000,Italy,Italy,IT,113.26,162.22,76.36,67.14,,false,""
2024-12-01T11:00:00.000000,Italy,Italy,IT,112.88,161.71,76.79,67.91,,false,""
2024-12-01T12:00:00.000000,Italy,Italy,IT,116.12,165.79,76.0,67.1,,false,""
2024-12-01T13:00:00.000000,Italy,Italy,IT,134.13,187.63,71.66,61.65,,false,""
2024-12-01T14:00:00.000000,Italy,Italy,IT,164.1,224.26,63.85,52.68,,false,""
2024-12-01T15:00:00.000000,Italy,Italy,IT,188.14,253.02,58.05,47.31,,false,""
2024-12-01T16:00:00.000000,Italy,Italy,IT,187.94,251.32,58.14,47.99,,false,""
2024-12-01T17:00:00.000000,Italy,Italy,IT,181.04,242.56,59.99,49.81,,false,""
2024-12-01T18:00:00.000000,Italy,Italy,IT,185.68,247.92,59.19,48.95,,false,""
2024-12-01T19:00:00.000000,Italy,Italy,IT,185.59,247.71,59.38,47.9,,false,""
2024-12-01T20:00:00.000000,Italy,Italy,IT,195.6,260.06,57.78,45.66,,false,""
2024-12-01T21:00:00.000000,Italy,Italy,IT,198.0,263.29,57.78,44.61,,false,""
2024-12-01T22:00:00.000000,Italy,Italy,IT,197.45,261.78,59.14,44.85,,false,""
2024-12-01T23:00:00.000000,Italy,Italy,IT,181.06,241.56,63.1,46.73,,false,""
2024-12-02T00:00:00.000000,Italy,Italy,IT,178.89,239.31,63.53,46.54,,false,""
2024-12-02T01:00:00.000000,Italy,Italy,IT,178.51,239.5,62.9,44.49,,false,""
2024-12-02T02:00:00.000000,Italy,Italy,IT,191.93,256.35,59.51,41.65,,false,""
2024-12-02T03:00:00.000000,Italy,Italy,IT,198.62,263.99,58.38,40.72,,false,""
2024-12-02T04:00:00.000000,Italy,Italy,IT,219.78,291.01,52.55,36.94,,false,""
2024-12-02T05:00:00.000000,Italy,Italy,IT,250.43,330.22,43.3,31.15,,false,""
2024-12-02T06:00:00.000000,Italy,Italy,IT,250.34,329.25,42.56,32.25,,false,""
2024-12-02T07:00:00.000000,Italy,Italy,IT,238.19,312.72,45.4,36.58,,false,""
2024-12-02T08:00:00.000000,Italy,Italy,IT,240.8,318.45,44.48,37.05,,false,""
2024-12-02T09:00:00.000000,Italy,Italy,IT,237.74,315.88,45.08,38.09,,false,""
2024-12-02T10:00:00.000000,Italy,Italy,IT,238.35,317.11,45.15,38.31,,false,""
2024-12-02T11:00:00.000000,Italy,Italy,IT,244.5,324.86,43.86,37.39,,false,""
2024-12-02T12:00:00.000000,Italy,Italy,IT,253.88,336.97,41.04,34.62,,false,""
2024-12-02T13:00:00.000000,Italy,Italy,IT,260.04,344.02,39.37,31.95,,false,""
2024-12-02T14:00:00.000000,Italy,Italy,IT,275.56,362.99,35.31,27.91,,false,""
2024-12-02T15:00:00.000000,Italy,Italy,IT,281.32,369.08,34.23,27.22,,false,""
2024-12-02T16:00:00.000000,Italy,Italy,IT,285.44,373.16,33.61,26.98,,false,""
2024-12-02T17:00:00.000000,Italy,Italy,IT,284.24,372.61,33.73,26.18,,false,""
2024-12-02T18:00:00.000000,Italy,Italy,IT,289.51,379.75,32.24,25.13,,false,""
2024-12-02T19:00:00.000000,Italy,Italy,IT,291.01,381.66,32.08,24.7,,false,""
2024-12-02T20:00:00.000000,Italy,Italy,IT,294.49,386.02,31.65,23.15,,false,""
2024-12-02T21:00:00.000000,Italy,Italy,IT,283.79,372.23,35.17,25.08,,false,""
2024-12-02T22:00:00.000000,Italy,Italy,IT,295.4,386.72,32.89,23.45,,false,""
2024-12-02T23:00:00.000000,Italy,Italy,IT,271.53,356.54,39.37,26.8,,false,""
2024-12-03T00:00:00.000000,Italy,Italy,IT,262.21,345.09,41.78,28.0,,false,""
2024-12-03T01:00:00.000000,Italy,Italy,IT,257.83,339.92,42.59,28.43,,false,""
2024-12-03T02:00:00.000000,Italy,Italy,IT,265.4,349.34,40.81,26.88,,false,""
2024-12-03T03:00:00.000000,Italy,Italy,IT,265.18,349.34,40.54,26.75,,false,""
2024-12-03T04:00:00.000000,Italy,Italy,IT,278.68,366.73,36.39,23.99,,false,""
2024-12-03T05:00:00.000000,Italy,Italy,IT,299.22,394.61,28.9,19.29,,false,""
2024-12-03T06:00:00.000000,Italy,Italy,IT,293.69,385.41,30.58,23.0,,false,""
2024-12-03T07:00:00.000000,Italy,Italy,IT,287.54,377.37,32.35,26.24,,false,""
2024-12-03T08:00:00.000000,Italy,Italy,IT,283.41,372.67,33.31,28.38,,false,""
2024-12-03T09:00:00.000000,Italy,Italy,IT,283.02,372.94,33.46,29.0,,false,""
2024-12-03T10:00:00.000000,Italy,Italy,IT,277.56,366.66,34.65,30.0,,false,""
2024-12-03T11:00:00.000000,Italy,Italy,IT,280.61,371.47,33.51,28.65,,false,""
2024-12-03T12:00:00.000000,Italy,Italy,IT,290.04,383.03,31.23,26.21,,false,""
2024-12-03T13:00:00.000000,Italy,Italy,IT,296.45,390.19,29.59,24.73,,false,""
2024-12-03T14:00:00.000000,Italy,Italy,IT,307.05,402.18,27.34,22.76,,false,""
2024-12-03T15:00:00.000000,Italy,Italy,IT,308.84,403.02,27.38,22.47,,false,""
2024-12-03T16:00:00.000000,Italy,Italy,IT,311.22,403.59,27.22,23.53,,false,""
2024-12-03T17:00:00.000000,Italy,Italy,IT,313.4,407.22,26.41,23.36,,false,""
2024-12-03T18:00:00.000000,Italy,Italy,IT,313.14,408.93,26.32,22.22,,false,""
2024-12-03T19:00:00.000000,Italy,Italy,IT,308.59,403.89,27.34,21.69,,false,""
2024-12-03T20:00:00.000000,Italy,Italy,IT,310.73,407.27,26.95,19.35,,false,""
2024-12-03T21:00:00.000000,Italy,Italy,IT,299.36,393.58,30.13,20.65,,false,""
2024-12-03T22:00:00.000000,Italy,Italy,IT,300.92,394.61,30.87,21.37,,false,""
2024-12-03T23:00:00.000000,Italy,Italy,IT,292.24,383.73,33.42,23.0,,false,""
2024-12-04T00:00:00.000000,Italy,Italy,IT,282.1,370.21,36.31,24.68,,false,""
2024-12-04T01:00:00.000000,Italy,Italy,IT,283.22,371.3,36.64,24.41,,false,""
2024-12-04T02:00:00.000000,Italy,Italy,IT,269.35,354.07,39.88,25.22,,false,""
2024-12-04T03:00:00.000000,Italy,Italy,IT,269.98,354.53,39.9,24.81,,false,""
2024-12-04T04:00:00.000000,Italy,Italy,IT,278.22,367.17,36.21,22.9,,false,""
2024-12-04T05:00:00.000000,Italy,Italy,IT,312.92,411.47,25.92,18.38,,false,""
2024-12-04T06:00:00.000000,Italy,Italy,IT,317.92,415.99,24.43,20.58,,false,""
2024-12-04T07:00:00.000000,Italy,Italy,IT,308.84,402.7,26.92,23.83,,false,""
2024-12-04T08:00:00.000000,Italy,Italy,IT,301.43,394.65,29.04,26.38,,false,""
2024-12-04T09:00:00.000000,Italy,Italy,IT,298.55,392.06,29.57,26.42,,false,""
2024-12-04T10:00:00.000000,Italy,Italy,IT,295.26,388.95,30.04,26.84,,false,""
2024-12-04T11:00:00.000000,Italy,Italy,IT,299.76,395.41,28.61,25.57,,false,""
2024-12-04T12:00:00.000000,Italy,Italy,IT,307.36,404.55,26.88,24.12,,false,""
2024-12-04T13:00:00.000000,Italy,Italy,IT,315.59,413.76,25.09,22.25,,false,""
2024-12-04T14:00:00.000000,Italy,Italy,IT,316.38,413.65,24.83,21.85,,false,""
2024-12-04T15:00:00.000000,Italy,Italy,IT,320.47,417.4,24.37,21.15,,false,""
2024-12-04T16:00:00.000000,Italy,Italy,IT,318.62,414.07,25.07,21.86,,false,""
2024-12-04T17:00:00.000000,Italy,Italy,IT,319.41,415.2,25.14,21.97,,false,""
2024-12-04T18:00:00.000000,Italy,Italy,IT,314.95,411.23,26.07,21.54,,false,""
2024-12-04T19:00:00.000000,Italy,Italy,IT,319.67,417.46,24.99,19.65,,false,""
2024-12-04T20:00:00.000000,Italy,Italy,IT,302.81,397.09,29.22,21.31,,false,""
2024-12-04T21:00:00.000000,Italy,Italy,IT,283.08,372.4,34.68,24.85,,false,""
2024-12-04T22:00:00.000000,Italy,Italy,IT,274.09,361.26,37.28,26.98,,false,""
2024-12-04T23:00:00.000000,Italy,Italy,IT,260.68,344.38,40.81,29.19,,false,""
2024-12-05T00:00:00.000000,Italy,Italy,IT,253.82,335.14,43.33,31.03,,false,""
2024-12-05T01:00:00.000000,Italy,Italy,IT,244.67,323.08,45.95,33.18,,false,""
2024-12-05T02:00:00.000000,Italy,Italy,IT,238.7,315.83,47.23,35.14,,false,""
2024-12-05T03:00:00.000000,Italy,Italy,IT,237.54,313.83,47.93,36.83,,false,""
2024-12-05T04:00:00.000000,Italy,Italy,IT,237.54,313.95,47.34,37.39,,false,""
2024-12-05T05:00:00.000000,Italy,Italy,IT,262.42,346.15,39.31,31.31,,false,""
2024-12-05T06:00:00.000000,Italy,Italy,IT,266.0,349.29,38.35,32.3,,false,""
2024-12-05T07:00:00.000000,Italy,Italy,IT,247.28,325.51,42.88,36.73,,false,""
2024-12-05T08:00:00.000000,Italy,Italy,IT,234.4,310.75,46.0,39.77,,false,""
2024-12-05T09:00:00.000000,Italy,Italy,IT,224.83,300.37,47.79,41.79,,false,""
2024-12-05T10:00:00.000000,Italy,Italy,IT,220.44,295.46,48.71,43.81,,false,""
2024-12-05T11:00:00.000000,Italy,Italy,IT,214.94,289.09,49.68,45.29,,false,""
2024-12-05T12:00:00.000000,Italy,Italy,IT,218.43,293.23,49.03,44.18,,false,""
2024-12-05T13:00:00.000000,Italy,Italy,IT,235.2,313.47,45.09,39.77,,false,""
2024-12-05T14:00:00.000000,Italy,Italy,IT,246.64,327.0,42.05,36.99,,false,""
2024-12-05T15:00:00.000000,Italy,Italy,IT,246.32,325.32,42.46,37.33,,false,""
2024-12-05T16:00:00.000000,Italy,Italy,IT,248.33,326.98,42.4,37.0,,false,""
2024-12-05T17:00:00.000000,Italy,Italy,IT,248.36,327.19,42.67,37.19,,false,""
2024-12-05T18:00:00.000000,Italy,Italy,IT,253.04,332.86,41.77,36.09,,false,""
2024-12-05T19:00:00.000000,Italy,Italy,IT,256.34,337.42,40.99,34.93,,false,""
2024-12-05T20:00:00.000000,Italy,Italy,IT,240.38,317.54,45.31,37.49,,false,""
2024-12-05T21:00:00.000000,Italy,Italy,IT,218.12,289.64,51.36,41.86,,false,""
2024-12-05T22:00:00.000000,Italy,Italy,IT,206.87,275.44,54.56,43.89,,false,""
2024-12-05T23:00:00.000000,Italy,Italy,IT,188.98,253.44,59.07,46.98,,false,""
2024-12-06T00:00:00.000000,Italy,Italy,IT,185.85,249.55,60.04,47.73,,false,""
2024-12-06T01:00:00.000000,Italy,Italy,IT,185.96,249.79,59.96,47.7,,false,""
2024-12-06T02:00:00.000000,Italy,Italy,IT,189.07,253.83,59.19,46.66,,false,""
2024-12-06T03:00:00.000000,Italy,Italy,IT,199.89,267.2,56.99,44.16,,false,""
2024-12-06T04:00:00.000000,Italy,Italy,IT,216.78,289.29,51.74,38.91,,false,""
2024-12-06T05:00:00.000000,Italy,Italy,IT,262.41,346.71,39.37,29.76,,false,""
2024-12-06T06:00:00.000000,Italy,Italy,IT,272.28,357.52,37.05,28.99,,false,""
2024-12-06T07:00:00.000000,Italy,Italy,IT,262.57,345.87,38.85,32.14,,false,""
2024-12-06T08:00:00.000000,Italy,Italy,IT,262.04,346.42,38.69,32.52,,false,""
2024-12-06T09:00:00.000000,Italy,Italy,IT,253.91,336.83,40.55,34.19,,false,""
2024-12-06T10:00:00.000000,Italy,Italy,IT,251.69,334.67,40.86,34.67,,false,""
2024-12-06T11:00:00.000000,Italy,Italy,IT,253.83,337.87,40.32,34.74,,false,""
2024-12-06T12:00:00.000000,Italy,Italy,IT,253.06,336.91,40.53,35.0,,false,""
2024-12-06T13:00:00.000000,Italy,Italy,IT,261.56,346.83,38.64,32.5,,false,""
2024-12-06T14:00:00.000000,Italy,Italy,IT,272.41,358.98,36.19,29.54,,false,""
2024-12-06T15:00:00.000000,Italy,Italy,IT,274.71,360.68,35.77,28.9,,false,""
2024-12-06T16:00:00.000000,Italy,Italy,IT,279.66,366.26,34.76,29.18,,false,""
2024-12-06T17:00:00.000000,Italy,Italy,IT,274.12,360.32,35.89,28.47,,false,""
2024-12-06T18:00:00.000000,Italy,Italy,IT,279.95,367.8,34.41,26.56,,false,""
2024-12-06T19:00:00.000000,Italy,Italy,IT,281.67,370.69,34.04,25.74,,false,""
2024-12-06T20:00:00.000000,Italy,Italy,IT,266.55,351.68,38.41,27.61,,false,""
2024-12-06T21:00:00.000000,Italy,Italy,IT,253.78,335.03,42.59,30.32,,false,""
2024-12-06T22:00:00.000000,Italy,Italy,IT,247.92,327.54,44.27,30.87,,false,""
2024-12-06T23:00:00.000000,Italy,Italy,IT,234.6,309.5,49.33,34.19,,false,""
2024-12-07T00:00:00.000000,Italy,Italy,IT,227.78,300.99,51.39,35.69,,false,""
2024-12-07T01:00:00.000000,Italy,Italy,IT,220.2,292.09,52.91,36.13,,false,""
2024-12-07T02:00:00.000000,Italy,Italy,IT,212.81,283.37,54.5,37.79,,false,""
2024-12-07T03:00:00.000000,Italy,Italy,IT,207.88,277.21,55.56,38.77,,false,""
2024-12-07T04:00:00.000000,Italy,Italy,IT,215.09,285.72,53.74,37.64,,false,""
2024-12-07T05:00:00.000000,Italy,Italy,IT,229.23,303.39,49.67,35.83,,false,""
2024-12-07T06:00:00.000000,Italy,Italy,IT,231.02,305.09,49.0,36.66,,false,""
2024-12-07T07:00:00.000000,Italy,Italy,IT,217.51,289.08,51.57,40.11,,false,""
2024-12-07T08:00:00.000000,Italy,Italy,IT,207.87,278.42,53.56,43.76,,false,""
2024-12-07T09:00:00.000000,Italy,Italy,IT,197.0,266.12,56.05,46.59,,false,""
2024-12-07T10:00:00.000000,Italy,Italy,IT,193.8,262.42,56.92,47.8,,false,""
2024-12-07T11:00:00.000000,Italy,Italy,IT,193.99,262.53,57.16,47.98,,false,""
2024-12-07T12:00:00.000000,Italy,Italy,IT,197.41,266.6,56.48,46.75,,false,""
2024-12-07T13:00:00.000000,Italy,Italy,IT,220.77,295.55,50.76,40.52,,false,""
2024-12-07T14:00:00.000000,Italy,Italy,IT,248.87,330.33,43.41,33.2,,false,""
2024-12-07T15:00:00.000000,Italy,Italy,IT,264.42,349.07,38.98,29.65,,false,""
2024-12-07T16:00:00.000000,Italy,Italy,IT,257.78,339.59,40.62,31.2,,false,""
2024-12-07T17:00:00.000000,Italy,Italy,IT,260.69,342.31,40.39,31.08,,false,""
2024-12-07T18:00:00.000000,Italy,Italy,IT,258.08,339.8,40.7,30.95,,false,""
2024-12-07T19:00:00.000000,Italy,Italy,IT,255.79,337.06,41.82,31.51,,false,""
2024-12-07T20:00:00.000000,Italy,Italy,IT,237.79,314.07,47.02,35.4,,false,""
2024-12-07T21:00:00.000000,Italy,Italy,IT,218.25,289.16,52.53,39.32,,false,""
2024-12-07T22:00:00.000000,Italy,Italy,IT,210.32,279.75,54.54,41.28,,false,""
2024-12-07T23:00:00.000000,Italy,Italy,IT,176.43,239.17,62.2,46.27,,false,""
2024-12-08T00:00:00.000000,Italy,Italy,IT,157.05,214.97,67.13,50.64,,false,""
2024-12-08T01:00:00.000000,Italy,Italy,IT,140.72,194.59,71.32,54.45,,false,""
2024-12-08T02:00:00.000000,Italy,Italy,IT,134.84,187.48,72.54,57.14,,false,""
2024-12-08T03:00:00.000000,Italy,Italy,IT,137.9,191.43,71.66,56.15,,false,""
2024-12-08T04:00:00.000000,Italy,Italy,IT,143.14,197.52,70.62,55.15,,false,""
2024-12-08T05:00:00.000000,Italy,Italy,IT,150.57,206.43,68.62,54.03,,false,""
2024-12-08T06:00:00.000000,Italy,Italy,IT,146.98,201.2,69.41,55.21,,false,""
2024-12-08T07:00:00.000000,Italy,Italy,IT,146.58,200.6,68.97,56.09,,false,""
2024-12-08T08:00:00.000000,Italy,Italy,IT,147.54,202.05,68.43,56.63,,false,""
2024-12-08T09:00:00.000000,Italy,Italy,IT,142.27,195.66,69.78,59.31,,false,""
2024-12-08T10:00:00.000000,Italy,Italy,IT,144.87,199.04,69.17,58.84,,false,""
2024-12-08T11:00:00.000000,Italy,Italy,IT,144.95,198.78,69.09,60.36,,false,""
2024-12-08T12:00:00.000000,Italy,Italy,IT,151.78,207.28,67.47,58.93,,false,""
2024-12-08T13:00:00.000000,Italy,Italy,IT,163.26,221.96,64.55,55.25,,false,""
2024-12-08T14:00:00.000000,Italy,Italy,IT,170.99,230.99,62.62,52.12,,false,""
2024-12-08T15:00:00.000000,Italy,Italy,IT,175.94,236.69,61.34,49.97,,false,""
2024-12-08T16:00:00.000000,Italy,Italy,IT,176.29,236.25,61.07,49.58,,false,""
2024-12-08T17:00:00.000000,Italy,Italy,IT,178.92,238.58,60.53,48.9,,false,""
2024-12-08T18:00:00.000000,Italy,Italy,IT,176.88,235.88,61.35,49.63,,false,""
2024-12-08T19:00:00.000000,Italy,Italy,IT,178.51,238.49,61.14,48.8,,false,""
2024-12-08T20:00:00.000000,Italy,Italy,IT,182.69,243.89,60.37,47.4,,false,""
2024-12-08T21:00:00.000000,Italy,Italy,IT,172.87,231.46,63.28,49.56,,false,""
2024-12-08T22:00:00.000000,Italy,Italy,IT,156.77,211.44,67.73,51.95,,false,""
2024-12-08T23:00:00.000000,Italy,Italy,IT,161.08,216.81,67.18,52.33,,false,""
2024-12-09T00:00:00.000000,Italy,Italy,IT,154.36,209.38,68.49,52.05,,false,""
2024-12-09T01:00:00.000000,Italy,Italy,IT,162.05,218.85,67.14,50.94,,false,""
2024-12-09T02:00:00.000000,Italy,Italy,IT,163.75,221.23,66.52,50.36,,false,""
2024-12-09T03:00:00.000000,Italy,Italy,IT,175.74,236.27,63.45,47.86,,false,""
2024-12-09T04:00:00.000000,Italy,Italy,IT,204.01,271.79,55.77,41.2,,false,""
2024-12-09T05:00:00.000000,Italy,Italy,IT,243.41,321.06,44.72,32.62,,false,""
2024-12-09T06:00:00.000000,Italy,Italy,IT,258.26,339.53,40.38,30.18,,false,""
2024-12-09T07:00:00.000000,Italy,Italy,IT,256.97,338.15,40.41,31.57,,false,""
2024-12-09T08:00:00.000000,Italy,Italy,IT,249.07,329.02,41.65,34.05,,false,""
2024-12-09T09:00:00.000000,Italy,Italy,IT,240.23,318.25,44.03,36.46,,false,""
2024-12-09T10:00:00.000000,Italy,Italy,IT,231.76,308.19,45.92,38.57,,false,""
2024-12-09T11:00:00.000000,Italy,Italy,IT,237.31,315.96,44.19,37.23,,false,""
2024-12-09T12:00:00.000000,Italy,Italy,IT,248.14,329.13,41.73,34.39,,false,""
2024-12-09T13:00:00.000000,Italy,Italy,IT,259.79,342.86,39.15,31.55,,false,""
2024-12-09T14:00:00.000000,Italy,Italy,IT,264.27,346.92,38.2,29.64,,false,""
2024-12-09T15:00:00.000000,Italy,Italy,IT,270.42,353.22,37.28,28.69,,false,""
2024-12-09T16:00:00.000000,Italy,Italy,IT,269.77,352.32,37.42,28.82,,false,""
2024-12-09T17:00:00.000000,Italy,Italy,IT,274.61,359.02,36.6,28.19,,false,""
2024-12-09T18:00:00.000000,Italy,Italy,IT,278.96,364.84,35.6,27.33,,false,""
2024-12-09T19:00:00.000000,Italy,Italy,IT,283.07,370.41,34.99,26.24,,false,""
2024-12-09T20:00:00.000000,Italy,Italy,IT,275.89,361.4,37.08,27.29,,false,""
2024-12-09T21:00:00.000000,Italy,Italy,IT,260.15,340.64,42.1,31.16,,false,""
2024-12-09T22:00:00.000000,Italy,Italy,IT,251.9,329.84,44.93,33.75,,false,""
2024-12-09T23:00:00.000000,Italy,Italy,IT,243.32,319.91,46.68,34.84,,false,""
2024-12-10T00:00:00.000000,Italy,Italy,IT,243.28,319.81,46.99,33.97,,false,""
2024-12-10T01:00:00.000000,Italy,Italy,IT,239.93,316.15,47.67,33.72,,false,""
2024-12-10T02:00:00.000000,Italy,Italy,IT,236.23,311.28,48.84,33.59,,false,""
2024-12-10T03:00:00.000000,Italy,Italy,IT,235.31,309.51,49.25,33.48,,false,""
2024-12-10T04:00:00.000000,Italy,Italy,IT,246.41,323.73,45.89,31.39,,false,""
2024-12-10T05:00:00.000000,Italy,Italy,IT,276.73,363.27,36.33,25.14,,false,""
2024-12-10T06:00:00.000000,Italy,Italy,IT,288.56,377.81,32.97,24.0,,false,""
2024-12-10T07:00:00.000000,Italy,Italy,IT,273.85,358.85,36.17,27.96,,false,""
2024-12-10T08:00:00.000000,Italy,Italy,IT,269.41,354.31,37.04,28.83,,false,""
2024-12-10T09:00:00.000000,Italy,Italy,IT,263.56,347.73,38.21,30.43,,false,""
2024-12-10T10:00:00.000000,Italy,Italy,IT,258.63,342.4,39.12,31.99,,false,""
2024-12-10T11:00:00.000000,Italy,Italy,IT,267.43,353.72,36.9,31.13,,false,""
2024-12-10T12:00:00.000000,Italy,Italy,IT,270.06,356.73,36.47,30.63,,false,""
2024-12-10T13:00:00.000000,Italy,Italy,IT,279.62,368.39,34.07,28.03,,false,""
2024-12-10T14:00:00.000000,Italy,Italy,IT,285.43,374.7,32.79,25.96,,false,""
2024-12-10T15:00:00.000000,Italy,Italy,IT,292.95,382.02,31.3,24.56,,false,""
2024-12-10T16:00:00.000000,Italy,Italy,IT,294.99,383.54,31.2,25.13,,false,""
2024-12-10T17:00:00.000000,Italy,Italy,IT,296.96,386.62,30.84,24.25,,false,""
2024-12-10T18:00:00.000000,Italy,Italy,IT,297.96,388.85,30.5,24.0,,false,""
2024-12-10T19:00:00.000000,Italy,Italy,IT,305.77,399.44,28.78,21.42,,false,""
2024-12-10T20:00:00.000000,Italy,Italy,IT,312.14,407.98,27.33,20.13,,false,""
2024-12-10T21:00:00.000000,Italy,Italy,IT,295.25,385.95,32.68,22.46,,false,""
2024-12-10T22:00:00.000000,Italy,Italy,IT,282.25,369.16,36.63,24.84,,false,""
2024-12-10T23:00:00.000000,Italy,Italy,IT,279.22,366.13,37.18,25.31,,false,""
2024-12-11T00:00:00.000000,Italy,Italy,IT,277.25,363.39,38.09,25.51,,false,""
2024-12-11T01:00:00.000000,Italy,Italy,IT,274.72,360.33,38.69,25.72,,false,""
2024-12-11T02:00:00.000000,Italy,Italy,IT,277.59,363.35,38.52,25.41,,false,""
2024-12-11T03:00:00.000000,Italy,Italy,IT,280.14,366.26,37.89,25.07,,false,""
2024-12-11T04:00:00.000000,Italy,Italy,IT,292.4,382.69,33.82,22.89,,false,""
2024-12-11T05:00:00.000000,Italy,Italy,IT,322.65,422.18,24.27,17.85,,false,""
2024-12-11T06:00:00.000000,Italy,Italy,IT,324.83,423.3,23.52,19.71,,false,""
2024-12-11T07:00:00.000000,Italy,Italy,IT,307.35,400.87,27.86,24.28,,false,""
2024-12-11T08:00:00.000000,Italy,Italy,IT,293.09,385.12,30.94,28.01,,false,""
2024-12-11T09:00:00.000000,Italy,Italy,IT,283.9,374.91,33.03,29.88,,false,""
2024-12-11T10:00:00.000000,Italy,Italy,IT,276.41,365.99,34.74,31.66,,false,""
2024-12-11T11:00:00.000000,Italy,Italy,IT,277.7,368.24,34.14,30.96,,false,""
2024-12-11T12:00:00.000000,Italy,Italy,IT,288.21,381.27,31.46,28.26,,false,""
2024-12-11T13:00:00.000000,Italy,Italy,IT,306.48,402.83,27.53,24.11,,false,""
2024-12-11T14:00:00.000000,Italy,Italy,IT,312.46,408.99,26.15,21.74,,false,""
2024-12-11T15:00:00.000000,Italy,Italy,IT,320.65,417.39,24.69,20.22,,false,""
2024-12-11T16:00:00.000000,Italy,Italy,IT,313.3,407.05,26.48,22.75,,false,""
2024-12-11T17:00:00.000000,Italy,Italy,IT,316.77,410.28,25.92,22.85,,false,""
2024-12-11T18:00:00.000000,Italy,Italy,IT,318.57,414.09,25.49,21.88,,false,""
2024-12-11T19:00:00.000000,Italy,Italy,IT,324.3,422.52,24.02,18.88,,false,""
2024-12-11T20:00:00.000000,Italy,Italy,IT,322.25,420.94,24.36,18.04,,false,""
2024-12-11T21:00:00.000000,Italy,Italy,IT,307.18,403.73,27.53,19.54,,false,""
2024-12-11T22:00:00.000000,Italy,Italy,IT,295.41,389.36,30.49,21.12,,false,""
2024-12-11T23:00:00.000000,Italy,Italy,IT,282.3,371.83,35.07,23.67,,false,""
2024-12-12T00:00:00.000000,Italy,Italy,IT,278.48,366.63,36.73,24.46,,false,""
2024-12-12T01:00:00.000000,Italy,Italy,IT,274.91,362.06,37.85,24.99,,false,""
2024-12-12T02:00:00.000000,Italy,Italy,IT,281.24,369.51,36.28,24.24,,false,""
2024-12-12T03:00:00.000000,Italy,Italy,IT,283.44,371.96,35.77,23.72,,false,""
2024-12-12T04:00:00.000000,Italy,Italy,IT,295.12,387.27,32.21,21.82,,false,""
2024-12-12T05:00:00.000000,Italy,Italy,IT,332.32,435.59,20.91,16.36,,false,""
2024-12-12T06:00:00.000000,Italy,Italy,IT,324.42,424.28,22.94,19.06,,false,""
2024-12-12T07:00:00.000000,Italy,Italy,IT,306.82,401.35,27.39,25.15,,false,""
2024-12-12T08:00:00.000000,Italy,Italy,IT,296.42,389.78,29.79,27.89,,false,""
2024-12-12T09:00:00.000000,Italy,Italy,IT,285.78,377.62,32.18,30.0,,false,""
2024-12-12T10:00:00.000000,Italy,Italy,IT,276.4,366.52,34.22,32.35,,false,""
2024-12-12T11:00:00.000000,Italy,Italy,IT,280.5,372.09,33.01,31.34,,false,""
2024-12-12T12:00:00.000000,Italy,Italy,IT,286.85,379.48,31.73,29.66,,false,""
2024-12-12T13:00:00.000000,Italy,Italy,IT,302.45,398.72,27.72,25.07,,false,""
2024-12-12T14:00:00.000000,Italy,Italy,IT,317.72,417.07,24.03,20.46,,false,""
2024-12-12T15:00:00.000000,Italy,Italy,IT,316.08,413.75,24.62,21.15,,false,""
2024-12-12T16:00:00.000000,Italy,Italy,IT,313.12,407.69,25.87,24.76,,false,""
2024-12-12T17:00:00.000000,Italy,Italy,IT,311.51,405.24,26.52,25.86,,false,""
2024-12-12T18:00:00.000000,Italy,Italy,IT,311.28,405.42,26.4,25.34,,false,""
2024-12-12T19:00:00.000000,Italy,Italy,IT,325.5,425.31,22.69,20.15,,false,""
2024-12-12T20:00:00.000000,Italy,Italy,IT,329.49,430.83,21.77,18.55,,false,""
2024-12-12T21:00:00.000000,Italy,Italy,IT,329.91,432.18,21.74,19.04,,false,""
2024-12-12T22:00:00.000000,Italy,Italy,IT,299.48,393.66,30.25,23.81,,false,""
2024-12-12T23:00:00.000000,Italy,Italy,IT,274.03,361.72,36.71,27.57,,false,""
2024-12-13T00:00:00.000000,Italy,Italy,IT,254.83,337.72,41.48,29.88,,false,""
2024-12-13T01:00:00.000000,Italy,Italy,IT,246.79,327.53,43.53,30.74,,false,""
2024-12-13T02:00:00.000000,Italy,Italy,IT,255.98,339.13,41.13,29.83,,false,""
2024-12-13T03:00:00.000000,Italy,Italy,IT,254.33,336.95,41.57,30.26,,false,""
2024-12-13T04:00:00.000000,Italy,Italy,IT,267.4,353.98,37.65,27.51,,false,""
2024-12-13T05:00:00.000000,Italy,Italy,IT,315.67,415.65,24.0,19.84,,false,""
2024-12-13T06:00:00.000000,Italy,Italy,IT,316.22,416.07,23.63,20.19,,false,""
2024-12-13T07:00:00.000000,Italy,Italy,IT,296.89,389.11,29.02,26.97,,false,""
2024-12-13T08:00:00.000000,Italy,Italy,IT,291.42,383.43,30.56,28.5,,false,""
2024-12-13T09:00:00.000000,Italy,Italy,IT,286.38,378.72,31.3,28.73,,false,""
2024-12-13T10:00:00.000000,Italy,Italy,IT,285.37,377.74,31.44,28.4,,false,""
2024-12-13T11:00:00.000000,Italy,Italy,IT,291.62,386.28,29.62,27.24,,false,""
2024-12-13T12:00:00.000000,Italy,Italy,IT,296.81,392.48,28.53,25.95,,false,""
2024-12-13T13:00:00.000000,Italy,Italy,IT,300.56,396.81,27.5,24.34,,false,""
2024-12-13T14:00:00.000000,Italy,Italy,IT,307.21,405.05,25.77,22.24,,false,""
2024-12-13T15:00:00.000000,Italy,Italy,IT,298.42,392.75,28.06,24.4,,false,""
2024-12-13T16:00:00.000000,Italy,Italy,IT,294.11,384.65,29.28,27.32,,false,""
2024-12-13T17:00:00.000000,Italy,Italy,IT,294.73,386.62,29.08,27.43,,false,""
2024-12-13T18:00:00.000000,Italy,Italy,IT,299.75,394.0,27.8,25.95,,false,""
2024-12-13T19:00:00.000000,Italy,Italy,IT,318.5,419.17,23.07,21.09,,false,""
2024-12-13T20:00:00.000000,Italy,Italy,IT,302.5,399.25,27.46,23.64,,false,""
2024-12-13T21:00:00.000000,Italy,Italy,IT,268.19,354.8,37.75,29.94,,false,""
2024-12-13T22:00:00.000000,Italy,Italy,IT,254.31,336.13,42.27,33.38,,false,""
2024-12-13T23:00:00.000000,Italy,Italy,IT,220.01,291.58,52.41,39.22,,false,""
2024-12-14T00:00:00.000000,Italy,Italy,IT,200.92,267.98,57.75,42.79,,false,""
2024-12-14T01:00:00.000000,Italy,Italy,IT,192.33,257.47,60.04,44.63,,false,""
2024-12-14T02:00:00.000000,Italy,Italy,IT,189.09,253.87,60.53,43.6,,false,""
2024-12-14T03:00:00.000000,Italy,Italy,IT,191.33,256.89,59.52,42.28,,false,""
2024-12-14T04:00:00.000000,Italy,Italy,IT,201.82,269.94,56.7,39.85,,false,""
2024-12-14T05:00:00.000000,Italy,Italy,IT,213.7,284.4,53.44,37.19,,false,""
2024-12-14T06:00:00.000000,Italy,Italy,IT,221.75,293.08,50.77,37.37,,false,""
2024-12-14T07:00:00.000000,Italy,Italy,IT,212.29,281.14,52.45,40.35,,false,""
2024-12-14T08:00:00.000000,Italy,Italy,IT,202.89,270.5,54.45,45.12,,false,""
2024-12-14T09:00:00.000000,Italy,Italy,IT,191.21,258.82,56.45,47.53,,false,""
2024-12-14T10:00:00.000000,Italy,Italy,IT,173.1,237.68,60.19,51.44,,false,""
2024-12-14T11:00:00.000000,Italy,Italy,IT,163.98,226.9,62.29,52.42,,false,""
2024-12-14T12:00:00.000000,Italy,Italy,IT,163.22,225.81,62.61,51.57,,false,""
2024-12-14T13:00:00.000000,Italy,Italy,IT,186.99,254.87,57.02,45.78,,false,""
2024-12-14T14:00:00.000000,Italy,Italy,IT,200.24,270.53,53.61,41.53,,false,""
2024-12-14T15:00:00.000000,Italy,Italy,IT,205.89,275.8,52.5,40.46,,false,""
2024-12-14T16:00:00.000000,Italy,Italy,IT,212.85,282.65,51.24,39.33,,false,""
2024-12-14T17:00:00.000000,Italy,Italy,IT,214.05,283.85,51.32,39.78,,false,""
2024-12-14T18:00:00.000000,Italy,Italy,IT,221.29,292.78,49.88,38.64,,false,""
2024-12-14T19:00:00.000000,Italy,Italy,IT,225.27,298.03,49.53,38.73,,false,""
2024-12-14T20:00:00.000000,Italy,Italy,IT,220.8,291.79,51.51,39.27,,false,""
2024-12-14T21:00:00.000000,Italy,Italy,IT,211.2,279.89,54.38,41.33,,false,""
2024-12-14T22:00:00.000000,Italy,Italy,IT,201.36,267.61,57.06,44.45,,false,""
2024-12-14T23:00:00.000000,Italy,Italy,IT,195.34,259.6,59.51,47.09,,false,""
2024-12-15T00:00:00.000000,Italy,Italy,IT,188.31,250.96,61.83,49.17,,false,""
2024-12-15T01:00:00.000000,Italy,Italy,IT,188.96,252.26,61.69,48.52,,false,""
2024-12-15T02:00:00.000000,Italy,Italy,IT,191.78,256.39,60.55,45.85,,false,""
2024-12-15T03:00:00.000000,Italy,Italy,IT,198.23,264.78,58.6,42.62,,false,""
2024-12-15T04:00:00.000000,Italy,Italy,IT,204.56,272.35,57.02,40.97,,false,""
2024-12-15T05:00:00.000000,Italy,Italy,IT,214.04,283.75,54.54,39.29,,false,""
2024-12-15T06:00:00.000000,Italy,Italy,IT,204.91,272.16,55.99,43.18,,false,""
2024-12-15T07:00:00.000000,Italy,Italy,IT,194.65,258.85,58.5,48.08,,false,""
2024-12-15T08:00:00.000000,Italy,Italy,IT,175.56,235.56,63.05,52.98,,false,""
2024-12-15T09:00:00.000000,Italy,Italy,IT,161.2,219.54,65.94,55.76,,false,""
2024-12-15T10:00:00.000000,Italy,Italy,IT,152.69,210.14,67.6,57.62,,false,""
2024-12-15T11:00:00.000000,Italy,Italy,IT,151.26,208.46,67.98,58.17,,false,""
2024-12-15T12:00:00.000000,Italy,Italy,IT,151.32,208.66,67.93,58.25,,false,""
2024-12-15T13:00:00.000000,Italy,Italy,IT,167.52,227.85,64.64,53.71,,false,""
2024-12-15T14:00:00.000000,Italy,Italy,IT,194.0,261.26,57.37,45.94,,false,""
2024-12-15T15:00:00.000000,Italy,Italy,IT,212.37,284.07,52.01,41.57,,false,""
2024-12-15T16:00:00.000000,Italy,Italy,IT,217.38,289.5,50.73,41.17,,false,""
2024-12-15T17:00:00.000000,Italy,Italy,IT,204.36,272.08,54.0,44.41,,false,""
2024-12-15T18:00:00.000000,Italy,Italy,IT,203.01,270.27,54.4,45.27,,false,""
2024-12-15T19:00:00.000000,Italy,Italy,IT,216.4,287.12,51.36,42.12,,false,""
2024-12-15T20:00:00.000000,Italy,Italy,IT,221.61,294.01,50.24,41.22,,false,""
2024-12-15T21:00:00.000000,Italy,Italy,IT,207.14,275.54,54.67,44.25,,false,""
2024-12-15T22:00:00.000000,Italy,Italy,IT,189.15,252.46,60.11,48.66,,false,""
2024-12-15T23:00:00.000000,Italy,Italy,IT,179.93,239.43,63.91,52.28,,false,""
2024-12-16T00:00:00.000000,Italy,Italy,IT,171.13,228.42,66.37,54.54,,false,""
2024-12-16T01:00:00.000000,Italy,Italy,IT,174.55,233.03,65.5,54.16,,false,""
2024-12-16T02:00:00.000000,Italy,Italy,IT,178.59,237.77,64.79,53.8,,false,""
2024-12-16T03:00:00.000000,Italy,Italy,IT,185.51,247.15,62.23,50.5,,false,""
2024-12-16T04:00:00.000000,Italy,Italy,IT,205.02,272.32,56.5,45.88,,false,""
2024-12-16T05:00:00.000000,Italy,Italy,IT,235.33,311.47,46.94,37.55,,false,""
2024-12-16T06:00:00.000000,Italy,Italy,IT,241.02,318.01,44.94,37.13,,false,""
2024-12-16T07:00:00.000000,Italy,Italy,IT,233.58,308.17,46.91,39.72,,false,""
2024-12-16T08:00:00.000000,Italy,Italy,IT,221.69,294.47,49.37,42.64,,false,""
2024-12-16T09:00:00.000000,Italy,Italy,IT,210.95,282.45,52.09,45.23,,false,""
2024-12-16T10:00:00.000000,Italy,Italy,IT,199.3,268.54,54.67,47.6,,false,""
2024-12-16T11:00:00.000000,Italy,Italy,IT,191.71,259.2,56.62,49.55,,false,""
2024-12-16T12:00:00.000000,Italy,Italy,IT,198.92,267.96,55.03,47.61,,false,""
2024-12-16T13:00:00.000000,Italy,Italy,IT,234.63,311.25,46.95,39.46,,false,""
2024-12-16T14:00:00.000000,Italy,Italy,IT,269.67,354.59,38.17,29.63,,false,""
2024-12-16T15:00:00.000000,Italy,Italy,IT,285.3,373.79,34.18,26.22,,false,""
2024-12-16T16:00:00.000000,Italy,Italy,IT,285.15,373.05,34.25,26.65,,false,""
2024-12-16T17:00:00.000000,Italy,Italy,IT,279.9,366.23,35.85,27.25,,false,""
2024-12-16T18:00:00.000000,Italy,Italy,IT,285.25,372.95,34.45,26.12,,false,""
2024-12-16T19:00:00.000000,Italy,Italy,IT,285.46,373.31,34.65,25.95,,false,""
2024-12-16T20:00:00.000000,Italy,Italy,IT,285.81,373.37,35.29,25.75,,false,""
2024-12-16T21:00:00.000000,Italy,Italy,IT,278.61,362.95,38.68,27.91,,false,""
2024-12-16T22:00:00.000000,Italy,Italy,IT,276.83,359.88,40.18,28.69,,false,""
2024-12-16T23:00:00.000000,Italy,Italy,IT,270.06,350.31,43.0,30.08,,false,""
2024-12-17T00:00:00.000000,Italy,Italy,IT,265.32,345.63,43.88,29.78,,false,""
2024-12-17T01:00:00.000000,Italy,Italy,IT,258.64,338.56,44.64,29.77,,false,""
2024-12-17T02:00:00.000000,Italy,Italy,IT,264.28,345.57,43.46,29.16,,false,""
2024-12-17T03:00:00.000000,Italy,Italy,IT,263.62,344.68,43.59,29.27,,false,""
2024-12-17T04:00:00.000000,Italy,Italy,IT,277.88,362.19,39.85,27.02,,false,""
2024-12-17T05:00:00.000000,Italy,Italy,IT,300.79,391.65,32.55,22.96,,false,""
2024-12-17T06:00:00.000000,Italy,Italy,IT,306.74,398.56,30.41,23.04,,false,""
2024-12-17T07:00:00.000000,Italy,Italy,IT,286.15,372.05,35.38,29.03,,false,""
2024-12-17T08:00:00.000000,Italy,Italy,IT,273.06,356.87,38.44,32.09,,false,""
2024-12-17T09:00:00.000000,Italy,Italy,IT,262.36,345.21,40.63,34.52,,false,""
2024-12-17T10:00:00.000000,Italy,Italy,IT,249.93,330.45,43.39,37.02,,false,""
2024-12-17T11:00:00.000000,Italy,Italy,IT,232.49,308.65,47.81,40.12,,false,""
2024-12-17T12:00:00.000000,Italy,Italy,IT,238.61,316.04,46.06,37.54,,false,""
2024-12-17T13:00:00.000000,Italy,Italy,IT,269.07,353.46,38.76,30.16,,false,""
2024-12-17T14:00:00.000000,Italy,Italy,IT,298.96,390.05,31.44,23.8,,false,""
2024-12-17T15:00:00.000000,Italy,Italy,IT,297.16,385.41,32.33,24.94,,false,""
2024-12-17T16:00:00.000000,Italy,Italy,IT,292.63,379.14,33.79,26.38,,false,""
2024-12-17T17:00:00.000000,Italy,Italy,IT,294.64,382.48,33.37,25.3,,false,""
2024-12-17T18:00:00.000000,Italy,Italy,IT,298.13,386.69,32.7,24.08,,false,""
2024-12-17T19:00:00.000000,Italy,Italy,IT,305.85,397.05,30.63,21.86,,false,""
2024-12-17T20:00:00.000000,Italy,Italy,IT,303.44,394.03,31.67,21.77,,false,""
2024-12-17T21:00:00.000000,Italy,Italy,IT,287.51,373.45,36.61,24.74,,false,""
2024-12-17T22:00:00.000000,Italy,Italy,IT,277.16,358.69,40.69,28.23,,false,""
2024-12-17T23:00:00.000000,Italy,Italy,IT,251.15,325.5,48.15,32.13,,false,""
2024-12-18T00:00:00.000000,Italy,Italy,IT,245.04,318.31,49.62,32.78,,false,""
2024-12-18T01:00:00.000000,Italy,Italy,IT,244.27,317.05,50.03,32.95,,false,""
2024-12-18T02:00:00.000000,Italy,Italy,IT,246.66,320.07,49.42,33.03,,false,""
2024-12-18T03:00:00.000000,Italy,Italy,IT,247.59,321.39,49.08,32.86,,false,""
2024-12-18T04:00:00.000000,Italy,Italy,IT,273.99,354.83,41.82,28.98,,false,""
2024-12-18T05:00:00.000000,Italy,Italy,IT,297.21,386.0,33.69,24.04,,false,""
2024-12-18T06:00:00.000000,Italy,Italy,IT,311.78,404.08,29.7,22.79,,false,""
2024-12-18T07:00:00.000000,Italy,Italy,IT,302.23,390.34,32.49,26.34,,false,""
2024-12-18T08:00:00.000000,Italy,Italy,IT,288.07,374.36,35.68,29.48,,false,""
2024-12-18T09:00:00.000000,Italy,Italy,IT,273.39,357.2,38.89,32.55,,false,""
2024-12-18T10:00:00.000000,Italy,Italy,IT,266.32,348.76,40.61,34.71,,false,""
2024-12-18T11:00:00.000000,Italy,Italy,IT,251.17,330.28,44.13,37.16,,false,""
2024-12-18T12:00:00.000000,Italy,Italy,IT,263.59,345.77,41.08,34.38,,false,""
2024-12-18T13:00:00.000000,Italy,Italy,IT,290.9,379.84,34.2,27.75,,false,""
2024-12-18T14:00:00.000000,Italy,Italy,IT,306.96,398.84,30.4,23.02,,false,""
2024-12-18T15:00:00.000000,Italy,Italy,IT,309.64,401.03,30.06,22.69,,false,""
2024-12-18T16:00:00.000000,Italy,Italy,IT,311.32,403.16,29.73,22.54,,false,""
2024-12-18T17:00:00.000000,Italy,Italy,IT,307.54,399.02,30.44,22.93,,false,""
2024-12-18T18:00:00.000000,Italy,Italy,IT,311.3,404.29,29.26,21.95,,false,""
2024-12-18T19:00:00.000000,Italy,Italy,IT,308.66,400.98,30.14,21.74,,false,""
2024-12-18T20:00:00.000000,Italy,Italy,IT,303.5,394.65,31.69,22.33,,false,""
2024-12-18T21:00:00.000000,Italy,Italy,IT,293.23,381.8,34.84,24.45,,false,""
2024-12-18T22:00:00.000000,Italy,Italy,IT,279.35,363.7,39.54,27.28,,false,""
2024-12-18T23:00:00.000000,Italy,Italy,IT,257.24,334.03,46.71,31.23,,false,""
2024-12-19T00:00:00.000000,Italy,Italy,IT,250.26,325.11,48.84,32.32,,false,""
2024-12-19T01:00:00.000000,Italy,Italy,IT,246.42,320.74,49.35,32.56,,false,""
2024-12-19T02:00:00.000000,Italy,Italy,IT,249.7,325.42,48.28,31.84,,false,""
2024-12-19T03:00:00.000000,Italy,Italy,IT,247.71,323.27,48.3,31.68,,false,""
2024-12-19T04:00:00.000000,Italy,Italy,IT,258.59,337.63,44.84,29.78,,false,""
2024-12-19T05:00:00.000000,Italy,Italy,IT,285.44,372.08,36.47,24.32,,false,""
2024-12-19T06:00:00.000000,Italy,Italy,IT,287.16,373.24,35.4,25.61,,false,""
2024-12-19T07:00:00.000000,Italy,Italy,IT,271.64,353.72,39.01,30.45,,false,""
2024-12-19T08:00:00.000000,Italy,Italy,IT,265.31,346.13,40.5,31.88,,false,""
2024-12-19T09:00:00.000000,Italy,Italy,IT,264.85,346.48,40.68,31.9,,false,""
2024-12-19T10:00:00.000000,Italy,Italy,IT,256.68,336.28,42.85,34.06,,false,""
2024-12-19T11:00:00.000000,Italy,Italy,IT,250.26,328.6,44.21,35.4,,false,""
2024-12-19T12:00:00.000000,Italy,Italy,IT,248.17,325.93,44.55,35.34,,false,""
2024-12-19T13:00:00.000000,Italy,Italy,IT,256.71,336.36,42.57,33.53,,false,""
2024-12-19T14:00:00.000000,Italy,Italy,IT,261.04,341.18,41.53,31.79,,false,""
2024-12-19T15:00:00.000000,Italy,Italy,IT,261.28,340.28,41.66,32.05,,false,""
2024-12-19T16:00:00.000000,Italy,Italy,IT,258.75,336.73,42.08,32.78,,false,""
2024-12-19T17:00:00.000000,Italy,Italy,IT,260.26,339.54,41.7,32.89,,false,""
2024-12-19T18:00:00.000000,Italy,Italy,IT,258.54,337.6,42.43,33.68,,false,""
2024-12-19T19:00:00.000000,Italy,Italy,IT,247.83,323.94,45.41,35.59,,false,""
2024-12-19T20:00:00.000000,Italy,Italy,IT,228.36,299.45,50.61,39.12,,false,""
2024-12-19T21:00:00.000000,Italy,Italy,IT,211.01,276.88,56.11,43.8,,false,""
2024-12-19T22:00:00.000000,Italy,Italy,IT,202.75,265.0,59.69,47.93,,false,""
2024-12-19T23:00:00.000000,Italy,Italy,IT,194.24,254.08,62.29,50.2,,false,""
2024-12-20T00:00:00.000000,Italy,Italy,IT,187.12,244.17,65.06,51.76,,false,""
2024-12-20T01:00:00.000000,Italy,Italy,IT,182.97,239.49,65.83,53.45,,false,""
2024-12-20T02:00:00.000000,Italy,Italy,IT,167.04,221.14,68.23,54.91,,false,""
2024-12-20T03:00:00.000000,Italy,Italy,IT,169.05,223.83,67.32,53.77,,false,""
2024-12-20T04:00:00.000000,Italy,Italy,IT,177.22,233.75,65.5,51.55,,false,""
2024-12-20T05:00:00.000000,Italy,Italy,IT,188.75,249.36,61.14,47.58,,false,""
2024-12-20T06:00:00.000000,Italy,Italy,IT,200.87,264.25,57.33,45.76,,false,""
2024-12-20T07:00:00.000000,Italy,Italy,IT,201.36,264.23,57.45,48.29,,false,""
2024-12-20T08:00:00.000000,Italy,Italy,IT,194.05,255.39,59.47,51.08,,false,""
2024-12-20T09:00:00.000000,Italy,Italy,IT,183.18,242.84,61.71,52.67,,false,""
2024-12-20T10:00:00.000000,Italy,Italy,IT,178.05,236.94,62.73,53.49,,false,""
2024-12-20T11:00:00.000000,Italy,Italy,IT,167.34,224.57,64.77,55.49,,false,""
2024-12-20T12:00:00.000000,Italy,Italy,IT,164.59,221.06,65.46,55.28,,false,""
2024-12-20T13:00:00.000000,Italy,Italy,IT,183.91,244.48,61.29,50.16,,false,""
2024-12-20T14:00:00.000000,Italy,Italy,IT,210.77,277.38,54.81,43.04,,false,""
2024-12-20T15:00:00.000000,Italy,Italy,IT,231.75,303.33,49.33,37.99,,false,""
2024-12-20T16:00:00.000000,Italy,Italy,IT,246.95,321.45,46.13,35.66,,false,""
2024-12-20T17:00:00.000000,Italy,Italy,IT,249.06,324.04,45.95,35.4,,false,""
2024-12-20T18:00:00.000000,Italy,Italy,IT,246.83,321.65,46.3,35.47,,false,""
2024-12-20T19:00:00.000000,Italy,Italy,IT,236.41,308.75,49.08,37.31,,false,""
2024-12-20T20:00:00.000000,Italy,Italy,IT,217.41,284.02,54.69,41.49,,false,""
2024-12-20T21:00:00.000000,Italy,Italy,IT,195.35,256.45,60.47,46.78,,false,""
2024-12-20T22:00:00.000000,Italy,Italy,IT,186.44,245.4,63.03,49.35,,false,""
2024-12-20T23:00:00.000000,Italy,Italy,IT,161.15,216.73,67.69,53.79,,false,""
2024-12-21T00:00:00.000000,Italy,Italy,IT,138.62,189.68,72.56,58.79,,false,""
2024-12-21T01:00:00.000000,Italy,Italy,IT,135.29,186.12,72.92,59.43,,false,""
2024-12-21T02:00:00.000000,Italy,Italy,IT,131.88,182.27,73.31,59.63,,false,""
2024-12-21T03:00:00.000000,Italy,Italy,IT,134.02,186.57,71.73,57.93,,false,""
2024-12-21T04:00:00.000000,Italy,Italy,IT,149.25,205.06,68.34,54.57,,false,""
2024-12-21T05:00:00.000000,Italy,Italy,IT,151.15,206.63,68.12,53.12,,false,""
2024-12-21T06:00:00.000000,Italy,Italy,IT,149.82,203.47,68.75,53.7,,false,""
2024-12-21T07:00:00.000000,Italy,Italy,IT,145.14,197.79,69.84,55.68,,false,""
2024-12-21T08:00:00.000000,Italy,Italy,IT,130.92,181.46,73.09,60.66,,false,""
2024-12-21T09:00:00.000000,Italy,Italy,IT,112.25,159.79,77.35,66.14,,false,""
2024-12-21T10:00:00.000000,Italy,Italy,IT,99.99,147.05,79.39,69.89,,false,""
2024-12-21T11:00:00.000000,Italy,Italy,IT,97.37,144.17,80.22,70.75,,false,""
2024-12-21T12:00:00.000000,Italy,Italy,IT,107.45,156.54,77.9,67.38,,false,""
2024-12-21T13:00:00.000000,Italy,Italy,IT,137.45,192.76,71.03,59.14,,false,""
2024-12-21T14:00:00.000000,Italy,Italy,IT,177.78,242.13,61.16,48.13,,false,""
2024-12-21T15:00:00.000000,Italy,Italy,IT,198.34,266.81,55.94,42.19,,false,""
2024-12-21T16:00:00.000000,Italy,Italy,IT,207.2,277.12,53.57,40.88,,false,""
2024-12-21T17:00:00.000000,Italy,Italy,IT,212.32,282.62,52.89,41.38,,false,""
2024-12-21T18:00:00.000000,Italy,Italy,IT,215.87,286.77,52.14,41.49,,false,""
2024-12-21T19:00:00.000000,Italy,Italy,IT,223.9,297.12,50.45,39.56,,false,""
2024-12-21T20:00:00.000000,Italy,Italy,IT,221.84,294.94,51.31,39.3,,false,""
2024-12-21T21:00:00.000000,Italy,Italy,IT,214.34,285.54,53.19,40.18,,false,""
2024-12-21T22:00:00.000000,Italy,Italy,IT,206.76,276.53,55.42,41.9,,false,""
2024-12-21T23:00:00.000000,Italy,Italy,IT,182.19,248.17,60.78,44.96,,false,""
2024-12-22T00:00:00.000000,Italy,Italy,IT,178.2,243.15,62.29,45.7,,false,""
2024-12-22T01:00:00.000000,Italy,Italy,IT,173.29,237.36,63.64,46.59,,false,""
2024-12-22T02:00:00.000000,Italy,Italy,IT,167.7,231.05,64.67,47.2,,false,""
2024-12-22T03:00:00.000000,Italy,Italy,IT,168.57,232.17,64.45,46.5,,false,""
2024-12-22T04:00:00.000000,Italy,Italy,IT,182.74,248.44,61.77,43.91,,false,""
2024-12-22T05:00:00.000000,Italy,Italy,IT,190.02,256.5,59.78,42.98,,false,""
2024-12-22T06:00:00.000000,Italy,Italy,IT,182.09,245.62,61.37,44.4,,false,""
2024-12-22T07:00:00.000000,Italy,Italy,IT,163.1,223.02,65.55,50.15,,false,""
2024-12-22T08:00:00.000000,Italy,Italy,IT,146.21,203.14,69.49,56.07,,false,""
2024-12-22T09:00:00.000000,Italy,Italy,IT,120.94,172.19,75.33,62.47,,false,""
2024-12-22T10:00:00.000000,Italy,Italy,IT,105.78,153.49,78.73,67.06,,false,""
2024-12-22T11:00:00.000000,Italy,Italy,IT,113.66,163.14,76.64,66.34,,false,""
2024-12-22T12:00:00.000000,Italy,Italy,IT,119.82,170.13,75.14,64.58,,false,""
2024-12-22T13:00:00.000000,Italy,Italy,IT,140.09,194.19,70.54,58.72,,false,""
2024-12-22T14:00:00.000000,Italy,Italy,IT,155.33,212.24,66.88,54.04,,false,""
2024-12-22T15:00:00.000000,Italy,Italy,IT,159.98,216.28,65.48,52.34,,false,""
2024-12-22T16:00:00.000000,Italy,Italy,IT,154.77,209.89,66.8,52.19,,false,""
2024-12-22T17:00:00.000000,Italy,Italy,IT,154.62,208.74,67.03,53.0,,false,""
2024-12-22T18:00:00.000000,Italy,Italy,IT,156.27,210.18,66.88,53.5,,false,""
2024-12-22T19:00:00.000000,Italy,Italy,IT,152.82,207.83,67.61,53.63,,false,""
2024-12-22T20:00:00.000000,Italy,Italy,IT,150.92,205.85,68.13,53.32,,false,""
2024-12-22T21:00:00.000000,Italy,Italy,IT,145.51,199.67,69.72,54.94,,false,""
2024-12-22T22:00:00.000000,Italy,Italy,IT,137.28,190.29,71.52,56.26,,false,""
2024-12-22T23:00:00.000000,Italy,Italy,IT,136.74,189.82,72.04,59.32,,false,""
2024-12-23T00:00:00.000000,Italy,Italy,IT,130.7,183.5,73.2,61.89,,false,""
2024-12-23T01:00:00.000000,Italy,Italy,IT,120.01,171.26,74.95,63.69,,false,""
2024-12-23T02:00:00.000000,Italy,Italy,IT,123.57,175.77,74.02,63.42,,false,""
2024-12-23T03:00:00.000000,Italy,Italy,IT,128.28,181.35,72.98,61.89,,false,""
2024-12-23T04:00:00.000000,Italy,Italy,IT,145.61,202.11,69.28,57.96,,false,""
2024-12-23T05:00:00.000000,Italy,Italy,IT,158.55,216.07,66.65,52.66,,false,""
2024-12-23T06:00:00.000000,Italy,Italy,IT,175.72,235.45,62.94,50.62,,false,""
2024-12-23T07:00:00.000000,Italy,Italy,IT,175.41,233.08,63.31,52.56,,false,""
2024-12-23T08:00:00.000000,Italy,Italy,IT,160.08,216.27,66.39,54.35,,false,""
2024-12-23T09:00:00.000000,Italy,Italy,IT,149.83,204.55,68.15,57.27,,false,""
2024-12-23T10:00:00.000000,Italy,Italy,IT,141.47,196.41,69.75,59.7,,false,""
2024-12-23T11:00:00.000000,Italy,Italy,IT,140.55,196.16,69.71,61.37,,false,""
2024-12-23T12:00:00.000000,Italy,Italy,IT,141.76,197.31,69.5,60.79,,false,""
2024-12-23T13:00:00.000000,Italy,Italy,IT,156.54,214.52,66.24,56.47,,false,""
2024-12-23T14:00:00.000000,Italy,Italy,IT,171.87,232.09,63.26,52.05,,false,""
2024-12-23T15:00:00.000000,Italy,Italy,IT,177.84,238.51,61.83,49.74,,false,""
2024-12-23T16:00:00.000000,Italy,Italy,IT,175.42,234.65,62.45,49.71,,false,""
2024-12-23T17:00:00.000000,Italy,Italy,IT,178.5,238.21,62.32,50.08,,false,""
2024-12-23T18:00:00.000000,Italy,Italy,IT,176.91,235.99,62.9,50.27,,false,""
2024-12-23T19:00:00.000000,Italy,Italy,IT,183.24,244.15,61.69,48.79,,false,""
2024-12-23T20:00:00.000000,Italy,Italy,IT,180.22,240.51,62.69,48.93,,false,""
2024-12-23T21:00:00.000000,Italy,Italy,IT,178.63,238.89,63.14,50.02,,false,""
2024-12-23T22:00:00.000000,Italy,Italy,IT,178.64,239.37,63.24,51.98,,false,""
2024-12-23T23:00:00.000000,Italy,Italy,IT,153.91,210.34,68.08,57.14,,false,""
2024-12-24T00:00:00.000000,Italy,Italy,IT,154.38,211.82,67.7,58.45,,false,""
2024-12-24T01:00:00.000000,Italy,Italy,IT,154.87,211.56,68.1,58.85,,false,""
2024-12-24T02:00:00.000000,Italy,Italy,IT,148.46,204.1,69.49,60.07,,false,""
2024-12-24T03:00:00.000000,Italy,Italy,IT,148.64,204.24,69.35,58.92,,false,""
2024-12-24T04:00:00.000000,Italy,Italy,IT,171.31,232.46,63.73,54.63,,false,""
2024-12-24T05:00:00.000000,Italy,Italy,IT,177.55,239.16,62.09,52.54,,false,""
2024-12-24T06:00:00.000000,Italy,Italy,IT,180.88,242.63,61.02,51.8,,false,""
2024-12-24T07:00:00.000000,Italy,Italy,IT,177.85,238.91,61.47,52.51,,false,""
2024-12-24T08:00:00.000000,Italy,Italy,IT,163.56,222.28,64.3,55.52,,false,""
2024-12-24T09:00:00.000000,Italy,Italy,IT,155.24,213.58,65.66,59.27,,false,""
2024-12-24T10:00:00.000000,Italy,Italy,IT,141.67,197.35,68.99,64.16,,false,""
2024-12-24T11:00:00.000000,Italy,Italy,IT,136.34,192.03,69.41,65.31,,false,""
2024-12-24T12:00:00.000000,Italy,Italy,IT,144.67,202.41,67.48,63.76,,false,""
2024-12-24T13:00:00.000000,Italy,Italy,IT,159.68,221.02,63.46,58.41,,false,""
2024-12-24T14:00:00.000000,Italy,Italy,IT,186.39,253.43,56.68,49.45,,false,""
2024-12-24T15:00:00.000000,Italy,Italy,IT,195.69,263.97,54.29,45.04,,false,""
2024-12-24T16:00:00.000000,Italy,Italy,IT,201.21,268.68,53.88,45.36,,false,""
2024-12-24T17:00:00.000000,Italy,Italy,IT,196.06,262.59,55.33,47.85,,false,""
2024-12-24T18:00:00.000000,Italy,Italy,IT,199.36,266.35,54.96,47.85,,false,""
2024-12-24T19:00:00.000000,Italy,Italy,IT,193.03,258.77,56.92,48.97,,false,""
2024-12-24T20:00:00.000000,Italy,Italy,IT,188.54,253.38,58.41,49.4,,false,""
2024-12-24T21:00:00.000000,Italy,Italy,IT,192.93,259.89,57.13,47.33,,false,""
2024-12-24T22:00:00.000000,Italy,Italy,IT,184.27,249.44,59.03,49.09,,false,""
2024-12-24T23:00:00.000000,Italy,Italy,IT,168.45,229.15,64.15,52.98,,false,""
2024-12-25T00:00:00.000000,Italy,Italy,IT,154.25,211.94,67.44,55.82,,false,""
2024-12-25T01:00:00.000000,Italy,Italy,IT,144.1,200.67,70.06,57.5,,false,""
2024-12-25T02:00:00.000000,Italy,Italy,IT,145.02,202.3,69.75,58.21,,false,""
2024-12-25T03:00:00.000000,Italy,Italy,IT,141.08,197.45,70.26,58.27,,false,""
2024-12-25T04:00:00.000000,Italy,Italy,IT,148.42,206.09,68.76,57.05,,false,""
2024-12-25T05:00:00.000000,Italy,Italy,IT,154.11,212.23,67.7,55.68,,false,""
2024-12-25T06:00:00.000000,Italy,Italy,IT,150.88,207.77,68.34,56.36,,false,""
2024-12-25T07:00:00.000000,Italy,Italy,IT,134.94,188.07,72.03,60.05,,false,""
2024-12-25T08:00:00.000000,Italy,Italy,IT,120.85,170.59,74.85,64.53,,false,""
2024-12-25T09:00:00.000000,Italy,Italy,IT,116.51,165.58,75.83,68.76,,false,""
2024-12-25T10:00:00.000000,Italy,Italy,IT,108.38,156.2,77.7,70.84,,false,""
2024-12-25T11:00:00.000000,Italy,Italy,IT,110.1,159.01,76.94,71.1,,false,""
2024-12-25T12:00:00.000000,Italy,Italy,IT,103.92,151.54,78.42,72.36,,false,""
2024-12-25T13:00:00.000000,Italy,Italy,IT,121.46,173.04,74.35,67.56,,false,""
2024-12-25T14:00:00.000000,Italy,Italy,IT,143.5,198.42,69.9,60.07,,false,""
2024-12-25T15:00:00.000000,Italy,Italy,IT,168.73,227.75,64.37,52.15,,false,""
2024-12-25T16:00:00.000000,Italy,Italy,IT,171.0,229.23,63.44,51.94,,false,""
2024-12-25T17:00:00.000000,Italy,Italy,IT,164.03,220.76,64.95,54.16,,false,""
2024-12-25T18:00:00.000000,Italy,Italy,IT,159.04,213.73,66.09,54.85,,false,""
2024-12-25T19:00:00.000000,Italy,Italy,IT,164.5,221.24,64.61,53.64,,false,""
2024-12-25T20:00:00.000000,Italy,Italy,IT,172.68,231.88,63.14,51.84,,false,""
2024-12-25T21:00:00.000000,Italy,Italy,IT,172.28,232.37,63.44,51.46,,false,""
2024-12-25T22:00:00.000000,Italy,Italy,IT,167.9,228.32,64.44,52.58,,false,""
2024-12-25T23:00:00.000000,Italy,Italy,IT,168.06,228.2,65.29,53.94,,false,""
2024-12-26T00:00:00.000000,Italy,Italy,IT,157.73,216.69,67.38,55.1,,false,""
2024-12-26T01:00:00.000000,Italy,Italy,IT,165.53,226.9,65.33,53.36,,false,""
2024-12-26T02:00:00.000000,Italy,Italy,IT,170.11,232.85,64.25,52.69,,false,""
2024-12-26T03:00:00.000000,Italy,Italy,IT,158.92,218.71,66.77,55.1,,false,""
2024-12-26T04:00:00.000000,Italy,Italy,IT,163.23,223.88,65.58,54.36,,false,""
2024-12-26T05:00:00.000000,Italy,Italy,IT,166.2,226.6,65.25,52.55,,false,""
2024-12-26T06:00:00.000000,Italy,Italy,IT,172.57,234.61,63.48,52.13,,false,""
2024-12-26T07:00:00.000000,Italy,Italy,IT,158.74,217.83,66.45,56.34,,false,""
2024-12-26T08:00:00.000000,Italy,Italy,IT,151.07,209.68,67.72,60.99,,false,""
2024-12-26T09:00:00.000000,Italy,Italy,IT,147.6,206.09,68.47,64.29,,false,""
2024-12-26T10:00:00.000000,Italy,Italy,IT,133.37,188.79,71.79,68.16,,false,""
2024-12-26T11:00:00.000000,Italy,Italy,IT,123.9,177.18,73.99,70.59,,false,""
2024-12-26T12:00:00.000000,Italy,Italy,IT,122.01,174.97,74.5,70.26,,false,""
2024-12-26T13:00:00.000000,Italy,Italy,IT,148.12,206.71,68.56,62.66,,false,""
2024-12-26T14:00:00.000000,Italy,Italy,IT,170.9,234.16,62.48,53.36,,false,""
2024-12-26T15:00:00.000000,Italy,Italy,IT,180.35,244.85,59.66,48.54,,false,""
2024-12-26T16:00:00.000000,Italy,Italy,IT,186.27,250.38,58.31,48.17,,false,""
2024-12-26T17:00:00.000000,Italy,Italy,IT,187.95,251.61,58.33,49.28,,false,""
2024-12-26T18:00:00.000000,Italy,Italy,IT,189.12,252.37,58.41,49.24,,false,""
2024-12-26T19:00:00.000000,Italy,Italy,IT,192.19,256.71,57.45,47.52,,false,""
2024-12-26T20:00:00.000000,Italy,Italy,IT,196.47,263.36,56.31,45.29,,false,""
2024-12-26T21:00:00.000000,Italy,Italy,IT,198.53,266.19,56.15,45.35,,false,""
2024-12-26T22:00:00.000000,Italy,Italy,IT,187.82,253.14,59.2,48.02,,false,""
2024-12-26T23:00:00.000000,Italy,Italy,IT,190.48,255.82,58.97,49.75,,false,""
2024-12-27T00:00:00.000000,Italy,Italy,IT,185.02,249.51,61.02,51.26,,false,""
2024-12-27T01:00:00.000000,Italy,Italy,IT,179.46,243.03,62.22,52.37,,false,""
2024-12-27T02:00:00.000000,Italy,Italy,IT,178.2,240.9,62.63,52.71,,false,""
2024-12-27T03:00:00.000000,Italy,Italy,IT,180.48,244.01,61.95,51.99,,false,""
2024-12-27T04:00:00.000000,Italy,Italy,IT,189.65,254.65,60.08,49.77,,false,""
2024-12-27T05:00:00.000000,Italy,Italy,IT,198.39,265.68,57.03,45.39,,false,""
2024-12-27T06:00:00.000000,Italy,Italy,IT,203.78,271.84,55.27,44.16,,false,""
2024-12-27T07:00:00.000000,Italy,Italy,IT,198.92,264.98,56.6,46.43,,false,""
2024-12-27T08:00:00.000000,Italy,Italy,IT,186.93,251.51,59.03,50.65,,false,""
2024-12-27T09:00:00.000000,Italy,Italy,IT,172.01,234.47,62.25,55.99,,false,""
2024-12-27T10:00:00.000000,Italy,Italy,IT,151.42,209.23,67.31,61.21,,false,""
2024-12-27T11:00:00.000000,Italy,Italy,IT,149.66,207.4,67.51,61.46,,false,""
2024-12-27T12:00:00.000000,Italy,Italy,IT,157.91,217.62,65.8,59.59,,false,""
2024-12-27T13:00:00.000000,Italy,Italy,IT,187.42,254.43,58.11,51.06,,false,""
2024-12-27T14:00:00.000000,Italy,Italy,IT,220.91,295.74,49.36,41.42,,false,""
2024-12-27T15:00:00.000000,Italy,Italy,IT,231.67,308.27,46.29,37.78,,false,""
2024-12-27T16:00:00.000000,Italy,Italy,IT,232.94,307.9,46.39,38.23,,false,""
2024-12-27T17:00:00.000000,Italy,Italy,IT,236.47,310.56,46.5,39.55,,false,""
2024-12-27T18:00:00.000000,Italy,Italy,IT,227.99,301.05,48.01,40.7,,false,""
2024-12-27T19:00:00.000000,Italy,Italy,IT,232.87,307.23,46.89,39.24,,false,""
2024-12-27T20:00:00.000000,Italy,Italy,IT,231.53,306.06,47.41,38.71,,false,""
2024-12-27T21:00:00.000000,Italy,Italy,IT,226.39,300.33,48.77,39.68,,false,""
2024-12-27T22:00:00.000000,Italy,Italy,IT,212.46,284.18,51.68,42.41,,false,""
2024-12-27T23:00:00.000000,Italy,Italy,IT,217.41,289.58,51.96,44.23,,false,""
2024-12-28T00:00:00.000000,Italy,Italy,IT,214.68,285.2,53.8,46.23,,false,""
2024-12-28T01:00:00.000000,Italy,Italy,IT,202.32,270.03,57.06,47.94,,false,""
2024-12-28T02:00:00.000000,Italy,Italy,IT,198.6,265.49,57.99,48.39,,false,""
2024-12-28T03:00:00.000000,Italy,Italy,IT,191.44,256.78,59.46,47.99,,false,""
2024-12-28T04:00:00.000000,Italy,Italy,IT,202.43,270.15,56.71,45.99,,false,""
2024-12-28T05:00:00.000000,Italy,Italy,IT,201.62,268.06,56.92,44.12,,false,""
2024-12-28T06:00:00.000000,Italy,Italy,IT,203.04,270.45,55.55,42.72,,false,""
2024-12-28T07:00:00.000000,Italy,Italy,IT,186.3,250.55,58.71,47.41,,false,""
2024-12-28T08:00:00.000000,Italy,Italy,IT,168.83,230.33,62.78,53.88,,false,""
2024-12-28T09:00:00.000000,Italy,Italy,IT,152.35,211.3,67.1,59.42,,false,""
2024-12-28T10:00:00.000000,Italy,Italy,IT,130.43,185.1,72.08,65.42,,false,""
2024-12-28T11:00:00.000000,Italy,Italy,IT,137.12,193.43,70.4,64.93,,false,""
2024-12-28T12:00:00.000000,Italy,Italy,IT,152.23,211.55,67.13,61.57,,false,""
2024-12-28T13:00:00.000000,Italy,Italy,IT,176.22,240.35,61.57,52.8,,false,""
2024-12-28T14:00:00.000000,Italy,Italy,IT,227.03,303.16,48.7,39.52,,false,""
2024-12-28T15:00:00.000000,Italy,Italy,IT,243.61,323.53,43.87,33.55,,false,""
2024-12-28T16:00:00.000000,Italy,Italy,IT,236.07,312.38,45.52,35.55,,false,""
2024-12-28T17:00:00.000000,Italy,Italy,IT,232.26,307.41,46.62,37.77,,false,""
2024-12-28T18:00:00.000000,Italy,Italy,IT,237.91,313.93,45.49,36.41,,false,""
2024-12-28T19:00:00.000000,Italy,Italy,IT,242.88,320.02,44.69,34.94,,false,""
2024-12-28T20:00:00.000000,Italy,Italy,IT,255.01,336.47,41.79,31.3,,false,""
2024-12-28T21:00:00.000000,Italy,Italy,IT,253.91,334.84,42.73,31.44,,false,""
2024-12-28T22:00:00.000000,Italy,Italy,IT,244.82,323.29,45.55,33.15,,false,""
2024-12-28T23:00:00.000000,Italy,Italy,IT,249.65,329.38,44.68,33.6,,false,""
2024-12-29T00:00:00.000000,Italy,Italy,IT,256.12,336.82,44.32,32.88,,false,""
2024-12-29T01:00:00.000000,Italy,Italy,IT,256.39,336.38,45.3,33.51,,false,""
2024-12-29T02:00:00.000000,Italy,Italy,IT,259.33,339.98,44.55,32.53,,false,""
2024-12-29T03:00:00.000000,Italy,Italy,IT,257.87,337.96,44.94,32.47,,false,""
2024-12-29T04:00:00.000000,Italy,Italy,IT,264.26,346.03,43.18,31.4,,false,""
2024-12-29T05:00:00.000000,Italy,Italy,IT,268.6,350.79,42.09,30.16,,false,""
2024-12-29T06:00:00.000000,Italy,Italy,IT,266.33,347.2,42.75,32.01,,false,""
2024-12-29T07:00:00.000000,Italy,Italy,IT,238.6,313.9,48.41,37.69,,false,""
2024-12-29T08:00:00.000000,Italy,Italy,IT,204.98,274.23,55.83,46.28,,false,""
2024-12-29T09:00:00.000000,Italy,Italy,IT,173.35,236.27,63.19,53.74,,false,""
2024-12-29T10:00:00.000000,Italy,Italy,IT,163.05,224.65,65.05,57.02,,false,""
2024-12-29T11:00:00.000000,Italy,Italy,IT,170.33,233.42,63.94,57.44,,false,""
2024-12-29T12:00:00.000000,Italy,Italy,IT,179.74,245.8,61.39,56.08,,false,""
2024-12-29T13:00:00.000000,Italy,Italy,IT,205.2,277.09,55.26,47.44,,false,""
2024-12-29T14:00:00.000000,Italy,Italy,IT,253.16,336.3,42.76,33.06,,false,""
2024-12-29T15:00:00.000000,Italy,Italy,IT,274.74,363.21,36.2,24.86,,false,""
2024-12-29T16:00:00.000000,Italy,Italy,IT,270.26,356.23,37.28,27.03,,false,""
2024-12-29T17:00:00.000000,Italy,Italy,IT,266.25,348.99,38.54,29.78,,false,""
2024-12-29T18:00:00.000000,Italy,Italy,IT,266.15,348.34,38.81,30.34,,false,""
2024-12-29T19:00:00.000000,Italy,Italy,IT,279.94,367.2,35.81,27.63,,false,""
2024-12-29T20:00:00.000000,Italy,Italy,IT,288.41,378.4,34.24,25.47,,false,""
2024-12-29T21:00:00.000000,Italy,Italy,IT,286.1,375.88,35.35,26.14,,false,""
2024-12-29T22:00:00.000000,Italy,Italy,IT,282.97,371.65,36.8,26.92,,false,""
2024-12-29T23:00:00.000000,Italy,Italy,IT,283.09,370.78,38.22,26.7,,false,""
2024-12-30T00:00:00.000000,Italy,Italy,IT,282.78,370.38,38.84,26.63,,false,""
2024-12-30T01:00:00.000000,Italy,Italy,IT,280.2,366.73,40.26,27.66,,false,""
2024-12-30T02:00:00.000000,Italy,Italy,IT,273.99,359.22,41.36,27.89,,false,""
2024-12-30T03:00:00.000000,Italy,Italy,IT,280.13,366.46,40.21,27.31,,false,""
2024-12-30T04:00:00.000000,Italy,Italy,IT,288.57,377.21,37.47,26.07,,false,""
2024-12-30T05:00:00.000000,Italy,Italy,IT,302.35,395.73,32.47,23.57,,false,""
2024-12-30T06:00:00.000000,Italy,Italy,IT,294.05,384.21,34.34,26.06,,false,""
2024-12-30T07:00:00.000000,Italy,Italy,IT,271.49,357.51,38.48,31.47,,false,""
2024-12-30T08:00:00.000000,Italy,Italy,IT,244.27,325.01,44.55,38.81,,false,""
2024-12-30T09:00:00.000000,Italy,Italy,IT,216.3,290.89,51.59,45.95,,false,""
2024-12-30T10:00:00.000000,Italy,Italy,IT,195.96,266.06,56.5,51.07,,false,""
2024-12-30T11:00:00.000000,Italy,Italy,IT,198.02,268.98,55.74,50.55,,false,""
2024-12-30T12:00:00.000000,Italy,Italy,IT,212.72,287.29,52.37,47.61,,false,""
2024-12-30T13:00:00.000000,Italy,Italy,IT,244.43,326.41,44.4,38.9,,false,""
2024-12-30T14:00:00.000000,Italy,Italy,IT,281.4,371.97,34.76,28.18,,false,""
2024-12-30T15:00:00.000000,Italy,Italy,IT,298.33,391.76,30.36,23.5,,false,""
2024-12-30T16:00:00.000000,Italy,Italy,IT,289.8,379.27,32.35,26.17,,false,""
2024-12-30T17:00:00.000000,Italy,Italy,IT,293.05,382.67,31.99,26.77,,false,""
2024-12-30T18:00:00.000000,Italy,Italy,IT,292.86,382.47,32.03,26.42,,false,""
2024-12-30T19:00:00.000000,Italy,Italy,IT,295.65,387.23,31.32,24.52,,false,""
2024-12-30T20:00:00.000000,Italy,Italy,IT,302.67,396.98,30.1,22.46,,false,""
2024-12-30T21:00:00.000000,Italy,Italy,IT,302.66,396.82,30.95,22.25,,false,""
2024-12-30T22:00:00.000000,Italy,Italy,IT,297.04,390.55,32.48,23.98,,false,""
2024-12-30T23:00:00.000000,Italy,Italy,IT,279.35,366.78,38.27,27.49,,false,""
2024-12-31T00:00:00.000000,Italy,Italy,IT,280.93,367.98,38.32,26.98,,true,ESTIMATED_TIME_SLICER_AVERAGE
2024-12-31T01:00:00.000000,Italy,Italy,IT,278.41,364.92,38.9,26.69,,true,ESTIMATED_TIME_SLICER_AVERAGE
2024-12-31T02:00:00.000000,Italy,Italy,IT,280.56,366.95,39.02,26.61,,true,ESTIMATED_TIME_SLICER_AVERAGE
2024-12-31T03:00:00.000000,Italy,Italy,IT,281.88,368.59,38.67,26.17,,true,ESTIMATED_TIME_SLICER_AVERAGE
2024-12-31T04:00:00.000000,Italy,Italy,IT,289.21,377.95,36.28,24.98,,true,ESTIMATED_TIME_SLICER_AVERAGE
2024-12-31T05:00:00.000000,Italy,Italy,IT,298.53,390.34,32.32,22.96,,true,ESTIMATED_TIME_SLICER_AVERAGE
2024-12-31T06:00:00.000000,Italy,Italy,IT,295.35,385.71,32.54,25.04,,true,ESTIMATED_TIME_SLICER_AVERAGE
2024-12-31T07:00:00.000000,Italy,Italy,IT,275.53,359.75,37.39,31.28,,true,ESTIMATED_TIME_SLICER_AVERAGE
2024-12-31T08:00:00.000000,Italy,Italy,IT,261.58,343.91,40.59,35.57,,true,ESTIMATED_TIME_SLICER_AVERAGE
2024-12-31T09:00:00.000000,Italy,Italy,IT,245.62,325.33,44.21,38.94,,true,ESTIMATED_TIME_SLICER_AVERAGE
2024-12-31T10:00:00.000000,Italy,Italy,IT,236.63,314.44,46.5,41.03,,true,ESTIMATED_TIME_SLICER_AVERAGE
2024-12-31T11:00:00.000000,Italy,Italy,IT,235.6,313.84,46.77,41.74,,true,ESTIMATED_TIME_SLICER_AVERAGE
2024-12-31T12:00:00.000000,Italy,Italy,IT,240.62,320.16,45.59,40.2,,true,ESTIMATED_TIME_SLICER_AVERAGE
2024-12-31T13:00:00.000000,Italy,Italy,IT,260.9,344.86,40.62,35.13,,true,ESTIMATED_TIME_SLICER_AVERAGE
2024-12-31T14:00:00.000000,Italy,Italy,IT,281.65,369.62,35.42,28.79,,true,ESTIMATED_TIME_SLICER_AVERAGE
2024-12-31T15:00:00.000000,Italy,Italy,IT,292.17,381.22,32.98,26.77,,true,ESTIMATED_TIME_SLICER_AVERAGE
2024-12-31T16:00:00.000000,Italy,Italy,IT,291.24,378.76,33.42,28.2,,true,ESTIMATED_TIME_SLICER_AVERAGE
2024-12-31T17:00:00.000000,Italy,Italy,IT,292.91,381.15,33.11,27.83,,true,ESTIMATED_TIME_SLICER_AVERAGE
2024-12-31T18:00:00.000000,Italy,Italy,IT,294.18,383.45,32.74,27.35,,true,ESTIMATED_TIME_SLICER_AVERAGE
2024-12-31T19:00:00.000000,Italy,Italy,IT,301.05,392.86,31.23,25.44,,true,ESTIMATED_TIME_SLICER_AVERAGE
2024-12-31T20:00:00.000000,Italy,Italy,IT,297.57,388.66,32.64,25.85,,true,ESTIMATED_TIME_SLICER_AVERAGE
2024-12-31T21:00:00.000000,Italy,Italy,IT,284.35,371.77,36.69,28.36,,true,ESTIMATED_TIME_SLICER_AVERAGE
2024-12-31T22:00:00.000000,Italy,Italy,IT,272.8,357.31,39.88,29.95,,true,ESTIMATED_TIME_SLICER_AVERAGE
2024-12-31T23:00:00.000000,Italy,Italy,IT,315.78,411.03,31.07,25.44,,false,""
