Datetime (UTC),Country,Zone name,Zone id,Carbon intensity gCO₂eq/kWh (direct),Carbon intensity gCO₂eq/kWh (Life cycle),Carbon-free energy percentage (CFE%),Renewable energy percentage (RE%),Data source,Data estimated,Data estimation method
2024-01-01T00:00:00.000000,Poland,Poland,PL,537.3,600.92,30.51,30.21,entsoe.eu,false,""
2024-01-01T01:00:00.000000,Poland,Poland,PL,542.52,606.72,29.73,29.37,entsoe.eu,false,""
2024-01-01T02:00:00.000000,Poland,Poland,PL,549.02,613.89,28.88,28.46,entsoe.eu,false,""
2024-01-01T03:00:00.000000,Poland,Poland,PL,557.37,622.94,27.85,27.33,entsoe.eu,false,""
2024-01-01T04:00:00.000000,Poland,Poland,PL,564.79,631.17,26.67,26.2,entsoe.eu,false,""
2024-01-01T05:00:00.000000,Poland,Poland,PL,573.67,641.37,25.23,24.77,entsoe.eu,false,""
2024-01-01T06:00:00.000000,Poland,Poland,PL,575.61,643.78,25.0,24.65,entsoe.eu,false,""
2024-01-01T07:00:00.000000,Poland,Poland,PL,567.87,635.95,25.64,25.23,entsoe.eu,false,""
2024-01-01T08:00:00.000000,Poland,Poland,PL,572.63,640.73,24.86,24.17,entsoe.eu,false,""
2024-01-01T09:00:00.000000,Poland,Poland,PL,572.33,639.82,25.15,24.32,entsoe.eu,false,""
2024-01-01T10:00:00.000000,Poland,Poland,PL,555.19,621.36,27.55,25.0,entsoe.eu,false,""
2024-01-01T11:00:00.000000,Poland,Poland,PL,557.7,623.61,27.27,24.36,entsoe.eu,false,""
2024-01-01T12:00:00.000000,Poland,Poland,PL,541.7,605.83,29.41,25.45,entsoe.eu,false,""
2024-01-01T13:00:00.000000,Poland,Poland,PL,542.96,607.87,29.14,25.86,entsoe.eu,false,""
2024-01-01T14:00:00.000000,Poland,Poland,PL,561.17,626.69,26.78,24.68,entsoe.eu,false,""
2024-01-01T15:00:00.000000,Poland,Poland,PL,552.0,616.42,28.0,25.63,entsoe.eu,false,""
2024-01-01T16:00:00.000000,Poland,Poland,PL,533.87,597.45,30.16,27.89,entsoe.eu,false,""
2024-01-01T17:00:00.000000,Poland,Poland,PL,520.21,583.16,31.85,28.95,entsoe.eu,false,""
2024-01-01T18:00:00.000000,Poland,Poland,PL,521.41,584.45,31.76,28.8,entsoe.eu,false,""
2024-01-01T19:00:00.000000,Poland,Poland,PL,537.19,600.55,29.75,27.35,entsoe.eu,false,""
2024-01-01T20:00:00.000000,Poland,Poland,PL,537.53,601.31,29.82,26.86,entsoe.eu,false,""
2024-01-01T21:00:00.000000,Poland,Poland,PL,552.92,618.08,27.76,25.55,entsoe.eu,false,""
2024-01-01T22:00:00.000000,Poland,Poland,PL,571.66,638.07,25.19,23.44,entsoe.eu,false,""
2024-01-01T23:00:00.000000,Poland,Poland,PL,569.41,636.67,25.13,23.87,entsoe.eu,false,""
2024-01-02T00:00:00.000000,Poland,Poland,PL,576.19,642.97,25.01,23.69,entsoe.eu,false,""
2024-01-02T01:00:00.000000,Poland,Poland,PL,586.99,653.92,23.97,22.82,entsoe.eu,false,""
2024-01-02T02:00:00.000000,Poland,Poland,PL,586.33,653.39,24.02,23.02,entsoe.eu,false,""
2024-01-02T03:00:00.000000,Poland,Poland,PL,596.08,663.36,23.05,22.34,entsoe.eu,false,""
2024-01-02T04:00:00.000000,Poland,Poland,PL,591.46,658.82,23.46,22.89,entsoe.eu,false,""
2024-01-02T05:00:00.000000,Poland,Poland,PL,597.94,665.98,22.06,21.32,entsoe.eu,false,""
2024-01-02T06:00:00.000000,Poland,Poland,PL,605.06,672.3,21.26,20.33,entsoe.eu,false,""
2024-01-02T07:00:00.000000,Poland,Poland,PL,608.93,675.82,21.03,19.93,entsoe.eu,false,""
2024-01-02T08:00:00.000000,Poland,Poland,PL,590.21,655.4,23.46,22.13,entsoe.eu,false,""
2024-01-02T09:00:00.000000,Poland,Poland,PL,561.43,624.76,27.56,25.48,entsoe.eu,false,""
2024-01-02T10:00:00.000000,Poland,Poland,PL,543.06,605.55,29.84,26.52,entsoe.eu,false,""
2024-01-02T11:00:00.000000,Poland,Poland,PL,551.53,614.06,28.92,25.75,entsoe.eu,false,""
2024-01-02T12:00:00.000000,Poland,Poland,PL,565.33,628.59,27.22,24.07,entsoe.eu,false,""
2024-01-02T13:00:00.000000,Poland,Poland,PL,590.11,654.27,24.26,22.64,entsoe.eu,false,""
2024-01-02T14:00:00.000000,Poland,Poland,PL,590.29,653.23,24.26,23.23,entsoe.eu,false,""
2024-01-02T15:00:00.000000,Poland,Poland,PL,576.2,636.98,26.03,25.06,entsoe.eu,false,""
2024-01-02T16:00:00.000000,Poland,Poland,PL,562.62,621.95,27.94,27.02,entsoe.eu,false,""
2024-01-02T17:00:00.000000,Poland,Poland,PL,552.51,611.58,29.14,28.35,entsoe.eu,false,""
2024-01-02T18:00:00.000000,Poland,Poland,PL,538.89,597.19,30.89,30.23,entsoe.eu,false,""
2024-01-02T19:00:00.000000,Poland,Poland,PL,526.04,584.0,32.38,31.91,entsoe.eu,false,""
2024-01-02T20:00:00.000000,Poland,Poland,PL,514.99,572.93,33.34,33.06,entsoe.eu,false,""
2024-01-02T21:00:00.000000,Poland,Poland,PL,518.81,577.93,32.77,32.56,entsoe.eu,false,""
2024-01-02T22:00:00.000000,Poland,Poland,PL,493.54,552.64,35.42,35.22,entsoe.eu,false,""
2024-01-02T23:00:00.000000,Poland,Poland,PL,480.59,538.45,37.53,37.25,entsoe.eu,false,""
2024-01-03T00:00:00.000000,Poland,Poland,PL,472.34,529.66,38.51,38.17,entsoe.eu,false,""
2024-01-03T01:00:00.000000,Poland,Poland,PL,470.79,527.99,38.73,38.35,entsoe.eu,false,""
2024-01-03T02:00:00.000000,Poland,Poland,PL,470.94,527.97,38.85,38.43,entsoe.eu,false,""
2024-01-03T03:00:00.000000,Poland,Poland,PL,471.35,528.47,38.69,38.41,entsoe.eu,false,""
2024-01-03T04:00:00.000000,Poland,Poland,PL,480.61,538.78,36.88,36.57,entsoe.eu,false,""
2024-01-03T05:00:00.000000,Poland,Poland,PL,499.13,557.36,34.92,34.66,entsoe.eu,false,""
2024-01-03T06:00:00.000000,Poland,Poland,PL,510.62,567.96,33.76,33.5,entsoe.eu,false,""
2024-01-03T07:00:00.000000,Poland,Poland,PL,506.57,563.54,34.42,34.16,entsoe.eu,false,""
2024-01-03T08:00:00.000000,Poland,Poland,PL,497.05,553.33,35.7,35.4,entsoe.eu,false,""
2024-01-03T09:00:00.000000,Poland,Poland,PL,496.6,553.46,35.79,35.6,entsoe.eu,false,""
2024-01-03T10:00:00.000000,Poland,Poland,PL,497.68,554.94,35.7,35.43,entsoe.eu,false,""
2024-01-03T11:00:00.000000,Poland,Poland,PL,508.54,566.64,34.33,34.05,entsoe.eu,false,""
2024-01-03T12:00:00.000000,Poland,Poland,PL,521.01,579.36,32.77,32.36,entsoe.eu,false,""
2024-01-03T13:00:00.000000,Poland,Poland,PL,539.12,599.07,30.26,29.52,entsoe.eu,false,""
2024-01-03T14:00:00.000000,Poland,Poland,PL,549.33,609.9,28.76,27.77,entsoe.eu,false,""
2024-01-03T15:00:00.000000,Poland,Poland,PL,546.53,605.56,29.17,28.51,entsoe.eu,false,""
2024-01-03T16:00:00.000000,Poland,Poland,PL,544.62,602.97,29.71,28.89,entsoe.eu,false,""
2024-01-03T17:00:00.000000,Poland,Poland,PL,541.47,600.31,30.12,29.16,entsoe.eu,false,""
2024-01-03T18:00:00.000000,Poland,Poland,PL,540.69,600.93,29.88,28.5,entsoe.eu,false,""
2024-01-03T19:00:00.000000,Poland,Poland,PL,533.16,593.49,31.0,28.79,entsoe.eu,false,""
2024-01-03T20:00:00.000000,Poland,Poland,PL,541.56,602.44,29.87,27.64,entsoe.eu,false,""
2024-01-03T21:00:00.000000,Poland,Poland,PL,552.2,614.46,28.15,27.11,entsoe.eu,false,""
2024-01-03T22:00:00.000000,Poland,Poland,PL,558.11,621.27,27.27,26.59,entsoe.eu,false,""
2024-01-03T23:00:00.000000,Poland,Poland,PL,558.88,622.22,27.42,26.66,entsoe.eu,false,""
2024-01-04T00:00:00.000000,Poland,Poland,PL,561.18,624.66,27.12,26.35,entsoe.eu,false,""
2024-01-04T01:00:00.000000,Poland,Poland,PL,563.17,626.24,27.16,26.4,entsoe.eu,false,""
2024-01-04T02:00:00.000000,Poland,Poland,PL,563.01,626.3,27.16,26.41,entsoe.eu,false,""
2024-01-04T03:00:00.000000,Poland,Poland,PL,565.45,629.02,26.69,26.03,entsoe.eu,false,""
2024-01-04T04:00:00.000000,Poland,Poland,PL,577.33,641.42,25.13,24.73,entsoe.eu,false,""
2024-01-04T05:00:00.000000,Poland,Poland,PL,591.28,655.9,23.44,22.92,entsoe.eu,false,""
2024-01-04T06:00:00.000000,Poland,Poland,PL,589.0,652.76,24.07,23.12,entsoe.eu,false,""
2024-01-04T07:00:00.000000,Poland,Poland,PL,581.44,643.93,25.11,24.16,entsoe.eu,false,""
2024-01-04T08:00:00.000000,Poland,Poland,PL,559.97,620.32,27.95,25.73,entsoe.eu,false,""
2024-01-04T09:00:00.000000,Poland,Poland,PL,539.62,598.85,30.36,27.29,entsoe.eu,false,""
2024-01-04T10:00:00.000000,Poland,Poland,PL,539.34,598.12,30.63,27.29,entsoe.eu,false,""
2024-01-04T11:00:00.000000,Poland,Poland,PL,529.63,588.77,31.91,28.94,entsoe.eu,false,""
2024-01-04T12:00:00.000000,Poland,Poland,PL,534.94,594.44,31.26,27.76,entsoe.eu,false,""
2024-01-04T13:00:00.000000,Poland,Poland,PL,548.26,608.08,29.72,28.13,entsoe.eu,false,""
2024-01-04T14:00:00.000000,Poland,Poland,PL,565.94,626.27,27.72,27.03,entsoe.eu,false,""
2024-01-04T15:00:00.000000,Poland,Poland,PL,575.56,635.65,26.29,25.81,entsoe.eu,false,""
2024-01-04T16:00:00.000000,Poland,Poland,PL,578.6,636.39,25.8,25.65,entsoe.eu,false,""
2024-01-04T17:00:00.000000,Poland,Poland,PL,582.33,640.04,25.36,25.16,entsoe.eu,false,""
2024-01-04T18:00:00.000000,Poland,Poland,PL,596.35,656.54,23.71,23.37,entsoe.eu,false,""
2024-01-04T19:00:00.000000,Poland,Poland,PL,594.55,655.94,24.06,23.42,entsoe.eu,false,""
2024-01-04T20:00:00.000000,Poland,Poland,PL,593.09,654.86,24.17,23.6,entsoe.eu,false,""
2024-01-04T21:00:00.000000,Poland,Poland,PL,579.28,642.11,25.35,24.2,entsoe.eu,false,""
2024-01-04T22:00:00.000000,Poland,Poland,PL,584.04,648.04,24.57,23.3,entsoe.eu,false,""
2024-01-04T23:00:00.000000,Poland,Poland,PL,603.14,668.5,22.45,21.25,entsoe.eu,false,""
2024-01-05T00:00:00.000000,Poland,Poland,PL,622.48,689.21,20.11,18.97,entsoe.eu,false,""
2024-01-05T01:00:00.000000,Poland,Poland,PL,630.67,698.65,18.63,17.58,entsoe.eu,false,""
2024-01-05T02:00:00.000000,Poland,Poland,PL,640.93,709.58,17.34,16.39,entsoe.eu,false,""
2024-01-05T03:00:00.000000,Poland,Poland,PL,658.58,727.84,15.22,14.17,entsoe.eu,false,""
2024-01-05T04:00:00.000000,Poland,Poland,PL,658.38,728.36,15.17,13.95,entsoe.eu,false,""
2024-01-05T05:00:00.000000,Poland,Poland,PL,670.13,739.7,14.02,13.03,entsoe.eu,false,""
2024-01-05T06:00:00.000000,Poland,Poland,PL,659.71,726.67,15.58,14.1,entsoe.eu,false,""
2024-01-05T07:00:00.000000,Poland,Poland,PL,643.09,708.55,17.61,14.68,entsoe.eu,false,""
2024-01-05T08:00:00.000000,Poland,Poland,PL,619.58,684.11,20.48,16.02,entsoe.eu,false,""
2024-01-05T09:00:00.000000,Poland,Poland,PL,608.2,673.22,21.92,16.81,entsoe.eu,false,""
2024-01-05T10:00:00.000000,Poland,Poland,PL,603.23,668.01,22.64,17.64,entsoe.eu,false,""
2024-01-05T11:00:00.000000,Poland,Poland,PL,604.81,669.48,22.61,18.36,entsoe.eu,false,""
2024-01-05T12:00:00.000000,Poland,Poland,PL,615.46,680.45,21.34,17.57,entsoe.eu,false,""
2024-01-05T13:00:00.000000,Poland,Poland,PL,627.78,693.45,19.76,16.52,entsoe.eu,false,""
2024-01-05T14:00:00.000000,Poland,Poland,PL,641.71,707.92,18.03,15.22,entsoe.eu,false,""
2024-01-05T15:00:00.000000,Poland,Poland,PL,643.38,708.45,17.81,15.28,entsoe.eu,false,""
2024-01-05T16:00:00.000000,Poland,Poland,PL,641.63,705.99,18.1,16.14,entsoe.eu,false,""
2024-01-05T17:00:00.000000,Poland,Poland,PL,636.79,701.2,18.61,16.64,entsoe.eu,false,""
2024-01-05T18:00:00.000000,Poland,Poland,PL,631.28,696.01,19.09,17.15,entsoe.eu,false,""
2024-01-05T19:00:00.000000,Poland,Poland,PL,631.09,696.8,19.13,17.45,entsoe.eu,false,""
2024-01-05T20:00:00.000000,Poland,Poland,PL,636.27,702.55,18.98,17.43,entsoe.eu,false,""
2024-01-05T21:00:00.000000,Poland,Poland,PL,619.88,685.14,21.4,18.82,entsoe.eu,false,""
2024-01-05T22:00:00.000000,Poland,Poland,PL,617.94,684.92,20.57,19.54,entsoe.eu,false,""
2024-01-05T23:00:00.000000,Poland,Poland,PL,602.25,669.1,22.22,19.84,entsoe.eu,false,""
2024-01-06T00:00:00.000000,Poland,Poland,PL,611.67,678.92,20.85,18.76,entsoe.eu,false,""
2024-01-06T01:00:00.000000,Poland,Poland,PL,615.82,683.31,20.19,18.05,entsoe.eu,false,""
2024-01-06T02:00:00.000000,Poland,Poland,PL,624.29,692.28,18.89,17.78,entsoe.eu,false,""
2024-01-06T03:00:00.000000,Poland,Poland,PL,622.27,690.61,19.1,17.66,entsoe.eu,false,""
2024-01-06T04:00:00.000000,Poland,Poland,PL,624.2,692.44,19.13,17.39,entsoe.eu,false,""
2024-01-06T05:00:00.000000,Poland,Poland,PL,620.16,686.77,20.39,17.92,entsoe.eu,false,""
2024-01-06T06:00:00.000000,Poland,Poland,PL,623.62,690.9,19.47,17.61,entsoe.eu,false,""
2024-01-06T07:00:00.000000,Poland,Poland,PL,616.84,683.78,20.37,18.96,entsoe.eu,false,""
2024-01-06T08:00:00.000000,Poland,Poland,PL,604.14,670.63,22.03,20.34,entsoe.eu,false,""
2024-01-06T09:00:00.000000,Poland,Poland,PL,607.85,673.11,21.75,20.82,entsoe.eu,false,""
2024-01-06T10:00:00.000000,Poland,Poland,PL,611.05,675.68,21.66,20.9,entsoe.eu,false,""
2024-01-06T11:00:00.000000,Poland,Poland,PL,608.06,672.86,22.02,21.11,entsoe.eu,false,""
2024-01-06T12:00:00.000000,Poland,Poland,PL,597.69,662.06,23.3,22.03,entsoe.eu,false,""
2024-01-06T13:00:00.000000,Poland,Poland,PL,586.08,650.28,24.63,22.42,entsoe.eu,false,""
2024-01-06T14:00:00.000000,Poland,Poland,PL,596.82,661.5,23.04,21.53,entsoe.eu,false,""
2024-01-06T15:00:00.000000,Poland,Poland,PL,598.0,661.48,23.02,21.82,entsoe.eu,false,""
2024-01-06T16:00:00.000000,Poland,Poland,PL,592.23,654.26,23.64,22.02,entsoe.eu,false,""
2024-01-06T17:00:00.000000,Poland,Poland,PL,586.37,647.85,24.19,22.92,entsoe.eu,false,""
2024-01-06T18:00:00.000000,Poland,Poland,PL,579.61,640.96,24.98,23.65,entsoe.eu,false,""
2024-01-06T19:00:00.000000,Poland,Poland,PL,559.77,620.45,27.94,25.43,entsoe.eu,false,""
2024-01-06T20:00:00.000000,Poland,Poland,PL,556.35,617.65,28.21,25.6,entsoe.eu,false,""
2024-01-06T21:00:00.000000,Poland,Poland,PL,561.67,624.36,27.56,24.25,entsoe.eu,false,""
2024-01-06T22:00:00.000000,Poland,Poland,PL,570.43,633.55,26.28,22.72,entsoe.eu,false,""
2024-01-06T23:00:00.000000,Poland,Poland,PL,579.35,643.09,25.09,22.62,entsoe.eu,false,""
2024-01-07T00:00:00.000000,Poland,Poland,PL,574.05,637.4,25.7,23.04,entsoe.eu,false,""
2024-01-07T01:00:00.000000,Poland,Poland,PL,573.1,636.34,25.77,22.57,entsoe.eu,false,""
2024-01-07T02:00:00.000000,Poland,Poland,PL,580.08,643.94,24.78,22.04,entsoe.eu,false,""
2024-01-07T03:00:00.000000,Poland,Poland,PL,588.1,652.67,23.72,21.49,entsoe.eu,false,""
2024-01-07T04:00:00.000000,Poland,Poland,PL,588.64,653.44,23.67,21.63,entsoe.eu,false,""
2024-01-07T05:00:00.000000,Poland,Poland,PL,591.14,656.19,23.44,21.51,entsoe.eu,false,""
2024-01-07T06:00:00.000000,Poland,Poland,PL,591.93,656.58,23.51,21.32,entsoe.eu,false,""
2024-01-07T07:00:00.000000,Poland,Poland,PL,588.1,652.04,24.23,21.96,entsoe.eu,false,""
2024-01-07T08:00:00.000000,Poland,Poland,PL,585.75,649.49,24.35,22.32,entsoe.eu,false,""
2024-01-07T09:00:00.000000,Poland,Poland,PL,585.9,649.07,24.41,22.92,entsoe.eu,false,""
2024-01-07T10:00:00.000000,Poland,Poland,PL,579.5,642.02,25.4,23.94,entsoe.eu,false,""
2024-01-07T11:00:00.000000,Poland,Poland,PL,573.84,635.85,26.14,24.23,entsoe.eu,false,""
2024-01-07T12:00:00.000000,Poland,Poland,PL,572.72,634.27,26.33,24.39,entsoe.eu,false,""
2024-01-07T13:00:00.000000,Poland,Poland,PL,584.38,646.8,24.9,23.45,entsoe.eu,false,""
2024-01-07T14:00:00.000000,Poland,Poland,PL,583.28,644.89,25.62,23.32,entsoe.eu,false,""
2024-01-07T15:00:00.000000,Poland,Poland,PL,577.38,638.72,26.16,23.0,entsoe.eu,false,""
2024-01-07T16:00:00.000000,Poland,Poland,PL,571.45,631.46,26.97,23.77,entsoe.eu,false,""
2024-01-07T17:00:00.000000,Poland,Poland,PL,571.15,630.05,27.21,24.43,entsoe.eu,false,""
2024-01-07T18:00:00.000000,Poland,Poland,PL,576.26,635.74,26.46,24.18,entsoe.eu,false,""
2024-01-07T19:00:00.000000,Poland,Poland,PL,571.8,631.78,27.08,24.4,entsoe.eu,false,""
2024-01-07T20:00:00.000000,Poland,Poland,PL,574.08,635.55,26.78,23.79,entsoe.eu,false,""
2024-01-07T21:00:00.000000,Poland,Poland,PL,579.06,641.02,25.91,23.48,entsoe.eu,false,""
2024-01-07T22:00:00.000000,Poland,Poland,PL,578.39,641.1,25.65,23.78,entsoe.eu,false,""
2024-01-07T23:00:00.000000,Poland,Poland,PL,585.37,648.64,24.79,22.65,entsoe.eu,false,""
2024-01-08T00:00:00.000000,Poland,Poland,PL,584.09,647.17,25.0,22.24,entsoe.eu,false,""
2024-01-08T01:00:00.000000,Poland,Poland,PL,584.56,647.68,24.85,22.41,entsoe.eu,false,""
2024-01-08T02:00:00.000000,Poland,Poland,PL,585.85,648.74,24.76,22.38,entsoe.eu,false,""
2024-01-08T03:00:00.000000,Poland,Poland,PL,592.99,656.1,24.04,21.57,entsoe.eu,false,""
2024-01-08T04:00:00.000000,Poland,Poland,PL,603.14,666.9,22.93,21.0,entsoe.eu,false,""
2024-01-08T05:00:00.000000,Poland,Poland,PL,612.39,677.38,21.25,19.86,entsoe.eu,false,""
2024-01-08T06:00:00.000000,Poland,Poland,PL,614.36,678.22,21.07,19.57,entsoe.eu,false,""
2024-01-08T07:00:00.000000,Poland,Poland,PL,600.51,663.53,22.82,21.12,entsoe.eu,false,""
2024-01-08T08:00:00.000000,Poland,Poland,PL,595.19,657.32,23.57,22.49,entsoe.eu,false,""
2024-01-08T09:00:00.000000,Poland,Poland,PL,595.64,658.58,23.69,22.86,entsoe.eu,false,""
2024-01-08T10:00:00.000000,Poland,Poland,PL,596.12,659.76,23.77,23.09,entsoe.eu,false,""
2024-01-08T11:00:00.000000,Poland,Poland,PL,600.46,664.7,23.37,22.26,entsoe.eu,false,""
2024-01-08T12:00:00.000000,Poland,Poland,PL,617.73,682.68,21.31,20.44,entsoe.eu,false,""
2024-01-08T13:00:00.000000,Poland,Poland,PL,638.72,704.59,18.71,17.67,entsoe.eu,false,""
2024-01-08T14:00:00.000000,Poland,Poland,PL,662.01,728.7,15.85,13.99,entsoe.eu,false,""
2024-01-08T15:00:00.000000,Poland,Poland,PL,670.91,737.35,14.84,13.11,entsoe.eu,false,""
2024-01-08T16:00:00.000000,Poland,Poland,PL,655.34,720.74,16.75,14.85,entsoe.eu,false,""
2024-01-08T17:00:00.000000,Poland,Poland,PL,623.66,687.13,20.8,17.53,entsoe.eu,false,""
2024-01-08T18:00:00.000000,Poland,Poland,PL,617.35,680.68,21.18,17.62,entsoe.eu,false,""
2024-01-08T19:00:00.000000,Poland,Poland,PL,618.75,682.42,20.93,16.64,entsoe.eu,false,""
2024-01-08T20:00:00.000000,Poland,Poland,PL,637.14,702.41,18.88,14.81,entsoe.eu,false,""
2024-01-08T21:00:00.000000,Poland,Poland,PL,654.6,722.02,16.8,13.46,entsoe.eu,false,""
2024-01-08T22:00:00.000000,Poland,Poland,PL,670.37,738.67,14.63,11.73,entsoe.eu,false,""
2024-01-08T23:00:00.000000,Poland,Poland,PL,663.49,731.45,15.88,12.14,entsoe.eu,false,""
2024-01-09T00:00:00.000000,Poland,Poland,PL,666.02,733.83,15.57,11.69,entsoe.eu,false,""
2024-01-09T01:00:00.000000,Poland,Poland,PL,667.13,735.01,15.54,12.41,entsoe.eu,false,""
2024-01-09T02:00:00.000000,Poland,Poland,PL,664.79,730.97,16.86,13.56,entsoe.eu,false,""
2024-01-09T03:00:00.000000,Poland,Poland,PL,653.24,718.64,18.32,14.37,entsoe.eu,false,""
2024-01-09T04:00:00.000000,Poland,Poland,PL,645.81,710.07,19.62,14.93,entsoe.eu,false,""
2024-01-09T05:00:00.000000,Poland,Poland,PL,653.87,719.51,17.45,14.2,entsoe.eu,false,""
2024-01-09T06:00:00.000000,Poland,Poland,PL,662.93,727.99,16.43,13.45,entsoe.eu,false,""
2024-01-09T07:00:00.000000,Poland,Poland,PL,667.88,732.22,16.1,14.84,entsoe.eu,false,""
2024-01-09T08:00:00.000000,Poland,Poland,PL,646.01,709.69,18.7,18.07,entsoe.eu,false,""
2024-01-09T09:00:00.000000,Poland,Poland,PL,617.89,680.97,22.05,21.39,entsoe.eu,false,""
2024-01-09T10:00:00.000000,Poland,Poland,PL,605.36,669.24,23.12,22.4,entsoe.eu,false,""
2024-01-09T11:00:00.000000,Poland,Poland,PL,605.08,669.68,22.92,22.22,entsoe.eu,false,""
2024-01-09T12:00:00.000000,Poland,Poland,PL,608.89,674.52,22.23,21.31,entsoe.eu,false,""
2024-01-09T13:00:00.000000,Poland,Poland,PL,641.07,707.18,18.83,17.66,entsoe.eu,false,""
2024-01-09T14:00:00.000000,Poland,Poland,PL,673.71,740.27,14.95,13.42,entsoe.eu,false,""
2024-01-09T15:00:00.000000,Poland,Poland,PL,668.47,734.27,15.57,13.0,entsoe.eu,false,""
2024-01-09T16:00:00.000000,Poland,Poland,PL,664.33,728.96,16.02,13.68,entsoe.eu,false,""
2024-01-09T17:00:00.000000,Poland,Poland,PL,666.92,731.8,15.66,14.14,entsoe.eu,false,""
2024-01-09T18:00:00.000000,Poland,Poland,PL,664.69,730.13,15.9,14.3,entsoe.eu,false,""
2024-01-09T19:00:00.000000,Poland,Poland,PL,662.42,728.84,16.2,14.08,entsoe.eu,false,""
2024-01-09T20:00:00.000000,Poland,Poland,PL,663.82,730.33,16.04,14.21,entsoe.eu,false,""
2024-01-09T21:00:00.000000,Poland,Poland,PL,670.6,737.63,15.53,13.76,entsoe.eu,false,""
2024-01-09T22:00:00.000000,Poland,Poland,PL,679.25,746.52,14.87,13.2,entsoe.eu,false,""
2024-01-09T23:00:00.000000,Poland,Poland,PL,675.5,743.38,15.06,13.38,entsoe.eu,false,""
2024-01-10T00:00:00.000000,Poland,Poland,PL,675.28,743.74,14.89,13.21,entsoe.eu,false,""
2024-01-10T01:00:00.000000,Poland,Poland,PL,675.65,744.4,14.65,13.0,entsoe.eu,false,""
2024-01-10T02:00:00.000000,Poland,Poland,PL,673.27,742.43,14.58,12.98,entsoe.eu,false,""
2024-01-10T03:00:00.000000,Poland,Poland,PL,676.24,745.47,14.3,12.85,entsoe.eu,false,""
2024-01-10T04:00:00.000000,Poland,Poland,PL,678.64,748.85,13.23,11.86,entsoe.eu,false,""
2024-01-10T05:00:00.000000,Poland,Poland,PL,684.09,754.31,12.43,11.28,entsoe.eu,false,""
2024-01-10T06:00:00.000000,Poland,Poland,PL,688.28,757.03,12.25,11.11,entsoe.eu,false,""
2024-01-10T07:00:00.000000,Poland,Poland,PL,680.13,747.31,13.43,12.36,entsoe.eu,false,""
2024-01-10T08:00:00.000000,Poland,Poland,PL,649.34,715.21,17.34,15.24,entsoe.eu,false,""
2024-01-10T09:00:00.000000,Poland,Poland,PL,617.86,683.07,21.26,18.61,entsoe.eu,false,""
2024-01-10T10:00:00.000000,Poland,Poland,PL,602.37,667.62,23.1,20.62,entsoe.eu,false,""
2024-01-10T11:00:00.000000,Poland,Poland,PL,596.47,661.15,24.2,21.53,entsoe.eu,false,""
2024-01-10T12:00:00.000000,Poland,Poland,PL,607.02,672.26,22.91,20.12,entsoe.eu,false,""
2024-01-10T13:00:00.000000,Poland,Poland,PL,639.31,706.35,18.64,16.17,entsoe.eu,false,""
2024-01-10T14:00:00.000000,Poland,Poland,PL,680.44,749.55,13.25,11.3,entsoe.eu,false,""
2024-01-10T15:00:00.000000,Poland,Poland,PL,690.92,759.06,12.01,10.7,entsoe.eu,false,""
2024-01-10T16:00:00.000000,Poland,Poland,PL,680.34,747.25,13.21,12.09,entsoe.eu,false,""
2024-01-10T17:00:00.000000,Poland,Poland,PL,676.64,743.17,13.61,12.78,entsoe.eu,false,""
2024-01-10T18:00:00.000000,Poland,Poland,PL,666.84,733.29,14.74,13.79,entsoe.eu,false,""
2024-01-10T19:00:00.000000,Poland,Poland,PL,654.55,721.21,16.05,14.99,entsoe.eu,false,""
2024-01-10T20:00:00.000000,Poland,Poland,PL,655.6,721.63,16.41,15.33,entsoe.eu,false,""
2024-01-10T21:00:00.000000,Poland,Poland,PL,644.59,710.39,18.05,16.94,entsoe.eu,false,""
2024-01-10T22:00:00.000000,Poland,Poland,PL,638.21,703.5,19.2,18.02,entsoe.eu,false,""
2024-01-10T23:00:00.000000,Poland,Poland,PL,627.98,692.14,20.42,19.2,entsoe.eu,false,""
2024-01-11T00:00:00.000000,Poland,Poland,PL,621.23,685.34,20.8,19.61,entsoe.eu,false,""
2024-01-11T01:00:00.000000,Poland,Poland,PL,615.1,679.12,21.55,20.35,entsoe.eu,false,""
2024-01-11T02:00:00.000000,Poland,Poland,PL,612.03,675.92,21.93,20.71,entsoe.eu,false,""
2024-01-11T03:00:00.000000,Poland,Poland,PL,603.5,667.03,22.84,21.61,entsoe.eu,false,""
2024-01-11T04:00:00.000000,Poland,Poland,PL,600.87,664.21,23.14,21.98,entsoe.eu,false,""
2024-01-11T05:00:00.000000,Poland,Poland,PL,612.85,676.32,21.83,20.83,entsoe.eu,false,""
2024-01-11T06:00:00.000000,Poland,Poland,PL,616.33,679.97,21.24,20.35,entsoe.eu,false,""
2024-01-11T07:00:00.000000,Poland,Poland,PL,605.32,667.84,22.52,21.66,entsoe.eu,false,""
2024-01-11T08:00:00.000000,Poland,Poland,PL,596.46,658.21,23.71,22.94,entsoe.eu,false,""
2024-01-11T09:00:00.000000,Poland,Poland,PL,589.53,651.62,24.6,23.82,entsoe.eu,false,""
2024-01-11T10:00:00.000000,Poland,Poland,PL,581.76,643.53,25.78,24.8,entsoe.eu,false,""
2024-01-11T11:00:00.000000,Poland,Poland,PL,575.14,636.82,26.61,25.49,entsoe.eu,false,""
2024-01-11T12:00:00.000000,Poland,Poland,PL,577.46,639.05,26.57,25.06,entsoe.eu,false,""
2024-01-11T13:00:00.000000,Poland,Poland,PL,595.74,658.45,24.17,23.1,entsoe.eu,false,""
2024-01-11T14:00:00.000000,Poland,Poland,PL,601.25,664.34,23.12,22.16,entsoe.eu,false,""
2024-01-11T15:00:00.000000,Poland,Poland,PL,608.91,670.87,22.29,21.72,entsoe.eu,false,""
2024-01-11T16:00:00.000000,Poland,Poland,PL,611.22,672.76,21.95,21.75,entsoe.eu,false,""
2024-01-11T17:00:00.000000,Poland,Poland,PL,611.53,673.75,21.81,21.6,entsoe.eu,false,""
2024-01-11T18:00:00.000000,Poland,Poland,PL,623.98,687.29,20.26,20.08,entsoe.eu,false,""
2024-01-11T19:00:00.000000,Poland,Poland,PL,622.84,686.77,20.31,20.06,entsoe.eu,false,""
2024-01-11T20:00:00.000000,Poland,Poland,PL,626.39,690.24,20.15,19.97,entsoe.eu,false,""
2024-01-11T21:00:00.000000,Poland,Poland,PL,618.81,683.82,20.87,20.22,entsoe.eu,false,""
2024-01-11T22:00:00.000000,Poland,Poland,PL,622.59,686.62,20.85,19.92,entsoe.eu,false,""
2024-01-11T23:00:00.000000,Poland,Poland,PL,619.73,685.33,20.93,19.31,entsoe.eu,false,""
2024-01-12T00:00:00.000000,Poland,Poland,PL,638.4,705.64,18.45,17.02,entsoe.eu,false,""
2024-01-12T01:00:00.000000,Poland,Poland,PL,658.5,726.55,16.16,14.82,entsoe.eu,false,""
2024-01-12T02:00:00.000000,Poland,Poland,PL,671.87,740.72,14.62,13.21,entsoe.eu,false,""
2024-01-12T03:00:00.000000,Poland,Poland,PL,681.3,751.44,13.48,12.14,entsoe.eu,false,""
2024-01-12T04:00:00.000000,Poland,Poland,PL,687.01,757.14,12.8,11.41,entsoe.eu,false,""
2024-01-12T05:00:00.000000,Poland,Poland,PL,684.25,754.1,12.57,11.55,entsoe.eu,false,""
2024-01-12T06:00:00.000000,Poland,Poland,PL,676.17,743.65,14.0,13.15,entsoe.eu,false,""
2024-01-12T07:00:00.000000,Poland,Poland,PL,652.87,718.07,16.96,16.28,entsoe.eu,false,""
2024-01-12T08:00:00.000000,Poland,Poland,PL,620.61,683.82,20.81,19.78,entsoe.eu,false,""
2024-01-12T09:00:00.000000,Poland,Poland,PL,593.98,656.38,24.12,22.61,entsoe.eu,false,""
2024-01-12T10:00:00.000000,Poland,Poland,PL,567.74,628.62,27.48,25.82,entsoe.eu,false,""
2024-01-12T11:00:00.000000,Poland,Poland,PL,540.49,599.19,31.6,29.22,entsoe.eu,false,""
2024-01-12T12:00:00.000000,Poland,Poland,PL,534.58,592.08,32.22,30.24,entsoe.eu,false,""
2024-01-12T13:00:00.000000,Poland,Poland,PL,548.84,607.04,30.32,29.38,entsoe.eu,false,""
2024-01-12T14:00:00.000000,Poland,Poland,PL,558.83,617.6,29.27,28.81,entsoe.eu,false,""
2024-01-12T15:00:00.000000,Poland,Poland,PL,553.88,612.66,29.18,28.49,entsoe.eu,false,""
2024-01-12T16:00:00.000000,Poland,Poland,PL,555.25,612.13,29.01,28.46,entsoe.eu,false,""
2024-01-12T17:00:00.000000,Poland,Poland,PL,559.0,615.8,28.6,28.27,entsoe.eu,false,""
2024-01-12T18:00:00.000000,Poland,Poland,PL,555.08,612.67,28.96,28.82,entsoe.eu,false,""
2024-01-12T19:00:00.000000,Poland,Poland,PL,546.44,604.39,30.44,30.09,entsoe.eu,false,""
2024-01-12T20:00:00.000000,Poland,Poland,PL,550.24,607.97,30.13,29.91,entsoe.eu,false,""
2024-01-12T21:00:00.000000,Poland,Poland,PL,562.97,621.74,28.45,28.43,entsoe.eu,false,""
2024-01-12T22:00:00.000000,Poland,Poland,PL,551.44,610.5,29.4,29.13,entsoe.eu,false,""
2024-01-12T23:00:00.000000,Poland,Poland,PL,536.88,595.2,31.26,30.25,entsoe.eu,false,""
2024-01-13T00:00:00.000000,Poland,Poland,PL,540.57,599.4,30.73,29.74,entsoe.eu,false,""
2024-01-13T01:00:00.000000,Poland,Poland,PL,531.96,591.22,31.59,30.4,entsoe.eu,false,""
2024-01-13T02:00:00.000000,Poland,Poland,PL,530.65,589.81,31.6,30.29,entsoe.eu,false,""
2024-01-13T03:00:00.000000,Poland,Poland,PL,544.05,604.13,30.19,28.9,entsoe.eu,false,""
2024-01-13T04:00:00.000000,Poland,Poland,PL,560.28,621.61,28.09,26.97,entsoe.eu,false,""
2024-01-13T05:00:00.000000,Poland,Poland,PL,565.13,627.31,27.68,26.63,entsoe.eu,false,""
2024-01-13T06:00:00.000000,Poland,Poland,PL,571.35,633.67,27.0,25.91,entsoe.eu,false,""
2024-01-13T07:00:00.000000,Poland,Poland,PL,572.78,635.21,26.57,25.6,entsoe.eu,false,""
2024-01-13T08:00:00.000000,Poland,Poland,PL,561.33,622.31,27.75,26.92,entsoe.eu,false,""
2024-01-13T09:00:00.000000,Poland,Poland,PL,539.19,598.38,30.75,29.95,entsoe.eu,false,""
2024-01-13T10:00:00.000000,Poland,Poland,PL,531.34,590.3,31.61,30.95,entsoe.eu,false,""
2024-01-13T11:00:00.000000,Poland,Poland,PL,523.37,580.87,32.7,32.15,entsoe.eu,false,""
2024-01-13T12:00:00.000000,Poland,Poland,PL,521.48,578.9,33.14,32.67,entsoe.eu,false,""
2024-01-13T13:00:00.000000,Poland,Poland,PL,520.19,577.25,33.38,32.98,entsoe.eu,false,""
2024-01-13T14:00:00.000000,Poland,Poland,PL,520.23,578.03,33.19,32.82,entsoe.eu,false,""
2024-01-13T15:00:00.000000,Poland,Poland,PL,514.0,570.98,34.06,33.78,entsoe.eu,false,""
2024-01-13T16:00:00.000000,Poland,Poland,PL,505.31,561.49,35.09,34.81,entsoe.eu,false,""
2024-01-13T17:00:00.000000,Poland,Poland,PL,498.09,553.28,36.05,35.77,entsoe.eu,false,""
2024-01-13T18:00:00.000000,Poland,Poland,PL,487.11,541.86,37.19,36.9,entsoe.eu,false,""
2024-01-13T19:00:00.000000,Poland,Poland,PL,470.34,524.17,39.51,39.33,entsoe.eu,false,""
2024-01-13T20:00:00.000000,Poland,Poland,PL,458.8,512.5,40.81,40.62,entsoe.eu,false,""
2024-01-13T21:00:00.000000,Poland,Poland,PL,440.82,493.74,43.11,43.03,entsoe.eu,false,""
2024-01-13T22:00:00.000000,Poland,Poland,PL,425.84,478.06,44.84,44.59,entsoe.eu,false,""
2024-01-13T23:00:00.000000,Poland,Poland,PL,432.46,484.78,43.96,43.84,entsoe.eu,false,""
2024-01-14T00:00:00.000000,Poland,Poland,PL,438.65,491.22,43.05,42.96,entsoe.eu,false,""
2024-01-14T01:00:00.000000,Poland,Poland,PL,439.64,492.3,42.88,42.8,entsoe.eu,false,""
2024-01-14T02:00:00.000000,Poland,Poland,PL,442.46,495.03,42.75,42.75,entsoe.eu,false,""
2024-01-14T03:00:00.000000,Poland,Poland,PL,444.39,497.13,42.54,42.54,entsoe.eu,false,""
2024-01-14T04:00:00.000000,Poland,Poland,PL,453.19,506.6,41.44,41.44,entsoe.eu,false,""
2024-01-14T05:00:00.000000,Poland,Poland,PL,452.7,506.47,41.54,41.54,entsoe.eu,false,""
2024-01-14T06:00:00.000000,Poland,Poland,PL,465.28,519.49,39.86,39.85,entsoe.eu,false,""
2024-01-14T07:00:00.000000,Poland,Poland,PL,466.43,520.69,39.71,39.7,entsoe.eu,false,""
2024-01-14T08:00:00.000000,Poland,Poland,PL,467.81,521.65,39.45,39.45,entsoe.eu,false,""
2024-01-14T09:00:00.000000,Poland,Poland,PL,459.94,513.55,40.33,40.16,entsoe.eu,false,""
2024-01-14T10:00:00.000000,Poland,Poland,PL,451.37,504.6,41.27,41.01,entsoe.eu,false,""
2024-01-14T11:00:00.000000,Poland,Poland,PL,447.79,500.95,42.05,41.79,entsoe.eu,false,""
2024-01-14T12:00:00.000000,Poland,Poland,PL,451.26,505.38,41.64,41.58,entsoe.eu,false,""
2024-01-14T13:00:00.000000,Poland,Poland,PL,465.47,520.3,40.12,39.78,entsoe.eu,false,""
2024-01-14T14:00:00.000000,Poland,Poland,PL,482.2,537.7,37.82,37.29,entsoe.eu,false,""
2024-01-14T15:00:00.000000,Poland,Poland,PL,492.79,548.32,36.17,35.52,entsoe.eu,false,""
2024-01-14T16:00:00.000000,Poland,Poland,PL,492.63,548.15,36.03,35.21,entsoe.eu,false,""
2024-01-14T17:00:00.000000,Poland,Poland,PL,491.09,545.71,36.25,35.4,entsoe.eu,false,""
2024-01-14T18:00:00.000000,Poland,Poland,PL,484.67,539.97,36.9,36.06,entsoe.eu,false,""
2024-01-14T19:00:00.000000,Poland,Poland,PL,481.82,536.88,37.81,37.03,entsoe.eu,false,""
2024-01-14T20:00:00.000000,Poland,Poland,PL,484.92,540.58,37.19,36.85,entsoe.eu,false,""
2024-01-14T21:00:00.000000,Poland,Poland,PL,488.69,544.86,36.82,36.8,entsoe.eu,false,""
2024-01-14T22:00:00.000000,Poland,Poland,PL,467.57,523.38,39.25,39.12,entsoe.eu,false,""
2024-01-14T23:00:00.000000,Poland,Poland,PL,467.95,523.41,39.26,39.26,entsoe.eu,false,""
2024-01-15T00:00:00.000000,Poland,Poland,PL,460.21,514.92,40.42,40.42,entsoe.eu,false,""
2024-01-15T01:00:00.000000,Poland,Poland,PL,459.16,513.82,40.48,40.39,entsoe.eu,false,""
2024-01-15T02:00:00.000000,Poland,Poland,PL,452.12,506.17,41.53,41.53,entsoe.eu,false,""
2024-01-15T03:00:00.000000,Poland,Poland,PL,446.62,500.21,42.28,42.28,entsoe.eu,false,""
2024-01-15T04:00:00.000000,Poland,Poland,PL,461.29,515.71,40.26,40.25,entsoe.eu,false,""
2024-01-15T05:00:00.000000,Poland,Poland,PL,474.68,529.33,38.75,38.55,entsoe.eu,false,""
2024-01-15T06:00:00.000000,Poland,Poland,PL,483.25,537.64,37.84,37.63,entsoe.eu,false,""
2024-01-15T07:00:00.000000,Poland,Poland,PL,485.77,539.25,37.71,37.54,entsoe.eu,false,""
2024-01-15T08:00:00.000000,Poland,Poland,PL,489.48,543.13,37.47,37.44,entsoe.eu,false,""
2024-01-15T09:00:00.000000,Poland,Poland,PL,480.16,533.42,38.75,38.73,entsoe.eu,false,""
2024-01-15T10:00:00.000000,Poland,Poland,PL,463.86,515.97,41.15,41.11,entsoe.eu,false,""
2024-01-15T11:00:00.000000,Poland,Poland,PL,461.94,513.48,41.45,41.35,entsoe.eu,false,""
2024-01-15T12:00:00.000000,Poland,Poland,PL,466.89,518.75,40.85,40.69,entsoe.eu,false,""
2024-01-15T13:00:00.000000,Poland,Poland,PL,488.58,541.91,37.88,37.71,entsoe.eu,false,""
2024-01-15T14:00:00.000000,Poland,Poland,PL,498.73,553.16,36.56,36.23,entsoe.eu,false,""
2024-01-15T15:00:00.000000,Poland,Poland,PL,499.69,554.41,36.03,35.66,entsoe.eu,false,""
2024-01-15T16:00:00.000000,Poland,Poland,PL,503.71,558.32,35.3,35.18,entsoe.eu,false,""
2024-01-15T17:00:00.000000,Poland,Poland,PL,508.86,563.54,34.66,34.58,entsoe.eu,false,""
2024-01-15T18:00:00.000000,Poland,Poland,PL,515.1,569.4,34.4,34.35,entsoe.eu,false,""
2024-01-15T19:00:00.000000,Poland,Poland,PL,514.96,568.89,34.76,34.62,entsoe.eu,false,""
2024-01-15T20:00:00.000000,Poland,Poland,PL,505.33,559.12,35.82,35.19,entsoe.eu,false,""
2024-01-15T21:00:00.000000,Poland,Poland,PL,520.39,574.85,33.91,33.32,entsoe.eu,false,""
2024-01-15T22:00:00.000000,Poland,Poland,PL,541.36,597.76,31.15,30.63,entsoe.eu,false,""
2024-01-15T23:00:00.000000,Poland,Poland,PL,550.09,607.91,30.11,29.66,entsoe.eu,false,""
2024-01-16T00:00:00.000000,Poland,Poland,PL,560.22,618.6,28.96,28.37,entsoe.eu,false,""
2024-01-16T01:00:00.000000,Poland,Poland,PL,576.78,637.06,26.78,26.47,entsoe.eu,false,""
2024-01-16T02:00:00.000000,Poland,Poland,PL,589.43,650.87,25.24,25.03,entsoe.eu,false,""
2024-01-16T03:00:00.000000,Poland,Poland,PL,596.38,657.77,24.56,24.39,entsoe.eu,false,""
2024-01-16T04:00:00.000000,Poland,Poland,PL,606.93,668.61,23.24,23.12,entsoe.eu,false,""
2024-01-16T05:00:00.000000,Poland,Poland,PL,618.69,681.82,21.27,21.15,entsoe.eu,false,""
2024-01-16T06:00:00.000000,Poland,Poland,PL,634.29,698.03,19.2,18.83,entsoe.eu,false,""
2024-01-16T07:00:00.000000,Poland,Poland,PL,635.05,697.63,19.33,18.81,entsoe.eu,false,""
2024-01-16T08:00:00.000000,Poland,Poland,PL,615.47,677.3,21.85,20.69,entsoe.eu,false,""
2024-01-16T09:00:00.000000,Poland,Poland,PL,589.42,651.21,24.96,22.26,entsoe.eu,false,""
2024-01-16T10:00:00.000000,Poland,Poland,PL,580.47,642.62,26.01,23.0,entsoe.eu,false,""
2024-01-16T11:00:00.000000,Poland,Poland,PL,583.99,646.6,25.58,22.57,entsoe.eu,false,""
2024-01-16T12:00:00.000000,Poland,Poland,PL,608.45,672.16,22.64,20.37,entsoe.eu,false,""
2024-01-16T13:00:00.000000,Poland,Poland,PL,646.66,711.84,17.94,16.74,entsoe.eu,false,""
2024-01-16T14:00:00.000000,Poland,Poland,PL,683.2,748.97,13.52,12.6,entsoe.eu,false,""
2024-01-16T15:00:00.000000,Poland,Poland,PL,694.22,760.17,12.14,11.37,entsoe.eu,false,""
2024-01-16T16:00:00.000000,Poland,Poland,PL,693.87,759.62,12.17,11.45,entsoe.eu,false,""
2024-01-16T17:00:00.000000,Poland,Poland,PL,678.09,743.78,14.0,13.22,entsoe.eu,false,""
2024-01-16T18:00:00.000000,Poland,Poland,PL,663.72,729.18,15.76,14.96,entsoe.eu,false,""
2024-01-16T19:00:00.000000,Poland,Poland,PL,651.95,717.6,17.04,16.4,entsoe.eu,false,""
2024-01-16T20:00:00.000000,Poland,Poland,PL,638.96,704.37,18.35,17.69,entsoe.eu,false,""
2024-01-16T21:00:00.000000,Poland,Poland,PL,619.51,684.03,20.94,20.21,entsoe.eu,false,""
2024-01-16T22:00:00.000000,Poland,Poland,PL,607.69,670.98,23.01,22.22,entsoe.eu,false,""
2024-01-16T23:00:00.000000,Poland,Poland,PL,596.54,659.61,23.86,23.02,entsoe.eu,false,""
2024-01-17T00:00:00.000000,Poland,Poland,PL,594.39,657.3,24.12,23.23,entsoe.eu,false,""
2024-01-17T01:00:00.000000,Poland,Poland,PL,594.83,657.6,24.1,23.24,entsoe.eu,false,""
2024-01-17T02:00:00.000000,Poland,Poland,PL,596.55,659.59,23.89,23.02,entsoe.eu,false,""
2024-01-17T03:00:00.000000,Poland,Poland,PL,585.24,647.73,25.25,24.37,entsoe.eu,false,""
2024-01-17T04:00:00.000000,Poland,Poland,PL,588.37,650.85,24.88,24.06,entsoe.eu,false,""
2024-01-17T05:00:00.000000,Poland,Poland,PL,589.28,652.01,24.32,23.58,entsoe.eu,false,""
2024-01-17T06:00:00.000000,Poland,Poland,PL,585.7,646.93,25.03,24.37,entsoe.eu,false,""
2024-01-17T07:00:00.000000,Poland,Poland,PL,561.86,621.26,27.99,27.47,entsoe.eu,false,""
2024-01-17T08:00:00.000000,Poland,Poland,PL,541.95,599.94,30.48,30.08,entsoe.eu,false,""
2024-01-17T09:00:00.000000,Poland,Poland,PL,525.89,583.33,32.62,32.23,entsoe.eu,false,""
2024-01-17T10:00:00.000000,Poland,Poland,PL,514.88,572.28,33.83,33.29,entsoe.eu,false,""
2024-01-17T11:00:00.000000,Poland,Poland,PL,520.13,577.87,33.36,32.92,entsoe.eu,false,""
2024-01-17T12:00:00.000000,Poland,Poland,PL,538.3,597.47,30.92,30.32,entsoe.eu,false,""
2024-01-17T13:00:00.000000,Poland,Poland,PL,566.05,626.45,27.42,26.75,entsoe.eu,false,""
2024-01-17T14:00:00.000000,Poland,Poland,PL,573.47,633.97,26.53,25.71,entsoe.eu,false,""
2024-01-17T15:00:00.000000,Poland,Poland,PL,567.48,627.86,27.2,26.32,entsoe.eu,false,""
2024-01-17T16:00:00.000000,Poland,Poland,PL,566.34,625.86,27.22,26.5,entsoe.eu,false,""
2024-01-17T17:00:00.000000,Poland,Poland,PL,561.58,620.84,27.96,27.08,entsoe.eu,false,""
2024-01-17T18:00:00.000000,Poland,Poland,PL,562.55,622.76,27.61,26.57,entsoe.eu,false,""
2024-01-17T19:00:00.000000,Poland,Poland,PL,579.15,641.4,25.52,24.18,entsoe.eu,false,""
2024-01-17T20:00:00.000000,Poland,Poland,PL,602.41,665.46,23.1,21.84,entsoe.eu,false,""
2024-01-17T21:00:00.000000,Poland,Poland,PL,607.9,672.64,22.34,20.9,entsoe.eu,false,""
2024-01-17T22:00:00.000000,Poland,Poland,PL,610.93,676.63,21.63,20.03,entsoe.eu,false,""
2024-01-17T23:00:00.000000,Poland,Poland,PL,611.96,678.47,21.32,19.44,entsoe.eu,false,""
2024-01-18T00:00:00.000000,Poland,Poland,PL,620.45,686.86,20.42,18.56,entsoe.eu,false,""
2024-01-18T01:00:00.000000,Poland,Poland,PL,623.63,690.62,19.67,17.77,entsoe.eu,false,""
2024-01-18T02:00:00.000000,Poland,Poland,PL,625.12,692.45,19.54,17.39,entsoe.eu,false,""
2024-01-18T03:00:00.000000,Poland,Poland,PL,617.31,684.91,20.47,18.27,entsoe.eu,false,""
2024-01-18T04:00:00.000000,Poland,Poland,PL,621.42,688.64,20.21,18.12,entsoe.eu,false,""
2024-01-18T05:00:00.000000,Poland,Poland,PL,640.27,708.2,17.69,15.73,entsoe.eu,false,""
2024-01-18T06:00:00.000000,Poland,Poland,PL,650.36,718.39,16.32,14.27,entsoe.eu,false,""
2024-01-18T07:00:00.000000,Poland,Poland,PL,656.9,723.99,15.65,14.08,entsoe.eu,false,""
2024-01-18T08:00:00.000000,Poland,Poland,PL,641.57,707.97,17.54,15.27,entsoe.eu,false,""
2024-01-18T09:00:00.000000,Poland,Poland,PL,629.5,696.2,18.93,16.01,entsoe.eu,false,""
2024-01-18T10:00:00.000000,Poland,Poland,PL,621.33,687.98,19.91,16.42,entsoe.eu,false,""
2024-01-18T11:00:00.000000,Poland,Poland,PL,625.67,692.4,19.53,16.61,entsoe.eu,false,""
2024-01-18T12:00:00.000000,Poland,Poland,PL,634.54,701.56,18.5,15.82,entsoe.eu,false,""
2024-01-18T13:00:00.000000,Poland,Poland,PL,657.04,724.9,15.76,13.59,entsoe.eu,false,""
2024-01-18T14:00:00.000000,Poland,Poland,PL,656.14,723.86,15.68,12.99,entsoe.eu,false,""
2024-01-18T15:00:00.000000,Poland,Poland,PL,654.14,720.4,16.07,14.03,entsoe.eu,false,""
2024-01-18T16:00:00.000000,Poland,Poland,PL,640.56,705.8,17.75,15.51,entsoe.eu,false,""
2024-01-18T17:00:00.000000,Poland,Poland,PL,624.11,688.61,19.63,17.52,entsoe.eu,false,""
2024-01-18T18:00:00.000000,Poland,Poland,PL,605.32,668.15,22.26,20.22,entsoe.eu,false,""
2024-01-18T19:00:00.000000,Poland,Poland,PL,595.58,657.74,23.7,21.84,entsoe.eu,false,""
2024-01-18T20:00:00.000000,Poland,Poland,PL,583.79,645.08,25.45,24.03,entsoe.eu,false,""
2024-01-18T21:00:00.000000,Poland,Poland,PL,564.08,625.93,27.26,25.82,entsoe.eu,false,""
2024-01-18T22:00:00.000000,Poland,Poland,PL,548.73,609.89,29.46,27.87,entsoe.eu,false,""
2024-01-18T23:00:00.000000,Poland,Poland,PL,557.06,617.62,28.41,27.05,entsoe.eu,false,""
2024-01-19T00:00:00.000000,Poland,Poland,PL,555.88,616.26,28.41,27.25,entsoe.eu,false,""
2024-01-19T01:00:00.000000,Poland,Poland,PL,539.58,598.46,30.67,29.39,entsoe.eu,false,""
2024-01-19T02:00:00.000000,Poland,Poland,PL,519.86,577.67,33.09,31.69,entsoe.eu,false,""
2024-01-19T03:00:00.000000,Poland,Poland,PL,518.63,576.45,33.31,32.05,entsoe.eu,false,""
2024-01-19T04:00:00.000000,Poland,Poland,PL,521.58,579.14,33.13,32.19,entsoe.eu,false,""
2024-01-19T05:00:00.000000,Poland,Poland,PL,526.52,584.44,32.38,31.7,entsoe.eu,false,""
2024-01-19T06:00:00.000000,Poland,Poland,PL,537.4,596.19,30.78,30.57,entsoe.eu,false,""
2024-01-19T07:00:00.000000,Poland,Poland,PL,544.89,602.86,30.15,30.06,entsoe.eu,false,""
2024-01-19T08:00:00.000000,Poland,Poland,PL,535.07,592.4,31.09,30.87,entsoe.eu,false,""
2024-01-19T09:00:00.000000,Poland,Poland,PL,525.89,583.86,32.26,31.95,entsoe.eu,false,""
2024-01-19T10:00:00.000000,Poland,Poland,PL,519.0,576.98,33.32,33.11,entsoe.eu,false,""
2024-01-19T11:00:00.000000,Poland,Poland,PL,514.23,572.11,34.16,34.05,entsoe.eu,false,""
2024-01-19T12:00:00.000000,Poland,Poland,PL,510.25,568.44,34.26,34.04,entsoe.eu,false,""
2024-01-19T13:00:00.000000,Poland,Poland,PL,526.42,585.08,32.47,32.39,entsoe.eu,false,""
2024-01-19T14:00:00.000000,Poland,Poland,PL,541.31,600.57,30.38,30.11,entsoe.eu,false,""
2024-01-19T15:00:00.000000,Poland,Poland,PL,541.3,599.7,30.35,30.0,entsoe.eu,false,""
2024-01-19T16:00:00.000000,Poland,Poland,PL,538.53,596.1,30.65,30.35,entsoe.eu,false,""
2024-01-19T17:00:00.000000,Poland,Poland,PL,529.94,587.43,31.59,31.34,entsoe.eu,false,""
2024-01-19T18:00:00.000000,Poland,Poland,PL,524.03,580.74,32.59,32.35,entsoe.eu,false,""
2024-01-19T19:00:00.000000,Poland,Poland,PL,521.74,577.43,33.53,33.31,entsoe.eu,false,""
2024-01-19T20:00:00.000000,Poland,Poland,PL,514.26,570.14,34.46,34.35,entsoe.eu,false,""
2024-01-19T21:00:00.000000,Poland,Poland,PL,501.08,557.09,35.78,35.67,entsoe.eu,false,""
2024-01-19T22:00:00.000000,Poland,Poland,PL,475.53,531.34,38.39,38.24,entsoe.eu,false,""
2024-01-19T23:00:00.000000,Poland,Poland,PL,454.04,509.2,40.58,40.27,entsoe.eu,false,""
2024-01-20T00:00:00.000000,Poland,Poland,PL,447.52,502.16,41.48,41.1,entsoe.eu,false,""
2024-01-20T01:00:00.000000,Poland,Poland,PL,441.79,495.79,42.16,41.72,entsoe.eu,false,""
2024-01-20T02:00:00.000000,Poland,Poland,PL,430.53,483.71,43.6,43.22,entsoe.eu,false,""
2024-01-20T03:00:00.000000,Poland,Poland,PL,426.7,479.6,44.05,43.78,entsoe.eu,false,""
2024-01-20T04:00:00.000000,Poland,Poland,PL,425.47,478.28,44.22,44.04,entsoe.eu,false,""
2024-01-20T05:00:00.000000,Poland,Poland,PL,424.19,476.87,44.45,44.28,entsoe.eu,false,""
2024-01-20T06:00:00.000000,Poland,Poland,PL,427.29,480.02,44.13,44.13,entsoe.eu,false,""
2024-01-20T07:00:00.000000,Poland,Poland,PL,432.92,485.89,43.24,43.23,entsoe.eu,false,""
2024-01-20T08:00:00.000000,Poland,Poland,PL,429.0,481.06,43.96,43.96,entsoe.eu,false,""
2024-01-20T09:00:00.000000,Poland,Poland,PL,399.1,450.44,47.71,47.71,entsoe.eu,false,""
2024-01-20T10:00:00.000000,Poland,Poland,PL,377.7,428.0,50.62,50.62,entsoe.eu,false,""
2024-01-20T11:00:00.000000,Poland,Poland,PL,366.67,416.43,52.04,52.04,entsoe.eu,false,""
2024-01-20T12:00:00.000000,Poland,Poland,PL,367.0,417.0,51.99,51.97,entsoe.eu,false,""
2024-01-20T13:00:00.000000,Poland,Poland,PL,387.86,439.2,49.26,49.19,entsoe.eu,false,""
2024-01-20T14:00:00.000000,Poland,Poland,PL,428.69,482.01,44.19,44.02,entsoe.eu,false,""
2024-01-20T15:00:00.000000,Poland,Poland,PL,468.73,524.03,38.73,38.49,entsoe.eu,false,""
2024-01-20T16:00:00.000000,Poland,Poland,PL,479.9,535.48,37.27,36.75,entsoe.eu,false,""
2024-01-20T17:00:00.000000,Poland,Poland,PL,498.49,554.64,34.97,34.57,entsoe.eu,false,""
2024-01-20T18:00:00.000000,Poland,Poland,PL,496.51,553.46,35.06,34.3,entsoe.eu,false,""
2024-01-20T19:00:00.000000,Poland,Poland,PL,506.15,563.77,34.21,33.22,entsoe.eu,false,""
2024-01-20T20:00:00.000000,Poland,Poland,PL,520.08,579.08,32.52,31.52,entsoe.eu,false,""
2024-01-20T21:00:00.000000,Poland,Poland,PL,539.77,601.72,29.45,28.45,entsoe.eu,false,""
2024-01-20T22:00:00.000000,Poland,Poland,PL,566.42,630.8,25.82,24.83,entsoe.eu,false,""
2024-01-20T23:00:00.000000,Poland,Poland,PL,550.85,615.61,28.0,26.95,entsoe.eu,false,""
2024-01-21T00:00:00.000000,Poland,Poland,PL,552.85,618.74,27.43,26.1,entsoe.eu,false,""
2024-01-21T01:00:00.000000,Poland,Poland,PL,562.64,629.42,26.12,24.63,entsoe.eu,false,""
2024-01-21T02:00:00.000000,Poland,Poland,PL,568.91,636.13,25.37,23.85,entsoe.eu,false,""
2024-01-21T03:00:00.000000,Poland,Poland,PL,563.1,629.72,26.13,24.64,entsoe.eu,false,""
2024-01-21T04:00:00.000000,Poland,Poland,PL,558.19,624.06,26.89,25.55,entsoe.eu,false,""
2024-01-21T05:00:00.000000,Poland,Poland,PL,559.17,624.5,26.76,25.71,entsoe.eu,false,""
2024-01-21T06:00:00.000000,Poland,Poland,PL,551.36,615.39,27.95,27.09,entsoe.eu,false,""
2024-01-21T07:00:00.000000,Poland,Poland,PL,536.22,599.28,29.73,29.63,entsoe.eu,false,""
2024-01-21T08:00:00.000000,Poland,Poland,PL,494.97,555.25,35.21,35.18,entsoe.eu,false,""
2024-01-21T09:00:00.000000,Poland,Poland,PL,452.11,510.06,41.0,40.96,entsoe.eu,false,""
2024-01-21T10:00:00.000000,Poland,Poland,PL,428.11,484.89,43.98,43.76,entsoe.eu,false,""
2024-01-21T11:00:00.000000,Poland,Poland,PL,419.9,475.95,44.98,44.77,entsoe.eu,false,""
2024-01-21T12:00:00.000000,Poland,Poland,PL,427.46,483.28,43.97,43.7,entsoe.eu,false,""
2024-01-21T13:00:00.000000,Poland,Poland,PL,431.23,486.77,43.42,43.21,entsoe.eu,false,""
2024-01-21T14:00:00.000000,Poland,Poland,PL,438.85,493.82,42.48,42.19,entsoe.eu,false,""
2024-01-21T15:00:00.000000,Poland,Poland,PL,443.23,496.9,42.07,41.77,entsoe.eu,false,""
2024-01-21T16:00:00.000000,Poland,Poland,PL,432.51,484.89,43.45,43.16,entsoe.eu,false,""
2024-01-21T17:00:00.000000,Poland,Poland,PL,422.66,474.68,44.61,44.3,entsoe.eu,false,""
2024-01-21T18:00:00.000000,Poland,Poland,PL,429.48,482.0,43.96,43.71,entsoe.eu,false,""
2024-01-21T19:00:00.000000,Poland,Poland,PL,428.01,481.14,43.96,43.66,entsoe.eu,false,""
2024-01-21T20:00:00.000000,Poland,Poland,PL,421.86,474.99,44.67,44.36,entsoe.eu,false,""
2024-01-21T21:00:00.000000,Poland,Poland,PL,411.75,464.36,45.75,44.99,entsoe.eu,false,""
2024-01-21T22:00:00.000000,Poland,Poland,PL,401.63,453.98,47.04,46.21,entsoe.eu,false,""
2024-01-21T23:00:00.000000,Poland,Poland,PL,402.29,454.21,47.12,46.7,entsoe.eu,false,""
2024-01-22T00:00:00.000000,Poland,Poland,PL,406.36,458.26,46.6,46.3,entsoe.eu,false,""
2024-01-22T01:00:00.000000,Poland,Poland,PL,406.46,458.31,46.58,46.3,entsoe.eu,false,""
2024-01-22T02:00:00.000000,Poland,Poland,PL,403.77,455.44,46.86,46.62,entsoe.eu,false,""
2024-01-22T03:00:00.000000,Poland,Poland,PL,402.47,454.15,46.91,46.63,entsoe.eu,false,""
2024-01-22T04:00:00.000000,Poland,Poland,PL,401.56,452.73,47.28,46.89,entsoe.eu,false,""
2024-01-22T05:00:00.000000,Poland,Poland,PL,423.12,475.39,44.43,44.14,entsoe.eu,false,""
2024-01-22T06:00:00.000000,Poland,Poland,PL,440.95,493.32,42.19,42.03,entsoe.eu,false,""
2024-01-22T07:00:00.000000,Poland,Poland,PL,427.8,478.24,44.14,44.03,entsoe.eu,false,""
2024-01-22T08:00:00.000000,Poland,Poland,PL,414.46,464.65,45.95,45.86,entsoe.eu,false,""
2024-01-22T09:00:00.000000,Poland,Poland,PL,394.19,443.52,48.95,48.81,entsoe.eu,false,""
2024-01-22T10:00:00.000000,Poland,Poland,PL,397.5,446.57,48.51,48.37,entsoe.eu,false,""
2024-01-22T11:00:00.000000,Poland,Poland,PL,404.51,453.8,47.82,47.63,entsoe.eu,false,""
2024-01-22T12:00:00.000000,Poland,Poland,PL,422.19,472.69,45.34,45.13,entsoe.eu,false,""
2024-01-22T13:00:00.000000,Poland,Poland,PL,429.28,480.25,44.36,44.11,entsoe.eu,false,""
2024-01-22T14:00:00.000000,Poland,Poland,PL,442.51,493.57,42.91,42.48,entsoe.eu,false,""
2024-01-22T15:00:00.000000,Poland,Poland,PL,453.49,505.25,41.32,40.88,entsoe.eu,false,""
2024-01-22T16:00:00.000000,Poland,Poland,PL,458.74,510.58,40.66,40.25,entsoe.eu,false,""
2024-01-22T17:00:00.000000,Poland,Poland,PL,465.61,518.27,39.85,39.5,entsoe.eu,false,""
2024-01-22T18:00:00.000000,Poland,Poland,PL,463.86,516.56,40.03,39.68,entsoe.eu,false,""
2024-01-22T19:00:00.000000,Poland,Poland,PL,446.89,498.88,42.1,41.49,entsoe.eu,false,""
2024-01-22T20:00:00.000000,Poland,Poland,PL,426.34,477.8,44.52,43.86,entsoe.eu,false,""
2024-01-22T21:00:00.000000,Poland,Poland,PL,409.59,460.44,46.7,45.99,entsoe.eu,false,""
2024-01-22T22:00:00.000000,Poland,Poland,PL,402.74,453.3,47.61,46.88,entsoe.eu,false,""
2024-01-22T23:00:00.000000,Poland,Poland,PL,426.02,477.82,44.72,44.43,entsoe.eu,false,""
2024-01-23T00:00:00.000000,Poland,Poland,PL,431.73,484.16,43.92,43.65,entsoe.eu,false,""
2024-01-23T01:00:00.000000,Poland,Poland,PL,434.02,486.64,43.62,43.38,entsoe.eu,false,""
2024-01-23T02:00:00.000000,Poland,Poland,PL,433.11,485.85,43.63,43.38,entsoe.eu,false,""
2024-01-23T03:00:00.000000,Poland,Poland,PL,432.23,484.97,43.73,43.3,entsoe.eu,false,""
2024-01-23T04:00:00.000000,Poland,Poland,PL,429.43,481.81,44.24,43.77,entsoe.eu,false,""
2024-01-23T05:00:00.000000,Poland,Poland,PL,460.98,515.11,40.15,39.87,entsoe.eu,false,""
2024-01-23T06:00:00.000000,Poland,Poland,PL,477.84,531.93,38.09,37.87,entsoe.eu,false,""
2024-01-23T07:00:00.000000,Poland,Poland,PL,471.5,525.05,38.77,38.53,entsoe.eu,false,""
2024-01-23T08:00:00.000000,Poland,Poland,PL,446.4,499.18,42.07,41.84,entsoe.eu,false,""
2024-01-23T09:00:00.000000,Poland,Poland,PL,426.74,478.66,44.93,44.69,entsoe.eu,false,""
2024-01-23T10:00:00.000000,Poland,Poland,PL,422.27,473.91,45.56,45.34,entsoe.eu,false,""
2024-01-23T11:00:00.000000,Poland,Poland,PL,426.12,477.8,45.06,44.82,entsoe.eu,false,""
2024-01-23T12:00:00.000000,Poland,Poland,PL,437.43,489.67,43.44,43.17,entsoe.eu,false,""
2024-01-23T13:00:00.000000,Poland,Poland,PL,444.16,496.58,42.53,42.21,entsoe.eu,false,""
2024-01-23T14:00:00.000000,Poland,Poland,PL,460.87,513.85,40.44,40.06,entsoe.eu,false,""
2024-01-23T15:00:00.000000,Poland,Poland,PL,467.11,520.02,39.33,38.92,entsoe.eu,false,""
2024-01-23T16:00:00.000000,Poland,Poland,PL,472.05,524.17,39.06,38.66,entsoe.eu,false,""
2024-01-23T17:00:00.000000,Poland,Poland,PL,468.8,520.91,39.41,39.06,entsoe.eu,false,""
2024-01-23T18:00:00.000000,Poland,Poland,PL,470.3,522.55,39.22,38.89,entsoe.eu,false,""
2024-01-23T19:00:00.000000,Poland,Poland,PL,472.44,525.85,38.91,38.39,entsoe.eu,false,""
2024-01-23T20:00:00.000000,Poland,Poland,PL,470.85,525.05,39.06,38.41,entsoe.eu,false,""
2024-01-23T21:00:00.000000,Poland,Poland,PL,451.0,504.94,41.32,40.33,entsoe.eu,false,""
2024-01-23T22:00:00.000000,Poland,Poland,PL,437.73,491.18,42.95,42.47,entsoe.eu,false,""
2024-01-23T23:00:00.000000,Poland,Poland,PL,425.17,477.78,44.52,44.27,entsoe.eu,false,""
2024-01-24T00:00:00.000000,Poland,Poland,PL,422.43,474.41,44.98,44.79,entsoe.eu,false,""
2024-01-24T01:00:00.000000,Poland,Poland,PL,418.66,470.22,45.47,45.28,entsoe.eu,false,""
2024-01-24T02:00:00.000000,Poland,Poland,PL,416.41,467.45,45.82,45.64,entsoe.eu,false,""
2024-01-24T03:00:00.000000,Poland,Poland,PL,413.8,464.59,46.08,45.84,entsoe.eu,false,""
2024-01-24T04:00:00.000000,Poland,Poland,PL,413.05,463.7,46.18,45.95,entsoe.eu,false,""
2024-01-24T05:00:00.000000,Poland,Poland,PL,432.06,483.79,43.7,43.52,entsoe.eu,false,""
2024-01-24T06:00:00.000000,Poland,Poland,PL,452.46,505.06,41.14,41.0,entsoe.eu,false,""
2024-01-24T07:00:00.000000,Poland,Poland,PL,457.15,509.3,40.69,40.57,entsoe.eu,false,""
2024-01-24T08:00:00.000000,Poland,Poland,PL,451.33,502.77,41.48,41.39,entsoe.eu,false,""
2024-01-24T09:00:00.000000,Poland,Poland,PL,438.68,489.52,43.4,43.31,entsoe.eu,false,""
2024-01-24T10:00:00.000000,Poland,Poland,PL,431.52,482.0,44.36,44.26,entsoe.eu,false,""
2024-01-24T11:00:00.000000,Poland,Poland,PL,427.64,477.56,45.2,45.11,entsoe.eu,false,""
2024-01-24T12:00:00.000000,Poland,Poland,PL,430.07,480.62,44.55,44.45,entsoe.eu,false,""
2024-01-24T13:00:00.000000,Poland,Poland,PL,440.46,491.44,43.21,43.15,entsoe.eu,false,""
2024-01-24T14:00:00.000000,Poland,Poland,PL,453.65,505.08,41.51,41.44,entsoe.eu,false,""
2024-01-24T15:00:00.000000,Poland,Poland,PL,462.37,513.28,40.34,40.27,entsoe.eu,false,""
2024-01-24T16:00:00.000000,Poland,Poland,PL,459.28,509.86,40.66,40.58,entsoe.eu,false,""
2024-01-24T17:00:00.000000,Poland,Poland,PL,459.44,510.3,40.59,40.55,entsoe.eu,false,""
2024-01-24T18:00:00.000000,Poland,Poland,PL,458.21,509.85,40.84,40.8,entsoe.eu,false,""
2024-01-24T19:00:00.000000,Poland,Poland,PL,446.62,498.56,42.13,41.93,entsoe.eu,false,""
2024-01-24T20:00:00.000000,Poland,Poland,PL,425.05,476.73,44.36,44.16,entsoe.eu,false,""
2024-01-24T21:00:00.000000,Poland,Poland,PL,411.32,462.05,46.35,46.11,entsoe.eu,false,""
2024-01-24T22:00:00.000000,Poland,Poland,PL,393.19,443.18,48.57,48.14,entsoe.eu,false,""
2024-01-24T23:00:00.000000,Poland,Poland,PL,396.01,446.18,48.15,47.79,entsoe.eu,false,""
2024-01-25T00:00:00.000000,Poland,Poland,PL,399.74,450.08,47.64,47.32,entsoe.eu,false,""
2024-01-25T01:00:00.000000,Poland,Poland,PL,399.75,450.13,47.61,47.4,entsoe.eu,false,""
2024-01-25T02:00:00.000000,Poland,Poland,PL,397.8,448.15,47.83,47.61,entsoe.eu,false,""
2024-01-25T03:00:00.000000,Poland,Poland,PL,406.44,457.14,46.75,46.66,entsoe.eu,false,""
2024-01-25T04:00:00.000000,Poland,Poland,PL,413.07,464.15,45.98,45.9,entsoe.eu,false,""
2024-01-25T05:00:00.000000,Poland,Poland,PL,438.07,490.21,42.94,42.66,entsoe.eu,false,""
2024-01-25T06:00:00.000000,Poland,Poland,PL,453.15,505.56,41.22,40.91,entsoe.eu,false,""
2024-01-25T07:00:00.000000,Poland,Poland,PL,463.02,515.47,40.18,39.8,entsoe.eu,false,""
2024-01-25T08:00:00.000000,Poland,Poland,PL,459.47,511.94,40.66,40.26,entsoe.eu,false,""
2024-01-25T09:00:00.000000,Poland,Poland,PL,443.26,495.01,42.92,42.36,entsoe.eu,false,""
2024-01-25T10:00:00.000000,Poland,Poland,PL,431.73,483.69,44.2,43.08,entsoe.eu,false,""
2024-01-25T11:00:00.000000,Poland,Poland,PL,429.87,482.02,44.44,42.91,entsoe.eu,false,""
2024-01-25T12:00:00.000000,Poland,Poland,PL,444.03,496.97,42.62,41.49,entsoe.eu,false,""
2024-01-25T13:00:00.000000,Poland,Poland,PL,467.88,521.45,39.9,39.0,entsoe.eu,false,""
2024-01-25T14:00:00.000000,Poland,Poland,PL,497.32,551.93,36.19,35.52,entsoe.eu,false,""
2024-01-25T15:00:00.000000,Poland,Poland,PL,504.42,559.57,34.8,34.11,entsoe.eu,false,""
2024-01-25T16:00:00.000000,Poland,Poland,PL,523.71,579.75,32.18,31.44,entsoe.eu,false,""
2024-01-25T17:00:00.000000,Poland,Poland,PL,529.86,586.62,31.4,30.65,entsoe.eu,false,""
2024-01-25T18:00:00.000000,Poland,Poland,PL,532.11,589.43,31.08,30.25,entsoe.eu,false,""
2024-01-25T19:00:00.000000,Poland,Poland,PL,537.99,596.52,30.68,29.64,entsoe.eu,false,""
2024-01-25T20:00:00.000000,Poland,Poland,PL,546.43,606.34,29.73,28.62,entsoe.eu,false,""
2024-01-25T21:00:00.000000,Poland,Poland,PL,551.71,612.56,29.16,28.07,entsoe.eu,false,""
2024-01-25T22:00:00.000000,Poland,Poland,PL,545.53,607.32,29.46,27.87,entsoe.eu,false,""
2024-01-25T23:00:00.000000,Poland,Poland,PL,572.55,634.48,26.08,24.66,entsoe.eu,false,""
2024-01-26T00:00:00.000000,Poland,Poland,PL,593.58,656.05,24.04,22.66,entsoe.eu,false,""
2024-01-26T01:00:00.000000,Poland,Poland,PL,607.31,670.6,22.39,21.03,entsoe.eu,false,""
2024-01-26T02:00:00.000000,Poland,Poland,PL,610.25,673.89,21.98,20.5,entsoe.eu,false,""
2024-01-26T03:00:00.000000,Poland,Poland,PL,614.31,678.66,21.46,19.91,entsoe.eu,false,""
2024-01-26T04:00:00.000000,Poland,Poland,PL,627.33,692.83,19.68,18.39,entsoe.eu,false,""
2024-01-26T05:00:00.000000,Poland,Poland,PL,651.02,717.3,16.62,15.54,entsoe.eu,false,""
2024-01-26T06:00:00.000000,Poland,Poland,PL,661.49,726.98,15.58,14.69,entsoe.eu,false,""
2024-01-26T07:00:00.000000,Poland,Poland,PL,638.35,701.75,18.45,17.63,entsoe.eu,false,""
2024-01-26T08:00:00.000000,Poland,Poland,PL,616.69,678.52,21.56,20.73,entsoe.eu,false,""
2024-01-26T09:00:00.000000,Poland,Poland,PL,597.23,659.45,23.98,22.74,entsoe.eu,false,""
2024-01-26T10:00:00.000000,Poland,Poland,PL,568.04,628.84,27.63,26.14,entsoe.eu,false,""
2024-01-26T11:00:00.000000,Poland,Poland,PL,570.48,631.27,27.44,26.25,entsoe.eu,false,""
2024-01-26T12:00:00.000000,Poland,Poland,PL,572.35,633.28,27.27,26.2,entsoe.eu,false,""
2024-01-26T13:00:00.000000,Poland,Poland,PL,587.83,648.94,25.35,24.7,entsoe.eu,false,""
2024-01-26T14:00:00.000000,Poland,Poland,PL,590.33,650.23,25.12,24.59,entsoe.eu,false,""
2024-01-26T15:00:00.000000,Poland,Poland,PL,560.21,618.06,28.77,28.33,entsoe.eu,false,""
2024-01-26T16:00:00.000000,Poland,Poland,PL,540.0,596.34,31.15,30.8,entsoe.eu,false,""
2024-01-26T17:00:00.000000,Poland,Poland,PL,520.19,575.74,33.41,33.2,entsoe.eu,false,""
2024-01-26T18:00:00.000000,Poland,Poland,PL,503.49,558.2,35.44,35.32,entsoe.eu,false,""
2024-01-26T19:00:00.000000,Poland,Poland,PL,490.28,544.56,37.03,36.87,entsoe.eu,false,""
2024-01-26T20:00:00.000000,Poland,Poland,PL,474.38,528.02,39.01,38.9,entsoe.eu,false,""
2024-01-26T21:00:00.000000,Poland,Poland,PL,445.17,497.75,42.15,41.91,entsoe.eu,false,""
2024-01-26T22:00:00.000000,Poland,Poland,PL,420.43,471.39,45.28,45.01,entsoe.eu,false,""
2024-01-26T23:00:00.000000,Poland,Poland,PL,409.12,459.38,47.04,46.93,entsoe.eu,false,""
2024-01-27T00:00:00.000000,Poland,Poland,PL,414.86,465.18,46.34,46.32,entsoe.eu,false,""
2024-01-27T01:00:00.000000,Poland,Poland,PL,408.78,458.71,47.14,47.09,entsoe.eu,false,""
2024-01-27T02:00:00.000000,Poland,Poland,PL,411.41,461.46,46.74,46.67,entsoe.eu,false,""
2024-01-27T03:00:00.000000,Poland,Poland,PL,408.4,458.61,47.11,46.97,entsoe.eu,false,""
2024-01-27T04:00:00.000000,Poland,Poland,PL,406.62,457.04,47.33,47.06,entsoe.eu,false,""
2024-01-27T05:00:00.000000,Poland,Poland,PL,406.12,457.04,47.21,46.95,entsoe.eu,false,""
2024-01-27T06:00:00.000000,Poland,Poland,PL,414.09,465.31,46.29,46.02,entsoe.eu,false,""
2024-01-27T07:00:00.000000,Poland,Poland,PL,421.0,472.55,45.6,45.34,entsoe.eu,false,""
2024-01-27T08:00:00.000000,Poland,Poland,PL,418.05,469.32,46.01,45.78,entsoe.eu,false,""
2024-01-27T09:00:00.000000,Poland,Poland,PL,411.32,462.33,46.85,46.66,entsoe.eu,false,""
2024-01-27T10:00:00.000000,Poland,Poland,PL,410.79,462.0,47.04,46.75,entsoe.eu,false,""
2024-01-27T11:00:00.000000,Poland,Poland,PL,410.88,462.36,47.1,46.8,entsoe.eu,false,""
2024-01-27T12:00:00.000000,Poland,Poland,PL,424.63,476.87,45.45,44.99,entsoe.eu,false,""
2024-01-27T13:00:00.000000,Poland,Poland,PL,438.03,491.33,43.74,43.05,entsoe.eu,false,""
2024-01-27T14:00:00.000000,Poland,Poland,PL,471.19,526.31,39.41,38.52,entsoe.eu,false,""
2024-01-27T15:00:00.000000,Poland,Poland,PL,490.97,547.21,36.48,35.34,entsoe.eu,false,""
2024-01-27T16:00:00.000000,Poland,Poland,PL,501.78,557.18,35.07,33.94,entsoe.eu,false,""
2024-01-27T17:00:00.000000,Poland,Poland,PL,501.08,556.72,35.07,33.99,entsoe.eu,false,""
2024-01-27T18:00:00.000000,Poland,Poland,PL,503.35,560.38,34.73,33.64,entsoe.eu,false,""
2024-01-27T19:00:00.000000,Poland,Poland,PL,516.95,576.26,33.45,32.24,entsoe.eu,false,""
2024-01-27T20:00:00.000000,Poland,Poland,PL,525.11,585.29,32.55,31.22,entsoe.eu,false,""
2024-01-27T21:00:00.000000,Poland,Poland,PL,538.29,599.74,30.71,29.17,entsoe.eu,false,""
2024-01-27T22:00:00.000000,Poland,Poland,PL,544.41,606.64,29.53,28.01,entsoe.eu,false,""
2024-01-27T23:00:00.000000,Poland,Poland,PL,546.63,608.92,29.27,27.47,entsoe.eu,false,""
2024-01-28T00:00:00.000000,Poland,Poland,PL,553.92,616.74,28.27,26.5,entsoe.eu,false,""
2024-01-28T01:00:00.000000,Poland,Poland,PL,568.75,632.33,26.52,24.76,entsoe.eu,false,""
2024-01-28T02:00:00.000000,Poland,Poland,PL,587.23,652.15,24.22,22.37,entsoe.eu,false,""
2024-01-28T03:00:00.000000,Poland,Poland,PL,600.93,667.05,22.48,20.57,entsoe.eu,false,""
2024-01-28T04:00:00.000000,Poland,Poland,PL,607.54,674.65,21.65,19.38,entsoe.eu,false,""
2024-01-28T05:00:00.000000,Poland,Poland,PL,613.88,682.28,20.76,18.11,entsoe.eu,false,""
2024-01-28T06:00:00.000000,Poland,Poland,PL,601.17,669.4,22.36,19.02,entsoe.eu,false,""
2024-01-28T07:00:00.000000,Poland,Poland,PL,595.89,662.4,23.46,19.6,entsoe.eu,false,""
2024-01-28T08:00:00.000000,Poland,Poland,PL,563.27,627.37,27.74,23.08,entsoe.eu,false,""
2024-01-28T09:00:00.000000,Poland,Poland,PL,534.4,597.4,31.26,27.16,entsoe.eu,false,""
2024-01-28T10:00:00.000000,Poland,Poland,PL,519.95,582.39,33.14,28.99,entsoe.eu,false,""
2024-01-28T11:00:00.000000,Poland,Poland,PL,506.3,567.9,34.86,29.61,entsoe.eu,false,""
2024-01-28T12:00:00.000000,Poland,Poland,PL,511.44,573.39,34.21,28.47,entsoe.eu,false,""
2024-01-28T13:00:00.000000,Poland,Poland,PL,552.81,616.51,29.15,24.77,entsoe.eu,false,""
2024-01-28T14:00:00.000000,Poland,Poland,PL,598.96,664.71,23.49,20.52,entsoe.eu,false,""
2024-01-28T15:00:00.000000,Poland,Poland,PL,623.51,689.48,20.0,18.58,entsoe.eu,false,""
2024-01-28T16:00:00.000000,Poland,Poland,PL,602.49,665.89,22.59,21.36,entsoe.eu,false,""
2024-01-28T17:00:00.000000,Poland,Poland,PL,577.7,639.2,25.88,24.75,entsoe.eu,false,""
2024-01-28T18:00:00.000000,Poland,Poland,PL,564.01,624.38,27.75,26.46,entsoe.eu,false,""
2024-01-28T19:00:00.000000,Poland,Poland,PL,543.44,603.35,30.07,28.77,entsoe.eu,false,""
2024-01-28T20:00:00.000000,Poland,Poland,PL,532.25,592.22,31.35,29.98,entsoe.eu,false,""
2024-01-28T21:00:00.000000,Poland,Poland,PL,515.62,575.39,33.28,31.92,entsoe.eu,false,""
2024-01-28T22:00:00.000000,Poland,Poland,PL,503.68,562.99,34.79,33.41,entsoe.eu,false,""
2024-01-28T23:00:00.000000,Poland,Poland,PL,505.41,564.38,34.67,33.47,entsoe.eu,false,""
2024-01-29T00:00:00.000000,Poland,Poland,PL,501.63,560.42,35.07,34.22,entsoe.eu,false,""
2024-01-29T01:00:00.000000,Poland,Poland,PL,498.94,556.87,35.46,34.6,entsoe.eu,false,""
2024-01-29T02:00:00.000000,Poland,Poland,PL,494.89,552.38,35.89,35.03,entsoe.eu,false,""
2024-01-29T03:00:00.000000,Poland,Poland,PL,487.0,544.21,36.9,36.13,entsoe.eu,false,""
2024-01-29T04:00:00.000000,Poland,Poland,PL,477.22,533.78,38.2,37.36,entsoe.eu,false,""
2024-01-29T05:00:00.000000,Poland,Poland,PL,503.31,560.73,35.09,34.33,entsoe.eu,false,""
2024-01-29T06:00:00.000000,Poland,Poland,PL,514.72,572.23,33.66,32.89,entsoe.eu,false,""
2024-01-29T07:00:00.000000,Poland,Poland,PL,492.86,549.07,36.69,36.08,entsoe.eu,false,""
2024-01-29T08:00:00.000000,Poland,Poland,PL,454.2,509.71,41.39,40.92,entsoe.eu,false,""
2024-01-29T09:00:00.000000,Poland,Poland,PL,420.18,474.99,45.81,45.16,entsoe.eu,false,""
2024-01-29T10:00:00.000000,Poland,Poland,PL,407.42,462.22,47.31,46.64,entsoe.eu,false,""
2024-01-29T11:00:00.000000,Poland,Poland,PL,415.01,470.63,46.34,45.68,entsoe.eu,false,""
2024-01-29T12:00:00.000000,Poland,Poland,PL,442.18,498.96,42.89,42.21,entsoe.eu,false,""
2024-01-29T13:00:00.000000,Poland,Poland,PL,486.9,545.57,37.33,36.62,entsoe.eu,false,""
2024-01-29T14:00:00.000000,Poland,Poland,PL,537.86,597.74,30.85,29.93,entsoe.eu,false,""
2024-01-29T15:00:00.000000,Poland,Poland,PL,551.82,611.06,29.25,28.22,entsoe.eu,false,""
2024-01-29T16:00:00.000000,Poland,Poland,PL,533.85,590.36,31.49,30.51,entsoe.eu,false,""
2024-01-29T17:00:00.000000,Poland,Poland,PL,526.91,582.98,32.16,31.35,entsoe.eu,false,""
2024-01-29T18:00:00.000000,Poland,Poland,PL,507.52,563.44,34.78,33.58,entsoe.eu,false,""
2024-01-29T19:00:00.000000,Poland,Poland,PL,497.25,553.87,35.9,34.6,entsoe.eu,false,""
2024-01-29T20:00:00.000000,Poland,Poland,PL,500.54,557.3,35.45,34.21,entsoe.eu,false,""
2024-01-29T21:00:00.000000,Poland,Poland,PL,509.4,567.0,34.39,33.02,entsoe.eu,false,""
2024-01-29T22:00:00.000000,Poland,Poland,PL,513.93,571.65,33.71,32.31,entsoe.eu,false,""
2024-01-29T23:00:00.000000,Poland,Poland,PL,506.12,564.21,34.53,33.02,entsoe.eu,false,""
2024-01-30T00:00:00.000000,Poland,Poland,PL,507.03,565.41,34.36,32.79,entsoe.eu,false,""
2024-01-30T01:00:00.000000,Poland,Poland,PL,521.14,580.39,32.58,31.06,entsoe.eu,false,""
2024-01-30T02:00:00.000000,Poland,Poland,PL,527.24,587.2,31.79,30.18,entsoe.eu,false,""
2024-01-30T03:00:00.000000,Poland,Poland,PL,532.63,592.85,31.28,29.75,entsoe.eu,false,""
2024-01-30T04:00:00.000000,Poland,Poland,PL,538.04,599.01,30.76,29.19,entsoe.eu,false,""
2024-01-30T05:00:00.000000,Poland,Poland,PL,556.58,617.7,28.23,26.92,entsoe.eu,false,""
2024-01-30T06:00:00.000000,Poland,Poland,PL,552.84,612.57,28.47,27.33,entsoe.eu,false,""
2024-01-30T07:00:00.000000,Poland,Poland,PL,520.43,578.58,33.06,31.96,entsoe.eu,false,""
2024-01-30T08:00:00.000000,Poland,Poland,PL,494.66,552.22,36.39,35.52,entsoe.eu,false,""
2024-01-30T09:00:00.000000,Poland,Poland,PL,481.68,539.81,38.09,37.28,entsoe.eu,false,""
2024-01-30T10:00:00.000000,Poland,Poland,PL,475.48,533.61,39.05,38.13,entsoe.eu,false,""
2024-01-30T11:00:00.000000,Poland,Poland,PL,478.17,536.53,38.8,37.86,entsoe.eu,false,""
2024-01-30T12:00:00.000000,Poland,Poland,PL,497.57,557.62,35.75,34.88,entsoe.eu,false,""
2024-01-30T13:00:00.000000,Poland,Poland,PL,530.86,592.6,31.33,30.4,entsoe.eu,false,""
2024-01-30T14:00:00.000000,Poland,Poland,PL,566.82,628.81,26.91,25.82,entsoe.eu,false,""
2024-01-30T15:00:00.000000,Poland,Poland,PL,573.05,633.78,26.24,25.16,entsoe.eu,false,""
2024-01-30T16:00:00.000000,Poland,Poland,PL,548.06,606.65,29.42,28.43,entsoe.eu,false,""
2024-01-30T17:00:00.000000,Poland,Poland,PL,523.94,581.04,32.31,31.44,entsoe.eu,false,""
2024-01-30T18:00:00.000000,Poland,Poland,PL,511.0,567.38,33.74,32.89,entsoe.eu,false,""
2024-01-30T19:00:00.000000,Poland,Poland,PL,507.93,564.49,34.27,33.33,entsoe.eu,false,""
2024-01-30T20:00:00.000000,Poland,Poland,PL,512.82,569.92,33.85,32.87,entsoe.eu,false,""
2024-01-30T21:00:00.000000,Poland,Poland,PL,516.75,575.28,33.1,32.15,entsoe.eu,false,""
2024-01-30T22:00:00.000000,Poland,Poland,PL,508.14,566.34,34.42,33.34,entsoe.eu,false,""
2024-01-30T23:00:00.000000,Poland,Poland,PL,506.93,565.04,34.53,33.3,entsoe.eu,false,""
2024-01-31T00:00:00.000000,Poland,Poland,PL,501.12,558.68,35.34,34.03,entsoe.eu,false,""
2024-01-31T01:00:00.000000,Poland,Poland,PL,500.88,558.35,35.35,34.01,entsoe.eu,false,""
2024-01-31T02:00:00.000000,Poland,Poland,PL,503.73,561.64,34.96,33.51,entsoe.eu,false,""
2024-01-31T03:00:00.000000,Poland,Poland,PL,507.62,565.84,34.46,33.04,entsoe.eu,false,""
2024-01-31T04:00:00.000000,Poland,Poland,PL,515.59,573.87,33.54,32.29,entsoe.eu,false,""
2024-01-31T05:00:00.000000,Poland,Poland,PL,522.74,581.61,32.38,31.15,entsoe.eu,false,""
2024-01-31T06:00:00.000000,Poland,Poland,PL,536.08,594.33,30.59,30.22,entsoe.eu,false,""
2024-01-31T07:00:00.000000,Poland,Poland,PL,529.12,585.65,31.8,31.58,entsoe.eu,false,""
2024-01-31T08:00:00.000000,Poland,Poland,PL,517.34,573.51,33.69,33.41,entsoe.eu,false,""
2024-01-31T09:00:00.000000,Poland,Poland,PL,522.05,579.2,33.19,32.97,entsoe.eu,false,""
2024-01-31T10:00:00.000000,Poland,Poland,PL,524.29,581.67,32.98,32.65,entsoe.eu,false,""
2024-01-31T11:00:00.000000,Poland,Poland,PL,526.96,584.37,32.8,32.39,entsoe.eu,false,""
2024-01-31T12:00:00.000000,Poland,Poland,PL,534.52,592.86,31.78,31.41,entsoe.eu,false,""
2024-01-31T13:00:00.000000,Poland,Poland,PL,548.19,606.88,30.05,29.77,entsoe.eu,false,""
2024-01-31T14:00:00.000000,Poland,Poland,PL,558.0,617.33,28.64,28.27,entsoe.eu,false,""
2024-01-31T15:00:00.000000,Poland,Poland,PL,547.52,606.04,29.63,28.75,entsoe.eu,false,""
2024-01-31T16:00:00.000000,Poland,Poland,PL,553.66,611.77,28.85,27.89,entsoe.eu,false,""
2024-01-31T17:00:00.000000,Poland,Poland,PL,552.66,611.08,29.01,28.19,entsoe.eu,false,""
2024-01-31T18:00:00.000000,Poland,Poland,PL,545.56,603.83,29.96,29.18,entsoe.eu,false,""
2024-01-31T19:00:00.000000,Poland,Poland,PL,528.3,585.58,32.36,31.56,entsoe.eu,false,""
2024-01-31T20:00:00.000000,Poland,Poland,PL,508.03,564.56,34.78,33.97,entsoe.eu,false,""
2024-01-31T21:00:00.000000,Poland,Poland,PL,480.73,535.17,37.99,37.22,entsoe.eu,false,""
2024-01-31T22:00:00.000000,Poland,Poland,PL,458.59,512.48,40.69,39.92,entsoe.eu,false,""
2024-01-31T23:00:00.000000,Poland,Poland,PL,441.89,494.68,42.78,42.07,entsoe.eu,false,""
2024-02-01T00:00:00.000000,Poland,Poland,PL,436.03,488.24,43.53,42.91,entsoe.eu,false,""
2024-02-01T01:00:00.000000,Poland,Poland,PL,427.05,478.52,44.68,44.04,entsoe.eu,false,""
2024-02-01T02:00:00.000000,Poland,Poland,PL,427.1,478.44,44.68,44.0,entsoe.eu,false,""
2024-02-01T03:00:00.000000,Poland,Poland,PL,425.83,477.22,44.69,44.02,entsoe.eu,false,""
2024-02-01T04:00:00.000000,Poland,Poland,PL,427.26,478.54,44.47,43.76,entsoe.eu,false,""
2024-02-01T05:00:00.000000,Poland,Poland,PL,443.25,495.24,42.57,41.98,entsoe.eu,false,""
2024-02-01T06:00:00.000000,Poland,Poland,PL,451.12,503.49,41.44,40.9,entsoe.eu,false,""
2024-02-01T07:00:00.000000,Poland,Poland,PL,457.77,509.83,40.82,40.35,entsoe.eu,false,""
2024-02-01T08:00:00.000000,Poland,Poland,PL,451.58,503.16,41.85,41.4,entsoe.eu,false,""
2024-02-01T09:00:00.000000,Poland,Poland,PL,436.72,488.05,43.64,43.39,entsoe.eu,false,""
2024-02-01T10:00:00.000000,Poland,Poland,PL,416.32,467.27,46.28,46.01,entsoe.eu,false,""
2024-02-01T11:00:00.000000,Poland,Poland,PL,403.49,454.11,47.88,47.61,entsoe.eu,false,""
2024-02-01T12:00:00.000000,Poland,Poland,PL,398.29,448.83,48.48,48.15,entsoe.eu,false,""
2024-02-01T13:00:00.000000,Poland,Poland,PL,411.94,463.16,46.64,46.28,entsoe.eu,false,""
2024-02-01T14:00:00.000000,Poland,Poland,PL,437.23,489.13,43.31,42.82,entsoe.eu,false,""
2024-02-01T15:00:00.000000,Poland,Poland,PL,455.16,506.74,41.08,40.58,entsoe.eu,false,""
2024-02-01T16:00:00.000000,Poland,Poland,PL,464.13,515.48,39.94,39.42,entsoe.eu,false,""
2024-02-01T17:00:00.000000,Poland,Poland,PL,466.89,517.75,39.73,39.3,entsoe.eu,false,""
2024-02-01T18:00:00.000000,Poland,Poland,PL,461.83,512.86,40.39,39.89,entsoe.eu,false,""
2024-02-01T19:00:00.000000,Poland,Poland,PL,464.41,516.5,40.11,39.57,entsoe.eu,false,""
2024-02-01T20:00:00.000000,Poland,Poland,PL,461.05,513.53,40.4,39.8,entsoe.eu,false,""
2024-02-01T21:00:00.000000,Poland,Poland,PL,445.37,496.84,42.45,41.66,entsoe.eu,false,""
2024-02-01T22:00:00.000000,Poland,Poland,PL,445.81,498.05,42.24,41.39,entsoe.eu,false,""
2024-02-01T23:00:00.000000,Poland,Poland,PL,444.62,496.62,42.57,41.75,entsoe.eu,false,""
2024-02-02T00:00:00.000000,Poland,Poland,PL,454.76,507.32,41.3,40.46,entsoe.eu,false,""
2024-02-02T01:00:00.000000,Poland,Poland,PL,454.34,507.13,41.28,40.43,entsoe.eu,false,""
2024-02-02T02:00:00.000000,Poland,Poland,PL,451.94,504.85,41.56,40.6,entsoe.eu,false,""
2024-02-02T03:00:00.000000,Poland,Poland,PL,468.34,522.27,39.57,38.71,entsoe.eu,false,""
2024-02-02T04:00:00.000000,Poland,Poland,PL,478.76,533.78,38.02,37.08,entsoe.eu,false,""
2024-02-02T05:00:00.000000,Poland,Poland,PL,501.04,557.2,35.12,34.25,entsoe.eu,false,""
2024-02-02T06:00:00.000000,Poland,Poland,PL,502.26,557.71,35.15,34.26,entsoe.eu,false,""
2024-02-02T07:00:00.000000,Poland,Poland,PL,488.24,542.51,36.93,36.11,entsoe.eu,false,""
2024-02-02T08:00:00.000000,Poland,Poland,PL,469.48,523.63,39.61,38.85,entsoe.eu,false,""
2024-02-02T09:00:00.000000,Poland,Poland,PL,442.41,496.42,43.0,42.09,entsoe.eu,false,""
2024-02-02T10:00:00.000000,Poland,Poland,PL,429.78,483.54,44.39,43.27,entsoe.eu,false,""
2024-02-02T11:00:00.000000,Poland,Poland,PL,436.58,490.4,43.62,42.51,entsoe.eu,false,""
2024-02-02T12:00:00.000000,Poland,Poland,PL,445.11,499.01,42.72,41.7,entsoe.eu,false,""
2024-02-02T13:00:00.000000,Poland,Poland,PL,478.88,533.16,39.07,38.41,entsoe.eu,false,""
2024-02-02T14:00:00.000000,Poland,Poland,PL,495.22,549.18,37.16,36.6,entsoe.eu,false,""
2024-02-02T15:00:00.000000,Poland,Poland,PL,492.62,544.99,37.45,37.01,entsoe.eu,false,""
2024-02-02T16:00:00.000000,Poland,Poland,PL,488.96,540.56,37.8,37.5,entsoe.eu,false,""
2024-02-02T17:00:00.000000,Poland,Poland,PL,478.43,529.58,39.21,38.98,entsoe.eu,false,""
2024-02-02T18:00:00.000000,Poland,Poland,PL,460.87,510.91,41.41,41.18,entsoe.eu,false,""
2024-02-02T19:00:00.000000,Poland,Poland,PL,451.06,501.04,42.68,42.48,entsoe.eu,false,""
2024-02-02T20:00:00.000000,Poland,Poland,PL,429.06,478.7,45.17,44.96,entsoe.eu,false,""
2024-02-02T21:00:00.000000,Poland,Poland,PL,405.09,453.26,48.29,47.97,entsoe.eu,false,""
2024-02-02T22:00:00.000000,Poland,Poland,PL,379.65,426.97,51.22,50.84,entsoe.eu,false,""
2024-02-02T23:00:00.000000,Poland,Poland,PL,370.28,417.23,52.34,52.29,entsoe.eu,false,""
2024-02-03T00:00:00.000000,Poland,Poland,PL,362.83,409.29,53.14,53.12,entsoe.eu,false,""
2024-02-03T01:00:00.000000,Poland,Poland,PL,359.07,405.4,53.55,53.53,entsoe.eu,false,""
2024-02-03T02:00:00.000000,Poland,Poland,PL,358.86,405.19,53.57,53.52,entsoe.eu,false,""
2024-02-03T03:00:00.000000,Poland,Poland,PL,358.53,405.05,53.57,53.52,entsoe.eu,false,""
2024-02-03T04:00:00.000000,Poland,Poland,PL,361.56,408.13,53.21,53.12,entsoe.eu,false,""
2024-02-03T05:00:00.000000,Poland,Poland,PL,363.41,409.8,53.06,52.9,entsoe.eu,false,""
2024-02-03T06:00:00.000000,Poland,Poland,PL,368.66,415.19,52.42,52.29,entsoe.eu,false,""
2024-02-03T07:00:00.000000,Poland,Poland,PL,372.9,419.73,51.85,51.72,entsoe.eu,false,""
2024-02-03T08:00:00.000000,Poland,Poland,PL,372.36,418.28,51.83,51.72,entsoe.eu,false,""
2024-02-03T09:00:00.000000,Poland,Poland,PL,367.13,412.86,52.48,52.47,entsoe.eu,false,""
2024-02-03T10:00:00.000000,Poland,Poland,PL,360.69,406.38,53.3,53.2,entsoe.eu,false,""
2024-02-03T11:00:00.000000,Poland,Poland,PL,352.88,398.37,54.36,54.18,entsoe.eu,false,""
2024-02-03T12:00:00.000000,Poland,Poland,PL,354.13,399.91,54.34,54.2,entsoe.eu,false,""
2024-02-03T13:00:00.000000,Poland,Poland,PL,365.77,412.24,52.69,52.61,entsoe.eu,false,""
2024-02-03T14:00:00.000000,Poland,Poland,PL,387.69,434.95,49.94,49.72,entsoe.eu,false,""
2024-02-03T15:00:00.000000,Poland,Poland,PL,401.38,448.76,48.13,47.84,entsoe.eu,false,""
2024-02-03T16:00:00.000000,Poland,Poland,PL,405.3,452.68,47.6,47.18,entsoe.eu,false,""
2024-02-03T17:00:00.000000,Poland,Poland,PL,408.42,455.95,47.12,46.77,entsoe.eu,false,""
2024-02-03T18:00:00.000000,Poland,Poland,PL,403.52,451.25,47.85,47.51,entsoe.eu,false,""
2024-02-03T19:00:00.000000,Poland,Poland,PL,396.25,444.64,48.63,48.27,entsoe.eu,false,""
2024-02-03T20:00:00.000000,Poland,Poland,PL,379.01,426.75,50.78,50.4,entsoe.eu,false,""
2024-02-03T21:00:00.000000,Poland,Poland,PL,370.44,416.85,52.39,52.01,entsoe.eu,false,""
2024-02-03T22:00:00.000000,Poland,Poland,PL,370.63,417.1,52.37,52.19,entsoe.eu,false,""
2024-02-03T23:00:00.000000,Poland,Poland,PL,370.23,416.93,52.24,52.04,entsoe.eu,false,""
2024-02-04T00:00:00.000000,Poland,Poland,PL,360.71,407.16,53.25,53.1,entsoe.eu,false,""
2024-02-04T01:00:00.000000,Poland,Poland,PL,359.48,405.79,53.42,53.37,entsoe.eu,false,""
2024-02-04T02:00:00.000000,Poland,Poland,PL,362.13,408.45,53.07,53.03,entsoe.eu,false,""
2024-02-04T03:00:00.000000,Poland,Poland,PL,361.66,408.0,53.14,52.93,entsoe.eu,false,""
2024-02-04T04:00:00.000000,Poland,Poland,PL,364.07,410.59,52.88,52.61,entsoe.eu,false,""
2024-02-04T05:00:00.000000,Poland,Poland,PL,355.8,401.96,53.92,53.58,entsoe.eu,false,""
2024-02-04T06:00:00.000000,Poland,Poland,PL,351.96,398.01,54.41,54.18,entsoe.eu,false,""
2024-02-04T07:00:00.000000,Poland,Poland,PL,341.25,386.93,55.8,55.72,entsoe.eu,false,""
2024-02-04T08:00:00.000000,Poland,Poland,PL,331.35,376.44,57.13,57.11,entsoe.eu,false,""
2024-02-04T09:00:00.000000,Poland,Poland,PL,322.68,367.38,58.28,58.26,entsoe.eu,false,""
2024-02-04T10:00:00.000000,Poland,Poland,PL,326.35,370.99,57.79,57.77,entsoe.eu,false,""
2024-02-04T11:00:00.000000,Poland,Poland,PL,333.45,378.32,56.92,56.92,entsoe.eu,false,""
2024-02-04T12:00:00.000000,Poland,Poland,PL,333.05,377.86,56.91,56.91,entsoe.eu,false,""
2024-02-04T13:00:00.000000,Poland,Poland,PL,341.85,386.84,55.79,55.78,entsoe.eu,false,""
2024-02-04T14:00:00.000000,Poland,Poland,PL,359.0,404.5,53.43,53.37,entsoe.eu,false,""
2024-02-04T15:00:00.000000,Poland,Poland,PL,377.53,422.66,51.03,50.96,entsoe.eu,false,""
2024-02-04T16:00:00.000000,Poland,Poland,PL,378.3,422.99,51.0,50.93,entsoe.eu,false,""
2024-02-04T17:00:00.000000,Poland,Poland,PL,375.07,419.75,51.37,51.33,entsoe.eu,false,""
2024-02-04T18:00:00.000000,Poland,Poland,PL,375.71,420.22,51.39,51.36,entsoe.eu,false,""
2024-02-04T19:00:00.000000,Poland,Poland,PL,383.62,430.11,50.4,50.39,entsoe.eu,false,""
2024-02-04T20:00:00.000000,Poland,Poland,PL,370.67,417.15,52.12,52.11,entsoe.eu,false,""
2024-02-04T21:00:00.000000,Poland,Poland,PL,360.49,406.57,53.43,53.39,entsoe.eu,false,""
2024-02-04T22:00:00.000000,Poland,Poland,PL,363.16,409.25,53.04,53.01,entsoe.eu,false,""
2024-02-04T23:00:00.000000,Poland,Poland,PL,368.4,414.88,52.41,52.38,entsoe.eu,false,""
2024-02-05T00:00:00.000000,Poland,Poland,PL,377.17,424.65,51.02,50.98,entsoe.eu,false,""
2024-02-05T01:00:00.000000,Poland,Poland,PL,392.0,440.05,49.19,49.18,entsoe.eu,false,""
2024-02-05T02:00:00.000000,Poland,Poland,PL,389.36,437.54,49.52,49.44,entsoe.eu,false,""
2024-02-05T03:00:00.000000,Poland,Poland,PL,388.38,436.55,49.62,49.62,entsoe.eu,false,""
2024-02-05T04:00:00.000000,Poland,Poland,PL,391.56,439.84,49.23,49.22,entsoe.eu,false,""
2024-02-05T05:00:00.000000,Poland,Poland,PL,429.35,479.47,44.32,44.17,entsoe.eu,false,""
2024-02-05T06:00:00.000000,Poland,Poland,PL,450.29,500.59,42.2,42.01,entsoe.eu,false,""
2024-02-05T07:00:00.000000,Poland,Poland,PL,449.03,499.33,42.7,42.52,entsoe.eu,false,""
2024-02-05T08:00:00.000000,Poland,Poland,PL,435.28,484.86,44.54,43.99,entsoe.eu,false,""
2024-02-05T09:00:00.000000,Poland,Poland,PL,435.21,484.54,44.46,43.7,entsoe.eu,false,""
2024-02-05T10:00:00.000000,Poland,Poland,PL,439.57,489.29,43.89,43.19,entsoe.eu,false,""
2024-02-05T11:00:00.000000,Poland,Poland,PL,443.33,493.2,43.54,42.82,entsoe.eu,false,""
2024-02-05T12:00:00.000000,Poland,Poland,PL,454.91,505.6,42.05,41.41,entsoe.eu,false,""
2024-02-05T13:00:00.000000,Poland,Poland,PL,474.7,527.2,39.7,39.0,entsoe.eu,false,""
2024-02-05T14:00:00.000000,Poland,Poland,PL,507.6,561.88,35.45,34.95,entsoe.eu,false,""
2024-02-05T15:00:00.000000,Poland,Poland,PL,515.41,569.62,34.68,34.0,entsoe.eu,false,""
2024-02-05T16:00:00.000000,Poland,Poland,PL,519.37,573.18,34.02,33.29,entsoe.eu,false,""
2024-02-05T17:00:00.000000,Poland,Poland,PL,522.27,576.25,33.61,32.84,entsoe.eu,false,""
2024-02-05T18:00:00.000000,Poland,Poland,PL,530.68,585.55,32.63,31.91,entsoe.eu,false,""
2024-02-05T19:00:00.000000,Poland,Poland,PL,523.04,578.17,33.49,32.74,entsoe.eu,false,""
2024-02-05T20:00:00.000000,Poland,Poland,PL,519.94,575.56,34.0,33.27,entsoe.eu,false,""
2024-02-05T21:00:00.000000,Poland,Poland,PL,497.97,553.62,36.32,35.47,entsoe.eu,false,""
2024-02-05T22:00:00.000000,Poland,Poland,PL,480.25,535.7,38.26,37.51,entsoe.eu,false,""
2024-02-05T23:00:00.000000,Poland,Poland,PL,477.89,532.52,38.56,38.49,entsoe.eu,false,""
2024-02-06T00:00:00.000000,Poland,Poland,PL,477.25,531.51,38.64,38.52,entsoe.eu,false,""
2024-02-06T01:00:00.000000,Poland,Poland,PL,472.77,526.54,39.38,39.25,entsoe.eu,false,""
2024-02-06T02:00:00.000000,Poland,Poland,PL,463.98,517.16,40.46,40.44,entsoe.eu,false,""
2024-02-06T03:00:00.000000,Poland,Poland,PL,460.68,513.5,40.71,40.64,entsoe.eu,false,""
2024-02-06T04:00:00.000000,Poland,Poland,PL,456.76,508.94,41.36,41.25,entsoe.eu,false,""
2024-02-06T05:00:00.000000,Poland,Poland,PL,469.3,521.76,39.84,39.71,entsoe.eu,false,""
2024-02-06T06:00:00.000000,Poland,Poland,PL,483.52,535.13,38.17,38.1,entsoe.eu,false,""
2024-02-06T07:00:00.000000,Poland,Poland,PL,478.48,529.25,39.0,38.95,entsoe.eu,false,""
2024-02-06T08:00:00.000000,Poland,Poland,PL,445.09,494.49,43.09,42.68,entsoe.eu,false,""
2024-02-06T09:00:00.000000,Poland,Poland,PL,429.19,477.94,45.05,43.77,entsoe.eu,false,""
2024-02-06T10:00:00.000000,Poland,Poland,PL,425.68,474.97,45.42,43.65,entsoe.eu,false,""
2024-02-06T11:00:00.000000,Poland,Poland,PL,423.52,472.8,45.69,44.0,entsoe.eu,false,""
2024-02-06T12:00:00.000000,Poland,Poland,PL,426.93,476.17,45.27,43.94,entsoe.eu,false,""
2024-02-06T13:00:00.000000,Poland,Poland,PL,427.73,476.88,45.2,44.73,entsoe.eu,false,""
2024-02-06T14:00:00.000000,Poland,Poland,PL,432.42,481.75,44.63,44.41,entsoe.eu,false,""
2024-02-06T15:00:00.000000,Poland,Poland,PL,443.2,492.53,43.21,42.97,entsoe.eu,false,""
2024-02-06T16:00:00.000000,Poland,Poland,PL,454.16,503.34,41.68,41.47,entsoe.eu,false,""
2024-02-06T17:00:00.000000,Poland,Poland,PL,452.53,501.58,42.14,41.96,entsoe.eu,false,""
2024-02-06T18:00:00.000000,Poland,Poland,PL,453.85,503.11,42.0,41.83,entsoe.eu,false,""
2024-02-06T19:00:00.000000,Poland,Poland,PL,442.52,492.21,43.35,43.18,entsoe.eu,false,""
2024-02-06T20:00:00.000000,Poland,Poland,PL,421.38,470.66,45.66,45.52,entsoe.eu,false,""
2024-02-06T21:00:00.000000,Poland,Poland,PL,400.08,448.25,48.26,48.16,entsoe.eu,false,""
2024-02-06T22:00:00.000000,Poland,Poland,PL,383.56,430.96,50.31,50.23,entsoe.eu,false,""
2024-02-06T23:00:00.000000,Poland,Poland,PL,376.24,423.05,51.35,51.18,entsoe.eu,false,""
2024-02-07T00:00:00.000000,Poland,Poland,PL,385.91,433.17,50.2,50.06,entsoe.eu,false,""
2024-02-07T01:00:00.000000,Poland,Poland,PL,397.78,445.78,48.74,48.63,entsoe.eu,false,""
2024-02-07T02:00:00.000000,Poland,Poland,PL,414.79,463.98,46.46,46.32,entsoe.eu,false,""
2024-02-07T03:00:00.000000,Poland,Poland,PL,430.0,479.89,44.71,44.55,entsoe.eu,false,""
2024-02-07T04:00:00.000000,Poland,Poland,PL,425.4,474.94,45.59,45.4,entsoe.eu,false,""
2024-02-07T05:00:00.000000,Poland,Poland,PL,445.58,496.37,42.98,42.63,entsoe.eu,false,""
2024-02-07T06:00:00.000000,Poland,Poland,PL,474.71,526.8,39.43,39.19,entsoe.eu,false,""
2024-02-07T07:00:00.000000,Poland,Poland,PL,481.83,533.56,38.66,38.41,entsoe.eu,false,""
2024-02-07T08:00:00.000000,Poland,Poland,PL,480.51,532.32,38.9,38.11,entsoe.eu,false,""
2024-02-07T09:00:00.000000,Poland,Poland,PL,482.41,534.28,38.54,37.38,entsoe.eu,false,""
2024-02-07T10:00:00.000000,Poland,Poland,PL,478.61,531.11,38.94,37.44,entsoe.eu,false,""
2024-02-07T11:00:00.000000,Poland,Poland,PL,485.25,538.21,38.18,36.86,entsoe.eu,false,""
2024-02-07T12:00:00.000000,Poland,Poland,PL,493.09,546.35,37.4,36.31,entsoe.eu,false,""
2024-02-07T13:00:00.000000,Poland,Poland,PL,503.46,557.6,36.34,35.58,entsoe.eu,false,""
2024-02-07T14:00:00.000000,Poland,Poland,PL,533.43,589.27,32.55,31.9,entsoe.eu,false,""
2024-02-07T15:00:00.000000,Poland,Poland,PL,555.03,612.75,29.5,28.75,entsoe.eu,false,""
2024-02-07T16:00:00.000000,Poland,Poland,PL,585.06,642.88,25.82,25.43,entsoe.eu,false,""
2024-02-07T17:00:00.000000,Poland,Poland,PL,598.78,656.68,24.14,23.72,entsoe.eu,false,""
2024-02-07T18:00:00.000000,Poland,Poland,PL,594.21,653.56,24.49,23.37,entsoe.eu,false,""
2024-02-07T19:00:00.000000,Poland,Poland,PL,593.15,653.47,24.69,22.55,entsoe.eu,false,""
2024-02-07T20:00:00.000000,Poland,Poland,PL,583.41,644.33,26.15,23.16,entsoe.eu,false,""
2024-02-07T21:00:00.000000,Poland,Poland,PL,597.07,659.41,24.46,21.82,entsoe.eu,false,""
2024-02-07T22:00:00.000000,Poland,Poland,PL,620.25,684.55,21.47,19.59,entsoe.eu,false,""
2024-02-07T23:00:00.000000,Poland,Poland,PL,627.3,692.06,20.51,18.34,entsoe.eu,false,""
2024-02-08T00:00:00.000000,Poland,Poland,PL,645.16,710.88,18.18,16.29,entsoe.eu,false,""
2024-02-08T01:00:00.000000,Poland,Poland,PL,653.16,719.25,17.04,15.1,entsoe.eu,false,""
2024-02-08T02:00:00.000000,Poland,Poland,PL,650.58,716.74,17.58,15.37,entsoe.eu,false,""
2024-02-08T03:00:00.000000,Poland,Poland,PL,649.07,715.92,17.78,15.45,entsoe.eu,false,""
2024-02-08T04:00:00.000000,Poland,Poland,PL,664.7,732.08,15.78,14.15,entsoe.eu,false,""
2024-02-08T05:00:00.000000,Poland,Poland,PL,662.54,729.32,16.09,14.39,entsoe.eu,false,""
2024-02-08T06:00:00.000000,Poland,Poland,PL,670.83,737.39,15.28,14.31,entsoe.eu,false,""
2024-02-08T07:00:00.000000,Poland,Poland,PL,656.56,721.2,17.25,16.38,entsoe.eu,false,""
2024-02-08T08:00:00.000000,Poland,Poland,PL,605.03,668.35,23.33,20.57,entsoe.eu,false,""
2024-02-08T09:00:00.000000,Poland,Poland,PL,578.14,640.38,26.78,23.37,entsoe.eu,false,""
2024-02-08T10:00:00.000000,Poland,Poland,PL,576.52,638.42,26.93,23.8,entsoe.eu,false,""
2024-02-08T11:00:00.000000,Poland,Poland,PL,562.22,623.11,28.65,25.02,entsoe.eu,false,""
2024-02-08T12:00:00.000000,Poland,Poland,PL,563.63,624.9,28.38,23.87,entsoe.eu,false,""
2024-02-08T13:00:00.000000,Poland,Poland,PL,593.83,656.87,24.75,20.22,entsoe.eu,false,""
2024-02-08T14:00:00.000000,Poland,Poland,PL,642.86,708.47,18.57,15.17,entsoe.eu,false,""
2024-02-08T15:00:00.000000,Poland,Poland,PL,684.61,751.16,13.71,12.37,entsoe.eu,false,""
2024-02-08T16:00:00.000000,Poland,Poland,PL,682.98,748.46,13.92,12.93,entsoe.eu,false,""
2024-02-08T17:00:00.000000,Poland,Poland,PL,682.45,748.35,13.92,12.94,entsoe.eu,false,""
2024-02-08T18:00:00.000000,Poland,Poland,PL,679.72,746.4,14.08,12.91,entsoe.eu,false,""
2024-02-08T19:00:00.000000,Poland,Poland,PL,673.43,740.73,14.74,13.05,entsoe.eu,false,""
2024-02-08T20:00:00.000000,Poland,Poland,PL,668.57,736.8,15.16,13.08,entsoe.eu,false,""
2024-02-08T21:00:00.000000,Poland,Poland,PL,665.03,733.12,15.51,13.53,entsoe.eu,false,""
2024-02-08T22:00:00.000000,Poland,Poland,PL,671.46,739.08,15.24,13.08,entsoe.eu,false,""
2024-02-08T23:00:00.000000,Poland,Poland,PL,665.07,732.86,16.04,13.87,entsoe.eu,false,""
2024-02-09T00:00:00.000000,Poland,Poland,PL,662.39,730.11,16.34,14.31,entsoe.eu,false,""
2024-02-09T01:00:00.000000,Poland,Poland,PL,663.61,731.08,16.12,14.83,entsoe.eu,false,""
2024-02-09T02:00:00.000000,Poland,Poland,PL,654.74,721.29,17.23,16.08,entsoe.eu,false,""
2024-02-09T03:00:00.000000,Poland,Poland,PL,640.13,705.71,18.95,18.1,entsoe.eu,false,""
2024-02-09T04:00:00.000000,Poland,Poland,PL,624.24,688.88,20.83,20.07,entsoe.eu,false,""
2024-02-09T05:00:00.000000,Poland,Poland,PL,613.76,677.22,21.9,21.14,entsoe.eu,false,""
2024-02-09T06:00:00.000000,Poland,Poland,PL,599.19,660.85,23.95,23.21,entsoe.eu,false,""
2024-02-09T07:00:00.000000,Poland,Poland,PL,572.33,633.24,27.19,26.12,entsoe.eu,false,""
2024-02-09T08:00:00.000000,Poland,Poland,PL,560.66,620.94,28.6,27.25,entsoe.eu,false,""
2024-02-09T09:00:00.000000,Poland,Poland,PL,547.04,606.77,30.31,28.34,entsoe.eu,false,""
2024-02-09T10:00:00.000000,Poland,Poland,PL,538.21,597.27,31.69,30.12,entsoe.eu,false,""
2024-02-09T11:00:00.000000,Poland,Poland,PL,532.48,590.61,32.76,31.0,entsoe.eu,false,""
2024-02-09T12:00:00.000000,Poland,Poland,PL,525.25,583.31,33.24,31.56,entsoe.eu,false,""
2024-02-09T13:00:00.000000,Poland,Poland,PL,533.06,590.5,32.76,31.41,entsoe.eu,false,""
2024-02-09T14:00:00.000000,Poland,Poland,PL,540.48,598.23,31.67,30.56,entsoe.eu,false,""
2024-02-09T15:00:00.000000,Poland,Poland,PL,539.99,597.79,31.42,30.11,entsoe.eu,false,""
2024-02-09T16:00:00.000000,Poland,Poland,PL,549.87,607.94,29.94,28.65,entsoe.eu,false,""
2024-02-09T17:00:00.000000,Poland,Poland,PL,557.42,615.77,29.05,27.73,entsoe.eu,false,""
2024-02-09T18:00:00.000000,Poland,Poland,PL,566.48,625.04,28.22,26.75,entsoe.eu,false,""
2024-02-09T19:00:00.000000,Poland,Poland,PL,567.33,627.14,28.29,26.32,entsoe.eu,false,""
2024-02-09T20:00:00.000000,Poland,Poland,PL,569.9,630.43,27.83,26.2,entsoe.eu,false,""
2024-02-09T21:00:00.000000,Poland,Poland,PL,575.27,636.39,27.12,25.72,entsoe.eu,false,""
2024-02-09T22:00:00.000000,Poland,Poland,PL,594.56,656.96,24.4,23.15,entsoe.eu,false,""
2024-02-09T23:00:00.000000,Poland,Poland,PL,614.72,678.49,21.71,20.56,entsoe.eu,false,""
2024-02-10T00:00:00.000000,Poland,Poland,PL,619.41,684.18,20.9,19.65,entsoe.eu,false,""
2024-02-10T01:00:00.000000,Poland,Poland,PL,627.38,692.39,19.87,18.53,entsoe.eu,false,""
2024-02-10T02:00:00.000000,Poland,Poland,PL,638.11,703.3,18.6,17.25,entsoe.eu,false,""
2024-02-10T03:00:00.000000,Poland,Poland,PL,642.46,707.85,18.11,16.85,entsoe.eu,false,""
2024-02-10T04:00:00.000000,Poland,Poland,PL,640.76,706.59,18.35,16.99,entsoe.eu,false,""
2024-02-10T05:00:00.000000,Poland,Poland,PL,635.35,701.53,18.96,17.14,entsoe.eu,false,""
2024-02-10T06:00:00.000000,Poland,Poland,PL,620.42,685.45,20.99,18.28,entsoe.eu,false,""
2024-02-10T07:00:00.000000,Poland,Poland,PL,593.14,656.82,24.46,20.67,entsoe.eu,false,""
2024-02-10T08:00:00.000000,Poland,Poland,PL,582.09,644.71,26.04,22.89,entsoe.eu,false,""
2024-02-10T09:00:00.000000,Poland,Poland,PL,577.77,639.78,26.55,24.67,entsoe.eu,false,""
2024-02-10T10:00:00.000000,Poland,Poland,PL,572.29,633.8,26.93,25.71,entsoe.eu,false,""
2024-02-10T11:00:00.000000,Poland,Poland,PL,561.16,622.15,28.49,27.26,entsoe.eu,false,""
2024-02-10T12:00:00.000000,Poland,Poland,PL,556.05,617.82,28.91,27.44,entsoe.eu,false,""
2024-02-10T13:00:00.000000,Poland,Poland,PL,579.42,641.95,26.41,24.63,entsoe.eu,false,""
2024-02-10T14:00:00.000000,Poland,Poland,PL,608.9,672.14,22.69,20.57,entsoe.eu,false,""
2024-02-10T15:00:00.000000,Poland,Poland,PL,616.88,680.34,21.89,18.62,entsoe.eu,false,""
2024-02-10T16:00:00.000000,Poland,Poland,PL,615.51,678.0,22.16,19.39,entsoe.eu,false,""
2024-02-10T17:00:00.000000,Poland,Poland,PL,609.99,671.69,22.7,20.64,entsoe.eu,false,""
2024-02-10T18:00:00.000000,Poland,Poland,PL,602.27,664.05,23.48,21.02,entsoe.eu,false,""
2024-02-10T19:00:00.000000,Poland,Poland,PL,588.96,650.48,24.94,21.78,entsoe.eu,false,""
2024-02-10T20:00:00.000000,Poland,Poland,PL,591.75,653.49,24.25,22.06,entsoe.eu,false,""
2024-02-10T21:00:00.000000,Poland,Poland,PL,604.88,667.44,22.66,20.98,entsoe.eu,false,""
2024-02-10T22:00:00.000000,Poland,Poland,PL,596.36,658.84,23.64,22.07,entsoe.eu,false,""
2024-02-10T23:00:00.000000,Poland,Poland,PL,593.15,656.31,23.66,22.31,entsoe.eu,false,""
2024-02-11T00:00:00.000000,Poland,Poland,PL,574.25,636.5,26.13,23.69,entsoe.eu,false,""
2024-02-11T01:00:00.000000,Poland,Poland,PL,576.07,638.45,25.77,23.93,entsoe.eu,false,""
2024-02-11T02:00:00.000000,Poland,Poland,PL,561.58,623.05,27.6,25.0,entsoe.eu,false,""
2024-02-11T03:00:00.000000,Poland,Poland,PL,558.14,619.01,28.05,25.57,entsoe.eu,false,""
2024-02-11T04:00:00.000000,Poland,Poland,PL,552.79,613.49,28.75,26.28,entsoe.eu,false,""
2024-02-11T05:00:00.000000,Poland,Poland,PL,558.26,619.0,28.0,26.56,entsoe.eu,false,""
2024-02-11T06:00:00.000000,Poland,Poland,PL,536.26,595.92,30.88,29.33,entsoe.eu,false,""
2024-02-11T07:00:00.000000,Poland,Poland,PL,529.87,588.88,31.83,30.11,entsoe.eu,false,""
2024-02-11T08:00:00.000000,Poland,Poland,PL,525.78,584.69,32.41,30.67,entsoe.eu,false,""
2024-02-11T09:00:00.000000,Poland,Poland,PL,532.01,590.89,31.64,29.88,entsoe.eu,false,""
2024-02-11T10:00:00.000000,Poland,Poland,PL,538.81,597.6,31.05,29.27,entsoe.eu,false,""
2024-02-11T11:00:00.000000,Poland,Poland,PL,541.32,600.43,30.62,28.74,entsoe.eu,false,""
2024-02-11T12:00:00.000000,Poland,Poland,PL,544.94,604.69,30.13,27.95,entsoe.eu,false,""
2024-02-11T13:00:00.000000,Poland,Poland,PL,542.19,602.13,30.66,27.39,entsoe.eu,false,""
2024-02-11T14:00:00.000000,Poland,Poland,PL,544.72,604.46,30.32,27.09,entsoe.eu,false,""
2024-02-11T15:00:00.000000,Poland,Poland,PL,559.35,619.77,28.59,26.29,entsoe.eu,false,""
2024-02-11T16:00:00.000000,Poland,Poland,PL,565.94,625.05,27.48,25.97,entsoe.eu,false,""
2024-02-11T17:00:00.000000,Poland,Poland,PL,563.56,621.87,28.03,26.09,entsoe.eu,false,""
2024-02-11T18:00:00.000000,Poland,Poland,PL,566.31,625.07,27.78,25.28,entsoe.eu,false,""
2024-02-11T19:00:00.000000,Poland,Poland,PL,580.51,640.08,25.56,23.5,entsoe.eu,false,""
2024-02-11T20:00:00.000000,Poland,Poland,PL,584.15,645.36,25.09,22.85,entsoe.eu,false,""
2024-02-11T21:00:00.000000,Poland,Poland,PL,592.15,654.08,23.95,21.76,entsoe.eu,false,""
2024-02-11T22:00:00.000000,Poland,Poland,PL,600.77,663.54,22.85,21.02,entsoe.eu,false,""
2024-02-11T23:00:00.000000,Poland,Poland,PL,593.37,656.25,23.62,21.46,entsoe.eu,false,""
2024-02-12T00:00:00.000000,Poland,Poland,PL,593.03,655.97,23.6,21.49,entsoe.eu,false,""
2024-02-12T01:00:00.000000,Poland,Poland,PL,602.79,666.37,22.32,20.57,entsoe.eu,false,""
2024-02-12T02:00:00.000000,Poland,Poland,PL,604.58,668.16,22.2,20.34,entsoe.eu,false,""
2024-02-12T03:00:00.000000,Poland,Poland,PL,605.93,669.09,22.31,20.31,entsoe.eu,false,""
2024-02-12T04:00:00.000000,Poland,Poland,PL,604.55,667.95,22.7,20.94,entsoe.eu,false,""
2024-02-12T05:00:00.000000,Poland,Poland,PL,608.41,672.22,22.37,20.75,entsoe.eu,false,""
2024-02-12T06:00:00.000000,Poland,Poland,PL,606.04,669.27,22.85,21.19,entsoe.eu,false,""
2024-02-12T07:00:00.000000,Poland,Poland,PL,578.82,640.75,26.09,23.31,entsoe.eu,false,""
2024-02-12T08:00:00.000000,Poland,Poland,PL,554.5,614.92,28.95,25.72,entsoe.eu,false,""
2024-02-12T09:00:00.000000,Poland,Poland,PL,534.18,592.99,31.75,27.8,entsoe.eu,false,""
2024-02-12T10:00:00.000000,Poland,Poland,PL,520.82,579.49,33.44,29.67,entsoe.eu,false,""
2024-02-12T11:00:00.000000,Poland,Poland,PL,512.43,571.39,34.5,30.7,entsoe.eu,false,""
2024-02-12T12:00:00.000000,Poland,Poland,PL,512.18,571.31,34.52,31.0,entsoe.eu,false,""
2024-02-12T13:00:00.000000,Poland,Poland,PL,524.22,583.94,33.0,30.15,entsoe.eu,false,""
2024-02-12T14:00:00.000000,Poland,Poland,PL,533.78,593.23,31.72,29.22,entsoe.eu,false,""
2024-02-12T15:00:00.000000,Poland,Poland,PL,549.75,609.27,29.89,28.06,entsoe.eu,false,""
2024-02-12T16:00:00.000000,Poland,Poland,PL,558.51,617.85,28.74,26.93,entsoe.eu,false,""
2024-02-12T17:00:00.000000,Poland,Poland,PL,550.52,608.78,29.49,27.95,entsoe.eu,false,""
2024-02-12T18:00:00.000000,Poland,Poland,PL,547.87,606.11,29.81,28.29,entsoe.eu,false,""
2024-02-12T19:00:00.000000,Poland,Poland,PL,548.17,607.24,29.72,28.28,entsoe.eu,false,""
2024-02-12T20:00:00.000000,Poland,Poland,PL,548.71,607.59,29.97,28.66,entsoe.eu,false,""
2024-02-12T21:00:00.000000,Poland,Poland,PL,540.51,598.76,30.91,29.52,entsoe.eu,false,""
2024-02-12T22:00:00.000000,Poland,Poland,PL,522.01,579.81,32.87,31.32,entsoe.eu,false,""
2024-02-12T23:00:00.000000,Poland,Poland,PL,518.75,576.3,33.45,32.15,entsoe.eu,false,""
2024-02-13T00:00:00.000000,Poland,Poland,PL,517.15,574.82,33.61,32.27,entsoe.eu,false,""
2024-02-13T01:00:00.000000,Poland,Poland,PL,515.02,572.63,33.77,32.44,entsoe.eu,false,""
2024-02-13T02:00:00.000000,Poland,Poland,PL,519.39,576.13,33.65,32.29,entsoe.eu,false,""
2024-02-13T03:00:00.000000,Poland,Poland,PL,516.84,574.77,33.74,32.39,entsoe.eu,false,""
2024-02-13T04:00:00.000000,Poland,Poland,PL,522.83,580.66,33.09,31.87,entsoe.eu,false,""
2024-02-13T05:00:00.000000,Poland,Poland,PL,536.3,594.76,31.72,30.59,entsoe.eu,false,""
2024-02-13T06:00:00.000000,Poland,Poland,PL,548.51,608.3,29.96,28.91,entsoe.eu,false,""
2024-02-13T07:00:00.000000,Poland,Poland,PL,541.45,600.93,30.89,29.9,entsoe.eu,false,""
2024-02-13T08:00:00.000000,Poland,Poland,PL,526.54,584.75,32.77,31.74,entsoe.eu,false,""
2024-02-13T09:00:00.000000,Poland,Poland,PL,503.79,561.03,35.74,34.64,entsoe.eu,false,""
2024-02-13T10:00:00.000000,Poland,Poland,PL,488.29,544.24,38.06,36.89,entsoe.eu,false,""
2024-02-13T11:00:00.000000,Poland,Poland,PL,506.58,563.39,35.62,34.63,entsoe.eu,false,""
2024-02-13T12:00:00.000000,Poland,Poland,PL,524.85,582.79,33.06,32.11,entsoe.eu,false,""
2024-02-13T13:00:00.000000,Poland,Poland,PL,553.43,613.01,29.52,28.61,entsoe.eu,false,""
2024-02-13T14:00:00.000000,Poland,Poland,PL,567.35,629.51,27.77,26.41,entsoe.eu,false,""
2024-02-13T15:00:00.000000,Poland,Poland,PL,602.63,666.15,23.34,21.66,entsoe.eu,false,""
2024-02-13T16:00:00.000000,Poland,Poland,PL,624.63,688.62,20.73,18.89,entsoe.eu,false,""
2024-02-13T17:00:00.000000,Poland,Poland,PL,613.61,676.78,22.09,20.11,entsoe.eu,false,""
2024-02-13T18:00:00.000000,Poland,Poland,PL,607.18,670.24,23.0,21.24,entsoe.eu,false,""
2024-02-13T19:00:00.000000,Poland,Poland,PL,596.4,659.65,24.16,21.5,entsoe.eu,false,""
2024-02-13T20:00:00.000000,Poland,Poland,PL,587.33,650.72,25.07,22.06,entsoe.eu,false,""
2024-02-13T21:00:00.000000,Poland,Poland,PL,582.48,645.83,25.7,22.57,entsoe.eu,false,""
2024-02-13T22:00:00.000000,Poland,Poland,PL,578.16,641.1,26.34,23.44,entsoe.eu,false,""
2024-02-13T23:00:00.000000,Poland,Poland,PL,602.1,665.8,23.42,21.33,entsoe.eu,false,""
2024-02-14T00:00:00.000000,Poland,Poland,PL,610.1,673.85,22.72,20.47,entsoe.eu,false,""
2024-02-14T01:00:00.000000,Poland,Poland,PL,617.44,681.87,21.79,19.49,entsoe.eu,false,""
2024-02-14T02:00:00.000000,Poland,Poland,PL,626.58,691.3,20.66,18.36,entsoe.eu,false,""
2024-02-14T03:00:00.000000,Poland,Poland,PL,620.95,685.65,21.36,18.91,entsoe.eu,false,""
2024-02-14T04:00:00.000000,Poland,Poland,PL,621.67,686.83,20.93,18.77,entsoe.eu,false,""
2024-02-14T05:00:00.000000,Poland,Poland,PL,630.18,695.55,19.84,18.17,entsoe.eu,false,""
2024-02-14T06:00:00.000000,Poland,Poland,PL,619.32,682.93,21.55,20.06,entsoe.eu,false,""
2024-02-14T07:00:00.000000,Poland,Poland,PL,554.73,616.06,29.47,27.45,entsoe.eu,false,""
2024-02-14T08:00:00.000000,Poland,Poland,PL,517.67,577.97,34.05,32.92,entsoe.eu,false,""
2024-02-14T09:00:00.000000,Poland,Poland,PL,480.74,539.6,38.55,36.92,entsoe.eu,false,""
2024-02-14T10:00:00.000000,Poland,Poland,PL,459.64,517.74,41.07,38.87,entsoe.eu,false,""
2024-02-14T11:00:00.000000,Poland,Poland,PL,471.49,530.03,39.54,37.26,entsoe.eu,false,""
2024-02-14T12:00:00.000000,Poland,Poland,PL,499.86,558.92,36.02,33.62,entsoe.eu,false,""
2024-02-14T13:00:00.000000,Poland,Poland,PL,538.0,598.59,31.3,28.98,entsoe.eu,false,""
2024-02-14T14:00:00.000000,Poland,Poland,PL,580.36,642.98,26.12,22.87,entsoe.eu,false,""
2024-02-14T15:00:00.000000,Poland,Poland,PL,614.89,678.58,22.17,18.85,entsoe.eu,false,""
2024-02-14T16:00:00.000000,Poland,Poland,PL,626.19,689.1,21.02,18.27,entsoe.eu,false,""
2024-02-14T17:00:00.000000,Poland,Poland,PL,621.14,683.76,21.59,19.21,entsoe.eu,false,""
2024-02-14T18:00:00.000000,Poland,Poland,PL,613.61,676.28,22.46,20.15,entsoe.eu,false,""
2024-02-14T19:00:00.000000,Poland,Poland,PL,598.75,661.66,23.94,21.41,entsoe.eu,false,""
2024-02-14T20:00:00.000000,Poland,Poland,PL,600.91,663.89,23.77,21.74,entsoe.eu,false,""
2024-02-14T21:00:00.000000,Poland,Poland,PL,585.88,649.06,25.35,23.22,entsoe.eu,false,""
2024-02-14T22:00:00.000000,Poland,Poland,PL,594.95,658.03,23.92,21.81,entsoe.eu,false,""
2024-02-14T23:00:00.000000,Poland,Poland,PL,603.72,667.23,22.53,20.46,entsoe.eu,false,""
2024-02-15T00:00:00.000000,Poland,Poland,PL,605.62,669.66,22.31,20.13,entsoe.eu,false,""
2024-02-15T01:00:00.000000,Poland,Poland,PL,608.83,673.44,21.73,19.53,entsoe.eu,false,""
2024-02-15T02:00:00.000000,Poland,Poland,PL,614.0,678.67,21.06,18.79,entsoe.eu,false,""
2024-02-15T03:00:00.000000,Poland,Poland,PL,609.94,674.87,21.63,19.39,entsoe.eu,false,""
2024-02-15T04:00:00.000000,Poland,Poland,PL,606.39,671.46,22.19,19.94,entsoe.eu,false,""
2024-02-15T05:00:00.000000,Poland,Poland,PL,607.67,673.05,21.98,19.74,entsoe.eu,false,""
2024-02-15T06:00:00.000000,Poland,Poland,PL,604.46,669.7,22.16,20.07,entsoe.eu,false,""
2024-02-15T07:00:00.000000,Poland,Poland,PL,587.5,651.7,24.34,21.45,entsoe.eu,false,""
2024-02-15T08:00:00.000000,Poland,Poland,PL,560.35,623.42,28.02,23.68,entsoe.eu,false,""
2024-02-15T09:00:00.000000,Poland,Poland,PL,525.89,587.37,32.2,26.67,entsoe.eu,false,""
2024-02-15T10:00:00.000000,Poland,Poland,PL,519.29,580.67,32.98,27.53,entsoe.eu,false,""
2024-02-15T11:00:00.000000,Poland,Poland,PL,521.78,583.4,32.66,27.22,entsoe.eu,false,""
2024-02-15T12:00:00.000000,Poland,Poland,PL,524.21,585.87,32.49,26.92,entsoe.eu,false,""
2024-02-15T13:00:00.000000,Poland,Poland,PL,560.06,623.56,28.09,23.52,entsoe.eu,false,""
2024-02-15T14:00:00.000000,Poland,Poland,PL,593.44,658.04,24.0,19.91,entsoe.eu,false,""
2024-02-15T15:00:00.000000,Poland,Poland,PL,616.3,681.6,20.9,17.77,entsoe.eu,false,""
2024-02-15T16:00:00.000000,Poland,Poland,PL,614.82,679.35,21.02,18.14,entsoe.eu,false,""
2024-02-15T17:00:00.000000,Poland,Poland,PL,607.05,671.29,21.98,19.67,entsoe.eu,false,""
2024-02-15T18:00:00.000000,Poland,Poland,PL,598.39,662.38,23.03,20.73,entsoe.eu,false,""
2024-02-15T19:00:00.000000,Poland,Poland,PL,585.5,649.5,24.45,22.2,entsoe.eu,false,""
2024-02-15T20:00:00.000000,Poland,Poland,PL,577.47,641.01,25.75,23.22,entsoe.eu,false,""
2024-02-15T21:00:00.000000,Poland,Poland,PL,562.85,625.95,27.51,25.07,entsoe.eu,false,""
2024-02-15T22:00:00.000000,Poland,Poland,PL,547.82,610.44,29.38,26.72,entsoe.eu,false,""
2024-02-15T23:00:00.000000,Poland,Poland,PL,581.53,644.13,24.85,22.99,entsoe.eu,false,""
2024-02-16T00:00:00.000000,Poland,Poland,PL,587.6,649.3,24.85,22.92,entsoe.eu,false,""
2024-02-16T01:00:00.000000,Poland,Poland,PL,575.34,636.7,26.29,24.42,entsoe.eu,false,""
2024-02-16T02:00:00.000000,Poland,Poland,PL,563.94,624.83,27.7,25.8,entsoe.eu,false,""
2024-02-16T03:00:00.000000,Poland,Poland,PL,559.98,620.72,28.28,26.53,entsoe.eu,false,""
2024-02-16T04:00:00.000000,Poland,Poland,PL,556.56,616.74,28.68,27.12,entsoe.eu,false,""
2024-02-16T05:00:00.000000,Poland,Poland,PL,552.93,610.59,29.11,27.85,entsoe.eu,false,""
2024-02-16T06:00:00.000000,Poland,Poland,PL,536.08,591.97,31.71,30.64,entsoe.eu,false,""
2024-02-16T07:00:00.000000,Poland,Poland,PL,487.42,541.97,37.66,36.59,entsoe.eu,false,""
2024-02-16T08:00:00.000000,Poland,Poland,PL,438.49,492.59,43.71,42.52,entsoe.eu,false,""
2024-02-16T09:00:00.000000,Poland,Poland,PL,385.84,438.19,50.18,49.0,entsoe.eu,false,""
2024-02-16T10:00:00.000000,Poland,Poland,PL,364.42,415.83,52.85,52.0,entsoe.eu,false,""
2024-02-16T11:00:00.000000,Poland,Poland,PL,361.25,412.7,53.01,52.24,entsoe.eu,false,""
2024-02-16T12:00:00.000000,Poland,Poland,PL,368.44,420.05,51.92,50.75,entsoe.eu,false,""
2024-02-16T13:00:00.000000,Poland,Poland,PL,400.35,453.13,47.75,46.63,entsoe.eu,false,""
2024-02-16T14:00:00.000000,Poland,Poland,PL,459.13,513.96,39.98,39.02,entsoe.eu,false,""
2024-02-16T15:00:00.000000,Poland,Poland,PL,504.21,560.51,34.38,33.28,entsoe.eu,false,""
2024-02-16T16:00:00.000000,Poland,Poland,PL,503.53,558.76,34.84,33.6,entsoe.eu,false,""
2024-02-16T17:00:00.000000,Poland,Poland,PL,487.05,541.09,36.91,35.73,entsoe.eu,false,""
2024-02-16T18:00:00.000000,Poland,Poland,PL,479.35,532.99,37.86,36.74,entsoe.eu,false,""
2024-02-16T19:00:00.000000,Poland,Poland,PL,476.21,529.65,38.56,37.44,entsoe.eu,false,""
2024-02-16T20:00:00.000000,Poland,Poland,PL,484.85,539.67,37.06,35.9,entsoe.eu,false,""
2024-02-16T21:00:00.000000,Poland,Poland,PL,478.45,534.01,37.65,36.47,entsoe.eu,false,""
2024-02-16T22:00:00.000000,Poland,Poland,PL,464.95,519.89,39.28,38.1,entsoe.eu,false,""
2024-02-16T23:00:00.000000,Poland,Poland,PL,463.3,518.17,39.66,38.4,entsoe.eu,false,""
2024-02-17T00:00:00.000000,Poland,Poland,PL,467.44,523.03,38.93,37.64,entsoe.eu,false,""
2024-02-17T01:00:00.000000,Poland,Poland,PL,468.97,524.56,38.72,37.43,entsoe.eu,false,""
2024-02-17T02:00:00.000000,Poland,Poland,PL,472.93,528.86,38.24,36.83,entsoe.eu,false,""
2024-02-17T03:00:00.000000,Poland,Poland,PL,475.52,531.92,37.96,36.5,entsoe.eu,false,""
2024-02-17T04:00:00.000000,Poland,Poland,PL,483.7,540.69,36.91,35.45,entsoe.eu,false,""
2024-02-17T05:00:00.000000,Poland,Poland,PL,487.61,544.75,36.51,35.06,entsoe.eu,false,""
2024-02-17T06:00:00.000000,Poland,Poland,PL,482.44,538.68,37.07,35.77,entsoe.eu,false,""
2024-02-17T07:00:00.000000,Poland,Poland,PL,466.43,521.09,39.38,38.08,entsoe.eu,false,""
2024-02-17T08:00:00.000000,Poland,Poland,PL,463.19,517.22,39.97,38.62,entsoe.eu,false,""
2024-02-17T09:00:00.000000,Poland,Poland,PL,449.95,503.08,41.69,40.68,entsoe.eu,false,""
2024-02-17T10:00:00.000000,Poland,Poland,PL,427.03,478.44,44.53,43.47,entsoe.eu,false,""
2024-02-17T11:00:00.000000,Poland,Poland,PL,414.39,464.99,46.03,44.89,entsoe.eu,false,""
2024-02-17T12:00:00.000000,Poland,Poland,PL,429.97,482.23,44.07,42.87,entsoe.eu,false,""
2024-02-17T13:00:00.000000,Poland,Poland,PL,455.07,509.39,40.71,39.66,entsoe.eu,false,""
2024-02-17T14:00:00.000000,Poland,Poland,PL,487.55,543.85,36.56,35.23,entsoe.eu,false,""
2024-02-17T15:00:00.000000,Poland,Poland,PL,504.86,562.49,34.52,32.89,entsoe.eu,false,""
2024-02-17T16:00:00.000000,Poland,Poland,PL,519.61,577.52,32.25,30.6,entsoe.eu,false,""
2024-02-17T17:00:00.000000,Poland,Poland,PL,546.37,604.71,28.62,27.44,entsoe.eu,false,""
2024-02-17T18:00:00.000000,Poland,Poland,PL,548.59,608.46,28.11,26.61,entsoe.eu,false,""
2024-02-17T19:00:00.000000,Poland,Poland,PL,563.59,624.92,26.54,24.85,entsoe.eu,false,""
2024-02-17T20:00:00.000000,Poland,Poland,PL,584.63,647.55,23.77,22.17,entsoe.eu,false,""
2024-02-17T21:00:00.000000,Poland,Poland,PL,608.19,673.22,20.95,19.34,entsoe.eu,false,""
2024-02-17T22:00:00.000000,Poland,Poland,PL,610.83,678.38,20.14,18.3,entsoe.eu,false,""
2024-02-17T23:00:00.000000,Poland,Poland,PL,613.71,682.82,19.48,17.36,entsoe.eu,false,""
2024-02-18T00:00:00.000000,Poland,Poland,PL,627.39,697.72,17.42,15.27,entsoe.eu,false,""
2024-02-18T01:00:00.000000,Poland,Poland,PL,633.55,704.49,16.73,14.55,entsoe.eu,false,""
2024-02-18T02:00:00.000000,Poland,Poland,PL,636.85,707.92,16.4,14.25,entsoe.eu,false,""
2024-02-18T03:00:00.000000,Poland,Poland,PL,639.32,710.64,16.18,14.02,entsoe.eu,false,""
2024-02-18T04:00:00.000000,Poland,Poland,PL,631.56,702.74,17.16,14.84,entsoe.eu,false,""
2024-02-18T05:00:00.000000,Poland,Poland,PL,630.1,701.0,17.82,15.71,entsoe.eu,false,""
2024-02-18T06:00:00.000000,Poland,Poland,PL,615.81,685.63,19.67,17.72,entsoe.eu,false,""
2024-02-18T07:00:00.000000,Poland,Poland,PL,587.96,655.09,23.47,21.84,entsoe.eu,false,""
2024-02-18T08:00:00.000000,Poland,Poland,PL,554.36,618.87,27.99,26.67,entsoe.eu,false,""
2024-02-18T09:00:00.000000,Poland,Poland,PL,514.87,577.34,33.17,32.19,entsoe.eu,false,""
2024-02-18T10:00:00.000000,Poland,Poland,PL,478.43,539.0,38.04,37.2,entsoe.eu,false,""
2024-02-18T11:00:00.000000,Poland,Poland,PL,457.28,516.8,40.79,39.62,entsoe.eu,false,""
2024-02-18T12:00:00.000000,Poland,Poland,PL,471.14,531.32,38.86,37.63,entsoe.eu,false,""
2024-02-18T13:00:00.000000,Poland,Poland,PL,493.75,554.81,35.84,34.56,entsoe.eu,false,""
2024-02-18T14:00:00.000000,Poland,Poland,PL,544.35,607.76,29.19,28.0,entsoe.eu,false,""
2024-02-18T15:00:00.000000,Poland,Poland,PL,580.25,644.08,24.74,23.36,entsoe.eu,false,""
2024-02-18T16:00:00.000000,Poland,Poland,PL,572.93,634.37,26.23,24.83,entsoe.eu,false,""
2024-02-18T17:00:00.000000,Poland,Poland,PL,543.4,602.05,29.85,28.63,entsoe.eu,false,""
2024-02-18T18:00:00.000000,Poland,Poland,PL,515.8,572.83,33.38,32.17,entsoe.eu,false,""
2024-02-18T19:00:00.000000,Poland,Poland,PL,502.63,559.82,34.86,33.68,entsoe.eu,false,""
2024-02-18T20:00:00.000000,Poland,Poland,PL,503.49,560.85,34.69,33.5,entsoe.eu,false,""
2024-02-18T21:00:00.000000,Poland,Poland,PL,492.43,549.78,35.81,34.58,entsoe.eu,false,""
2024-02-18T22:00:00.000000,Poland,Poland,PL,481.25,537.85,37.13,35.78,entsoe.eu,false,""
2024-02-18T23:00:00.000000,Poland,Poland,PL,467.8,523.43,39.16,37.78,entsoe.eu,false,""
2024-02-19T00:00:00.000000,Poland,Poland,PL,475.41,531.5,38.2,37.15,entsoe.eu,false,""
2024-02-19T01:00:00.000000,Poland,Poland,PL,476.02,532.1,38.11,36.65,entsoe.eu,false,""
2024-02-19T02:00:00.000000,Poland,Poland,PL,488.9,546.08,36.5,35.82,entsoe.eu,false,""
2024-02-19T03:00:00.000000,Poland,Poland,PL,492.03,549.74,36.12,35.83,entsoe.eu,false,""
2024-02-19T04:00:00.000000,Poland,Poland,PL,507.67,566.51,34.03,33.64,entsoe.eu,false,""
2024-02-19T05:00:00.000000,Poland,Poland,PL,520.92,580.33,31.98,30.6,entsoe.eu,false,""
2024-02-19T06:00:00.000000,Poland,Poland,PL,514.39,572.33,32.91,31.63,entsoe.eu,false,""
2024-02-19T07:00:00.000000,Poland,Poland,PL,502.36,560.08,34.56,33.39,entsoe.eu,false,""
2024-02-19T08:00:00.000000,Poland,Poland,PL,488.21,546.45,36.44,35.23,entsoe.eu,false,""
2024-02-19T09:00:00.000000,Poland,Poland,PL,483.77,541.93,37.27,35.99,entsoe.eu,false,""
2024-02-19T10:00:00.000000,Poland,Poland,PL,474.13,531.87,38.34,37.27,entsoe.eu,false,""
2024-02-19T11:00:00.000000,Poland,Poland,PL,473.53,530.6,38.53,37.41,entsoe.eu,false,""
2024-02-19T12:00:00.000000,Poland,Poland,PL,488.97,545.87,36.5,35.31,entsoe.eu,false,""
2024-02-19T13:00:00.000000,Poland,Poland,PL,487.69,544.69,36.57,35.35,entsoe.eu,false,""
2024-02-19T14:00:00.000000,Poland,Poland,PL,499.31,556.99,34.96,33.59,entsoe.eu,false,""
2024-02-19T15:00:00.000000,Poland,Poland,PL,515.55,573.28,33.17,31.9,entsoe.eu,false,""
2024-02-19T16:00:00.000000,Poland,Poland,PL,522.19,579.91,32.42,31.19,entsoe.eu,false,""
2024-02-19T17:00:00.000000,Poland,Poland,PL,534.39,593.07,30.81,29.97,entsoe.eu,false,""
2024-02-19T18:00:00.000000,Poland,Poland,PL,516.96,575.36,32.91,31.56,entsoe.eu,false,""
2024-02-19T19:00:00.000000,Poland,Poland,PL,510.85,568.74,33.99,32.62,entsoe.eu,false,""
2024-02-19T20:00:00.000000,Poland,Poland,PL,511.86,569.93,33.99,32.67,entsoe.eu,false,""
2024-02-19T21:00:00.000000,Poland,Poland,PL,509.62,567.26,34.51,33.12,entsoe.eu,false,""
2024-02-19T22:00:00.000000,Poland,Poland,PL,519.44,577.13,33.34,32.19,entsoe.eu,false,""
2024-02-19T23:00:00.000000,Poland,Poland,PL,516.93,574.78,33.64,32.11,entsoe.eu,false,""
2024-02-20T00:00:00.000000,Poland,Poland,PL,515.05,573.08,33.85,32.24,entsoe.eu,false,""
2024-02-20T01:00:00.000000,Poland,Poland,PL,516.08,573.98,33.72,32.17,entsoe.eu,false,""
2024-02-20T02:00:00.000000,Poland,Poland,PL,526.59,585.19,32.42,30.84,entsoe.eu,false,""
2024-02-20T03:00:00.000000,Poland,Poland,PL,539.42,598.52,31.0,29.49,entsoe.eu,false,""
2024-02-20T04:00:00.000000,Poland,Poland,PL,552.82,613.41,29.13,28.1,entsoe.eu,false,""
2024-02-20T05:00:00.000000,Poland,Poland,PL,549.96,609.97,29.44,27.94,entsoe.eu,false,""
2024-02-20T06:00:00.000000,Poland,Poland,PL,562.9,622.22,27.89,26.99,entsoe.eu,false,""
2024-02-20T07:00:00.000000,Poland,Poland,PL,555.93,614.92,28.76,28.37,entsoe.eu,false,""
2024-02-20T08:00:00.000000,Poland,Poland,PL,532.24,590.58,31.99,31.25,entsoe.eu,false,""
2024-02-20T09:00:00.000000,Poland,Poland,PL,517.44,575.85,33.78,32.95,entsoe.eu,false,""
2024-02-20T10:00:00.000000,Poland,Poland,PL,517.98,576.54,33.58,33.25,entsoe.eu,false,""
2024-02-20T11:00:00.000000,Poland,Poland,PL,501.48,558.99,35.87,35.39,entsoe.eu,false,""
2024-02-20T12:00:00.000000,Poland,Poland,PL,501.51,559.28,35.88,35.1,entsoe.eu,false,""
2024-02-20T13:00:00.000000,Poland,Poland,PL,513.45,571.53,34.46,33.25,entsoe.eu,false,""
2024-02-20T14:00:00.000000,Poland,Poland,PL,543.02,602.83,30.46,29.39,entsoe.eu,false,""
2024-02-20T15:00:00.000000,Poland,Poland,PL,558.72,619.64,28.18,26.89,entsoe.eu,false,""
2024-02-20T16:00:00.000000,Poland,Poland,PL,565.12,625.18,27.47,26.17,entsoe.eu,false,""
2024-02-20T17:00:00.000000,Poland,Poland,PL,572.79,633.27,26.52,25.36,entsoe.eu,false,""
2024-02-20T18:00:00.000000,Poland,Poland,PL,587.83,649.56,24.68,23.6,entsoe.eu,false,""
2024-02-20T19:00:00.000000,Poland,Poland,PL,591.98,654.66,24.09,22.99,entsoe.eu,false,""
2024-02-20T20:00:00.000000,Poland,Poland,PL,593.15,655.72,23.89,22.89,entsoe.eu,false,""
2024-02-20T21:00:00.000000,Poland,Poland,PL,586.84,649.37,24.55,23.49,entsoe.eu,false,""
2024-02-20T22:00:00.000000,Poland,Poland,PL,566.92,629.25,26.89,25.68,entsoe.eu,false,""
2024-02-20T23:00:00.000000,Poland,Poland,PL,580.48,643.05,25.35,24.2,entsoe.eu,false,""
2024-02-21T00:00:00.000000,Poland,Poland,PL,586.93,650.01,24.3,23.14,entsoe.eu,false,""
2024-02-21T01:00:00.000000,Poland,Poland,PL,586.67,650.08,24.19,23.02,entsoe.eu,false,""
2024-02-21T02:00:00.000000,Poland,Poland,PL,582.68,645.51,24.81,23.65,entsoe.eu,false,""
2024-02-21T03:00:00.000000,Poland,Poland,PL,575.99,638.23,25.65,24.45,entsoe.eu,false,""
2024-02-21T04:00:00.000000,Poland,Poland,PL,565.48,626.75,27.35,26.12,entsoe.eu,false,""
2024-02-21T05:00:00.000000,Poland,Poland,PL,555.85,616.54,28.48,27.25,entsoe.eu,false,""
2024-02-21T06:00:00.000000,Poland,Poland,PL,544.75,604.4,29.96,28.79,entsoe.eu,false,""
2024-02-21T07:00:00.000000,Poland,Poland,PL,530.58,589.27,31.87,31.0,entsoe.eu,false,""
2024-02-21T08:00:00.000000,Poland,Poland,PL,505.24,562.75,35.44,34.8,entsoe.eu,false,""
2024-02-21T09:00:00.000000,Poland,Poland,PL,489.85,546.24,37.56,37.32,entsoe.eu,false,""
2024-02-21T10:00:00.000000,Poland,Poland,PL,477.47,533.21,39.02,38.84,entsoe.eu,false,""
2024-02-21T11:00:00.000000,Poland,Poland,PL,467.84,523.18,40.13,39.93,entsoe.eu,false,""
2024-02-21T12:00:00.000000,Poland,Poland,PL,478.31,533.61,38.86,38.63,entsoe.eu,false,""
2024-02-21T13:00:00.000000,Poland,Poland,PL,497.37,553.65,36.38,35.93,entsoe.eu,false,""
2024-02-21T14:00:00.000000,Poland,Poland,PL,514.85,572.53,33.84,33.02,entsoe.eu,false,""
2024-02-21T15:00:00.000000,Poland,Poland,PL,524.84,583.18,32.58,31.31,entsoe.eu,false,""
2024-02-21T16:00:00.000000,Poland,Poland,PL,539.63,597.98,30.38,29.13,entsoe.eu,false,""
2024-02-21T17:00:00.000000,Poland,Poland,PL,534.22,592.44,30.89,29.54,entsoe.eu,false,""
2024-02-21T18:00:00.000000,Poland,Poland,PL,529.29,587.39,31.3,29.92,entsoe.eu,false,""
2024-02-21T19:00:00.000000,Poland,Poland,PL,529.04,587.86,31.32,29.92,entsoe.eu,false,""
2024-02-21T20:00:00.000000,Poland,Poland,PL,538.1,597.17,30.56,29.13,entsoe.eu,false,""
2024-02-21T21:00:00.000000,Poland,Poland,PL,532.36,591.95,31.24,29.59,entsoe.eu,false,""
2024-02-21T22:00:00.000000,Poland,Poland,PL,523.44,582.13,32.24,30.6,entsoe.eu,false,""
2024-02-21T23:00:00.000000,Poland,Poland,PL,522.07,580.98,32.47,31.67,entsoe.eu,false,""
2024-02-22T00:00:00.000000,Poland,Poland,PL,513.68,572.21,33.51,32.33,entsoe.eu,false,""
2024-02-22T01:00:00.000000,Poland,Poland,PL,521.6,580.41,32.56,31.19,entsoe.eu,false,""
2024-02-22T02:00:00.000000,Poland,Poland,PL,525.21,584.34,32.09,30.59,entsoe.eu,false,""
2024-02-22T03:00:00.000000,Poland,Poland,PL,524.78,583.66,32.23,30.71,entsoe.eu,false,""
2024-02-22T04:00:00.000000,Poland,Poland,PL,524.82,583.49,32.35,30.92,entsoe.eu,false,""
2024-02-22T05:00:00.000000,Poland,Poland,PL,524.07,582.82,32.17,30.91,entsoe.eu,false,""
2024-02-22T06:00:00.000000,Poland,Poland,PL,514.6,572.94,33.08,31.87,entsoe.eu,false,""
2024-02-22T07:00:00.000000,Poland,Poland,PL,495.08,551.97,36.09,34.86,entsoe.eu,false,""
2024-02-22T08:00:00.000000,Poland,Poland,PL,490.3,547.02,37.28,36.1,entsoe.eu,false,""
2024-02-22T09:00:00.000000,Poland,Poland,PL,489.5,546.04,37.34,36.31,entsoe.eu,false,""
2024-02-22T10:00:00.000000,Poland,Poland,PL,484.06,540.47,37.97,36.86,entsoe.eu,false,""
2024-02-22T11:00:00.000000,Poland,Poland,PL,481.55,538.21,38.32,36.85,entsoe.eu,false,""
2024-02-22T12:00:00.000000,Poland,Poland,PL,491.15,548.57,36.76,35.23,entsoe.eu,false,""
2024-02-22T13:00:00.000000,Poland,Poland,PL,508.39,565.81,34.47,33.44,entsoe.eu,false,""
2024-02-22T14:00:00.000000,Poland,Poland,PL,505.83,562.56,34.82,33.54,entsoe.eu,false,""
2024-02-22T15:00:00.000000,Poland,Poland,PL,511.05,567.83,34.05,32.88,entsoe.eu,false,""
2024-02-22T16:00:00.000000,Poland,Poland,PL,507.79,564.22,34.21,33.08,entsoe.eu,false,""
2024-02-22T17:00:00.000000,Poland,Poland,PL,495.59,551.28,35.75,34.65,entsoe.eu,false,""
2024-02-22T18:00:00.000000,Poland,Poland,PL,489.35,544.59,36.5,35.5,entsoe.eu,false,""
2024-02-22T19:00:00.000000,Poland,Poland,PL,483.54,537.92,37.6,36.5,entsoe.eu,false,""
2024-02-22T20:00:00.000000,Poland,Poland,PL,478.69,533.46,38.08,37.35,entsoe.eu,false,""
2024-02-22T21:00:00.000000,Poland,Poland,PL,452.18,504.99,41.3,40.7,entsoe.eu,false,""
2024-02-22T22:00:00.000000,Poland,Poland,PL,419.09,470.48,45.11,44.42,entsoe.eu,false,""
2024-02-22T23:00:00.000000,Poland,Poland,PL,410.55,461.76,46.29,46.13,entsoe.eu,false,""
2024-02-23T00:00:00.000000,Poland,Poland,PL,404.41,454.87,47.14,47.01,entsoe.eu,false,""
2024-02-23T01:00:00.000000,Poland,Poland,PL,402.24,452.45,47.42,47.35,entsoe.eu,false,""
2024-02-23T02:00:00.000000,Poland,Poland,PL,401.27,451.46,47.53,47.43,entsoe.eu,false,""
2024-02-23T03:00:00.000000,Poland,Poland,PL,401.98,452.07,47.48,47.32,entsoe.eu,false,""
2024-02-23T04:00:00.000000,Poland,Poland,PL,402.57,453.03,47.35,46.86,entsoe.eu,false,""
2024-02-23T05:00:00.000000,Poland,Poland,PL,424.71,477.12,44.25,43.58,entsoe.eu,false,""
2024-02-23T06:00:00.000000,Poland,Poland,PL,442.53,495.53,42.08,41.35,entsoe.eu,false,""
2024-02-23T07:00:00.000000,Poland,Poland,PL,459.35,513.37,40.1,39.18,entsoe.eu,false,""
2024-02-23T08:00:00.000000,Poland,Poland,PL,459.06,513.75,40.28,39.21,entsoe.eu,false,""
2024-02-23T09:00:00.000000,Poland,Poland,PL,459.15,515.14,40.11,38.89,entsoe.eu,false,""
2024-02-23T10:00:00.000000,Poland,Poland,PL,461.54,518.07,40.35,39.01,entsoe.eu,false,""
2024-02-23T11:00:00.000000,Poland,Poland,PL,489.73,548.61,36.52,35.14,entsoe.eu,false,""
2024-02-23T12:00:00.000000,Poland,Poland,PL,521.74,583.01,32.3,30.76,entsoe.eu,false,""
2024-02-23T13:00:00.000000,Poland,Poland,PL,558.3,620.9,27.94,26.64,entsoe.eu,false,""
2024-02-23T14:00:00.000000,Poland,Poland,PL,583.32,646.71,24.76,23.36,entsoe.eu,false,""
2024-02-23T15:00:00.000000,Poland,Poland,PL,607.74,671.44,21.68,19.44,entsoe.eu,false,""
2024-02-23T16:00:00.000000,Poland,Poland,PL,614.47,677.7,20.91,17.68,entsoe.eu,false,""
2024-02-23T17:00:00.000000,Poland,Poland,PL,632.47,696.34,18.78,17.13,entsoe.eu,false,""
2024-02-23T18:00:00.000000,Poland,Poland,PL,628.23,692.1,19.33,17.72,entsoe.eu,false,""
2024-02-23T19:00:00.000000,Poland,Poland,PL,616.74,680.63,20.62,18.78,entsoe.eu,false,""
2024-02-23T20:00:00.000000,Poland,Poland,PL,614.68,679.61,20.8,19.0,entsoe.eu,false,""
2024-02-23T21:00:00.000000,Poland,Poland,PL,620.54,686.67,19.73,18.3,entsoe.eu,false,""
2024-02-23T22:00:00.000000,Poland,Poland,PL,622.87,689.81,19.23,17.71,entsoe.eu,false,""
2024-02-23T23:00:00.000000,Poland,Poland,PL,625.66,693.33,18.36,16.87,entsoe.eu,false,""
2024-02-24T00:00:00.000000,Poland,Poland,PL,621.86,689.47,18.67,17.01,entsoe.eu,false,""
2024-02-24T01:00:00.000000,Poland,Poland,PL,614.92,681.38,19.42,17.71,entsoe.eu,false,""
2024-02-24T02:00:00.000000,Poland,Poland,PL,588.53,652.31,23.06,21.24,entsoe.eu,false,""
2024-02-24T03:00:00.000000,Poland,Poland,PL,564.46,627.05,26.22,24.45,entsoe.eu,false,""
2024-02-24T04:00:00.000000,Poland,Poland,PL,553.87,615.56,27.87,26.2,entsoe.eu,false,""
2024-02-24T05:00:00.000000,Poland,Poland,PL,545.03,605.65,28.85,27.22,entsoe.eu,false,""
2024-02-24T06:00:00.000000,Poland,Poland,PL,540.0,600.25,29.51,27.76,entsoe.eu,false,""
2024-02-24T07:00:00.000000,Poland,Poland,PL,512.29,571.31,32.92,31.15,entsoe.eu,false,""
2024-02-24T08:00:00.000000,Poland,Poland,PL,479.17,536.53,37.18,35.46,entsoe.eu,false,""
2024-02-24T09:00:00.000000,Poland,Poland,PL,436.24,491.38,43.07,41.32,entsoe.eu,false,""
2024-02-24T10:00:00.000000,Poland,Poland,PL,406.86,460.83,46.98,45.33,entsoe.eu,false,""
2024-02-24T11:00:00.000000,Poland,Poland,PL,406.82,461.01,46.89,45.34,entsoe.eu,false,""
2024-02-24T12:00:00.000000,Poland,Poland,PL,409.21,463.92,46.7,45.17,entsoe.eu,false,""
2024-02-24T13:00:00.000000,Poland,Poland,PL,427.53,483.79,44.28,42.89,entsoe.eu,false,""
2024-02-24T14:00:00.000000,Poland,Poland,PL,481.18,540.22,37.29,35.89,entsoe.eu,false,""
2024-02-24T15:00:00.000000,Poland,Poland,PL,540.36,602.47,29.45,27.65,entsoe.eu,false,""
2024-02-24T16:00:00.000000,Poland,Poland,PL,561.66,623.03,26.54,24.72,entsoe.eu,false,""
2024-02-24T17:00:00.000000,Poland,Poland,PL,539.73,599.17,29.23,27.43,entsoe.eu,false,""
2024-02-24T18:00:00.000000,Poland,Poland,PL,517.84,574.28,32.89,31.06,entsoe.eu,false,""
2024-02-24T19:00:00.000000,Poland,Poland,PL,495.49,551.6,35.52,33.66,entsoe.eu,false,""
2024-02-24T20:00:00.000000,Poland,Poland,PL,501.67,558.8,34.6,32.77,entsoe.eu,false,""
2024-02-24T21:00:00.000000,Poland,Poland,PL,527.54,586.79,31.28,29.59,entsoe.eu,false,""
2024-02-24T22:00:00.000000,Poland,Poland,PL,531.21,591.36,30.7,28.7,entsoe.eu,false,""
2024-02-24T23:00:00.000000,Poland,Poland,PL,537.51,598.01,29.76,27.65,entsoe.eu,false,""
2024-02-25T00:00:00.000000,Poland,Poland,PL,542.53,603.75,28.95,26.62,entsoe.eu,false,""
2024-02-25T01:00:00.000000,Poland,Poland,PL,550.46,612.51,27.96,25.44,entsoe.eu,false,""
2024-02-25T02:00:00.000000,Poland,Poland,PL,557.56,620.17,27.03,24.44,entsoe.eu,false,""
2024-02-25T03:00:00.000000,Poland,Poland,PL,559.13,621.64,26.91,24.58,entsoe.eu,false,""
2024-02-25T04:00:00.000000,Poland,Poland,PL,559.04,621.21,26.92,24.59,entsoe.eu,false,""
2024-02-25T05:00:00.000000,Poland,Poland,PL,548.1,609.34,28.3,26.0,entsoe.eu,false,""
2024-02-25T06:00:00.000000,Poland,Poland,PL,510.31,570.62,33.1,31.05,entsoe.eu,false,""
2024-02-25T07:00:00.000000,Poland,Poland,PL,459.68,518.66,39.56,38.78,entsoe.eu,false,""
2024-02-25T08:00:00.000000,Poland,Poland,PL,438.6,497.73,42.02,41.5,entsoe.eu,false,""
2024-02-25T09:00:00.000000,Poland,Poland,PL,407.33,464.48,46.83,46.37,entsoe.eu,false,""
2024-02-25T10:00:00.000000,Poland,Poland,PL,387.92,444.06,49.42,48.76,entsoe.eu,false,""
2024-02-25T11:00:00.000000,Poland,Poland,PL,393.76,450.11,48.61,47.72,entsoe.eu,false,""
2024-02-25T12:00:00.000000,Poland,Poland,PL,428.89,487.14,43.83,42.61,entsoe.eu,false,""
2024-02-25T13:00:00.000000,Poland,Poland,PL,480.34,541.18,36.69,34.85,entsoe.eu,false,""
2024-02-25T14:00:00.000000,Poland,Poland,PL,550.73,614.94,27.48,25.54,entsoe.eu,false,""
2024-02-25T15:00:00.000000,Poland,Poland,PL,598.51,664.62,21.59,19.23,entsoe.eu,false,""
2024-02-25T16:00:00.000000,Poland,Poland,PL,604.97,668.96,20.91,18.06,entsoe.eu,false,""
2024-02-25T17:00:00.000000,Poland,Poland,PL,591.09,652.68,22.7,20.08,entsoe.eu,false,""
2024-02-25T18:00:00.000000,Poland,Poland,PL,569.11,630.12,25.47,21.89,entsoe.eu,false,""
2024-02-25T19:00:00.000000,Poland,Poland,PL,573.09,635.28,25.77,21.46,entsoe.eu,false,""
2024-02-25T20:00:00.000000,Poland,Poland,PL,585.19,649.41,23.6,20.0,entsoe.eu,false,""
2024-02-25T21:00:00.000000,Poland,Poland,PL,598.84,664.45,21.71,17.76,entsoe.eu,false,""
2024-02-25T22:00:00.000000,Poland,Poland,PL,587.93,652.77,23.32,18.02,entsoe.eu,false,""
2024-02-25T23:00:00.000000,Poland,Poland,PL,620.12,687.59,18.73,15.6,entsoe.eu,false,""
2024-02-26T00:00:00.000000,Poland,Poland,PL,633.14,701.3,17.27,14.01,entsoe.eu,false,""
2024-02-26T01:00:00.000000,Poland,Poland,PL,640.54,708.89,16.6,13.34,entsoe.eu,false,""
2024-02-26T02:00:00.000000,Poland,Poland,PL,638.48,706.78,16.9,13.64,entsoe.eu,false,""
2024-02-26T03:00:00.000000,Poland,Poland,PL,644.72,712.51,16.79,13.85,entsoe.eu,false,""
2024-02-26T04:00:00.000000,Poland,Poland,PL,644.06,712.78,16.7,14.36,entsoe.eu,false,""
2024-02-26T05:00:00.000000,Poland,Poland,PL,623.86,691.07,19.16,16.32,entsoe.eu,false,""
2024-02-26T06:00:00.000000,Poland,Poland,PL,600.51,665.14,22.34,20.15,entsoe.eu,false,""
2024-02-26T07:00:00.000000,Poland,Poland,PL,545.97,608.92,29.37,27.59,entsoe.eu,false,""
2024-02-26T08:00:00.000000,Poland,Poland,PL,522.07,584.5,32.65,31.41,entsoe.eu,false,""
2024-02-26T09:00:00.000000,Poland,Poland,PL,478.68,538.9,38.54,37.05,entsoe.eu,false,""
2024-02-26T10:00:00.000000,Poland,Poland,PL,458.57,517.73,41.13,39.34,entsoe.eu,false,""
2024-02-26T11:00:00.000000,Poland,Poland,PL,478.91,538.61,38.7,37.13,entsoe.eu,false,""
2024-02-26T12:00:00.000000,Poland,Poland,PL,501.49,562.98,35.27,33.71,entsoe.eu,false,""
2024-02-26T13:00:00.000000,Poland,Poland,PL,539.66,602.89,30.38,29.04,entsoe.eu,false,""
2024-02-26T14:00:00.000000,Poland,Poland,PL,590.94,655.57,24.03,22.7,entsoe.eu,false,""
2024-02-26T15:00:00.000000,Poland,Poland,PL,621.55,687.07,20.3,18.34,entsoe.eu,false,""
2024-02-26T16:00:00.000000,Poland,Poland,PL,612.52,676.19,21.36,19.32,entsoe.eu,false,""
2024-02-26T17:00:00.000000,Poland,Poland,PL,594.79,657.94,23.25,20.85,entsoe.eu,false,""
2024-02-26T18:00:00.000000,Poland,Poland,PL,581.17,644.03,24.76,22.11,entsoe.eu,false,""
2024-02-26T19:00:00.000000,Poland,Poland,PL,588.87,653.61,23.8,21.38,entsoe.eu,false,""
2024-02-26T20:00:00.000000,Poland,Poland,PL,592.83,658.07,23.51,21.35,entsoe.eu,false,""
2024-02-26T21:00:00.000000,Poland,Poland,PL,600.76,666.28,22.54,20.81,entsoe.eu,false,""
2024-02-26T22:00:00.000000,Poland,Poland,PL,597.04,662.62,22.68,20.64,entsoe.eu,false,""
2024-02-26T23:00:00.000000,Poland,Poland,PL,594.74,660.67,23.22,20.79,entsoe.eu,false,""
2024-02-27T00:00:00.000000,Poland,Poland,PL,599.58,665.62,22.51,20.35,entsoe.eu,false,""
2024-02-27T01:00:00.000000,Poland,Poland,PL,610.55,677.17,21.12,18.95,entsoe.eu,false,""
2024-02-27T02:00:00.000000,Poland,Poland,PL,613.39,680.61,20.71,18.4,entsoe.eu,false,""
2024-02-27T03:00:00.000000,Poland,Poland,PL,618.51,686.51,20.2,17.6,entsoe.eu,false,""
2024-02-27T04:00:00.000000,Poland,Poland,PL,629.66,698.51,18.68,16.24,entsoe.eu,false,""
2024-02-27T05:00:00.000000,Poland,Poland,PL,626.02,695.06,18.46,16.05,entsoe.eu,false,""
2024-02-27T06:00:00.000000,Poland,Poland,PL,612.33,678.97,20.24,18.03,entsoe.eu,false,""
2024-02-27T07:00:00.000000,Poland,Poland,PL,587.19,650.77,23.99,22.02,entsoe.eu,false,""
2024-02-27T08:00:00.000000,Poland,Poland,PL,564.38,626.92,27.03,25.33,entsoe.eu,false,""
2024-02-27T09:00:00.000000,Poland,Poland,PL,545.6,608.32,29.44,27.4,entsoe.eu,false,""
2024-02-27T10:00:00.000000,Poland,Poland,PL,540.22,603.29,30.26,28.59,entsoe.eu,false,""
2024-02-27T11:00:00.000000,Poland,Poland,PL,549.81,613.69,29.02,27.23,entsoe.eu,false,""
2024-02-27T12:00:00.000000,Poland,Poland,PL,572.02,636.37,26.53,25.06,entsoe.eu,false,""
2024-02-27T13:00:00.000000,Poland,Poland,PL,589.29,655.64,23.99,22.56,entsoe.eu,false,""
2024-02-27T14:00:00.000000,Poland,Poland,PL,631.55,700.71,18.46,17.1,entsoe.eu,false,""
2024-02-27T15:00:00.000000,Poland,Poland,PL,661.41,731.18,14.82,12.72,entsoe.eu,false,""
2024-02-27T16:00:00.000000,Poland,Poland,PL,665.96,734.19,14.16,12.11,entsoe.eu,false,""
2024-02-27T17:00:00.000000,Poland,Poland,PL,671.73,739.05,13.47,11.79,entsoe.eu,false,""
2024-02-27T18:00:00.000000,Poland,Poland,PL,661.07,729.57,14.88,11.91,entsoe.eu,false,""
2024-02-27T19:00:00.000000,Poland,Poland,PL,653.69,723.68,15.58,11.85,entsoe.eu,false,""
2024-02-27T20:00:00.000000,Poland,Poland,PL,655.29,726.09,15.32,11.6,entsoe.eu,false,""
2024-02-27T21:00:00.000000,Poland,Poland,PL,654.86,725.95,15.29,11.83,entsoe.eu,false,""
2024-02-27T22:00:00.000000,Poland,Poland,PL,661.38,732.34,14.54,11.31,entsoe.eu,false,""
2024-02-27T23:00:00.000000,Poland,Poland,PL,655.66,726.41,15.61,11.75,entsoe.eu,false,""
2024-02-28T00:00:00.000000,Poland,Poland,PL,657.2,728.5,15.31,11.98,entsoe.eu,false,""
2024-02-28T01:00:00.000000,Poland,Poland,PL,660.72,732.07,14.82,11.57,entsoe.eu,false,""
2024-02-28T02:00:00.000000,Poland,Poland,PL,658.94,730.57,14.98,11.71,entsoe.eu,false,""
2024-02-28T03:00:00.000000,Poland,Poland,PL,658.36,730.32,14.98,11.67,entsoe.eu,false,""
2024-02-28T04:00:00.000000,Poland,Poland,PL,667.27,740.18,13.15,9.87,entsoe.eu,false,""
2024-02-28T05:00:00.000000,Poland,Poland,PL,678.49,750.15,12.22,9.71,entsoe.eu,false,""
2024-02-28T06:00:00.000000,Poland,Poland,PL,663.66,733.57,14.38,11.17,entsoe.eu,false,""
2024-02-28T07:00:00.000000,Poland,Poland,PL,635.24,702.06,17.86,14.06,entsoe.eu,false,""
2024-02-28T08:00:00.000000,Poland,Poland,PL,599.56,665.2,22.37,16.99,entsoe.eu,false,""
2024-02-28T09:00:00.000000,Poland,Poland,PL,588.12,654.2,23.81,18.14,entsoe.eu,false,""
2024-02-28T10:00:00.000000,Poland,Poland,PL,587.86,653.55,24.08,18.6,entsoe.eu,false,""
2024-02-28T11:00:00.000000,Poland,Poland,PL,593.63,659.2,23.51,18.55,entsoe.eu,false,""
2024-02-28T12:00:00.000000,Poland,Poland,PL,597.46,663.0,23.17,17.63,entsoe.eu,false,""
2024-02-28T13:00:00.000000,Poland,Poland,PL,604.83,671.28,22.24,16.66,entsoe.eu,false,""
2024-02-28T14:00:00.000000,Poland,Poland,PL,634.21,702.6,18.36,13.91,entsoe.eu,false,""
2024-02-28T15:00:00.000000,Poland,Poland,PL,651.16,719.57,16.08,12.59,entsoe.eu,false,""
2024-02-28T16:00:00.000000,Poland,Poland,PL,646.09,713.17,16.7,12.7,entsoe.eu,false,""
2024-02-28T17:00:00.000000,Poland,Poland,PL,651.37,718.58,15.98,12.01,entsoe.eu,false,""
2024-02-28T18:00:00.000000,Poland,Poland,PL,652.61,720.95,15.85,11.72,entsoe.eu,false,""
2024-02-28T19:00:00.000000,Poland,Poland,PL,657.77,727.33,15.2,11.41,entsoe.eu,false,""
2024-02-28T20:00:00.000000,Poland,Poland,PL,658.27,728.41,15.07,11.4,entsoe.eu,false,""
2024-02-28T21:00:00.000000,Poland,Poland,PL,651.61,722.25,15.72,12.45,entsoe.eu,false,""
2024-02-28T22:00:00.000000,Poland,Poland,PL,649.19,719.48,16.53,13.48,entsoe.eu,false,""
2024-02-28T23:00:00.000000,Poland,Poland,PL,643.57,714.24,16.52,14.2,entsoe.eu,false,""
2024-02-29T00:00:00.000000,Poland,Poland,PL,635.2,705.28,17.39,15.13,entsoe.eu,false,""
2024-02-29T01:00:00.000000,Poland,Poland,PL,625.03,694.75,18.51,16.1,entsoe.eu,false,""
2024-02-29T02:00:00.000000,Poland,Poland,PL,627.85,697.26,18.25,15.92,entsoe.eu,false,""
2024-02-29T03:00:00.000000,Poland,Poland,PL,637.4,706.52,17.28,15.33,entsoe.eu,false,""
2024-02-29T04:00:00.000000,Poland,Poland,PL,648.86,717.88,15.97,14.59,entsoe.eu,false,""
2024-02-29T05:00:00.000000,Poland,Poland,PL,650.85,717.95,16.21,15.31,entsoe.eu,false,""
2024-02-29T06:00:00.000000,Poland,Poland,PL,648.62,714.8,16.82,16.23,entsoe.eu,false,""
2024-02-29T07:00:00.000000,Poland,Poland,PL,629.71,695.86,19.38,18.65,entsoe.eu,false,""
2024-02-29T08:00:00.000000,Poland,Poland,PL,593.34,657.76,23.89,23.21,entsoe.eu,false,""
2024-02-29T09:00:00.000000,Poland,Poland,PL,555.41,618.1,28.67,27.79,entsoe.eu,false,""
2024-02-29T10:00:00.000000,Poland,Poland,PL,546.07,608.27,29.63,28.8,entsoe.eu,false,""
2024-02-29T11:00:00.000000,Poland,Poland,PL,542.36,604.26,30.33,29.64,entsoe.eu,false,""
2024-02-29T12:00:00.000000,Poland,Poland,PL,541.93,604.06,30.35,29.6,entsoe.eu,false,""
2024-02-29T13:00:00.000000,Poland,Poland,PL,555.96,618.88,28.69,27.86,entsoe.eu,false,""
2024-02-29T14:00:00.000000,Poland,Poland,PL,587.13,651.59,24.62,23.81,entsoe.eu,false,""
2024-02-29T15:00:00.000000,Poland,Poland,PL,606.41,670.84,22.14,20.6,entsoe.eu,false,""
2024-02-29T16:00:00.000000,Poland,Poland,PL,602.5,664.8,22.68,21.32,entsoe.eu,false,""
2024-02-29T17:00:00.000000,Poland,Poland,PL,587.37,648.07,24.79,23.64,entsoe.eu,false,""
2024-02-29T18:00:00.000000,Poland,Poland,PL,579.01,639.57,25.86,24.77,entsoe.eu,false,""
2024-02-29T19:00:00.000000,Poland,Poland,PL,576.67,638.06,25.81,24.7,entsoe.eu,false,""
2024-02-29T20:00:00.000000,Poland,Poland,PL,560.76,621.11,27.72,26.48,entsoe.eu,false,""
2024-02-29T21:00:00.000000,Poland,Poland,PL,551.33,611.24,29.01,27.8,entsoe.eu,false,""
2024-02-29T22:00:00.000000,Poland,Poland,PL,538.89,598.24,30.59,29.29,entsoe.eu,false,""
2024-02-29T23:00:00.000000,Poland,Poland,PL,524.92,583.89,31.87,30.43,entsoe.eu,false,""
2024-03-01T00:00:00.000000,Poland,Poland,PL,528.59,587.84,31.18,29.72,entsoe.eu,false,""
2024-03-01T01:00:00.000000,Poland,Poland,PL,529.94,589.5,30.68,29.18,entsoe.eu,false,""
2024-03-01T02:00:00.000000,Poland,Poland,PL,524.47,584.18,31.17,29.56,entsoe.eu,false,""
2024-03-01T03:00:00.000000,Poland,Poland,PL,520.14,579.85,31.72,30.24,entsoe.eu,false,""
2024-03-01T04:00:00.000000,Poland,Poland,PL,528.46,588.38,30.87,29.55,entsoe.eu,false,""
2024-03-01T05:00:00.000000,Poland,Poland,PL,539.72,599.1,29.81,28.94,entsoe.eu,false,""
2024-03-01T06:00:00.000000,Poland,Poland,PL,532.05,590.53,30.74,30.09,entsoe.eu,false,""
2024-03-01T07:00:00.000000,Poland,Poland,PL,511.2,568.12,33.71,33.13,entsoe.eu,false,""
2024-03-01T08:00:00.000000,Poland,Poland,PL,495.29,552.44,36.02,35.51,entsoe.eu,false,""
2024-03-01T09:00:00.000000,Poland,Poland,PL,451.75,507.93,41.47,40.64,entsoe.eu,false,""
2024-03-01T10:00:00.000000,Poland,Poland,PL,453.8,510.36,41.13,40.36,entsoe.eu,false,""
2024-03-01T11:00:00.000000,Poland,Poland,PL,466.05,522.9,39.87,39.1,entsoe.eu,false,""
2024-03-01T12:00:00.000000,Poland,Poland,PL,472.25,530.03,39.07,38.18,entsoe.eu,false,""
2024-03-01T13:00:00.000000,Poland,Poland,PL,496.06,555.33,35.92,34.9,entsoe.eu,false,""
2024-03-01T14:00:00.000000,Poland,Poland,PL,536.99,598.09,30.54,29.41,entsoe.eu,false,""
2024-03-01T15:00:00.000000,Poland,Poland,PL,563.32,624.65,27.32,25.9,entsoe.eu,false,""
2024-03-01T16:00:00.000000,Poland,Poland,PL,563.89,624.44,27.17,25.75,entsoe.eu,false,""
2024-03-01T17:00:00.000000,Poland,Poland,PL,556.52,614.96,28.12,26.89,entsoe.eu,false,""
2024-03-01T18:00:00.000000,Poland,Poland,PL,536.42,594.83,30.38,28.88,entsoe.eu,false,""
2024-03-01T19:00:00.000000,Poland,Poland,PL,534.02,592.59,30.97,29.34,entsoe.eu,false,""
2024-03-01T20:00:00.000000,Poland,Poland,PL,531.59,591.36,30.98,29.39,entsoe.eu,false,""
2024-03-01T21:00:00.000000,Poland,Poland,PL,538.44,598.5,29.96,28.43,entsoe.eu,false,""
2024-03-01T22:00:00.000000,Poland,Poland,PL,544.29,604.62,29.15,27.62,entsoe.eu,false,""
2024-03-01T23:00:00.000000,Poland,Poland,PL,534.68,595.67,30.0,28.41,entsoe.eu,false,""
2024-03-02T00:00:00.000000,Poland,Poland,PL,536.78,598.22,29.68,28.03,entsoe.eu,false,""
2024-03-02T01:00:00.000000,Poland,Poland,PL,534.05,595.58,29.92,28.27,entsoe.eu,false,""
2024-03-02T02:00:00.000000,Poland,Poland,PL,526.95,588.58,30.81,29.15,entsoe.eu,false,""
2024-03-02T03:00:00.000000,Poland,Poland,PL,524.34,585.78,31.18,29.5,entsoe.eu,false,""
2024-03-02T04:00:00.000000,Poland,Poland,PL,521.29,582.54,31.53,29.95,entsoe.eu,false,""
2024-03-02T05:00:00.000000,Poland,Poland,PL,524.08,585.46,31.18,30.04,entsoe.eu,false,""
2024-03-02T06:00:00.000000,Poland,Poland,PL,521.71,583.15,31.37,30.42,entsoe.eu,false,""
2024-03-02T07:00:00.000000,Poland,Poland,PL,508.24,567.86,32.95,32.15,entsoe.eu,false,""
2024-03-02T08:00:00.000000,Poland,Poland,PL,509.66,570.14,33.14,32.47,entsoe.eu,false,""
2024-03-02T09:00:00.000000,Poland,Poland,PL,497.07,558.08,34.72,34.34,entsoe.eu,false,""
2024-03-02T10:00:00.000000,Poland,Poland,PL,487.48,548.38,36.05,35.71,entsoe.eu,false,""
2024-03-02T11:00:00.000000,Poland,Poland,PL,487.34,548.85,35.98,35.5,entsoe.eu,false,""
2024-03-02T12:00:00.000000,Poland,Poland,PL,501.49,563.84,34.25,33.66,entsoe.eu,false,""
2024-03-02T13:00:00.000000,Poland,Poland,PL,535.42,599.05,30.02,29.3,entsoe.eu,false,""
2024-03-02T14:00:00.000000,Poland,Poland,PL,564.15,628.9,26.42,25.46,entsoe.eu,false,""
2024-03-02T15:00:00.000000,Poland,Poland,PL,583.17,648.63,24.14,22.69,entsoe.eu,false,""
2024-03-02T16:00:00.000000,Poland,Poland,PL,574.14,638.03,25.22,23.73,entsoe.eu,false,""
2024-03-02T17:00:00.000000,Poland,Poland,PL,550.51,612.19,28.05,26.63,entsoe.eu,false,""
2024-03-02T18:00:00.000000,Poland,Poland,PL,530.83,592.12,30.26,28.92,entsoe.eu,false,""
2024-03-02T19:00:00.000000,Poland,Poland,PL,526.9,587.25,31.25,29.92,entsoe.eu,false,""
2024-03-02T20:00:00.000000,Poland,Poland,PL,529.6,590.53,30.82,29.42,entsoe.eu,false,""
2024-03-02T21:00:00.000000,Poland,Poland,PL,542.61,604.39,29.13,27.71,entsoe.eu,false,""
2024-03-02T22:00:00.000000,Poland,Poland,PL,548.99,611.37,28.27,26.81,entsoe.eu,false,""
2024-03-02T23:00:00.000000,Poland,Poland,PL,536.57,598.71,30.02,28.52,entsoe.eu,false,""
2024-03-03T00:00:00.000000,Poland,Poland,PL,546.97,609.16,28.71,27.1,entsoe.eu,false,""
2024-03-03T01:00:00.000000,Poland,Poland,PL,540.61,602.8,29.35,27.73,entsoe.eu,false,""
2024-03-03T02:00:00.000000,Poland,Poland,PL,533.19,594.9,30.26,28.62,entsoe.eu,false,""
2024-03-03T03:00:00.000000,Poland,Poland,PL,526.09,587.33,31.11,29.53,entsoe.eu,false,""
2024-03-03T04:00:00.000000,Poland,Poland,PL,524.91,585.65,31.22,29.68,entsoe.eu,false,""
2024-03-03T05:00:00.000000,Poland,Poland,PL,523.88,584.2,31.52,30.44,entsoe.eu,false,""
2024-03-03T06:00:00.000000,Poland,Poland,PL,492.8,551.88,35.46,34.49,entsoe.eu,false,""
2024-03-03T07:00:00.000000,Poland,Poland,PL,441.1,498.55,42.05,41.21,entsoe.eu,false,""
2024-03-03T08:00:00.000000,Poland,Poland,PL,397.63,453.54,47.83,47.15,entsoe.eu,false,""
2024-03-03T09:00:00.000000,Poland,Poland,PL,370.21,425.12,51.39,51.14,entsoe.eu,false,""
2024-03-03T10:00:00.000000,Poland,Poland,PL,356.67,410.65,53.21,52.84,entsoe.eu,false,""
2024-03-03T11:00:00.000000,Poland,Poland,PL,368.42,422.84,51.68,51.27,entsoe.eu,false,""
2024-03-03T12:00:00.000000,Poland,Poland,PL,378.61,433.41,50.43,49.84,entsoe.eu,false,""
2024-03-03T13:00:00.000000,Poland,Poland,PL,412.36,468.53,46.1,45.65,entsoe.eu,false,""
2024-03-03T14:00:00.000000,Poland,Poland,PL,457.77,515.88,40.03,39.87,entsoe.eu,false,""
2024-03-03T15:00:00.000000,Poland,Poland,PL,517.35,577.83,32.67,31.69,entsoe.eu,false,""
2024-03-03T16:00:00.000000,Poland,Poland,PL,550.99,611.01,28.19,27.38,entsoe.eu,false,""
2024-03-03T17:00:00.000000,Poland,Poland,PL,556.69,614.85,27.74,27.39,entsoe.eu,false,""
2024-03-03T18:00:00.000000,Poland,Poland,PL,547.48,604.85,28.7,28.36,entsoe.eu,false,""
2024-03-03T19:00:00.000000,Poland,Poland,PL,534.31,591.09,30.58,30.15,entsoe.eu,false,""
2024-03-03T20:00:00.000000,Poland,Poland,PL,532.9,590.71,30.62,30.16,entsoe.eu,false,""
2024-03-03T21:00:00.000000,Poland,Poland,PL,534.63,593.4,30.48,29.72,entsoe.eu,false,""
2024-03-03T22:00:00.000000,Poland,Poland,PL,539.01,598.58,30.06,28.96,entsoe.eu,false,""
2024-03-03T23:00:00.000000,Poland,Poland,PL,541.59,602.32,29.64,28.38,entsoe.eu,false,""
2024-03-04T00:00:00.000000,Poland,Poland,PL,545.92,607.45,28.93,27.59,entsoe.eu,false,""
2024-03-04T01:00:00.000000,Poland,Poland,PL,552.89,615.32,27.87,26.32,entsoe.eu,false,""
2024-03-04T02:00:00.000000,Poland,Poland,PL,552.83,615.28,27.92,26.32,entsoe.eu,false,""
2024-03-04T03:00:00.000000,Poland,Poland,PL,567.95,631.43,26.14,24.78,entsoe.eu,false,""
2024-03-04T04:00:00.000000,Poland,Poland,PL,585.09,650.14,24.06,22.94,entsoe.eu,false,""
2024-03-04T05:00:00.000000,Poland,Poland,PL,598.59,663.63,22.51,21.3,entsoe.eu,false,""
2024-03-04T06:00:00.000000,Poland,Poland,PL,596.92,660.74,22.95,21.85,entsoe.eu,false,""
2024-03-04T07:00:00.000000,Poland,Poland,PL,568.83,630.71,26.58,25.87,entsoe.eu,false,""
2024-03-04T08:00:00.000000,Poland,Poland,PL,522.49,582.29,32.72,31.58,entsoe.eu,false,""
2024-03-04T09:00:00.000000,Poland,Poland,PL,481.1,539.69,38.23,36.58,entsoe.eu,false,""
2024-03-04T10:00:00.000000,Poland,Poland,PL,467.89,526.19,40.01,38.33,entsoe.eu,false,""
2024-03-04T11:00:00.000000,Poland,Poland,PL,479.31,537.74,38.62,37.08,entsoe.eu,false,""
2024-03-04T12:00:00.000000,Poland,Poland,PL,500.37,559.09,36.12,34.96,entsoe.eu,false,""
2024-03-04T13:00:00.000000,Poland,Poland,PL,520.99,580.52,33.62,32.29,entsoe.eu,false,""
2024-03-04T14:00:00.000000,Poland,Poland,PL,550.68,612.54,29.54,28.27,entsoe.eu,false,""
2024-03-04T15:00:00.000000,Poland,Poland,PL,579.82,642.53,25.91,24.81,entsoe.eu,false,""
2024-03-04T16:00:00.000000,Poland,Poland,PL,592.58,654.97,24.19,23.2,entsoe.eu,false,""
2024-03-04T17:00:00.000000,Poland,Poland,PL,594.01,655.72,23.74,22.87,entsoe.eu,false,""
2024-03-04T18:00:00.000000,Poland,Poland,PL,598.45,660.3,23.37,22.54,entsoe.eu,false,""
2024-03-04T19:00:00.000000,Poland,Poland,PL,600.05,662.27,23.63,22.5,entsoe.eu,false,""
2024-03-04T20:00:00.000000,Poland,Poland,PL,616.59,680.08,21.77,20.6,entsoe.eu,false,""
2024-03-04T21:00:00.000000,Poland,Poland,PL,603.0,667.52,23.24,21.6,entsoe.eu,false,""
2024-03-04T22:00:00.000000,Poland,Poland,PL,603.68,669.09,22.7,21.29,entsoe.eu,false,""
2024-03-04T23:00:00.000000,Poland,Poland,PL,596.84,661.66,23.32,21.68,entsoe.eu,false,""
2024-03-05T00:00:00.000000,Poland,Poland,PL,595.3,659.63,23.43,21.86,entsoe.eu,false,""
2024-03-05T01:00:00.000000,Poland,Poland,PL,594.25,658.48,23.52,22.1,entsoe.eu,false,""
2024-03-05T02:00:00.000000,Poland,Poland,PL,589.07,652.79,24.26,22.75,entsoe.eu,false,""
2024-03-05T03:00:00.000000,Poland,Poland,PL,597.44,661.93,23.41,22.04,entsoe.eu,false,""
2024-03-05T04:00:00.000000,Poland,Poland,PL,618.45,684.53,21.0,20.03,entsoe.eu,false,""
2024-03-05T05:00:00.000000,Poland,Poland,PL,629.51,696.02,19.35,18.29,entsoe.eu,false,""
2024-03-05T06:00:00.000000,Poland,Poland,PL,626.44,692.68,19.47,18.35,entsoe.eu,false,""
2024-03-05T07:00:00.000000,Poland,Poland,PL,615.05,679.78,20.88,19.57,entsoe.eu,false,""
2024-03-05T08:00:00.000000,Poland,Poland,PL,596.43,660.3,23.46,21.28,entsoe.eu,false,""
2024-03-05T09:00:00.000000,Poland,Poland,PL,587.08,650.63,24.9,22.09,entsoe.eu,false,""
2024-03-05T10:00:00.000000,Poland,Poland,PL,589.53,653.3,24.69,21.82,entsoe.eu,false,""
2024-03-05T11:00:00.000000,Poland,Poland,PL,590.49,654.87,24.39,21.73,entsoe.eu,false,""
2024-03-05T12:00:00.000000,Poland,Poland,PL,593.53,658.23,24.02,21.14,entsoe.eu,false,""
2024-03-05T13:00:00.000000,Poland,Poland,PL,616.46,682.38,21.32,18.63,entsoe.eu,false,""
2024-03-05T14:00:00.000000,Poland,Poland,PL,635.37,702.2,18.96,15.91,entsoe.eu,false,""
2024-03-05T15:00:00.000000,Poland,Poland,PL,652.24,720.17,16.87,14.06,entsoe.eu,false,""
2024-03-05T16:00:00.000000,Poland,Poland,PL,668.53,736.52,14.82,12.93,entsoe.eu,false,""
2024-03-05T17:00:00.000000,Poland,Poland,PL,666.59,734.03,14.98,13.45,entsoe.eu,false,""
2024-03-05T18:00:00.000000,Poland,Poland,PL,670.58,737.6,14.37,13.49,entsoe.eu,false,""
2024-03-05T19:00:00.000000,Poland,Poland,PL,661.42,729.19,15.48,13.9,entsoe.eu,false,""
2024-03-05T20:00:00.000000,Poland,Poland,PL,664.48,733.41,15.2,13.69,entsoe.eu,false,""
2024-03-05T21:00:00.000000,Poland,Poland,PL,664.08,733.69,15.13,13.7,entsoe.eu,false,""
2024-03-05T22:00:00.000000,Poland,Poland,PL,662.7,732.67,15.34,14.0,entsoe.eu,false,""
2024-03-05T23:00:00.000000,Poland,Poland,PL,648.9,718.87,16.6,14.8,entsoe.eu,false,""
2024-03-06T00:00:00.000000,Poland,Poland,PL,651.84,721.93,15.88,14.11,entsoe.eu,false,""
2024-03-06T01:00:00.000000,Poland,Poland,PL,655.19,725.3,15.37,13.63,entsoe.eu,false,""
2024-03-06T02:00:00.000000,Poland,Poland,PL,649.59,719.6,15.98,14.05,entsoe.eu,false,""
2024-03-06T03:00:00.000000,Poland,Poland,PL,644.99,714.96,16.81,14.7,entsoe.eu,false,""
2024-03-06T04:00:00.000000,Poland,Poland,PL,660.62,730.2,15.4,13.32,entsoe.eu,false,""
2024-03-06T05:00:00.000000,Poland,Poland,PL,654.55,722.88,16.4,13.51,entsoe.eu,false,""
2024-03-06T06:00:00.000000,Poland,Poland,PL,640.35,706.55,17.99,16.5,entsoe.eu,false,""
2024-03-06T07:00:00.000000,Poland,Poland,PL,602.25,665.92,22.56,21.05,entsoe.eu,false,""
2024-03-06T08:00:00.000000,Poland,Poland,PL,567.61,630.73,27.0,24.6,entsoe.eu,false,""
2024-03-06T09:00:00.000000,Poland,Poland,PL,553.16,615.0,29.84,27.93,entsoe.eu,false,""
2024-03-06T10:00:00.000000,Poland,Poland,PL,550.2,612.1,30.34,29.36,entsoe.eu,false,""
2024-03-06T11:00:00.000000,Poland,Poland,PL,542.46,605.22,30.55,29.61,entsoe.eu,false,""
2024-03-06T12:00:00.000000,Poland,Poland,PL,532.07,594.18,32.33,30.59,entsoe.eu,false,""
2024-03-06T13:00:00.000000,Poland,Poland,PL,543.53,605.83,31.13,28.92,entsoe.eu,false,""
2024-03-06T14:00:00.000000,Poland,Poland,PL,567.48,630.74,28.1,25.14,entsoe.eu,false,""
2024-03-06T15:00:00.000000,Poland,Poland,PL,602.46,668.04,23.06,20.61,entsoe.eu,false,""
2024-03-06T16:00:00.000000,Poland,Poland,PL,618.95,684.58,20.77,18.84,entsoe.eu,false,""
2024-03-06T17:00:00.000000,Poland,Poland,PL,622.64,686.79,20.07,19.06,entsoe.eu,false,""
2024-03-06T18:00:00.000000,Poland,Poland,PL,611.43,674.54,21.37,20.43,entsoe.eu,false,""
2024-03-06T19:00:00.000000,Poland,Poland,PL,609.78,674.48,21.92,20.93,entsoe.eu,false,""
2024-03-06T20:00:00.000000,Poland,Poland,PL,617.48,681.73,22.06,20.9,entsoe.eu,false,""
2024-03-06T21:00:00.000000,Poland,Poland,PL,609.23,673.44,22.41,21.18,entsoe.eu,false,""
2024-03-06T22:00:00.000000,Poland,Poland,PL,600.39,664.91,23.37,21.95,entsoe.eu,false,""
2024-03-06T23:00:00.000000,Poland,Poland,PL,597.71,662.43,23.47,21.81,entsoe.eu,false,""
2024-03-07T00:00:00.000000,Poland,Poland,PL,608.53,673.6,22.04,20.2,entsoe.eu,false,""
2024-03-07T01:00:00.000000,Poland,Poland,PL,619.03,684.94,20.44,18.52,entsoe.eu,false,""
2024-03-07T02:00:00.000000,Poland,Poland,PL,623.47,689.95,19.98,18.01,entsoe.eu,false,""
2024-03-07T03:00:00.000000,Poland,Poland,PL,620.36,687.17,20.49,18.62,entsoe.eu,false,""
2024-03-07T04:00:00.000000,Poland,Poland,PL,627.04,693.5,20.27,18.32,entsoe.eu,false,""
2024-03-07T05:00:00.000000,Poland,Poland,PL,625.75,692.08,20.05,18.38,entsoe.eu,false,""
2024-03-07T06:00:00.000000,Poland,Poland,PL,585.49,647.99,25.32,23.96,entsoe.eu,false,""
2024-03-07T07:00:00.000000,Poland,Poland,PL,533.34,592.85,31.99,30.67,entsoe.eu,false,""
2024-03-07T08:00:00.000000,Poland,Poland,PL,497.9,555.73,36.69,35.86,entsoe.eu,false,""
2024-03-07T09:00:00.000000,Poland,Poland,PL,466.07,524.06,40.65,39.93,entsoe.eu,false,""
2024-03-07T10:00:00.000000,Poland,Poland,PL,452.61,510.27,42.42,41.56,entsoe.eu,false,""
2024-03-07T11:00:00.000000,Poland,Poland,PL,456.87,515.12,41.74,40.77,entsoe.eu,false,""
2024-03-07T12:00:00.000000,Poland,Poland,PL,454.82,513.49,42.06,41.01,entsoe.eu,false,""
2024-03-07T13:00:00.000000,Poland,Poland,PL,487.83,547.55,38.15,37.1,entsoe.eu,false,""
2024-03-07T14:00:00.000000,Poland,Poland,PL,538.87,601.33,31.32,30.25,entsoe.eu,false,""
2024-03-07T15:00:00.000000,Poland,Poland,PL,610.84,676.93,22.09,20.86,entsoe.eu,false,""
2024-03-07T16:00:00.000000,Poland,Poland,PL,658.22,725.17,16.11,14.66,entsoe.eu,false,""
2024-03-07T17:00:00.000000,Poland,Poland,PL,655.16,720.86,16.46,15.02,entsoe.eu,false,""
2024-03-07T18:00:00.000000,Poland,Poland,PL,647.33,713.12,16.95,15.64,entsoe.eu,false,""
2024-03-07T19:00:00.000000,Poland,Poland,PL,646.82,713.99,16.67,15.38,entsoe.eu,false,""
2024-03-07T20:00:00.000000,Poland,Poland,PL,653.57,721.55,16.08,14.61,entsoe.eu,false,""
2024-03-07T21:00:00.000000,Poland,Poland,PL,654.6,723.74,15.84,14.33,entsoe.eu,false,""
2024-03-07T22:00:00.000000,Poland,Poland,PL,652.13,721.8,16.02,14.35,entsoe.eu,false,""
2024-03-07T23:00:00.000000,Poland,Poland,PL,644.86,714.49,16.89,14.57,entsoe.eu,false,""
2024-03-08T00:00:00.000000,Poland,Poland,PL,644.99,715.31,16.45,14.2,entsoe.eu,false,""
2024-03-08T01:00:00.000000,Poland,Poland,PL,647.88,718.6,15.88,13.71,entsoe.eu,false,""
2024-03-08T02:00:00.000000,Poland,Poland,PL,648.75,718.63,16.43,14.01,entsoe.eu,false,""
2024-03-08T03:00:00.000000,Poland,Poland,PL,652.25,722.04,16.19,13.95,entsoe.eu,false,""
2024-03-08T04:00:00.000000,Poland,Poland,PL,661.27,731.55,14.9,13.24,entsoe.eu,false,""
2024-03-08T05:00:00.000000,Poland,Poland,PL,651.55,720.19,16.02,14.52,entsoe.eu,false,""
2024-03-08T06:00:00.000000,Poland,Poland,PL,592.55,657.12,24.06,22.59,entsoe.eu,false,""
2024-03-08T07:00:00.000000,Poland,Poland,PL,522.88,583.35,33.59,32.59,entsoe.eu,false,""
2024-03-08T08:00:00.000000,Poland,Poland,PL,465.48,524.86,40.33,39.48,entsoe.eu,false,""
2024-03-08T09:00:00.000000,Poland,Poland,PL,426.11,484.06,45.49,45.41,entsoe.eu,false,""
2024-03-08T10:00:00.000000,Poland,Poland,PL,391.05,447.54,49.83,49.8,entsoe.eu,false,""
2024-03-08T11:00:00.000000,Poland,Poland,PL,375.06,431.0,51.73,51.72,entsoe.eu,false,""
2024-03-08T12:00:00.000000,Poland,Poland,PL,377.59,433.94,51.26,51.09,entsoe.eu,false,""
2024-03-08T13:00:00.000000,Poland,Poland,PL,406.65,464.29,47.67,47.17,entsoe.eu,false,""
2024-03-08T14:00:00.000000,Poland,Poland,PL,481.49,541.32,38.65,37.85,entsoe.eu,false,""
2024-03-08T15:00:00.000000,Poland,Poland,PL,576.45,639.62,26.54,25.44,entsoe.eu,false,""
2024-03-08T16:00:00.000000,Poland,Poland,PL,632.77,697.51,19.16,17.88,entsoe.eu,false,""
2024-03-08T17:00:00.000000,Poland,Poland,PL,630.36,693.86,19.52,18.36,entsoe.eu,false,""
2024-03-08T18:00:00.000000,Poland,Poland,PL,619.33,682.51,20.68,19.6,entsoe.eu,false,""
2024-03-08T19:00:00.000000,Poland,Poland,PL,611.63,674.85,22.03,20.92,entsoe.eu,false,""
2024-03-08T20:00:00.000000,Poland,Poland,PL,619.51,682.35,21.76,20.53,entsoe.eu,false,""
2024-03-08T21:00:00.000000,Poland,Poland,PL,619.71,684.25,21.36,20.11,entsoe.eu,false,""
2024-03-08T22:00:00.000000,Poland,Poland,PL,606.44,671.82,21.84,20.52,entsoe.eu,false,""
2024-03-08T23:00:00.000000,Poland,Poland,PL,573.43,639.25,24.79,23.53,entsoe.eu,false,""
2024-03-09T00:00:00.000000,Poland,Poland,PL,567.73,633.85,25.25,24.12,entsoe.eu,false,""
2024-03-09T01:00:00.000000,Poland,Poland,PL,570.71,637.65,25.07,23.97,entsoe.eu,false,""
2024-03-09T02:00:00.000000,Poland,Poland,PL,572.51,639.07,25.39,23.96,entsoe.eu,false,""
2024-03-09T03:00:00.000000,Poland,Poland,PL,574.09,641.09,24.97,23.68,entsoe.eu,false,""
2024-03-09T04:00:00.000000,Poland,Poland,PL,572.88,640.13,24.41,23.31,entsoe.eu,false,""
2024-03-09T05:00:00.000000,Poland,Poland,PL,549.37,614.91,27.59,26.57,entsoe.eu,false,""
2024-03-09T06:00:00.000000,Poland,Poland,PL,493.07,554.18,35.12,34.6,entsoe.eu,false,""
2024-03-09T07:00:00.000000,Poland,Poland,PL,430.43,488.86,43.49,43.31,entsoe.eu,false,""
2024-03-09T08:00:00.000000,Poland,Poland,PL,376.82,433.58,50.3,50.23,entsoe.eu,false,""
2024-03-09T09:00:00.000000,Poland,Poland,PL,319.16,372.89,58.09,58.01,entsoe.eu,false,""
2024-03-09T10:00:00.000000,Poland,Poland,PL,307.25,359.75,59.8,59.78,entsoe.eu,false,""
2024-03-09T11:00:00.000000,Poland,Poland,PL,307.41,359.59,59.77,59.77,entsoe.eu,false,""
2024-03-09T12:00:00.000000,Poland,Poland,PL,335.03,388.54,56.01,55.99,entsoe.eu,false,""
2024-03-09T13:00:00.000000,Poland,Poland,PL,346.91,401.68,53.79,53.75,entsoe.eu,false,""
2024-03-09T14:00:00.000000,Poland,Poland,PL,406.17,463.01,46.41,46.26,entsoe.eu,false,""
2024-03-09T15:00:00.000000,Poland,Poland,PL,504.58,564.01,34.34,34.02,entsoe.eu,false,""
2024-03-09T16:00:00.000000,Poland,Poland,PL,518.2,576.29,32.54,31.45,entsoe.eu,false,""
2024-03-09T17:00:00.000000,Poland,Poland,PL,509.39,567.3,32.79,31.8,entsoe.eu,false,""
2024-03-09T18:00:00.000000,Poland,Poland,PL,495.13,551.7,34.98,34.01,entsoe.eu,false,""
2024-03-09T19:00:00.000000,Poland,Poland,PL,485.93,542.11,36.16,35.17,entsoe.eu,false,""
2024-03-09T20:00:00.000000,Poland,Poland,PL,480.68,536.47,37.01,36.06,entsoe.eu,false,""
2024-03-09T21:00:00.000000,Poland,Poland,PL,487.32,543.62,36.5,35.5,entsoe.eu,false,""
2024-03-09T22:00:00.000000,Poland,Poland,PL,476.44,533.85,37.59,36.6,entsoe.eu,false,""
2024-03-09T23:00:00.000000,Poland,Poland,PL,474.52,532.82,37.53,37.44,entsoe.eu,false,""
2024-03-10T00:00:00.000000,Poland,Poland,PL,477.39,535.33,37.16,37.16,entsoe.eu,false,""
2024-03-10T01:00:00.000000,Poland,Poland,PL,462.98,520.47,38.94,38.93,entsoe.eu,false,""
2024-03-10T02:00:00.000000,Poland,Poland,PL,450.04,506.77,40.69,40.65,entsoe.eu,false,""
2024-03-10T03:00:00.000000,Poland,Poland,PL,443.0,499.1,41.6,41.52,entsoe.eu,false,""
2024-03-10T04:00:00.000000,Poland,Poland,PL,437.43,493.08,42.31,42.25,entsoe.eu,false,""
2024-03-10T05:00:00.000000,Poland,Poland,PL,414.86,468.98,45.25,45.22,entsoe.eu,false,""
2024-03-10T06:00:00.000000,Poland,Poland,PL,403.04,456.41,46.87,46.87,entsoe.eu,false,""
2024-03-10T07:00:00.000000,Poland,Poland,PL,423.56,477.83,43.95,43.95,entsoe.eu,false,""
2024-03-10T08:00:00.000000,Poland,Poland,PL,432.14,487.22,42.7,42.7,entsoe.eu,false,""
2024-03-10T09:00:00.000000,Poland,Poland,PL,405.74,459.08,46.62,46.46,entsoe.eu,false,""
2024-03-10T10:00:00.000000,Poland,Poland,PL,382.22,434.01,49.69,49.33,entsoe.eu,false,""
2024-03-10T11:00:00.000000,Poland,Poland,PL,372.2,422.7,51.0,50.53,entsoe.eu,false,""
2024-03-10T12:00:00.000000,Poland,Poland,PL,370.51,420.27,51.26,50.81,entsoe.eu,false,""
2024-03-10T13:00:00.000000,Poland,Poland,PL,366.95,415.81,51.75,51.46,entsoe.eu,false,""
2024-03-10T14:00:00.000000,Poland,Poland,PL,360.3,409.13,52.62,52.62,entsoe.eu,false,""
2024-03-10T15:00:00.000000,Poland,Poland,PL,367.1,416.03,51.81,51.71,entsoe.eu,false,""
2024-03-10T16:00:00.000000,Poland,Poland,PL,405.79,455.68,46.39,46.22,entsoe.eu,false,""
2024-03-10T17:00:00.000000,Poland,Poland,PL,436.1,486.35,42.67,42.64,entsoe.eu,false,""
2024-03-10T18:00:00.000000,Poland,Poland,PL,424.99,474.85,43.96,43.94,entsoe.eu,false,""
2024-03-10T19:00:00.000000,Poland,Poland,PL,416.26,466.28,45.14,45.06,entsoe.eu,false,""
2024-03-10T20:00:00.000000,Poland,Poland,PL,394.32,442.68,48.16,47.66,entsoe.eu,false,""
2024-03-10T21:00:00.000000,Poland,Poland,PL,390.2,438.7,48.82,48.25,entsoe.eu,false,""
2024-03-10T22:00:00.000000,Poland,Poland,PL,393.8,443.11,48.09,47.52,entsoe.eu,false,""
2024-03-10T23:00:00.000000,Poland,Poland,PL,426.79,478.14,43.72,43.64,entsoe.eu,false,""
2024-03-11T00:00:00.000000,Poland,Poland,PL,424.81,476.03,44.01,44.01,entsoe.eu,false,""
2024-03-11T01:00:00.000000,Poland,Poland,PL,426.28,476.65,44.45,44.45,entsoe.eu,false,""
2024-03-11T02:00:00.000000,Poland,Poland,PL,432.7,483.43,43.65,43.65,entsoe.eu,false,""
2024-03-11T03:00:00.000000,Poland,Poland,PL,441.25,492.98,42.31,42.31,entsoe.eu,false,""
2024-03-11T04:00:00.000000,Poland,Poland,PL,433.42,484.31,43.74,43.1,entsoe.eu,false,""
2024-03-11T05:00:00.000000,Poland,Poland,PL,460.1,513.03,39.88,39.24,entsoe.eu,false,""
2024-03-11T06:00:00.000000,Poland,Poland,PL,468.6,522.02,38.7,38.27,entsoe.eu,false,""
2024-03-11T07:00:00.000000,Poland,Poland,PL,464.62,517.02,40.02,39.49,entsoe.eu,false,""
2024-03-11T08:00:00.000000,Poland,Poland,PL,452.34,504.81,41.5,40.81,entsoe.eu,false,""
2024-03-11T09:00:00.000000,Poland,Poland,PL,426.36,478.48,44.83,43.8,entsoe.eu,false,""
2024-03-11T10:00:00.000000,Poland,Poland,PL,429.39,481.99,44.59,43.5,entsoe.eu,false,""
2024-03-11T11:00:00.000000,Poland,Poland,PL,453.73,507.39,41.71,40.61,entsoe.eu,false,""
2024-03-11T12:00:00.000000,Poland,Poland,PL,471.66,526.74,39.23,38.19,entsoe.eu,false,""
2024-03-11T13:00:00.000000,Poland,Poland,PL,483.24,539.16,37.99,36.85,entsoe.eu,false,""
2024-03-11T14:00:00.000000,Poland,Poland,PL,508.29,565.25,35.21,34.0,entsoe.eu,false,""
2024-03-11T15:00:00.000000,Poland,Poland,PL,548.07,606.31,30.11,29.02,entsoe.eu,false,""
2024-03-11T16:00:00.000000,Poland,Poland,PL,574.38,633.7,26.24,25.26,entsoe.eu,false,""
2024-03-11T17:00:00.000000,Poland,Poland,PL,594.07,654.12,23.58,22.66,entsoe.eu,false,""
2024-03-11T18:00:00.000000,Poland,Poland,PL,604.85,664.95,22.26,21.15,entsoe.eu,false,""
2024-03-11T19:00:00.000000,Poland,Poland,PL,605.23,666.33,22.06,20.86,entsoe.eu,false,""
2024-03-11T20:00:00.000000,Poland,Poland,PL,606.34,667.92,21.99,20.37,entsoe.eu,false,""
2024-03-11T21:00:00.000000,Poland,Poland,PL,625.39,689.44,19.57,17.88,entsoe.eu,false,""
2024-03-11T22:00:00.000000,Poland,Poland,PL,613.96,678.58,21.07,18.53,entsoe.eu,false,""
2024-03-11T23:00:00.000000,Poland,Poland,PL,622.75,688.23,19.53,17.0,entsoe.eu,false,""
2024-03-12T00:00:00.000000,Poland,Poland,PL,631.84,697.54,18.47,15.87,entsoe.eu,false,""
2024-03-12T01:00:00.000000,Poland,Poland,PL,638.83,705.1,17.56,14.94,entsoe.eu,false,""
2024-03-12T02:00:00.000000,Poland,Poland,PL,639.2,706.13,17.39,14.67,entsoe.eu,false,""
2024-03-12T03:00:00.000000,Poland,Poland,PL,638.72,706.11,17.64,14.83,entsoe.eu,false,""
2024-03-12T04:00:00.000000,Poland,Poland,PL,653.5,721.94,16.17,13.9,entsoe.eu,false,""
2024-03-12T05:00:00.000000,Poland,Poland,PL,656.12,725.09,15.62,13.21,entsoe.eu,false,""
2024-03-12T06:00:00.000000,Poland,Poland,PL,641.81,709.92,17.33,14.11,entsoe.eu,false,""
2024-03-12T07:00:00.000000,Poland,Poland,PL,625.99,693.03,19.41,15.84,entsoe.eu,false,""
2024-03-12T08:00:00.000000,Poland,Poland,PL,618.05,684.4,20.63,17.28,entsoe.eu,false,""
2024-03-12T09:00:00.000000,Poland,Poland,PL,602.26,667.57,23.0,19.16,entsoe.eu,false,""
2024-03-12T10:00:00.000000,Poland,Poland,PL,587.83,652.34,25.05,20.79,entsoe.eu,false,""
2024-03-12T11:00:00.000000,Poland,Poland,PL,583.69,647.9,25.49,20.8,entsoe.eu,false,""
2024-03-12T12:00:00.000000,Poland,Poland,PL,587.49,652.36,24.76,19.77,entsoe.eu,false,""
2024-03-12T13:00:00.000000,Poland,Poland,PL,600.84,665.99,23.19,17.2,entsoe.eu,false,""
2024-03-12T14:00:00.000000,Poland,Poland,PL,625.96,692.52,20.0,14.68,entsoe.eu,false,""
2024-03-12T15:00:00.000000,Poland,Poland,PL,633.17,700.97,18.52,13.08,entsoe.eu,false,""
2024-03-12T16:00:00.000000,Poland,Poland,PL,659.74,726.89,15.31,11.5,entsoe.eu,false,""
2024-03-12T17:00:00.000000,Poland,Poland,PL,685.11,751.77,12.3,10.43,entsoe.eu,false,""
2024-03-12T18:00:00.000000,Poland,Poland,PL,679.23,745.95,13.06,11.05,entsoe.eu,false,""
2024-03-12T19:00:00.000000,Poland,Poland,PL,665.31,733.28,15.15,10.75,entsoe.eu,false,""
2024-03-12T20:00:00.000000,Poland,Poland,PL,678.0,747.07,14.01,9.76,entsoe.eu,false,""
2024-03-12T21:00:00.000000,Poland,Poland,PL,677.1,747.39,13.25,9.98,entsoe.eu,false,""
2024-03-12T22:00:00.000000,Poland,Poland,PL,668.03,738.33,14.54,10.91,entsoe.eu,false,""
2024-03-12T23:00:00.000000,Poland,Poland,PL,676.75,746.76,13.73,10.54,entsoe.eu,false,""
2024-03-13T00:00:00.000000,Poland,Poland,PL,682.09,752.41,12.71,10.08,entsoe.eu,false,""
2024-03-13T01:00:00.000000,Poland,Poland,PL,680.38,750.67,12.8,10.33,entsoe.eu,false,""
2024-03-13T02:00:00.000000,Poland,Poland,PL,679.15,749.53,12.97,10.66,entsoe.eu,false,""
2024-03-13T03:00:00.000000,Poland,Poland,PL,678.6,749.16,13.18,11.04,entsoe.eu,false,""
2024-03-13T04:00:00.000000,Poland,Poland,PL,687.18,758.01,12.26,10.25,entsoe.eu,false,""
2024-03-13T05:00:00.000000,Poland,Poland,PL,680.37,751.55,12.55,10.31,entsoe.eu,false,""
2024-03-13T06:00:00.000000,Poland,Poland,PL,663.46,732.1,14.9,12.4,entsoe.eu,false,""
2024-03-13T07:00:00.000000,Poland,Poland,PL,636.34,703.12,18.44,15.42,entsoe.eu,false,""
2024-03-13T08:00:00.000000,Poland,Poland,PL,607.33,672.94,22.53,18.01,entsoe.eu,false,""
2024-03-13T09:00:00.000000,Poland,Poland,PL,587.94,652.61,25.06,20.17,entsoe.eu,false,""
2024-03-13T10:00:00.000000,Poland,Poland,PL,581.59,645.24,26.43,21.66,entsoe.eu,false,""
2024-03-13T11:00:00.000000,Poland,Poland,PL,578.88,643.03,26.24,21.92,entsoe.eu,false,""
2024-03-13T12:00:00.000000,Poland,Poland,PL,581.81,646.42,25.73,21.9,entsoe.eu,false,""
2024-03-13T13:00:00.000000,Poland,Poland,PL,604.26,670.51,22.56,19.3,entsoe.eu,false,""
2024-03-13T14:00:00.000000,Poland,Poland,PL,631.89,700.6,18.38,15.8,entsoe.eu,false,""
2024-03-13T15:00:00.000000,Poland,Poland,PL,661.6,731.49,14.5,12.75,entsoe.eu,false,""
2024-03-13T16:00:00.000000,Poland,Poland,PL,676.05,744.97,12.57,11.02,entsoe.eu,false,""
2024-03-13T17:00:00.000000,Poland,Poland,PL,673.36,741.61,12.89,11.41,entsoe.eu,false,""
2024-03-13T18:00:00.000000,Poland,Poland,PL,663.85,731.31,13.98,12.73,entsoe.eu,false,""
2024-03-13T19:00:00.000000,Poland,Poland,PL,654.98,723.09,15.1,13.56,entsoe.eu,false,""
2024-03-13T20:00:00.000000,Poland,Poland,PL,654.65,723.21,15.66,14.29,entsoe.eu,false,""
2024-03-13T21:00:00.000000,Poland,Poland,PL,642.18,710.61,17.25,15.55,entsoe.eu,false,""
2024-03-13T22:00:00.000000,Poland,Poland,PL,614.07,682.04,20.11,18.4,entsoe.eu,false,""
2024-03-13T23:00:00.000000,Poland,Poland,PL,608.37,675.41,20.71,18.99,entsoe.eu,false,""
2024-03-14T00:00:00.000000,Poland,Poland,PL,620.7,687.49,19.29,17.67,entsoe.eu,false,""
2024-03-14T01:00:00.000000,Poland,Poland,PL,628.62,695.52,18.4,16.79,entsoe.eu,false,""
2024-03-14T02:00:00.000000,Poland,Poland,PL,632.22,699.59,17.93,16.24,entsoe.eu,false,""
2024-03-14T03:00:00.000000,Poland,Poland,PL,626.44,693.99,18.64,16.85,entsoe.eu,false,""
2024-03-14T04:00:00.000000,Poland,Poland,PL,635.8,703.53,17.77,16.35,entsoe.eu,false,""
2024-03-14T05:00:00.000000,Poland,Poland,PL,622.72,690.28,18.65,17.37,entsoe.eu,false,""
2024-03-14T06:00:00.000000,Poland,Poland,PL,598.58,663.91,22.41,21.2,entsoe.eu,false,""
2024-03-14T07:00:00.000000,Poland,Poland,PL,563.55,626.64,27.58,26.44,entsoe.eu,false,""
2024-03-14T08:00:00.000000,Poland,Poland,PL,536.98,598.65,30.82,29.62,entsoe.eu,false,""
2024-03-14T09:00:00.000000,Poland,Poland,PL,515.67,576.05,33.54,32.64,entsoe.eu,false,""
2024-03-14T10:00:00.000000,Poland,Poland,PL,473.4,532.27,38.37,37.36,entsoe.eu,false,""
2024-03-14T11:00:00.000000,Poland,Poland,PL,474.94,533.75,38.22,37.09,entsoe.eu,false,""
2024-03-14T12:00:00.000000,Poland,Poland,PL,475.88,535.35,38.07,36.86,entsoe.eu,false,""
2024-03-14T13:00:00.000000,Poland,Poland,PL,493.62,554.5,35.7,34.43,entsoe.eu,false,""
2024-03-14T14:00:00.000000,Poland,Poland,PL,549.38,611.83,29.19,27.89,entsoe.eu,false,""
2024-03-14T15:00:00.000000,Poland,Poland,PL,589.51,654.61,23.79,22.37,entsoe.eu,false,""
2024-03-14T16:00:00.000000,Poland,Poland,PL,620.45,685.25,19.92,18.52,entsoe.eu,false,""
2024-03-14T17:00:00.000000,Poland,Poland,PL,608.95,671.53,21.24,19.91,entsoe.eu,false,""
2024-03-14T18:00:00.000000,Poland,Poland,PL,584.09,645.24,24.33,23.02,entsoe.eu,false,""
2024-03-14T19:00:00.000000,Poland,Poland,PL,562.57,623.02,26.97,25.66,entsoe.eu,false,""
2024-03-14T20:00:00.000000,Poland,Poland,PL,562.63,623.63,27.33,25.89,entsoe.eu,false,""
2024-03-14T21:00:00.000000,Poland,Poland,PL,565.32,627.3,26.84,25.31,entsoe.eu,false,""
2024-03-14T22:00:00.000000,Poland,Poland,PL,538.97,600.89,29.57,27.82,entsoe.eu,false,""
2024-03-14T23:00:00.000000,Poland,Poland,PL,546.54,608.47,28.73,26.99,entsoe.eu,false,""
2024-03-15T00:00:00.000000,Poland,Poland,PL,551.76,613.22,28.67,26.89,entsoe.eu,false,""
2024-03-15T01:00:00.000000,Poland,Poland,PL,548.67,609.46,29.43,27.6,entsoe.eu,false,""
2024-03-15T02:00:00.000000,Poland,Poland,PL,552.89,613.76,28.83,27.02,entsoe.eu,false,""
2024-03-15T03:00:00.000000,Poland,Poland,PL,557.33,618.34,28.39,26.67,entsoe.eu,false,""
2024-03-15T04:00:00.000000,Poland,Poland,PL,547.77,608.44,29.65,27.88,entsoe.eu,false,""
2024-03-15T05:00:00.000000,Poland,Poland,PL,546.01,606.3,29.48,28.04,entsoe.eu,false,""
2024-03-15T06:00:00.000000,Poland,Poland,PL,532.3,590.34,31.4,30.26,entsoe.eu,false,""
2024-03-15T07:00:00.000000,Poland,Poland,PL,515.84,575.11,33.1,32.06,entsoe.eu,false,""
2024-03-15T08:00:00.000000,Poland,Poland,PL,477.1,534.91,38.62,37.59,entsoe.eu,false,""
2024-03-15T09:00:00.000000,Poland,Poland,PL,428.04,483.2,45.13,44.22,entsoe.eu,false,""
2024-03-15T10:00:00.000000,Poland,Poland,PL,392.77,446.57,49.47,49.38,entsoe.eu,false,""
2024-03-15T11:00:00.000000,Poland,Poland,PL,369.6,422.13,52.37,52.31,entsoe.eu,false,""
2024-03-15T12:00:00.000000,Poland,Poland,PL,363.84,415.91,53.12,52.81,entsoe.eu,false,""
2024-03-15T13:00:00.000000,Poland,Poland,PL,390.54,443.61,49.8,49.31,entsoe.eu,false,""
2024-03-15T14:00:00.000000,Poland,Poland,PL,445.08,500.24,42.82,41.63,entsoe.eu,false,""
2024-03-15T15:00:00.000000,Poland,Poland,PL,512.18,570.88,33.82,32.49,entsoe.eu,false,""
2024-03-15T16:00:00.000000,Poland,Poland,PL,545.66,605.75,28.81,27.44,entsoe.eu,false,""
2024-03-15T17:00:00.000000,Poland,Poland,PL,541.05,599.94,29.35,28.07,entsoe.eu,false,""
2024-03-15T18:00:00.000000,Poland,Poland,PL,523.08,579.47,32.45,31.18,entsoe.eu,false,""
2024-03-15T19:00:00.000000,Poland,Poland,PL,509.89,566.35,33.93,32.56,entsoe.eu,false,""
2024-03-15T20:00:00.000000,Poland,Poland,PL,510.41,567.92,33.58,32.18,entsoe.eu,false,""
2024-03-15T21:00:00.000000,Poland,Poland,PL,510.63,569.92,33.33,31.85,entsoe.eu,false,""
2024-03-15T22:00:00.000000,Poland,Poland,PL,502.06,562.93,33.54,32.0,entsoe.eu,false,""
2024-03-15T23:00:00.000000,Poland,Poland,PL,480.12,540.12,36.16,34.5,entsoe.eu,false,""
2024-03-16T00:00:00.000000,Poland,Poland,PL,486.13,546.5,35.38,33.61,entsoe.eu,false,""
2024-03-16T01:00:00.000000,Poland,Poland,PL,490.34,551.14,34.73,32.92,entsoe.eu,false,""
2024-03-16T02:00:00.000000,Poland,Poland,PL,487.1,547.84,35.13,33.31,entsoe.eu,false,""
2024-03-16T03:00:00.000000,Poland,Poland,PL,485.64,545.16,36.19,34.19,entsoe.eu,false,""
2024-03-16T04:00:00.000000,Poland,Poland,PL,486.95,545.89,36.64,34.72,entsoe.eu,false,""
2024-03-16T05:00:00.000000,Poland,Poland,PL,476.78,535.23,38.08,36.19,entsoe.eu,false,""
2024-03-16T06:00:00.000000,Poland,Poland,PL,463.76,521.71,39.67,38.18,entsoe.eu,false,""
2024-03-16T07:00:00.000000,Poland,Poland,PL,456.49,513.9,40.72,39.57,entsoe.eu,false,""
2024-03-16T08:00:00.000000,Poland,Poland,PL,420.61,477.03,45.13,44.18,entsoe.eu,false,""
2024-03-16T09:00:00.000000,Poland,Poland,PL,383.58,438.13,50.08,49.19,entsoe.eu,false,""
2024-03-16T10:00:00.000000,Poland,Poland,PL,377.59,431.36,50.9,50.11,entsoe.eu,false,""
2024-03-16T11:00:00.000000,Poland,Poland,PL,388.86,442.33,49.66,49.02,entsoe.eu,false,""
2024-03-16T12:00:00.000000,Poland,Poland,PL,379.34,431.66,50.78,50.32,entsoe.eu,false,""
2024-03-16T13:00:00.000000,Poland,Poland,PL,395.94,448.9,48.6,48.17,entsoe.eu,false,""
2024-03-16T14:00:00.000000,Poland,Poland,PL,418.13,472.3,45.33,44.65,entsoe.eu,false,""
2024-03-16T15:00:00.000000,Poland,Poland,PL,438.5,492.86,43.07,42.02,entsoe.eu,false,""
2024-03-16T16:00:00.000000,Poland,Poland,PL,463.28,516.54,40.02,38.93,entsoe.eu,false,""
2024-03-16T17:00:00.000000,Poland,Poland,PL,484.53,537.69,37.0,36.23,entsoe.eu,false,""
2024-03-16T18:00:00.000000,Poland,Poland,PL,490.88,543.56,36.39,35.73,entsoe.eu,false,""
2024-03-16T19:00:00.000000,Poland,Poland,PL,493.55,545.92,36.89,36.33,entsoe.eu,false,""
2024-03-16T20:00:00.000000,Poland,Poland,PL,473.9,526.77,39.24,38.6,entsoe.eu,false,""
2024-03-16T21:00:00.000000,Poland,Poland,PL,469.52,523.16,39.59,38.99,entsoe.eu,false,""
2024-03-16T22:00:00.000000,Poland,Poland,PL,459.62,512.1,41.14,40.62,entsoe.eu,false,""
2024-03-16T23:00:00.000000,Poland,Poland,PL,435.63,487.57,43.64,43.09,entsoe.eu,false,""
2024-03-17T00:00:00.000000,Poland,Poland,PL,420.67,471.75,45.62,45.08,entsoe.eu,false,""
2024-03-17T01:00:00.000000,Poland,Poland,PL,416.79,467.61,46.1,45.59,entsoe.eu,false,""
2024-03-17T02:00:00.000000,Poland,Poland,PL,417.45,468.33,45.94,45.42,entsoe.eu,false,""
2024-03-17T03:00:00.000000,Poland,Poland,PL,424.61,476.0,45.03,44.48,entsoe.eu,false,""
2024-03-17T04:00:00.000000,Poland,Poland,PL,432.07,483.99,44.08,43.51,entsoe.eu,false,""
2024-03-17T05:00:00.000000,Poland,Poland,PL,424.82,476.3,45.0,44.26,entsoe.eu,false,""
2024-03-17T06:00:00.000000,Poland,Poland,PL,389.35,439.95,49.65,48.8,entsoe.eu,false,""
2024-03-17T07:00:00.000000,Poland,Poland,PL,356.4,405.62,54.04,53.54,entsoe.eu,false,""
2024-03-17T08:00:00.000000,Poland,Poland,PL,339.97,388.31,56.14,55.7,entsoe.eu,false,""
2024-03-17T09:00:00.000000,Poland,Poland,PL,338.33,386.99,56.3,55.42,entsoe.eu,false,""
2024-03-17T10:00:00.000000,Poland,Poland,PL,337.51,386.27,56.45,55.52,entsoe.eu,false,""
2024-03-17T11:00:00.000000,Poland,Poland,PL,346.94,396.04,55.25,54.08,entsoe.eu,false,""
2024-03-17T12:00:00.000000,Poland,Poland,PL,361.4,411.41,53.46,52.69,entsoe.eu,false,""
2024-03-17T13:00:00.000000,Poland,Poland,PL,389.81,441.04,49.94,49.56,entsoe.eu,false,""
2024-03-17T14:00:00.000000,Poland,Poland,PL,421.28,473.83,46.25,45.42,entsoe.eu,false,""
2024-03-17T15:00:00.000000,Poland,Poland,PL,478.74,534.88,39.0,37.63,entsoe.eu,false,""
2024-03-17T16:00:00.000000,Poland,Poland,PL,549.13,608.19,28.42,27.51,entsoe.eu,false,""
2024-03-17T17:00:00.000000,Poland,Poland,PL,569.34,628.61,26.02,24.99,entsoe.eu,false,""
2024-03-17T18:00:00.000000,Poland,Poland,PL,563.45,622.39,26.68,25.62,entsoe.eu,false,""
2024-03-17T19:00:00.000000,Poland,Poland,PL,563.18,623.33,26.93,25.77,entsoe.eu,false,""
2024-03-17T20:00:00.000000,Poland,Poland,PL,554.99,616.76,28.06,26.6,entsoe.eu,false,""
2024-03-17T21:00:00.000000,Poland,Poland,PL,553.9,615.78,29.41,27.68,entsoe.eu,false,""
2024-03-17T22:00:00.000000,Poland,Poland,PL,549.06,610.42,30.22,28.44,entsoe.eu,false,""
2024-03-17T23:00:00.000000,Poland,Poland,PL,561.26,623.2,28.76,27.03,entsoe.eu,false,""
2024-03-18T00:00:00.000000,Poland,Poland,PL,558.06,620.28,29.06,27.21,entsoe.eu,false,""
2024-03-18T01:00:00.000000,Poland,Poland,PL,568.65,630.99,27.85,26.05,entsoe.eu,false,""
2024-03-18T02:00:00.000000,Poland,Poland,PL,579.18,641.56,26.74,24.95,entsoe.eu,false,""
2024-03-18T03:00:00.000000,Poland,Poland,PL,589.05,651.87,25.66,23.9,entsoe.eu,false,""
2024-03-18T04:00:00.000000,Poland,Poland,PL,612.23,676.97,22.58,21.03,entsoe.eu,false,""
2024-03-18T05:00:00.000000,Poland,Poland,PL,609.07,673.7,22.41,20.99,entsoe.eu,false,""
2024-03-18T06:00:00.000000,Poland,Poland,PL,592.04,654.14,24.69,22.94,entsoe.eu,false,""
2024-03-18T07:00:00.000000,Poland,Poland,PL,572.67,634.02,27.44,24.46,entsoe.eu,false,""
2024-03-18T08:00:00.000000,Poland,Poland,PL,564.25,624.87,28.72,25.76,entsoe.eu,false,""
2024-03-18T09:00:00.000000,Poland,Poland,PL,561.95,623.27,28.9,25.72,entsoe.eu,false,""
2024-03-18T10:00:00.000000,Poland,Poland,PL,557.04,619.08,28.99,25.93,entsoe.eu,false,""
2024-03-18T11:00:00.000000,Poland,Poland,PL,553.51,614.89,29.99,26.31,entsoe.eu,false,""
2024-03-18T12:00:00.000000,Poland,Poland,PL,554.46,616.09,30.03,25.82,entsoe.eu,false,""
2024-03-18T13:00:00.000000,Poland,Poland,PL,579.73,642.75,26.98,23.07,entsoe.eu,false,""
2024-03-18T14:00:00.000000,Poland,Poland,PL,613.46,678.87,22.38,19.45,entsoe.eu,false,""
2024-03-18T15:00:00.000000,Poland,Poland,PL,661.81,729.17,16.67,15.09,entsoe.eu,false,""
2024-03-18T16:00:00.000000,Poland,Poland,PL,689.12,756.59,13.28,11.98,entsoe.eu,false,""
2024-03-18T17:00:00.000000,Poland,Poland,PL,712.41,778.33,10.6,9.97,entsoe.eu,false,""
2024-03-18T18:00:00.000000,Poland,Poland,PL,696.19,762.6,12.51,11.34,entsoe.eu,false,""
2024-03-18T19:00:00.000000,Poland,Poland,PL,690.18,757.5,13.46,11.65,entsoe.eu,false,""
2024-03-18T20:00:00.000000,Poland,Poland,PL,696.19,764.49,12.78,10.87,entsoe.eu,false,""
2024-03-18T21:00:00.000000,Poland,Poland,PL,692.79,761.58,13.44,11.37,entsoe.eu,false,""
2024-03-18T22:00:00.000000,Poland,Poland,PL,693.28,762.02,13.72,11.51,entsoe.eu,false,""
2024-03-18T23:00:00.000000,Poland,Poland,PL,680.94,749.95,14.95,12.27,entsoe.eu,false,""
2024-03-19T00:00:00.000000,Poland,Poland,PL,680.28,749.62,14.92,12.24,entsoe.eu,false,""
2024-03-19T01:00:00.000000,Poland,Poland,PL,683.95,753.23,14.38,12.12,entsoe.eu,false,""
2024-03-19T02:00:00.000000,Poland,Poland,PL,682.71,751.62,14.51,12.04,entsoe.eu,false,""
2024-03-19T03:00:00.000000,Poland,Poland,PL,675.65,744.21,15.41,12.72,entsoe.eu,false,""
2024-03-19T04:00:00.000000,Poland,Poland,PL,672.33,740.51,15.88,13.31,entsoe.eu,false,""
2024-03-19T05:00:00.000000,Poland,Poland,PL,650.59,717.61,18.16,15.61,entsoe.eu,false,""
2024-03-19T06:00:00.000000,Poland,Poland,PL,619.34,684.29,22.03,20.42,entsoe.eu,false,""
2024-03-19T07:00:00.000000,Poland,Poland,PL,572.88,635.53,28.17,26.81,entsoe.eu,false,""
2024-03-19T08:00:00.000000,Poland,Poland,PL,534.13,595.08,33.09,32.16,entsoe.eu,false,""
2024-03-19T09:00:00.000000,Poland,Poland,PL,509.46,569.09,36.32,35.37,entsoe.eu,false,""
2024-03-19T10:00:00.000000,Poland,Poland,PL,510.58,569.48,36.54,35.75,entsoe.eu,false,""
2024-03-19T11:00:00.000000,Poland,Poland,PL,483.21,541.63,39.7,38.84,entsoe.eu,false,""
2024-03-19T12:00:00.000000,Poland,Poland,PL,454.83,512.61,43.06,42.05,entsoe.eu,false,""
2024-03-19T13:00:00.000000,Poland,Poland,PL,471.91,530.33,41.04,39.28,entsoe.eu,false,""
2024-03-19T14:00:00.000000,Poland,Poland,PL,516.63,577.21,35.66,33.54,entsoe.eu,false,""
2024-03-19T15:00:00.000000,Poland,Poland,PL,602.57,667.18,24.6,22.1,entsoe.eu,false,""
2024-03-19T16:00:00.000000,Poland,Poland,PL,677.03,743.99,14.88,12.66,entsoe.eu,false,""
2024-03-19T17:00:00.000000,Poland,Poland,PL,689.78,756.08,13.06,11.73,entsoe.eu,false,""
2024-03-19T18:00:00.000000,Poland,Poland,PL,682.65,748.08,13.92,12.67,entsoe.eu,false,""
2024-03-19T19:00:00.000000,Poland,Poland,PL,661.29,727.78,16.47,14.02,entsoe.eu,false,""
2024-03-19T20:00:00.000000,Poland,Poland,PL,655.87,722.55,17.39,14.15,entsoe.eu,false,""
2024-03-19T21:00:00.000000,Poland,Poland,PL,647.29,713.71,18.72,15.46,entsoe.eu,false,""
2024-03-19T22:00:00.000000,Poland,Poland,PL,648.36,714.65,18.88,16.15,entsoe.eu,false,""
2024-03-19T23:00:00.000000,Poland,Poland,PL,650.57,717.33,18.4,15.55,entsoe.eu,false,""
2024-03-20T00:00:00.000000,Poland,Poland,PL,652.11,719.22,18.17,15.24,entsoe.eu,false,""
2024-03-20T01:00:00.000000,Poland,Poland,PL,654.02,721.03,17.86,15.34,entsoe.eu,false,""
2024-03-20T02:00:00.000000,Poland,Poland,PL,652.72,719.43,18.07,15.06,entsoe.eu,false,""
2024-03-20T03:00:00.000000,Poland,Poland,PL,656.09,722.95,17.7,14.13,entsoe.eu,false,""
2024-03-20T04:00:00.000000,Poland,Poland,PL,676.69,743.83,15.35,12.58,entsoe.eu,false,""
2024-03-20T05:00:00.000000,Poland,Poland,PL,667.52,733.74,16.17,14.27,entsoe.eu,false,""
2024-03-20T06:00:00.000000,Poland,Poland,PL,630.19,694.34,20.66,19.33,entsoe.eu,false,""
2024-03-20T07:00:00.000000,Poland,Poland,PL,558.14,618.78,29.98,27.31,entsoe.eu,false,""
2024-03-20T08:00:00.000000,Poland,Poland,PL,509.24,567.32,36.22,33.41,entsoe.eu,false,""
2024-03-20T09:00:00.000000,Poland,Poland,PL,460.45,516.88,42.06,39.03,entsoe.eu,false,""
2024-03-20T10:00:00.000000,Poland,Poland,PL,448.96,505.2,43.71,40.74,entsoe.eu,false,""
2024-03-20T11:00:00.000000,Poland,Poland,PL,459.37,516.01,42.51,39.75,entsoe.eu,false,""
2024-03-20T12:00:00.000000,Poland,Poland,PL,487.53,545.18,39.17,36.91,entsoe.eu,false,""
2024-03-20T13:00:00.000000,Poland,Poland,PL,523.2,582.4,34.66,32.1,entsoe.eu,false,""
2024-03-20T14:00:00.000000,Poland,Poland,PL,583.41,646.27,26.83,24.54,entsoe.eu,false,""
2024-03-20T15:00:00.000000,Poland,Poland,PL,644.93,710.13,19.23,16.42,entsoe.eu,false,""
2024-03-20T16:00:00.000000,Poland,Poland,PL,702.85,769.07,12.01,10.51,entsoe.eu,false,""
2024-03-20T17:00:00.000000,Poland,Poland,PL,717.93,782.84,10.04,9.4,entsoe.eu,false,""
2024-03-20T18:00:00.000000,Poland,Poland,PL,704.24,768.47,11.66,10.91,entsoe.eu,false,""
2024-03-20T19:00:00.000000,Poland,Poland,PL,692.76,758.07,13.59,12.18,entsoe.eu,false,""
2024-03-20T20:00:00.000000,Poland,Poland,PL,684.83,751.22,14.41,12.63,entsoe.eu,false,""
2024-03-20T21:00:00.000000,Poland,Poland,PL,670.32,736.23,16.35,14.21,entsoe.eu,false,""
2024-03-20T22:00:00.000000,Poland,Poland,PL,657.14,722.68,17.71,15.5,entsoe.eu,false,""
2024-03-20T23:00:00.000000,Poland,Poland,PL,661.75,727.46,16.89,15.14,entsoe.eu,false,""
2024-03-21T00:00:00.000000,Poland,Poland,PL,642.17,707.77,19.2,17.44,entsoe.eu,false,""
2024-03-21T01:00:00.000000,Poland,Poland,PL,636.71,701.92,19.92,18.25,entsoe.eu,false,""
2024-03-21T02:00:00.000000,Poland,Poland,PL,633.49,698.82,20.2,18.55,entsoe.eu,false,""
2024-03-21T03:00:00.000000,Poland,Poland,PL,632.25,697.94,20.44,18.86,entsoe.eu,false,""
2024-03-21T04:00:00.000000,Poland,Poland,PL,628.59,693.96,21.02,19.56,entsoe.eu,false,""
2024-03-21T05:00:00.000000,Poland,Poland,PL,618.48,683.62,21.51,20.33,entsoe.eu,false,""
2024-03-21T06:00:00.000000,Poland,Poland,PL,602.27,665.7,23.96,23.36,entsoe.eu,false,""
2024-03-21T07:00:00.000000,Poland,Poland,PL,566.31,627.36,28.81,27.45,entsoe.eu,false,""
2024-03-21T08:00:00.000000,Poland,Poland,PL,524.48,583.28,34.55,32.02,entsoe.eu,false,""
2024-03-21T09:00:00.000000,Poland,Poland,PL,504.74,563.13,36.78,34.89,entsoe.eu,false,""
2024-03-21T10:00:00.000000,Poland,Poland,PL,496.37,554.32,37.91,36.63,entsoe.eu,false,""
2024-03-21T11:00:00.000000,Poland,Poland,PL,484.3,541.91,39.37,38.36,entsoe.eu,false,""
2024-03-21T12:00:00.000000,Poland,Poland,PL,487.83,545.78,38.79,37.35,entsoe.eu,false,""
2024-03-21T13:00:00.000000,Poland,Poland,PL,531.05,590.91,33.51,32.31,entsoe.eu,false,""
2024-03-21T14:00:00.000000,Poland,Poland,PL,579.18,641.18,27.59,26.44,entsoe.eu,false,""
2024-03-21T15:00:00.000000,Poland,Poland,PL,624.94,689.63,21.28,20.01,entsoe.eu,false,""
2024-03-21T16:00:00.000000,Poland,Poland,PL,656.16,721.93,17.39,16.16,entsoe.eu,false,""
2024-03-21T17:00:00.000000,Poland,Poland,PL,660.88,724.43,16.82,15.8,entsoe.eu,false,""
2024-03-21T18:00:00.000000,Poland,Poland,PL,659.5,723.05,16.89,15.91,entsoe.eu,false,""
2024-03-21T19:00:00.000000,Poland,Poland,PL,648.87,714.02,18.48,16.96,entsoe.eu,false,""
2024-03-21T20:00:00.000000,Poland,Poland,PL,644.03,708.29,19.75,17.61,entsoe.eu,false,""
2024-03-21T21:00:00.000000,Poland,Poland,PL,629.48,693.95,21.0,19.41,entsoe.eu,false,""
2024-03-21T22:00:00.000000,Poland,Poland,PL,620.53,685.36,21.83,20.15,entsoe.eu,false,""
2024-03-21T23:00:00.000000,Poland,Poland,PL,624.6,690.01,20.99,19.45,entsoe.eu,false,""
2024-03-22T00:00:00.000000,Poland,Poland,PL,636.52,702.18,19.55,18.12,entsoe.eu,false,""
2024-03-22T01:00:00.000000,Poland,Poland,PL,643.1,708.82,18.74,17.25,entsoe.eu,false,""
2024-03-22T02:00:00.000000,Poland,Poland,PL,640.69,706.54,18.95,17.38,entsoe.eu,false,""
2024-03-22T03:00:00.000000,Poland,Poland,PL,632.16,697.71,20.15,18.53,entsoe.eu,false,""
2024-03-22T04:00:00.000000,Poland,Poland,PL,633.82,699.27,19.95,18.42,entsoe.eu,false,""
2024-03-22T05:00:00.000000,Poland,Poland,PL,614.17,678.86,21.86,20.3,entsoe.eu,false,""
2024-03-22T06:00:00.000000,Poland,Poland,PL,607.13,669.47,23.35,22.04,entsoe.eu,false,""
2024-03-22T07:00:00.000000,Poland,Poland,PL,570.26,630.44,28.37,25.85,entsoe.eu,false,""
2024-03-22T08:00:00.000000,Poland,Poland,PL,534.69,593.11,32.97,29.9,entsoe.eu,false,""
2024-03-22T09:00:00.000000,Poland,Poland,PL,536.13,593.94,32.72,30.69,entsoe.eu,false,""
2024-03-22T10:00:00.000000,Poland,Poland,PL,541.65,599.55,32.08,31.24,entsoe.eu,false,""
2024-03-22T11:00:00.000000,Poland,Poland,PL,546.39,604.56,31.42,31.1,entsoe.eu,false,""
2024-03-22T12:00:00.000000,Poland,Poland,PL,530.82,587.73,33.48,32.89,entsoe.eu,false,""
2024-03-22T13:00:00.000000,Poland,Poland,PL,537.06,593.36,32.84,32.22,entsoe.eu,false,""
2024-03-22T14:00:00.000000,Poland,Poland,PL,536.08,592.77,32.72,31.73,entsoe.eu,false,""
2024-03-22T15:00:00.000000,Poland,Poland,PL,542.69,599.92,32.05,30.98,entsoe.eu,false,""
2024-03-22T16:00:00.000000,Poland,Poland,PL,556.08,613.94,30.15,29.09,entsoe.eu,false,""
2024-03-22T17:00:00.000000,Poland,Poland,PL,557.8,614.33,29.37,28.36,entsoe.eu,false,""
2024-03-22T18:00:00.000000,Poland,Poland,PL,551.8,607.5,30.04,29.1,entsoe.eu,false,""
2024-03-22T19:00:00.000000,Poland,Poland,PL,545.24,601.69,31.43,30.26,entsoe.eu,false,""
2024-03-22T20:00:00.000000,Poland,Poland,PL,558.0,615.72,29.59,28.46,entsoe.eu,false,""
2024-03-22T21:00:00.000000,Poland,Poland,PL,561.74,620.46,28.85,27.58,entsoe.eu,false,""
2024-03-22T22:00:00.000000,Poland,Poland,PL,561.91,621.6,28.47,27.01,entsoe.eu,false,""
2024-03-22T23:00:00.000000,Poland,Poland,PL,577.09,637.35,26.37,24.66,entsoe.eu,false,""
2024-03-23T00:00:00.000000,Poland,Poland,PL,600.62,662.36,23.44,21.66,entsoe.eu,false,""
2024-03-23T01:00:00.000000,Poland,Poland,PL,614.23,676.93,21.78,19.95,entsoe.eu,false,""
2024-03-23T02:00:00.000000,Poland,Poland,PL,620.66,684.19,20.86,18.99,entsoe.eu,false,""
2024-03-23T03:00:00.000000,Poland,Poland,PL,627.47,692.39,19.88,17.92,entsoe.eu,false,""
2024-03-23T04:00:00.000000,Poland,Poland,PL,625.81,691.07,19.93,17.86,entsoe.eu,false,""
2024-03-23T05:00:00.000000,Poland,Poland,PL,614.99,679.87,21.24,19.18,entsoe.eu,false,""
2024-03-23T06:00:00.000000,Poland,Poland,PL,588.77,652.31,24.51,22.12,entsoe.eu,false,""
2024-03-23T07:00:00.000000,Poland,Poland,PL,563.79,625.11,28.01,25.31,entsoe.eu,false,""
2024-03-23T08:00:00.000000,Poland,Poland,PL,562.29,622.52,28.61,27.07,entsoe.eu,false,""
2024-03-23T09:00:00.000000,Poland,Poland,PL,534.77,594.64,32.1,31.45,entsoe.eu,false,""
2024-03-23T10:00:00.000000,Poland,Poland,PL,520.21,579.5,33.8,33.04,entsoe.eu,false,""
2024-03-23T11:00:00.000000,Poland,Poland,PL,522.91,581.61,33.53,33.24,entsoe.eu,false,""
2024-03-23T12:00:00.000000,Poland,Poland,PL,516.01,573.54,34.44,34.38,entsoe.eu,false,""
2024-03-23T13:00:00.000000,Poland,Poland,PL,534.27,592.04,32.22,32.21,entsoe.eu,false,""
2024-03-23T14:00:00.000000,Poland,Poland,PL,553.66,611.37,30.02,30.0,entsoe.eu,false,""
2024-03-23T15:00:00.000000,Poland,Poland,PL,536.53,593.33,32.08,31.55,entsoe.eu,false,""
2024-03-23T16:00:00.000000,Poland,Poland,PL,537.51,593.94,31.76,30.65,entsoe.eu,false,""
2024-03-23T17:00:00.000000,Poland,Poland,PL,555.27,610.85,29.63,28.46,entsoe.eu,false,""
2024-03-23T18:00:00.000000,Poland,Poland,PL,564.27,620.95,28.31,27.15,entsoe.eu,false,""
2024-03-23T19:00:00.000000,Poland,Poland,PL,557.95,615.37,28.87,27.61,entsoe.eu,false,""
2024-03-23T20:00:00.000000,Poland,Poland,PL,534.53,591.35,31.82,30.54,entsoe.eu,false,""
2024-03-23T21:00:00.000000,Poland,Poland,PL,542.45,600.21,30.58,30.35,entsoe.eu,false,""
2024-03-23T22:00:00.000000,Poland,Poland,PL,519.91,576.19,33.71,33.49,entsoe.eu,false,""
2024-03-23T23:00:00.000000,Poland,Poland,PL,519.34,576.23,33.54,33.33,entsoe.eu,false,""
2024-03-24T00:00:00.000000,Poland,Poland,PL,524.1,581.73,32.94,32.76,entsoe.eu,false,""
2024-03-24T01:00:00.000000,Poland,Poland,PL,547.83,606.87,29.94,29.8,entsoe.eu,false,""
2024-03-24T02:00:00.000000,Poland,Poland,PL,565.4,625.59,27.71,27.54,entsoe.eu,false,""
2024-03-24T03:00:00.000000,Poland,Poland,PL,575.44,636.32,26.5,26.33,entsoe.eu,false,""
2024-03-24T04:00:00.000000,Poland,Poland,PL,584.29,645.38,25.33,25.19,entsoe.eu,false,""
2024-03-24T05:00:00.000000,Poland,Poland,PL,561.63,621.97,28.22,27.66,entsoe.eu,false,""
2024-03-24T06:00:00.000000,Poland,Poland,PL,518.21,576.99,33.96,33.28,entsoe.eu,false,""
2024-03-24T07:00:00.000000,Poland,Poland,PL,480.54,537.69,38.65,38.29,entsoe.eu,false,""
2024-03-24T08:00:00.000000,Poland,Poland,PL,446.47,501.61,43.16,43.05,entsoe.eu,false,""
2024-03-24T09:00:00.000000,Poland,Poland,PL,422.94,476.71,46.1,45.82,entsoe.eu,false,""
2024-03-24T10:00:00.000000,Poland,Poland,PL,406.35,459.25,48.12,47.98,entsoe.eu,false,""
2024-03-24T11:00:00.000000,Poland,Poland,PL,406.08,458.42,48.25,48.14,entsoe.eu,false,""
2024-03-24T12:00:00.000000,Poland,Poland,PL,395.39,446.88,49.76,48.95,entsoe.eu,false,""
2024-03-24T13:00:00.000000,Poland,Poland,PL,407.32,459.61,48.29,47.36,entsoe.eu,false,""
2024-03-24T14:00:00.000000,Poland,Poland,PL,466.6,521.66,40.83,40.17,entsoe.eu,false,""
2024-03-24T15:00:00.000000,Poland,Poland,PL,539.51,598.2,31.66,31.1,entsoe.eu,false,""
2024-03-24T16:00:00.000000,Poland,Poland,PL,611.83,673.89,22.25,21.0,entsoe.eu,false,""
2024-03-24T17:00:00.000000,Poland,Poland,PL,632.21,694.28,19.38,18.15,entsoe.eu,false,""
2024-03-24T18:00:00.000000,Poland,Poland,PL,625.55,686.35,20.38,19.26,entsoe.eu,false,""
2024-03-24T19:00:00.000000,Poland,Poland,PL,611.17,670.9,22.49,21.31,entsoe.eu,false,""
2024-03-24T20:00:00.000000,Poland,Poland,PL,617.29,678.16,21.58,20.26,entsoe.eu,false,""
2024-03-24T21:00:00.000000,Poland,Poland,PL,616.55,678.59,21.68,20.22,entsoe.eu,false,""
2024-03-24T22:00:00.000000,Poland,Poland,PL,600.44,662.46,23.79,21.67,entsoe.eu,false,""
2024-03-24T23:00:00.000000,Poland,Poland,PL,649.02,713.77,17.25,16.41,entsoe.eu,false,""
2024-03-25T00:00:00.000000,Poland,Poland,PL,663.9,729.45,15.38,14.59,entsoe.eu,false,""
2024-03-25T01:00:00.000000,Poland,Poland,PL,670.89,736.8,14.49,13.79,entsoe.eu,false,""
2024-03-25T02:00:00.000000,Poland,Poland,PL,669.34,735.44,14.66,13.93,entsoe.eu,false,""
2024-03-25T03:00:00.000000,Poland,Poland,PL,677.56,743.34,13.96,12.9,entsoe.eu,false,""
2024-03-25T04:00:00.000000,Poland,Poland,PL,672.07,737.14,15.09,13.14,entsoe.eu,false,""
2024-03-25T05:00:00.000000,Poland,Poland,PL,646.63,711.76,17.71,15.91,entsoe.eu,false,""
2024-03-25T06:00:00.000000,Poland,Poland,PL,638.65,701.85,19.01,17.91,entsoe.eu,false,""
2024-03-25T07:00:00.000000,Poland,Poland,PL,594.47,655.68,24.83,22.56,entsoe.eu,false,""
2024-03-25T08:00:00.000000,Poland,Poland,PL,552.44,611.79,30.38,27.04,entsoe.eu,false,""
2024-03-25T09:00:00.000000,Poland,Poland,PL,541.98,599.59,32.06,28.34,entsoe.eu,false,""
2024-03-25T10:00:00.000000,Poland,Poland,PL,553.1,612.06,29.92,27.28,entsoe.eu,false,""
2024-03-25T11:00:00.000000,Poland,Poland,PL,537.79,595.96,32.2,29.8,entsoe.eu,false,""
2024-03-25T12:00:00.000000,Poland,Poland,PL,513.78,570.51,35.74,32.34,entsoe.eu,false,""
2024-03-25T13:00:00.000000,Poland,Poland,PL,521.83,578.88,34.95,31.68,entsoe.eu,false,""
2024-03-25T14:00:00.000000,Poland,Poland,PL,560.89,620.24,30.04,27.12,entsoe.eu,false,""
2024-03-25T15:00:00.000000,Poland,Poland,PL,635.29,698.29,20.42,18.27,entsoe.eu,false,""
2024-03-25T16:00:00.000000,Poland,Poland,PL,694.85,760.08,12.69,11.01,entsoe.eu,false,""
2024-03-25T17:00:00.000000,Poland,Poland,PL,720.6,784.97,9.47,8.82,entsoe.eu,false,""
2024-03-25T18:00:00.000000,Poland,Poland,PL,707.92,772.3,10.59,9.51,entsoe.eu,false,""
2024-03-25T19:00:00.000000,Poland,Poland,PL,699.13,764.24,11.51,10.18,entsoe.eu,false,""
2024-03-25T20:00:00.000000,Poland,Poland,PL,697.98,763.49,11.85,10.43,entsoe.eu,false,""
2024-03-25T21:00:00.000000,Poland,Poland,PL,704.7,771.86,10.7,8.61,entsoe.eu,false,""
2024-03-25T22:00:00.000000,Poland,Poland,PL,706.64,774.65,10.76,8.51,entsoe.eu,false,""
2024-03-25T23:00:00.000000,Poland,Poland,PL,694.43,762.49,11.93,9.63,entsoe.eu,false,""
2024-03-26T00:00:00.000000,Poland,Poland,PL,682.51,750.62,13.11,10.59,entsoe.eu,false,""
2024-03-26T01:00:00.000000,Poland,Poland,PL,681.5,750.14,12.85,10.5,entsoe.eu,false,""
2024-03-26T02:00:00.000000,Poland,Poland,PL,680.16,748.41,13.38,11.03,entsoe.eu,false,""
2024-03-26T03:00:00.000000,Poland,Poland,PL,675.39,742.89,14.23,12.04,entsoe.eu,false,""
2024-03-26T04:00:00.000000,Poland,Poland,PL,670.97,737.65,14.69,12.9,entsoe.eu,false,""
2024-03-26T05:00:00.000000,Poland,Poland,PL,630.04,693.7,19.6,18.41,entsoe.eu,false,""
2024-03-26T06:00:00.000000,Poland,Poland,PL,553.04,612.47,29.36,28.35,entsoe.eu,false,""
2024-03-26T07:00:00.000000,Poland,Poland,PL,486.63,543.25,38.0,37.13,entsoe.eu,false,""
2024-03-26T08:00:00.000000,Poland,Poland,PL,416.07,470.47,46.73,46.73,entsoe.eu,false,""
2024-03-26T09:00:00.000000,Poland,Poland,PL,358.06,409.68,54.06,54.06,entsoe.eu,false,""
2024-03-26T10:00:00.000000,Poland,Poland,PL,343.07,393.74,55.92,55.91,entsoe.eu,false,""
2024-03-26T11:00:00.000000,Poland,Poland,PL,352.43,403.02,54.84,54.83,entsoe.eu,false,""
2024-03-26T12:00:00.000000,Poland,Poland,PL,358.38,408.8,54.05,54.05,entsoe.eu,false,""
2024-03-26T13:00:00.000000,Poland,Poland,PL,345.83,394.6,55.79,55.77,entsoe.eu,false,""
2024-03-26T14:00:00.000000,Poland,Poland,PL,387.52,437.01,50.76,50.74,entsoe.eu,false,""
2024-03-26T15:00:00.000000,Poland,Poland,PL,458.4,510.07,41.78,41.11,entsoe.eu,false,""
2024-03-26T16:00:00.000000,Poland,Poland,PL,521.24,574.89,33.43,32.49,entsoe.eu,false,""
2024-03-26T17:00:00.000000,Poland,Poland,PL,532.94,586.07,31.63,30.81,entsoe.eu,false,""
2024-03-26T18:00:00.000000,Poland,Poland,PL,527.53,579.64,32.49,31.94,entsoe.eu,false,""
2024-03-26T19:00:00.000000,Poland,Poland,PL,504.18,555.98,35.69,35.07,entsoe.eu,false,""
2024-03-26T20:00:00.000000,Poland,Poland,PL,477.69,528.92,38.84,38.16,entsoe.eu,false,""
2024-03-26T21:00:00.000000,Poland,Poland,PL,465.16,515.73,40.55,40.01,entsoe.eu,false,""
2024-03-26T22:00:00.000000,Poland,Poland,PL,451.65,501.78,42.04,41.44,entsoe.eu,false,""
2024-03-26T23:00:00.000000,Poland,Poland,PL,442.99,493.04,42.8,42.16,entsoe.eu,false,""
2024-03-27T00:00:00.000000,Poland,Poland,PL,454.14,505.17,41.11,40.56,entsoe.eu,false,""
2024-03-27T01:00:00.000000,Poland,Poland,PL,456.23,507.45,40.82,40.25,entsoe.eu,false,""
2024-03-27T02:00:00.000000,Poland,Poland,PL,449.73,500.43,41.78,41.11,entsoe.eu,false,""
2024-03-27T03:00:00.000000,Poland,Poland,PL,452.09,503.53,41.11,40.36,entsoe.eu,false,""
2024-03-27T04:00:00.000000,Poland,Poland,PL,453.2,505.45,40.61,39.82,entsoe.eu,false,""
2024-03-27T05:00:00.000000,Poland,Poland,PL,445.99,497.79,41.39,40.65,entsoe.eu,false,""
2024-03-27T06:00:00.000000,Poland,Poland,PL,415.88,466.55,45.5,44.66,entsoe.eu,false,""
2024-03-27T07:00:00.000000,Poland,Poland,PL,371.09,421.64,51.21,50.13,entsoe.eu,false,""
2024-03-27T08:00:00.000000,Poland,Poland,PL,313.19,361.4,58.9,58.16,entsoe.eu,false,""
2024-03-27T09:00:00.000000,Poland,Poland,PL,274.59,321.01,63.96,63.63,entsoe.eu,false,""
2024-03-27T10:00:00.000000,Poland,Poland,PL,276.57,323.65,63.18,62.78,entsoe.eu,false,""
2024-03-27T11:00:00.000000,Poland,Poland,PL,279.9,325.82,63.41,63.03,entsoe.eu,false,""
2024-03-27T12:00:00.000000,Poland,Poland,PL,288.87,334.96,62.23,61.94,entsoe.eu,false,""
2024-03-27T13:00:00.000000,Poland,Poland,PL,318.6,365.02,58.83,58.32,entsoe.eu,false,""
2024-03-27T14:00:00.000000,Poland,Poland,PL,379.14,428.14,51.02,50.19,entsoe.eu,false,""
2024-03-27T15:00:00.000000,Poland,Poland,PL,452.22,503.84,41.93,41.0,entsoe.eu,false,""
2024-03-27T16:00:00.000000,Poland,Poland,PL,522.73,576.52,33.08,32.17,entsoe.eu,false,""
2024-03-27T17:00:00.000000,Poland,Poland,PL,540.75,593.99,30.92,30.07,entsoe.eu,false,""
2024-03-27T18:00:00.000000,Poland,Poland,PL,537.52,589.64,31.34,30.54,entsoe.eu,false,""
2024-03-27T19:00:00.000000,Poland,Poland,PL,531.21,584.93,32.14,31.27,entsoe.eu,false,""
2024-03-27T20:00:00.000000,Poland,Poland,PL,509.74,562.8,34.8,33.43,entsoe.eu,false,""
2024-03-27T21:00:00.000000,Poland,Poland,PL,486.85,539.64,37.1,35.31,entsoe.eu,false,""
2024-03-27T22:00:00.000000,Poland,Poland,PL,469.79,521.98,39.08,37.15,entsoe.eu,false,""
2024-03-27T23:00:00.000000,Poland,Poland,PL,449.39,500.21,41.85,39.71,entsoe.eu,false,""
2024-03-28T00:00:00.000000,Poland,Poland,PL,438.1,488.35,43.24,41.04,entsoe.eu,false,""
2024-03-28T01:00:00.000000,Poland,Poland,PL,434.35,484.37,43.7,41.61,entsoe.eu,false,""
2024-03-28T02:00:00.000000,Poland,Poland,PL,432.87,482.72,43.91,41.89,entsoe.eu,false,""
2024-03-28T03:00:00.000000,Poland,Poland,PL,439.86,490.11,43.01,41.24,entsoe.eu,false,""
2024-03-28T04:00:00.000000,Poland,Poland,PL,440.31,490.98,43.04,41.46,entsoe.eu,false,""
2024-03-28T05:00:00.000000,Poland,Poland,PL,466.7,517.79,39.57,38.46,entsoe.eu,false,""
2024-03-28T06:00:00.000000,Poland,Poland,PL,458.04,509.06,40.55,39.22,entsoe.eu,false,""
2024-03-28T07:00:00.000000,Poland,Poland,PL,439.9,490.92,42.8,41.41,entsoe.eu,false,""
2024-03-28T08:00:00.000000,Poland,Poland,PL,417.57,468.02,45.97,44.12,entsoe.eu,false,""
2024-03-28T09:00:00.000000,Poland,Poland,PL,393.64,442.71,49.3,47.6,entsoe.eu,false,""
2024-03-28T10:00:00.000000,Poland,Poland,PL,381.17,429.77,50.96,49.42,entsoe.eu,false,""
2024-03-28T11:00:00.000000,Poland,Poland,PL,366.87,415.52,52.47,51.23,entsoe.eu,false,""
2024-03-28T12:00:00.000000,Poland,Poland,PL,362.64,411.09,53.17,52.59,entsoe.eu,false,""
2024-03-28T13:00:00.000000,Poland,Poland,PL,370.34,418.93,52.29,52.05,entsoe.eu,false,""
2024-03-28T14:00:00.000000,Poland,Poland,PL,400.79,450.09,48.77,48.69,entsoe.eu,false,""
2024-03-28T15:00:00.000000,Poland,Poland,PL,434.94,485.98,44.36,43.44,entsoe.eu,false,""
2024-03-28T16:00:00.000000,Poland,Poland,PL,486.33,539.7,37.48,36.36,entsoe.eu,false,""
2024-03-28T17:00:00.000000,Poland,Poland,PL,512.31,566.99,33.94,32.78,entsoe.eu,false,""
2024-03-28T18:00:00.000000,Poland,Poland,PL,513.13,566.27,34.1,32.94,entsoe.eu,false,""
2024-03-28T19:00:00.000000,Poland,Poland,PL,511.05,564.37,34.31,33.1,entsoe.eu,false,""
2024-03-28T20:00:00.000000,Poland,Poland,PL,500.89,554.53,35.9,34.51,entsoe.eu,false,""
2024-03-28T21:00:00.000000,Poland,Poland,PL,479.32,533.67,37.98,36.49,entsoe.eu,false,""
2024-03-28T22:00:00.000000,Poland,Poland,PL,469.19,523.24,39.02,37.52,entsoe.eu,false,""
2024-03-28T23:00:00.000000,Poland,Poland,PL,457.26,509.96,40.88,39.56,entsoe.eu,false,""
2024-03-29T00:00:00.000000,Poland,Poland,PL,446.71,498.56,42.23,40.84,entsoe.eu,false,""
2024-03-29T01:00:00.000000,Poland,Poland,PL,433.12,484.32,43.85,42.35,entsoe.eu,false,""
2024-03-29T02:00:00.000000,Poland,Poland,PL,441.26,493.19,42.78,41.23,entsoe.eu,false,""
2024-03-29T03:00:00.000000,Poland,Poland,PL,455.62,508.23,41.08,39.48,entsoe.eu,false,""
2024-03-29T04:00:00.000000,Poland,Poland,PL,459.8,513.03,40.46,38.89,entsoe.eu,false,""
2024-03-29T05:00:00.000000,Poland,Poland,PL,417.8,468.38,45.79,44.49,entsoe.eu,false,""
2024-03-29T06:00:00.000000,Poland,Poland,PL,371.72,421.07,51.78,51.15,entsoe.eu,false,""
2024-03-29T07:00:00.000000,Poland,Poland,PL,335.97,385.2,56.53,56.52,entsoe.eu,false,""
2024-03-29T08:00:00.000000,Poland,Poland,PL,301.19,348.91,60.89,60.65,entsoe.eu,false,""
2024-03-29T09:00:00.000000,Poland,Poland,PL,270.7,316.27,64.86,64.85,entsoe.eu,false,""
2024-03-29T10:00:00.000000,Poland,Poland,PL,250.73,294.62,67.38,67.38,entsoe.eu,false,""
2024-03-29T11:00:00.000000,Poland,Poland,PL,255.75,299.6,66.67,66.45,entsoe.eu,false,""
2024-03-29T12:00:00.000000,Poland,Poland,PL,293.15,338.82,61.83,61.83,entsoe.eu,false,""
2024-03-29T13:00:00.000000,Poland,Poland,PL,347.55,396.41,54.39,54.39,entsoe.eu,false,""
2024-03-29T14:00:00.000000,Poland,Poland,PL,408.49,461.19,46.64,46.56,entsoe.eu,false,""
2024-03-29T15:00:00.000000,Poland,Poland,PL,468.96,524.83,39.11,37.76,entsoe.eu,false,""
2024-03-29T16:00:00.000000,Poland,Poland,PL,521.73,578.3,33.0,31.2,entsoe.eu,false,""
2024-03-29T17:00:00.000000,Poland,Poland,PL,563.36,619.49,27.53,26.27,entsoe.eu,false,""
2024-03-29T18:00:00.000000,Poland,Poland,PL,552.65,606.93,29.0,27.9,entsoe.eu,false,""
2024-03-29T19:00:00.000000,Poland,Poland,PL,519.67,574.11,33.07,31.69,entsoe.eu,false,""
2024-03-29T20:00:00.000000,Poland,Poland,PL,515.04,568.96,34.05,32.53,entsoe.eu,false,""
2024-03-29T21:00:00.000000,Poland,Poland,PL,504.38,558.53,35.22,33.45,entsoe.eu,false,""
2024-03-29T22:00:00.000000,Poland,Poland,PL,507.77,562.49,34.82,32.93,entsoe.eu,false,""
2024-03-29T23:00:00.000000,Poland,Poland,PL,511.9,567.96,33.9,31.77,entsoe.eu,false,""
2024-03-30T00:00:00.000000,Poland,Poland,PL,534.33,593.22,30.43,28.26,entsoe.eu,false,""
2024-03-30T01:00:00.000000,Poland,Poland,PL,550.13,610.63,28.46,26.14,entsoe.eu,false,""
2024-03-30T02:00:00.000000,Poland,Poland,PL,553.62,614.17,28.73,26.03,entsoe.eu,false,""
2024-03-30T03:00:00.000000,Poland,Poland,PL,558.14,619.32,28.24,25.24,entsoe.eu,false,""
2024-03-30T04:00:00.000000,Poland,Poland,PL,559.95,621.33,28.0,24.57,entsoe.eu,false,""
2024-03-30T05:00:00.000000,Poland,Poland,PL,542.2,601.71,30.11,27.79,entsoe.eu,false,""
2024-03-30T06:00:00.000000,Poland,Poland,PL,495.01,553.36,36.24,35.51,entsoe.eu,false,""
2024-03-30T07:00:00.000000,Poland,Poland,PL,419.29,474.55,46.2,44.01,entsoe.eu,false,""
2024-03-30T08:00:00.000000,Poland,Poland,PL,377.83,431.26,51.26,50.13,entsoe.eu,false,""
2024-03-30T09:00:00.000000,Poland,Poland,PL,345.08,397.33,55.48,54.28,entsoe.eu,false,""
2024-03-30T10:00:00.000000,Poland,Poland,PL,328.23,379.45,57.64,56.3,entsoe.eu,false,""
2024-03-30T11:00:00.000000,Poland,Poland,PL,326.09,376.5,58.2,56.68,entsoe.eu,false,""
2024-03-30T12:00:00.000000,Poland,Poland,PL,339.71,390.29,56.38,53.44,entsoe.eu,false,""
2024-03-30T13:00:00.000000,Poland,Poland,PL,372.88,424.9,51.93,48.61,entsoe.eu,false,""
2024-03-30T14:00:00.000000,Poland,Poland,PL,424.99,478.02,45.7,41.45,entsoe.eu,false,""
2024-03-30T15:00:00.000000,Poland,Poland,PL,504.15,561.11,35.53,34.06,entsoe.eu,false,""
2024-03-30T16:00:00.000000,Poland,Poland,PL,544.06,601.74,30.59,28.77,entsoe.eu,false,""
2024-03-30T17:00:00.000000,Poland,Poland,PL,563.84,618.35,28.31,26.92,entsoe.eu,false,""
2024-03-30T18:00:00.000000,Poland,Poland,PL,539.53,591.89,31.52,30.31,entsoe.eu,false,""
2024-03-30T19:00:00.000000,Poland,Poland,PL,497.23,548.77,36.92,35.5,entsoe.eu,false,""
2024-03-30T20:00:00.000000,Poland,Poland,PL,466.07,514.98,40.91,39.39,entsoe.eu,false,""
2024-03-30T21:00:00.000000,Poland,Poland,PL,459.1,508.05,41.53,39.74,entsoe.eu,false,""
2024-03-30T22:00:00.000000,Poland,Poland,PL,466.87,518.06,39.95,38.02,entsoe.eu,false,""
2024-03-30T23:00:00.000000,Poland,Poland,PL,458.47,509.89,41.33,39.07,entsoe.eu,false,""
2024-03-31T00:00:00.000000,Poland,Poland,PL,445.67,496.6,42.96,40.61,entsoe.eu,false,""
2024-03-31T01:00:00.000000,Poland,Poland,PL,459.91,511.85,41.07,39.69,entsoe.eu,false,""
2024-03-31T02:00:00.000000,Poland,Poland,PL,453.16,504.59,42.0,40.68,entsoe.eu,false,""
2024-03-31T03:00:00.000000,Poland,Poland,PL,447.83,499.04,42.69,40.42,entsoe.eu,false,""
2024-03-31T04:00:00.000000,Poland,Poland,PL,467.26,519.03,40.28,38.58,entsoe.eu,false,""
2024-03-31T05:00:00.000000,Poland,Poland,PL,443.85,495.09,43.06,41.82,entsoe.eu,false,""
2024-03-31T06:00:00.000000,Poland,Poland,PL,414.35,464.15,46.7,44.03,entsoe.eu,false,""
2024-03-31T07:00:00.000000,Poland,Poland,PL,437.06,490.55,43.73,42.9,entsoe.eu,false,""
2024-03-31T08:00:00.000000,Poland,Poland,PL,394.24,446.72,49.51,48.65,entsoe.eu,false,""
2024-03-31T09:00:00.000000,Poland,Poland,PL,346.97,397.8,55.47,54.67,entsoe.eu,false,""
2024-03-31T10:00:00.000000,Poland,Poland,PL,337.27,387.67,56.55,55.5,entsoe.eu,false,""
2024-03-31T11:00:00.000000,Poland,Poland,PL,333.37,383.6,57.04,56.07,entsoe.eu,false,""
2024-03-31T12:00:00.000000,Poland,Poland,PL,349.58,400.22,54.99,54.28,entsoe.eu,false,""
2024-03-31T13:00:00.000000,Poland,Poland,PL,389.28,442.46,49.36,48.81,entsoe.eu,false,""
2024-03-31T14:00:00.000000,Poland,Poland,PL,424.85,478.73,45.19,41.45,entsoe.eu,false,""
2024-03-31T15:00:00.000000,Poland,Poland,PL,507.59,565.71,34.48,32.38,entsoe.eu,false,""
2024-03-31T16:00:00.000000,Poland,Poland,PL,552.98,611.28,28.67,25.69,entsoe.eu,false,""
2024-03-31T17:00:00.000000,Poland,Poland,PL,564.92,621.51,27.57,24.41,entsoe.eu,false,""
2024-03-31T18:00:00.000000,Poland,Poland,PL,565.12,621.38,27.58,25.45,entsoe.eu,false,""
2024-03-31T19:00:00.000000,Poland,Poland,PL,538.58,594.68,30.86,28.4,entsoe.eu,false,""
2024-03-31T20:00:00.000000,Poland,Poland,PL,518.59,574.3,33.13,30.48,entsoe.eu,false,""
2024-03-31T21:00:00.000000,Poland,Poland,PL,508.72,564.55,34.43,31.42,entsoe.eu,false,""
2024-03-31T22:00:00.000000,Poland,Poland,PL,500.33,556.17,35.36,31.83,entsoe.eu,false,""
2024-03-31T23:00:00.000000,Poland,Poland,PL,508.5,565.6,34.1,30.31,entsoe.eu,false,""
2024-04-01T00:00:00.000000,Poland,Poland,PL,521.32,579.53,32.45,29.06,entsoe.eu,false,""
2024-04-01T01:00:00.000000,Poland,Poland,PL,513.23,570.87,33.47,29.97,entsoe.eu,false,""
2024-04-01T02:00:00.000000,Poland,Poland,PL,517.5,574.34,33.71,30.42,entsoe.eu,false,""
2024-04-01T03:00:00.000000,Poland,Poland,PL,535.89,593.53,31.76,28.45,entsoe.eu,false,""
2024-04-01T04:00:00.000000,Poland,Poland,PL,525.87,583.62,32.47,29.78,entsoe.eu,false,""
2024-04-01T05:00:00.000000,Poland,Poland,PL,482.73,538.33,38.4,35.93,entsoe.eu,false,""
2024-04-01T06:00:00.000000,Poland,Poland,PL,443.94,498.62,43.33,41.07,entsoe.eu,false,""
2024-04-01T07:00:00.000000,Poland,Poland,PL,419.82,474.48,46.25,44.36,entsoe.eu,false,""
2024-04-01T08:00:00.000000,Poland,Poland,PL,400.67,455.14,48.1,44.97,entsoe.eu,false,""
2024-04-01T09:00:00.000000,Poland,Poland,PL,383.26,436.24,50.71,47.8,entsoe.eu,false,""
2024-04-01T10:00:00.000000,Poland,Poland,PL,372.03,423.92,52.24,48.54,entsoe.eu,false,""
2024-04-01T11:00:00.000000,Poland,Poland,PL,366.9,417.93,52.99,49.42,entsoe.eu,false,""
2024-04-01T12:00:00.000000,Poland,Poland,PL,360.08,411.09,53.82,53.1,entsoe.eu,false,""
2024-04-01T13:00:00.000000,Poland,Poland,PL,369.69,421.21,52.54,52.39,entsoe.eu,false,""
2024-04-01T14:00:00.000000,Poland,Poland,PL,398.31,450.66,48.97,47.6,entsoe.eu,false,""
2024-04-01T15:00:00.000000,Poland,Poland,PL,469.65,523.95,39.59,38.5,entsoe.eu,false,""
2024-04-01T16:00:00.000000,Poland,Poland,PL,490.08,543.68,36.76,35.17,entsoe.eu,false,""
2024-04-01T17:00:00.000000,Poland,Poland,PL,496.93,549.29,36.01,34.37,entsoe.eu,false,""
2024-04-01T18:00:00.000000,Poland,Poland,PL,475.31,525.22,39.18,37.58,entsoe.eu,false,""
2024-04-01T19:00:00.000000,Poland,Poland,PL,473.57,525.28,38.99,37.32,entsoe.eu,false,""
2024-04-01T20:00:00.000000,Poland,Poland,PL,479.68,532.77,37.99,36.18,entsoe.eu,false,""
2024-04-01T21:00:00.000000,Poland,Poland,PL,467.95,520.8,39.74,37.8,entsoe.eu,false,""
2024-04-01T22:00:00.000000,Poland,Poland,PL,476.13,530.29,38.95,37.17,entsoe.eu,false,""
2024-04-01T23:00:00.000000,Poland,Poland,PL,477.97,533.46,37.6,36.01,entsoe.eu,false,""
2024-04-02T00:00:00.000000,Poland,Poland,PL,455.59,507.81,41.53,40.45,entsoe.eu,false,""
2024-04-02T01:00:00.000000,Poland,Poland,PL,453.11,504.56,42.13,41.59,entsoe.eu,false,""
2024-04-02T02:00:00.000000,Poland,Poland,PL,452.28,503.64,42.32,41.96,entsoe.eu,false,""
2024-04-02T03:00:00.000000,Poland,Poland,PL,458.06,509.84,41.53,41.25,entsoe.eu,false,""
2024-04-02T04:00:00.000000,Poland,Poland,PL,461.14,513.22,40.4,39.25,entsoe.eu,false,""
2024-04-02T05:00:00.000000,Poland,Poland,PL,447.97,499.39,42.1,41.18,entsoe.eu,false,""
2024-04-02T06:00:00.000000,Poland,Poland,PL,428.08,477.86,44.72,43.52,entsoe.eu,false,""
2024-04-02T07:00:00.000000,Poland,Poland,PL,417.65,466.51,45.96,45.09,entsoe.eu,false,""
2024-04-02T08:00:00.000000,Poland,Poland,PL,400.51,448.22,48.29,46.31,entsoe.eu,false,""
2024-04-02T09:00:00.000000,Poland,Poland,PL,391.18,438.39,49.71,47.65,entsoe.eu,false,""
2024-04-02T10:00:00.000000,Poland,Poland,PL,394.74,441.63,49.75,47.85,entsoe.eu,false,""
2024-04-02T11:00:00.000000,Poland,Poland,PL,373.33,419.41,52.4,51.29,entsoe.eu,false,""
2024-04-02T12:00:00.000000,Poland,Poland,PL,364.18,409.33,53.85,53.04,entsoe.eu,false,""
2024-04-02T13:00:00.000000,Poland,Poland,PL,369.57,414.83,53.31,52.58,entsoe.eu,false,""
2024-04-02T14:00:00.000000,Poland,Poland,PL,384.63,431.12,50.96,50.29,entsoe.eu,false,""
2024-04-02T15:00:00.000000,Poland,Poland,PL,425.95,474.06,45.76,45.64,entsoe.eu,false,""
2024-04-02T16:00:00.000000,Poland,Poland,PL,428.13,475.41,45.5,44.54,entsoe.eu,false,""
2024-04-02T17:00:00.000000,Poland,Poland,PL,443.29,490.37,43.59,42.47,entsoe.eu,false,""
2024-04-02T18:00:00.000000,Poland,Poland,PL,439.4,486.82,44.02,42.86,entsoe.eu,false,""
2024-04-02T19:00:00.000000,Poland,Poland,PL,435.26,483.0,44.48,43.24,entsoe.eu,false,""
2024-04-02T20:00:00.000000,Poland,Poland,PL,442.91,491.7,43.41,42.32,entsoe.eu,false,""
2024-04-02T21:00:00.000000,Poland,Poland,PL,420.0,467.32,46.55,45.31,entsoe.eu,false,""
2024-04-02T22:00:00.000000,Poland,Poland,PL,427.94,475.51,45.15,43.77,entsoe.eu,false,""
2024-04-02T23:00:00.000000,Poland,Poland,PL,438.17,485.76,44.41,42.88,entsoe.eu,false,""
2024-04-03T00:00:00.000000,Poland,Poland,PL,446.85,495.38,43.0,41.53,entsoe.eu,false,""
2024-04-03T01:00:00.000000,Poland,Poland,PL,463.87,513.74,40.75,39.37,entsoe.eu,false,""
2024-04-03T02:00:00.000000,Poland,Poland,PL,475.31,525.6,39.53,38.35,entsoe.eu,false,""
2024-04-03T03:00:00.000000,Poland,Poland,PL,480.24,530.88,38.95,37.77,entsoe.eu,false,""
2024-04-03T04:00:00.000000,Poland,Poland,PL,501.75,552.84,36.6,35.74,entsoe.eu,false,""
2024-04-03T05:00:00.000000,Poland,Poland,PL,493.39,543.82,37.69,36.62,entsoe.eu,false,""
2024-04-03T06:00:00.000000,Poland,Poland,PL,468.7,518.31,40.74,39.56,entsoe.eu,false,""
2024-04-03T07:00:00.000000,Poland,Poland,PL,422.09,469.83,46.98,45.29,entsoe.eu,false,""
2024-04-03T08:00:00.000000,Poland,Poland,PL,389.35,436.45,50.93,48.78,entsoe.eu,false,""
2024-04-03T09:00:00.000000,Poland,Poland,PL,390.73,438.15,50.82,48.5,entsoe.eu,false,""
2024-04-03T10:00:00.000000,Poland,Poland,PL,386.71,434.12,51.45,49.53,entsoe.eu,false,""
2024-04-03T11:00:00.000000,Poland,Poland,PL,386.24,433.97,51.47,49.6,entsoe.eu,false,""
2024-04-03T12:00:00.000000,Poland,Poland,PL,380.74,428.54,52.06,50.01,entsoe.eu,false,""
2024-04-03T13:00:00.000000,Poland,Poland,PL,414.55,463.86,47.85,45.96,entsoe.eu,false,""
2024-04-03T14:00:00.000000,Poland,Poland,PL,461.94,514.32,42.08,40.34,entsoe.eu,false,""
2024-04-03T15:00:00.000000,Poland,Poland,PL,543.02,599.78,32.0,30.54,entsoe.eu,false,""
2024-04-03T16:00:00.000000,Poland,Poland,PL,594.52,653.67,25.15,23.52,entsoe.eu,false,""
2024-04-03T17:00:00.000000,Poland,Poland,PL,630.06,688.67,20.95,19.51,entsoe.eu,false,""
2024-04-03T18:00:00.000000,Poland,Poland,PL,633.87,692.69,20.49,18.99,entsoe.eu,false,""
2024-04-03T19:00:00.000000,Poland,Poland,PL,616.64,675.64,22.94,19.58,entsoe.eu,false,""
2024-04-03T20:00:00.000000,Poland,Poland,PL,608.36,669.08,23.44,20.33,entsoe.eu,false,""
2024-04-03T21:00:00.000000,Poland,Poland,PL,610.85,673.21,22.94,20.75,entsoe.eu,false,""
2024-04-03T22:00:00.000000,Poland,Poland,PL,614.63,676.78,22.62,20.53,entsoe.eu,false,""
2024-04-03T23:00:00.000000,Poland,Poland,PL,615.0,677.16,22.39,20.24,entsoe.eu,false,""
2024-04-04T00:00:00.000000,Poland,Poland,PL,619.94,682.21,21.6,19.72,entsoe.eu,false,""
2024-04-04T01:00:00.000000,Poland,Poland,PL,617.09,679.1,21.89,20.15,entsoe.eu,false,""
2024-04-04T02:00:00.000000,Poland,Poland,PL,605.38,666.21,23.82,21.73,entsoe.eu,false,""
2024-04-04T03:00:00.000000,Poland,Poland,PL,615.3,676.65,22.52,21.16,entsoe.eu,false,""
2024-04-04T04:00:00.000000,Poland,Poland,PL,611.32,671.84,22.82,21.34,entsoe.eu,false,""
2024-04-04T05:00:00.000000,Poland,Poland,PL,586.19,644.5,26.19,24.27,entsoe.eu,false,""
2024-04-04T06:00:00.000000,Poland,Poland,PL,565.13,622.69,28.87,26.91,entsoe.eu,false,""
2024-04-04T07:00:00.000000,Poland,Poland,PL,534.69,591.52,32.92,30.94,entsoe.eu,false,""
2024-04-04T08:00:00.000000,Poland,Poland,PL,518.15,574.23,35.21,33.09,entsoe.eu,false,""
2024-04-04T09:00:00.000000,Poland,Poland,PL,499.45,554.4,37.78,36.01,entsoe.eu,false,""
2024-04-04T10:00:00.000000,Poland,Poland,PL,476.31,530.64,40.54,39.1,entsoe.eu,false,""
2024-04-04T11:00:00.000000,Poland,Poland,PL,468.3,522.28,41.57,39.87,entsoe.eu,false,""
2024-04-04T12:00:00.000000,Poland,Poland,PL,478.42,532.88,40.25,39.29,entsoe.eu,false,""
2024-04-04T13:00:00.000000,Poland,Poland,PL,499.16,553.86,37.88,36.99,entsoe.eu,false,""
2024-04-04T14:00:00.000000,Poland,Poland,PL,514.39,569.31,36.05,35.17,entsoe.eu,false,""
2024-04-04T15:00:00.000000,Poland,Poland,PL,539.2,593.96,32.7,31.16,entsoe.eu,false,""
2024-04-04T16:00:00.000000,Poland,Poland,PL,568.56,623.94,28.83,27.73,entsoe.eu,false,""
2024-04-04T17:00:00.000000,Poland,Poland,PL,566.59,621.34,28.81,27.77,entsoe.eu,false,""
2024-04-04T18:00:00.000000,Poland,Poland,PL,536.73,589.79,32.82,31.64,entsoe.eu,false,""
2024-04-04T19:00:00.000000,Poland,Poland,PL,517.04,568.88,35.13,33.96,entsoe.eu,false,""
2024-04-04T20:00:00.000000,Poland,Poland,PL,515.06,566.93,35.68,34.55,entsoe.eu,false,""
2024-04-04T21:00:00.000000,Poland,Poland,PL,486.71,537.23,39.05,37.77,entsoe.eu,false,""
2024-04-04T22:00:00.000000,Poland,Poland,PL,468.8,519.21,40.77,39.77,entsoe.eu,false,""
2024-04-04T23:00:00.000000,Poland,Poland,PL,464.5,514.52,41.41,40.45,entsoe.eu,false,""
2024-04-05T00:00:00.000000,Poland,Poland,PL,466.41,516.7,41.15,40.19,entsoe.eu,false,""
2024-04-05T01:00:00.000000,Poland,Poland,PL,474.52,525.23,40.12,39.17,entsoe.eu,false,""
2024-04-05T02:00:00.000000,Poland,Poland,PL,485.88,537.6,38.58,37.59,entsoe.eu,false,""
2024-04-05T03:00:00.000000,Poland,Poland,PL,503.28,556.72,36.25,34.69,entsoe.eu,false,""
2024-04-05T04:00:00.000000,Poland,Poland,PL,508.09,561.83,35.11,33.68,entsoe.eu,false,""
2024-04-05T05:00:00.000000,Poland,Poland,PL,501.02,553.9,36.08,34.78,entsoe.eu,false,""
2024-04-05T06:00:00.000000,Poland,Poland,PL,484.98,537.71,38.16,36.69,entsoe.eu,false,""
2024-04-05T07:00:00.000000,Poland,Poland,PL,460.9,513.66,41.49,40.14,entsoe.eu,false,""
2024-04-05T08:00:00.000000,Poland,Poland,PL,408.46,458.93,48.47,45.66,entsoe.eu,false,""
2024-04-05T09:00:00.000000,Poland,Poland,PL,383.13,432.79,51.76,49.19,entsoe.eu,false,""
2024-04-05T10:00:00.000000,Poland,Poland,PL,374.36,424.43,52.65,51.44,entsoe.eu,false,""
2024-04-05T11:00:00.000000,Poland,Poland,PL,388.22,438.91,50.81,50.23,entsoe.eu,false,""
2024-04-05T12:00:00.000000,Poland,Poland,PL,412.58,464.09,48.0,47.64,entsoe.eu,false,""
2024-04-05T13:00:00.000000,Poland,Poland,PL,439.53,492.26,44.64,44.36,entsoe.eu,false,""
2024-04-05T14:00:00.000000,Poland,Poland,PL,463.36,516.48,42.06,41.92,entsoe.eu,false,""
2024-04-05T15:00:00.000000,Poland,Poland,PL,504.72,558.76,36.93,36.36,entsoe.eu,false,""
2024-04-05T16:00:00.000000,Poland,Poland,PL,539.76,593.56,32.33,31.09,entsoe.eu,false,""
2024-04-05T17:00:00.000000,Poland,Poland,PL,535.64,588.98,32.25,31.05,entsoe.eu,false,""
2024-04-05T18:00:00.000000,Poland,Poland,PL,513.33,565.18,35.17,34.03,entsoe.eu,false,""
2024-04-05T19:00:00.000000,Poland,Poland,PL,483.96,532.99,39.24,38.49,entsoe.eu,false,""
2024-04-05T20:00:00.000000,Poland,Poland,PL,460.95,509.92,41.67,41.47,entsoe.eu,false,""
2024-04-05T21:00:00.000000,Poland,Poland,PL,430.14,479.19,44.94,44.64,entsoe.eu,false,""
2024-04-05T22:00:00.000000,Poland,Poland,PL,418.97,467.66,46.45,46.18,entsoe.eu,false,""
2024-04-05T23:00:00.000000,Poland,Poland,PL,429.94,479.0,45.18,44.98,entsoe.eu,false,""
2024-04-06T00:00:00.000000,Poland,Poland,PL,437.62,486.94,44.39,44.17,entsoe.eu,false,""
2024-04-06T01:00:00.000000,Poland,Poland,PL,452.88,503.18,42.51,42.29,entsoe.eu,false,""
2024-04-06T02:00:00.000000,Poland,Poland,PL,456.38,507.42,42.1,41.44,entsoe.eu,false,""
2024-04-06T03:00:00.000000,Poland,Poland,PL,451.11,502.42,42.18,40.96,entsoe.eu,false,""
2024-04-06T04:00:00.000000,Poland,Poland,PL,444.69,496.07,42.76,41.15,entsoe.eu,false,""
2024-04-06T05:00:00.000000,Poland,Poland,PL,432.94,484.35,44.24,42.69,entsoe.eu,false,""
2024-04-06T06:00:00.000000,Poland,Poland,PL,401.87,452.01,48.51,47.21,entsoe.eu,false,""
2024-04-06T07:00:00.000000,Poland,Poland,PL,375.08,424.95,52.08,51.95,entsoe.eu,false,""
2024-04-06T08:00:00.000000,Poland,Poland,PL,329.21,377.09,58.01,57.6,entsoe.eu,false,""
2024-04-06T09:00:00.000000,Poland,Poland,PL,297.93,344.31,62.04,61.87,entsoe.eu,false,""
2024-04-06T10:00:00.000000,Poland,Poland,PL,299.04,345.25,61.91,61.91,entsoe.eu,false,""
2024-04-06T11:00:00.000000,Poland,Poland,PL,313.37,359.86,60.15,60.14,entsoe.eu,false,""
2024-04-06T12:00:00.000000,Poland,Poland,PL,321.19,368.88,59.16,59.16,entsoe.eu,false,""
2024-04-06T13:00:00.000000,Poland,Poland,PL,359.79,409.96,54.34,54.33,entsoe.eu,false,""
2024-04-06T14:00:00.000000,Poland,Poland,PL,416.07,469.48,47.17,47.17,entsoe.eu,false,""
2024-04-06T15:00:00.000000,Poland,Poland,PL,508.8,567.06,35.27,35.08,entsoe.eu,false,""
2024-04-06T16:00:00.000000,Poland,Poland,PL,592.8,653.54,24.89,23.4,entsoe.eu,false,""
2024-04-06T17:00:00.000000,Poland,Poland,PL,628.75,689.61,20.54,19.0,entsoe.eu,false,""
2024-04-06T18:00:00.000000,Poland,Poland,PL,635.72,696.05,19.8,18.44,entsoe.eu,false,""
2024-04-06T19:00:00.000000,Poland,Poland,PL,632.12,692.95,20.29,18.98,entsoe.eu,false,""
2024-04-06T20:00:00.000000,Poland,Poland,PL,615.56,676.99,22.18,20.95,entsoe.eu,false,""
2024-04-06T21:00:00.000000,Poland,Poland,PL,568.77,628.28,27.73,26.53,entsoe.eu,false,""
2024-04-06T22:00:00.000000,Poland,Poland,PL,570.56,629.4,27.71,27.49,entsoe.eu,false,""
2024-04-06T23:00:00.000000,Poland,Poland,PL,537.77,594.55,31.99,31.81,entsoe.eu,false,""
2024-04-07T00:00:00.000000,Poland,Poland,PL,504.52,559.46,35.85,35.76,entsoe.eu,false,""
2024-04-07T01:00:00.000000,Poland,Poland,PL,481.85,535.24,38.59,38.54,entsoe.eu,false,""
2024-04-07T02:00:00.000000,Poland,Poland,PL,453.31,505.39,42.1,42.05,entsoe.eu,false,""
2024-04-07T03:00:00.000000,Poland,Poland,PL,437.72,488.66,43.91,43.85,entsoe.eu,false,""
2024-04-07T04:00:00.000000,Poland,Poland,PL,413.95,463.78,46.88,46.83,entsoe.eu,false,""
2024-04-07T05:00:00.000000,Poland,Poland,PL,368.01,415.93,52.66,52.63,entsoe.eu,false,""
2024-04-07T06:00:00.000000,Poland,Poland,PL,350.35,396.85,54.98,54.98,entsoe.eu,false,""
2024-04-07T07:00:00.000000,Poland,Poland,PL,348.68,396.71,55.06,55.05,entsoe.eu,false,""
2024-04-07T08:00:00.000000,Poland,Poland,PL,319.15,366.5,58.98,58.97,entsoe.eu,false,""
2024-04-07T09:00:00.000000,Poland,Poland,PL,294.3,339.98,62.28,62.24,entsoe.eu,false,""
2024-04-07T10:00:00.000000,Poland,Poland,PL,288.01,333.0,63.11,63.08,entsoe.eu,false,""
2024-04-07T11:00:00.000000,Poland,Poland,PL,316.64,363.68,59.4,59.4,entsoe.eu,false,""
2024-04-07T12:00:00.000000,Poland,Poland,PL,359.38,408.83,53.96,53.96,entsoe.eu,false,""
2024-04-07T13:00:00.000000,Poland,Poland,PL,395.17,446.64,49.47,49.47,entsoe.eu,false,""
2024-04-07T14:00:00.000000,Poland,Poland,PL,431.76,485.04,45.25,45.16,entsoe.eu,false,""
2024-04-07T15:00:00.000000,Poland,Poland,PL,496.63,553.14,36.82,36.13,entsoe.eu,false,""
2024-04-07T16:00:00.000000,Poland,Poland,PL,566.28,624.86,28.08,26.57,entsoe.eu,false,""
2024-04-07T17:00:00.000000,Poland,Poland,PL,614.26,673.13,22.4,20.98,entsoe.eu,false,""
2024-04-07T18:00:00.000000,Poland,Poland,PL,600.88,658.63,24.01,22.44,entsoe.eu,false,""
2024-04-07T19:00:00.000000,Poland,Poland,PL,594.05,653.11,24.67,23.12,entsoe.eu,false,""
2024-04-07T20:00:00.000000,Poland,Poland,PL,580.82,639.14,26.98,24.87,entsoe.eu,false,""
2024-04-07T21:00:00.000000,Poland,Poland,PL,579.46,637.54,27.2,25.25,entsoe.eu,false,""
2024-04-07T22:00:00.000000,Poland,Poland,PL,586.75,644.45,25.97,24.34,entsoe.eu,false,""
2024-04-07T23:00:00.000000,Poland,Poland,PL,564.55,620.34,29.02,27.33,entsoe.eu,false,""
2024-04-08T00:00:00.000000,Poland,Poland,PL,541.45,595.98,31.77,30.0,entsoe.eu,false,""
2024-04-08T01:00:00.000000,Poland,Poland,PL,541.31,596.06,31.67,30.01,entsoe.eu,false,""
2024-04-08T02:00:00.000000,Poland,Poland,PL,533.59,587.89,32.62,31.04,entsoe.eu,false,""
2024-04-08T03:00:00.000000,Poland,Poland,PL,551.73,606.76,30.6,29.17,entsoe.eu,false,""
2024-04-08T04:00:00.000000,Poland,Poland,PL,572.25,627.76,27.71,26.36,entsoe.eu,false,""
2024-04-08T05:00:00.000000,Poland,Poland,PL,573.67,628.98,27.61,26.76,entsoe.eu,false,""
2024-04-08T06:00:00.000000,Poland,Poland,PL,532.43,586.75,32.96,31.77,entsoe.eu,false,""
2024-04-08T07:00:00.000000,Poland,Poland,PL,468.5,521.22,41.32,39.33,entsoe.eu,false,""
2024-04-08T08:00:00.000000,Poland,Poland,PL,433.3,486.62,45.42,43.76,entsoe.eu,false,""
2024-04-08T09:00:00.000000,Poland,Poland,PL,399.89,452.06,49.66,47.79,entsoe.eu,false,""
2024-04-08T10:00:00.000000,Poland,Poland,PL,388.43,440.17,51.09,49.19,entsoe.eu,false,""
2024-04-08T11:00:00.000000,Poland,Poland,PL,388.01,440.05,51.1,49.89,entsoe.eu,false,""
2024-04-08T12:00:00.000000,Poland,Poland,PL,395.58,447.85,50.07,48.99,entsoe.eu,false,""
2024-04-08T13:00:00.000000,Poland,Poland,PL,442.81,496.51,44.26,42.81,entsoe.eu,false,""
2024-04-08T14:00:00.000000,Poland,Poland,PL,497.41,552.52,37.79,36.33,entsoe.eu,false,""
2024-04-08T15:00:00.000000,Poland,Poland,PL,558.23,615.93,30.04,28.27,entsoe.eu,false,""
2024-04-08T16:00:00.000000,Poland,Poland,PL,616.75,675.8,22.69,20.96,entsoe.eu,false,""
2024-04-08T17:00:00.000000,Poland,Poland,PL,634.31,692.72,20.56,19.2,entsoe.eu,false,""
2024-04-08T18:00:00.000000,Poland,Poland,PL,619.43,677.09,22.4,20.96,entsoe.eu,false,""
2024-04-08T19:00:00.000000,Poland,Poland,PL,573.37,630.29,28.08,25.89,entsoe.eu,false,""
2024-04-08T20:00:00.000000,Poland,Poland,PL,540.14,595.32,32.3,30.01,entsoe.eu,false,""
2024-04-08T21:00:00.000000,Poland,Poland,PL,524.48,578.76,34.05,31.92,entsoe.eu,false,""
2024-04-08T22:00:00.000000,Poland,Poland,PL,536.52,590.45,32.44,30.76,entsoe.eu,false,""
2024-04-08T23:00:00.000000,Poland,Poland,PL,538.56,593.15,31.81,30.15,entsoe.eu,false,""
2024-04-09T00:00:00.000000,Poland,Poland,PL,556.13,612.53,29.3,27.66,entsoe.eu,false,""
2024-04-09T01:00:00.000000,Poland,Poland,PL,572.5,630.66,26.85,24.9,entsoe.eu,false,""
2024-04-09T02:00:00.000000,Poland,Poland,PL,580.76,639.46,26.15,24.05,entsoe.eu,false,""
2024-04-09T03:00:00.000000,Poland,Poland,PL,577.18,636.31,26.68,24.32,entsoe.eu,false,""
2024-04-09T04:00:00.000000,Poland,Poland,PL,593.95,653.2,24.98,22.82,entsoe.eu,false,""
2024-04-09T05:00:00.000000,Poland,Poland,PL,574.55,631.91,27.62,25.79,entsoe.eu,false,""
2024-04-09T06:00:00.000000,Poland,Poland,PL,518.34,574.04,34.29,32.71,entsoe.eu,false,""
2024-04-09T07:00:00.000000,Poland,Poland,PL,445.94,500.77,43.24,42.01,entsoe.eu,false,""
2024-04-09T08:00:00.000000,Poland,Poland,PL,389.71,442.64,50.36,49.38,entsoe.eu,false,""
2024-04-09T09:00:00.000000,Poland,Poland,PL,351.43,403.08,54.88,54.02,entsoe.eu,false,""
2024-04-09T10:00:00.000000,Poland,Poland,PL,320.26,370.11,58.88,57.98,entsoe.eu,false,""
2024-04-09T11:00:00.000000,Poland,Poland,PL,322.47,372.18,58.46,57.76,entsoe.eu,false,""
2024-04-09T12:00:00.000000,Poland,Poland,PL,327.0,376.77,57.85,57.2,entsoe.eu,false,""
2024-04-09T13:00:00.000000,Poland,Poland,PL,360.51,411.21,53.76,53.4,entsoe.eu,false,""
2024-04-09T14:00:00.000000,Poland,Poland,PL,423.59,476.52,45.82,45.62,entsoe.eu,false,""
2024-04-09T15:00:00.000000,Poland,Poland,PL,474.96,529.82,38.76,37.57,entsoe.eu,false,""
2024-04-09T16:00:00.000000,Poland,Poland,PL,521.81,578.69,32.4,31.16,entsoe.eu,false,""
2024-04-09T17:00:00.000000,Poland,Poland,PL,539.56,595.44,30.43,29.21,entsoe.eu,false,""
2024-04-09T18:00:00.000000,Poland,Poland,PL,527.68,582.32,31.96,30.71,entsoe.eu,false,""
2024-04-09T19:00:00.000000,Poland,Poland,PL,501.91,555.28,35.31,34.19,entsoe.eu,false,""
2024-04-09T20:00:00.000000,Poland,Poland,PL,485.41,537.28,37.61,36.75,entsoe.eu,false,""
2024-04-09T21:00:00.000000,Poland,Poland,PL,476.8,528.02,39.09,38.14,entsoe.eu,false,""
2024-04-09T22:00:00.000000,Poland,Poland,PL,474.8,526.56,39.03,37.81,entsoe.eu,false,""
2024-04-09T23:00:00.000000,Poland,Poland,PL,472.26,523.89,39.29,38.09,entsoe.eu,false,""
2024-04-10T00:00:00.000000,Poland,Poland,PL,484.13,536.33,37.87,36.7,entsoe.eu,false,""
2024-04-10T01:00:00.000000,Poland,Poland,PL,481.48,533.56,38.21,37.0,entsoe.eu,false,""
2024-04-10T02:00:00.000000,Poland,Poland,PL,489.94,542.57,37.14,36.04,entsoe.eu,false,""
2024-04-10T03:00:00.000000,Poland,Poland,PL,501.77,554.95,35.76,34.75,entsoe.eu,false,""
2024-04-10T04:00:00.000000,Poland,Poland,PL,512.93,567.85,34.05,33.07,entsoe.eu,false,""
2024-04-10T05:00:00.000000,Poland,Poland,PL,516.22,569.99,34.18,33.35,entsoe.eu,false,""
2024-04-10T06:00:00.000000,Poland,Poland,PL,499.42,551.97,36.39,35.29,entsoe.eu,false,""
2024-04-10T07:00:00.000000,Poland,Poland,PL,467.64,519.12,40.43,38.95,entsoe.eu,false,""
2024-04-10T08:00:00.000000,Poland,Poland,PL,437.83,488.21,44.32,43.05,entsoe.eu,false,""
2024-04-10T09:00:00.000000,Poland,Poland,PL,415.94,465.87,47.15,45.89,entsoe.eu,false,""
2024-04-10T10:00:00.000000,Poland,Poland,PL,397.55,446.94,49.34,48.1,entsoe.eu,false,""
2024-04-10T11:00:00.000000,Poland,Poland,PL,398.01,447.78,49.19,47.99,entsoe.eu,false,""
2024-04-10T12:00:00.000000,Poland,Poland,PL,410.07,460.16,47.85,46.77,entsoe.eu,false,""
2024-04-10T13:00:00.000000,Poland,Poland,PL,438.71,489.87,44.4,43.38,entsoe.eu,false,""
2024-04-10T14:00:00.000000,Poland,Poland,PL,468.09,520.05,40.97,40.12,entsoe.eu,false,""
2024-04-10T15:00:00.000000,Poland,Poland,PL,494.72,547.87,37.74,37.14,entsoe.eu,false,""
2024-04-10T16:00:00.000000,Poland,Poland,PL,533.19,588.18,32.77,31.8,entsoe.eu,false,""
2024-04-10T17:00:00.000000,Poland,Poland,PL,589.62,645.86,25.24,24.53,entsoe.eu,false,""
2024-04-10T18:00:00.000000,Poland,Poland,PL,615.79,673.57,21.88,21.13,entsoe.eu,false,""
2024-04-10T19:00:00.000000,Poland,Poland,PL,599.92,658.17,23.84,22.6,entsoe.eu,false,""
2024-04-10T20:00:00.000000,Poland,Poland,PL,581.82,641.85,25.7,23.58,entsoe.eu,false,""
2024-04-10T21:00:00.000000,Poland,Poland,PL,576.65,637.23,26.28,24.19,entsoe.eu,false,""
2024-04-10T22:00:00.000000,Poland,Poland,PL,588.27,649.91,24.66,22.67,entsoe.eu,false,""
2024-04-10T23:00:00.000000,Poland,Poland,PL,592.3,654.94,23.48,21.77,entsoe.eu,false,""
2024-04-11T00:00:00.000000,Poland,Poland,PL,587.08,649.03,24.07,22.26,entsoe.eu,false,""
2024-04-11T01:00:00.000000,Poland,Poland,PL,575.1,636.34,25.38,23.5,entsoe.eu,false,""
2024-04-11T02:00:00.000000,Poland,Poland,PL,559.96,620.17,27.46,25.53,entsoe.eu,false,""
2024-04-11T03:00:00.000000,Poland,Poland,PL,555.68,614.91,28.44,26.73,entsoe.eu,false,""
2024-04-11T04:00:00.000000,Poland,Poland,PL,546.96,606.31,28.94,27.33,entsoe.eu,false,""
2024-04-11T05:00:00.000000,Poland,Poland,PL,509.4,564.62,34.88,33.18,entsoe.eu,false,""
2024-04-11T06:00:00.000000,Poland,Poland,PL,476.05,530.12,39.32,37.83,entsoe.eu,false,""
2024-04-11T07:00:00.000000,Poland,Poland,PL,406.1,458.2,48.13,46.71,entsoe.eu,false,""
2024-04-11T08:00:00.000000,Poland,Poland,PL,319.0,366.78,59.15,58.19,entsoe.eu,false,""
2024-04-11T09:00:00.000000,Poland,Poland,PL,299.56,346.12,61.53,60.57,entsoe.eu,false,""
2024-04-11T10:00:00.000000,Poland,Poland,PL,318.56,365.9,59.01,58.13,entsoe.eu,false,""
2024-04-11T11:00:00.000000,Poland,Poland,PL,327.96,375.75,57.8,56.79,entsoe.eu,false,""
2024-04-11T12:00:00.000000,Poland,Poland,PL,333.51,381.64,57.05,56.1,entsoe.eu,false,""
2024-04-11T13:00:00.000000,Poland,Poland,PL,341.07,389.49,55.93,55.18,entsoe.eu,false,""
2024-04-11T14:00:00.000000,Poland,Poland,PL,391.77,442.12,49.74,49.02,entsoe.eu,false,""
2024-04-11T15:00:00.000000,Poland,Poland,PL,466.22,519.87,40.2,39.48,entsoe.eu,false,""
2024-04-11T16:00:00.000000,Poland,Poland,PL,545.79,602.29,30.01,29.13,entsoe.eu,false,""
2024-04-11T17:00:00.000000,Poland,Poland,PL,614.28,672.82,21.81,21.07,entsoe.eu,false,""
2024-04-11T18:00:00.000000,Poland,Poland,PL,609.12,667.51,22.22,21.45,entsoe.eu,false,""
2024-04-11T19:00:00.000000,Poland,Poland,PL,579.59,637.81,25.52,23.97,entsoe.eu,false,""
2024-04-11T20:00:00.000000,Poland,Poland,PL,561.87,620.65,27.23,25.09,entsoe.eu,false,""
2024-04-11T21:00:00.000000,Poland,Poland,PL,549.87,608.34,28.42,26.53,entsoe.eu,false,""
2024-04-11T22:00:00.000000,Poland,Poland,PL,555.44,613.68,27.74,25.97,entsoe.eu,false,""
2024-04-11T23:00:00.000000,Poland,Poland,PL,550.51,608.37,28.45,26.66,entsoe.eu,false,""
2024-04-12T00:00:00.000000,Poland,Poland,PL,546.62,604.56,28.79,26.65,entsoe.eu,false,""
2024-04-12T01:00:00.000000,Poland,Poland,PL,552.69,611.21,27.92,25.79,entsoe.eu,false,""
2024-04-12T02:00:00.000000,Poland,Poland,PL,562.83,622.23,26.56,24.48,entsoe.eu,false,""
2024-04-12T03:00:00.000000,Poland,Poland,PL,567.01,627.11,26.15,23.76,entsoe.eu,false,""
2024-04-12T04:00:00.000000,Poland,Poland,PL,571.18,631.53,25.05,22.91,entsoe.eu,false,""
2024-04-12T05:00:00.000000,Poland,Poland,PL,545.23,603.77,28.98,26.9,entsoe.eu,false,""
2024-04-12T06:00:00.000000,Poland,Poland,PL,516.91,574.71,33.0,30.62,entsoe.eu,false,""
2024-04-12T07:00:00.000000,Poland,Poland,PL,484.16,540.94,37.33,35.28,entsoe.eu,false,""
2024-04-12T08:00:00.000000,Poland,Poland,PL,451.69,507.29,41.34,39.8,entsoe.eu,false,""
2024-04-12T09:00:00.000000,Poland,Poland,PL,404.81,458.32,47.24,45.45,entsoe.eu,false,""
2024-04-12T10:00:00.000000,Poland,Poland,PL,373.73,426.36,51.01,50.1,entsoe.eu,false,""
2024-04-12T11:00:00.000000,Poland,Poland,PL,367.46,419.81,51.81,51.14,entsoe.eu,false,""
2024-04-12T12:00:00.000000,Poland,Poland,PL,367.69,419.98,51.74,51.17,entsoe.eu,false,""
2024-04-12T13:00:00.000000,Poland,Poland,PL,392.61,446.08,48.55,48.03,entsoe.eu,false,""
2024-04-12T14:00:00.000000,Poland,Poland,PL,436.28,491.84,43.08,42.83,entsoe.eu,false,""
2024-04-12T15:00:00.000000,Poland,Poland,PL,466.6,523.47,39.11,37.78,entsoe.eu,false,""
2024-04-12T16:00:00.000000,Poland,Poland,PL,566.7,626.59,26.57,25.26,entsoe.eu,false,""
2024-04-12T17:00:00.000000,Poland,Poland,PL,603.65,663.77,21.95,20.77,entsoe.eu,false,""
2024-04-12T18:00:00.000000,Poland,Poland,PL,597.75,657.03,22.85,21.65,entsoe.eu,false,""
2024-04-12T19:00:00.000000,Poland,Poland,PL,569.17,627.07,26.71,25.39,entsoe.eu,false,""
2024-04-12T20:00:00.000000,Poland,Poland,PL,527.29,583.83,31.73,29.72,entsoe.eu,false,""
2024-04-12T21:00:00.000000,Poland,Poland,PL,501.74,556.83,34.57,33.1,entsoe.eu,false,""
2024-04-12T22:00:00.000000,Poland,Poland,PL,485.3,540.21,36.33,34.79,entsoe.eu,false,""
2024-04-12T23:00:00.000000,Poland,Poland,PL,482.65,537.96,36.55,34.92,entsoe.eu,false,""
2024-04-13T00:00:00.000000,Poland,Poland,PL,484.92,539.65,36.74,35.09,entsoe.eu,false,""
2024-04-13T01:00:00.000000,Poland,Poland,PL,491.44,546.57,36.04,34.32,entsoe.eu,false,""
2024-04-13T02:00:00.000000,Poland,Poland,PL,495.05,550.3,35.57,33.92,entsoe.eu,false,""
2024-04-13T03:00:00.000000,Poland,Poland,PL,494.85,550.5,35.45,33.82,entsoe.eu,false,""
2024-04-13T04:00:00.000000,Poland,Poland,PL,483.99,538.67,36.83,35.31,entsoe.eu,false,""
2024-04-13T05:00:00.000000,Poland,Poland,PL,467.05,520.81,39.23,37.95,entsoe.eu,false,""
2024-04-13T06:00:00.000000,Poland,Poland,PL,413.87,465.7,46.05,44.75,entsoe.eu,false,""
2024-04-13T07:00:00.000000,Poland,Poland,PL,360.65,411.07,52.88,52.38,entsoe.eu,false,""
2024-04-13T08:00:00.000000,Poland,Poland,PL,302.3,350.23,60.35,60.23,entsoe.eu,false,""
2024-04-13T09:00:00.000000,Poland,Poland,PL,278.14,325.05,63.2,63.2,entsoe.eu,false,""
2024-04-13T10:00:00.000000,Poland,Poland,PL,269.03,315.04,64.51,64.51,entsoe.eu,false,""
2024-04-13T11:00:00.000000,Poland,Poland,PL,253.9,298.81,66.49,66.49,entsoe.eu,false,""
2024-04-13T12:00:00.000000,Poland,Poland,PL,265.08,310.28,65.01,65.01,entsoe.eu,false,""
2024-04-13T13:00:00.000000,Poland,Poland,PL,296.14,343.54,60.96,60.95,entsoe.eu,false,""
2024-04-13T14:00:00.000000,Poland,Poland,PL,331.6,381.5,56.36,56.34,entsoe.eu,false,""
2024-04-13T15:00:00.000000,Poland,Poland,PL,437.56,492.52,42.59,42.41,entsoe.eu,false,""
2024-04-13T16:00:00.000000,Poland,Poland,PL,504.85,562.3,34.16,32.89,entsoe.eu,false,""
2024-04-13T17:00:00.000000,Poland,Poland,PL,552.93,612.37,27.79,25.73,entsoe.eu,false,""
2024-04-13T18:00:00.000000,Poland,Poland,PL,569.02,628.27,26.17,24.7,entsoe.eu,false,""
2024-04-13T19:00:00.000000,Poland,Poland,PL,546.04,604.63,28.95,27.54,entsoe.eu,false,""
2024-04-13T20:00:00.000000,Poland,Poland,PL,510.7,567.01,34.08,32.79,entsoe.eu,false,""
2024-04-13T21:00:00.000000,Poland,Poland,PL,506.56,562.84,33.96,33.55,entsoe.eu,false,""
2024-04-13T22:00:00.000000,Poland,Poland,PL,471.65,527.26,37.91,37.9,entsoe.eu,false,""
2024-04-13T23:00:00.000000,Poland,Poland,PL,428.76,481.83,43.08,43.08,entsoe.eu,false,""
2024-04-14T00:00:00.000000,Poland,Poland,PL,395.79,445.56,47.8,47.78,entsoe.eu,false,""
2024-04-14T01:00:00.000000,Poland,Poland,PL,383.05,432.3,49.43,49.4,entsoe.eu,false,""
2024-04-14T02:00:00.000000,Poland,Poland,PL,379.97,428.39,49.96,49.91,entsoe.eu,false,""
2024-04-14T03:00:00.000000,Poland,Poland,PL,367.79,415.3,51.56,51.48,entsoe.eu,false,""
2024-04-14T04:00:00.000000,Poland,Poland,PL,348.2,394.18,54.07,53.78,entsoe.eu,false,""
2024-04-14T05:00:00.000000,Poland,Poland,PL,324.3,369.14,57.2,56.9,entsoe.eu,false,""
2024-04-14T06:00:00.000000,Poland,Poland,PL,313.59,358.68,58.62,58.61,entsoe.eu,false,""
2024-04-14T07:00:00.000000,Poland,Poland,PL,290.11,334.09,61.75,61.75,entsoe.eu,false,""
2024-04-14T08:00:00.000000,Poland,Poland,PL,275.44,319.04,63.62,63.62,entsoe.eu,false,""
2024-04-14T09:00:00.000000,Poland,Poland,PL,276.64,319.9,63.19,63.18,entsoe.eu,false,""
2024-04-14T10:00:00.000000,Poland,Poland,PL,262.26,305.11,65.33,65.33,entsoe.eu,false,""
2024-04-14T11:00:00.000000,Poland,Poland,PL,262.26,305.35,65.3,65.3,entsoe.eu,false,""
2024-04-14T12:00:00.000000,Poland,Poland,PL,271.91,315.42,64.03,64.03,entsoe.eu,false,""
2024-04-14T13:00:00.000000,Poland,Poland,PL,285.59,329.87,62.24,62.24,entsoe.eu,false,""
2024-04-14T14:00:00.000000,Poland,Poland,PL,277.06,320.69,63.39,63.37,entsoe.eu,false,""
2024-04-14T15:00:00.000000,Poland,Poland,PL,306.56,351.47,59.6,59.52,entsoe.eu,false,""
2024-04-14T16:00:00.000000,Poland,Poland,PL,362.13,408.46,52.44,52.18,entsoe.eu,false,""
2024-04-14T17:00:00.000000,Poland,Poland,PL,429.78,479.73,43.59,43.08,entsoe.eu,false,""
2024-04-14T18:00:00.000000,Poland,Poland,PL,478.54,529.77,37.13,36.69,entsoe.eu,false,""
2024-04-14T19:00:00.000000,Poland,Poland,PL,484.59,535.78,36.41,35.81,entsoe.eu,false,""
2024-04-14T20:00:00.000000,Poland,Poland,PL,498.93,552.15,34.59,33.88,entsoe.eu,false,""
2024-04-14T21:00:00.000000,Poland,Poland,PL,509.45,565.06,33.15,32.33,entsoe.eu,false,""
2024-04-14T22:00:00.000000,Poland,Poland,PL,525.66,582.82,31.39,30.09,entsoe.eu,false,""
2024-04-14T23:00:00.000000,Poland,Poland,PL,564.33,624.52,26.42,25.13,entsoe.eu,false,""
2024-04-15T00:00:00.000000,Poland,Poland,PL,584.09,644.94,24.37,23.15,entsoe.eu,false,""
2024-04-15T01:00:00.000000,Poland,Poland,PL,592.91,654.13,23.41,22.15,entsoe.eu,false,""
2024-04-15T02:00:00.000000,Poland,Poland,PL,601.01,662.44,22.56,21.24,entsoe.eu,false,""
2024-04-15T03:00:00.000000,Poland,Poland,PL,605.97,666.3,22.94,21.68,entsoe.eu,false,""
2024-04-15T04:00:00.000000,Poland,Poland,PL,622.55,684.76,20.3,19.38,entsoe.eu,false,""
2024-04-15T05:00:00.000000,Poland,Poland,PL,649.06,710.66,17.4,17.2,entsoe.eu,false,""
2024-04-15T06:00:00.000000,Poland,Poland,PL,619.27,679.75,21.37,20.94,entsoe.eu,false,""
2024-04-15T07:00:00.000000,Poland,Poland,PL,538.1,595.67,32.11,30.61,entsoe.eu,false,""
2024-04-15T08:00:00.000000,Poland,Poland,PL,496.32,551.9,37.81,36.42,entsoe.eu,false,""
2024-04-15T09:00:00.000000,Poland,Poland,PL,470.84,525.78,40.79,39.59,entsoe.eu,false,""
2024-04-15T10:00:00.000000,Poland,Poland,PL,463.54,518.6,41.63,40.45,entsoe.eu,false,""
2024-04-15T11:00:00.000000,Poland,Poland,PL,480.18,536.42,39.47,38.38,entsoe.eu,false,""
2024-04-15T12:00:00.000000,Poland,Poland,PL,473.29,530.05,39.95,38.64,entsoe.eu,false,""
2024-04-15T13:00:00.000000,Poland,Poland,PL,485.65,543.15,38.27,36.89,entsoe.eu,false,""
2024-04-15T14:00:00.000000,Poland,Poland,PL,531.57,591.23,32.33,31.17,entsoe.eu,false,""
2024-04-15T15:00:00.000000,Poland,Poland,PL,582.91,644.26,26.14,24.81,entsoe.eu,false,""
2024-04-15T16:00:00.000000,Poland,Poland,PL,634.16,697.69,19.28,18.0,entsoe.eu,false,""
2024-04-15T17:00:00.000000,Poland,Poland,PL,651.82,714.37,17.01,15.85,entsoe.eu,false,""
2024-04-15T18:00:00.000000,Poland,Poland,PL,630.31,691.02,19.54,18.42,entsoe.eu,false,""
2024-04-15T19:00:00.000000,Poland,Poland,PL,596.39,656.16,23.46,22.07,entsoe.eu,false,""
2024-04-15T20:00:00.000000,Poland,Poland,PL,563.02,621.99,26.93,25.57,entsoe.eu,false,""
2024-04-15T21:00:00.000000,Poland,Poland,PL,539.82,599.45,29.4,28.21,entsoe.eu,false,""
2024-04-15T22:00:00.000000,Poland,Poland,PL,526.65,585.34,31.03,30.17,entsoe.eu,false,""
2024-04-15T23:00:00.000000,Poland,Poland,PL,540.67,600.37,29.19,28.35,entsoe.eu,false,""
2024-04-16T00:00:00.000000,Poland,Poland,PL,544.59,604.57,28.69,27.91,entsoe.eu,false,""
2024-04-16T01:00:00.000000,Poland,Poland,PL,527.88,586.31,30.78,30.16,entsoe.eu,false,""
2024-04-16T02:00:00.000000,Poland,Poland,PL,498.31,554.57,34.49,33.87,entsoe.eu,false,""
2024-04-16T03:00:00.000000,Poland,Poland,PL,490.8,545.78,35.93,35.32,entsoe.eu,false,""
2024-04-16T04:00:00.000000,Poland,Poland,PL,482.43,536.36,37.21,36.61,entsoe.eu,false,""
2024-04-16T05:00:00.000000,Poland,Poland,PL,467.62,519.61,39.49,38.97,entsoe.eu,false,""
2024-04-16T06:00:00.000000,Poland,Poland,PL,441.8,493.17,42.71,42.61,entsoe.eu,false,""
2024-04-16T07:00:00.000000,Poland,Poland,PL,395.13,444.03,48.86,48.56,entsoe.eu,false,""
2024-04-16T08:00:00.000000,Poland,Poland,PL,385.47,433.43,50.31,50.09,entsoe.eu,false,""
2024-04-16T09:00:00.000000,Poland,Poland,PL,374.84,422.65,51.85,51.8,entsoe.eu,false,""
2024-04-16T10:00:00.000000,Poland,Poland,PL,359.41,406.41,54.03,53.98,entsoe.eu,false,""
2024-04-16T11:00:00.000000,Poland,Poland,PL,350.69,396.92,55.43,55.38,entsoe.eu,false,""
2024-04-16T12:00:00.000000,Poland,Poland,PL,342.29,388.41,56.59,56.09,entsoe.eu,false,""
2024-04-16T13:00:00.000000,Poland,Poland,PL,368.31,416.23,53.11,52.29,entsoe.eu,false,""
2024-04-16T14:00:00.000000,Poland,Poland,PL,419.67,470.92,46.34,45.46,entsoe.eu,false,""
2024-04-16T15:00:00.000000,Poland,Poland,PL,475.19,529.22,39.3,38.34,entsoe.eu,false,""
2024-04-16T16:00:00.000000,Poland,Poland,PL,538.15,595.26,31.37,30.26,entsoe.eu,false,""
2024-04-16T17:00:00.000000,Poland,Poland,PL,587.64,645.41,25.16,24.11,entsoe.eu,false,""
2024-04-16T18:00:00.000000,Poland,Poland,PL,592.89,650.71,24.26,23.19,entsoe.eu,false,""
2024-04-16T19:00:00.000000,Poland,Poland,PL,583.02,641.14,25.29,23.38,entsoe.eu,false,""
2024-04-16T20:00:00.000000,Poland,Poland,PL,566.53,625.71,27.02,24.14,entsoe.eu,false,""
2024-04-16T21:00:00.000000,Poland,Poland,PL,588.06,646.12,25.77,22.92,entsoe.eu,false,""
2024-04-16T22:00:00.000000,Poland,Poland,PL,595.15,654.67,24.58,22.59,entsoe.eu,false,""
2024-04-16T23:00:00.000000,Poland,Poland,PL,615.3,676.94,21.97,20.7,entsoe.eu,false,""
2024-04-17T00:00:00.000000,Poland,Poland,PL,632.95,695.59,19.85,18.68,entsoe.eu,false,""
2024-04-17T01:00:00.000000,Poland,Poland,PL,641.49,705.23,18.57,17.42,entsoe.eu,false,""
2024-04-17T02:00:00.000000,Poland,Poland,PL,623.05,685.36,21.04,19.18,entsoe.eu,false,""
2024-04-17T03:00:00.000000,Poland,Poland,PL,642.69,705.83,18.65,17.29,entsoe.eu,false,""
2024-04-17T04:00:00.000000,Poland,Poland,PL,654.03,718.43,16.77,16.17,entsoe.eu,false,""
2024-04-17T05:00:00.000000,Poland,Poland,PL,633.8,695.29,19.34,18.81,entsoe.eu,false,""
2024-04-17T06:00:00.000000,Poland,Poland,PL,599.62,659.01,23.84,23.34,entsoe.eu,false,""
2024-04-17T07:00:00.000000,Poland,Poland,PL,559.61,618.67,29.12,27.89,entsoe.eu,false,""
2024-04-17T08:00:00.000000,Poland,Poland,PL,543.34,601.56,31.51,30.73,entsoe.eu,false,""
2024-04-17T09:00:00.000000,Poland,Poland,PL,536.36,594.82,32.04,31.41,entsoe.eu,false,""
2024-04-17T10:00:00.000000,Poland,Poland,PL,526.79,585.07,33.36,32.65,entsoe.eu,false,""
2024-04-17T11:00:00.000000,Poland,Poland,PL,525.01,582.88,33.71,32.89,entsoe.eu,false,""
2024-04-17T12:00:00.000000,Poland,Poland,PL,527.67,585.81,33.31,32.37,entsoe.eu,false,""
2024-04-17T13:00:00.000000,Poland,Poland,PL,555.47,614.41,29.84,29.34,entsoe.eu,false,""
2024-04-17T14:00:00.000000,Poland,Poland,PL,566.0,625.53,28.64,28.1,entsoe.eu,false,""
2024-04-17T15:00:00.000000,Poland,Poland,PL,586.37,647.62,25.76,24.21,entsoe.eu,false,""
2024-04-17T16:00:00.000000,Poland,Poland,PL,635.49,698.88,19.43,17.94,entsoe.eu,false,""
2024-04-17T17:00:00.000000,Poland,Poland,PL,689.47,754.36,12.87,12.26,entsoe.eu,false,""
2024-04-17T18:00:00.000000,Poland,Poland,PL,693.85,758.2,12.31,11.31,entsoe.eu,false,""
2024-04-17T19:00:00.000000,Poland,Poland,PL,686.94,752.77,13.05,11.16,entsoe.eu,false,""
2024-04-17T20:00:00.000000,Poland,Poland,PL,680.4,747.31,14.31,11.34,entsoe.eu,false,""
2024-04-17T21:00:00.000000,Poland,Poland,PL,681.23,748.6,14.2,11.62,entsoe.eu,false,""
2024-04-17T22:00:00.000000,Poland,Poland,PL,687.16,755.98,13.03,11.28,entsoe.eu,false,""
2024-04-17T23:00:00.000000,Poland,Poland,PL,680.97,748.77,13.92,12.03,entsoe.eu,false,""
2024-04-18T00:00:00.000000,Poland,Poland,PL,694.46,762.04,12.64,11.45,entsoe.eu,false,""
2024-04-18T01:00:00.000000,Poland,Poland,PL,684.17,750.94,14.05,12.52,entsoe.eu,false,""
2024-04-18T02:00:00.000000,Poland,Poland,PL,679.05,746.43,14.46,12.68,entsoe.eu,false,""
2024-04-18T03:00:00.000000,Poland,Poland,PL,682.21,749.68,14.06,12.43,entsoe.eu,false,""
2024-04-18T04:00:00.000000,Poland,Poland,PL,675.27,742.24,14.36,13.63,entsoe.eu,false,""
2024-04-18T05:00:00.000000,Poland,Poland,PL,645.87,709.63,18.22,18.1,entsoe.eu,false,""
2024-04-18T06:00:00.000000,Poland,Poland,PL,590.97,652.95,25.03,24.92,entsoe.eu,false,""
2024-04-18T07:00:00.000000,Poland,Poland,PL,541.36,601.89,31.63,31.48,entsoe.eu,false,""
2024-04-18T08:00:00.000000,Poland,Poland,PL,506.43,564.76,36.71,36.62,entsoe.eu,false,""
2024-04-18T09:00:00.000000,Poland,Poland,PL,490.46,548.54,38.03,38.01,entsoe.eu,false,""
2024-04-18T10:00:00.000000,Poland,Poland,PL,480.76,537.77,39.85,39.79,entsoe.eu,false,""
2024-04-18T11:00:00.000000,Poland,Poland,PL,474.32,530.65,40.73,40.68,entsoe.eu,false,""
2024-04-18T12:00:00.000000,Poland,Poland,PL,466.75,522.56,41.63,41.59,entsoe.eu,false,""
2024-04-18T13:00:00.000000,Poland,Poland,PL,462.65,518.35,41.94,41.41,entsoe.eu,false,""
2024-04-18T14:00:00.000000,Poland,Poland,PL,472.56,529.05,40.69,39.84,entsoe.eu,false,""
2024-04-18T15:00:00.000000,Poland,Poland,PL,528.49,587.26,33.46,32.53,entsoe.eu,false,""
2024-04-18T16:00:00.000000,Poland,Poland,PL,608.03,671.92,22.54,21.56,entsoe.eu,false,""
2024-04-18T17:00:00.000000,Poland,Poland,PL,652.77,717.96,16.84,15.83,entsoe.eu,false,""
2024-04-18T18:00:00.000000,Poland,Poland,PL,651.03,716.0,16.52,15.48,entsoe.eu,false,""
2024-04-18T19:00:00.000000,Poland,Poland,PL,631.25,697.15,19.04,16.75,entsoe.eu,false,""
2024-04-18T20:00:00.000000,Poland,Poland,PL,596.94,661.61,23.27,19.62,entsoe.eu,false,""
2024-04-18T21:00:00.000000,Poland,Poland,PL,598.44,663.05,23.09,20.43,entsoe.eu,false,""
2024-04-18T22:00:00.000000,Poland,Poland,PL,600.66,664.94,23.09,21.62,entsoe.eu,false,""
2024-04-18T23:00:00.000000,Poland,Poland,PL,595.83,659.79,23.41,21.95,entsoe.eu,false,""
2024-04-19T00:00:00.000000,Poland,Poland,PL,589.79,653.36,23.94,22.53,entsoe.eu,false,""
2024-04-19T01:00:00.000000,Poland,Poland,PL,570.08,632.52,26.35,24.96,entsoe.eu,false,""
2024-04-19T02:00:00.000000,Poland,Poland,PL,558.77,620.91,27.63,26.14,entsoe.eu,false,""
2024-04-19T03:00:00.000000,Poland,Poland,PL,566.38,628.54,26.85,25.53,entsoe.eu,false,""
2024-04-19T04:00:00.000000,Poland,Poland,PL,565.44,628.15,26.2,25.14,entsoe.eu,false,""
2024-04-19T05:00:00.000000,Poland,Poland,PL,540.64,602.25,29.69,28.88,entsoe.eu,false,""
2024-04-19T06:00:00.000000,Poland,Poland,PL,491.58,550.92,36.71,35.94,entsoe.eu,false,""
2024-04-19T07:00:00.000000,Poland,Poland,PL,469.42,527.43,39.79,39.34,entsoe.eu,false,""
2024-04-19T08:00:00.000000,Poland,Poland,PL,440.13,496.61,43.74,43.07,entsoe.eu,false,""
2024-04-19T09:00:00.000000,Poland,Poland,PL,437.11,494.07,43.7,43.19,entsoe.eu,false,""
2024-04-19T10:00:00.000000,Poland,Poland,PL,429.67,486.07,44.66,44.19,entsoe.eu,false,""
2024-04-19T11:00:00.000000,Poland,Poland,PL,430.43,486.2,45.09,44.83,entsoe.eu,false,""
2024-04-19T12:00:00.000000,Poland,Poland,PL,441.98,497.12,44.56,43.86,entsoe.eu,false,""
2024-04-19T13:00:00.000000,Poland,Poland,PL,482.65,539.2,39.56,38.88,entsoe.eu,false,""
2024-04-19T14:00:00.000000,Poland,Poland,PL,510.23,568.29,35.91,35.11,entsoe.eu,false,""
2024-04-19T15:00:00.000000,Poland,Poland,PL,547.96,607.35,30.67,29.75,entsoe.eu,false,""
2024-04-19T16:00:00.000000,Poland,Poland,PL,595.64,656.98,24.49,23.59,entsoe.eu,false,""
2024-04-19T17:00:00.000000,Poland,Poland,PL,630.57,692.64,20.31,19.37,entsoe.eu,false,""
2024-04-19T18:00:00.000000,Poland,Poland,PL,637.6,699.9,19.41,18.42,entsoe.eu,false,""
2024-04-19T19:00:00.000000,Poland,Poland,PL,630.93,694.23,20.0,18.92,entsoe.eu,false,""
2024-04-19T20:00:00.000000,Poland,Poland,PL,610.7,675.21,22.14,20.76,entsoe.eu,false,""
2024-04-19T21:00:00.000000,Poland,Poland,PL,613.48,678.01,22.04,20.8,entsoe.eu,false,""
2024-04-19T22:00:00.000000,Poland,Poland,PL,606.61,670.77,22.89,21.87,entsoe.eu,false,""
2024-04-19T23:00:00.000000,Poland,Poland,PL,593.44,656.9,24.36,23.33,entsoe.eu,false,""
2024-04-20T00:00:00.000000,Poland,Poland,PL,583.57,646.47,25.44,24.41,entsoe.eu,false,""
2024-04-20T01:00:00.000000,Poland,Poland,PL,578.92,641.43,26.06,25.04,entsoe.eu,false,""
2024-04-20T02:00:00.000000,Poland,Poland,PL,574.72,637.24,26.5,25.48,entsoe.eu,false,""
2024-04-20T03:00:00.000000,Poland,Poland,PL,571.52,633.83,26.98,25.99,entsoe.eu,false,""
2024-04-20T04:00:00.000000,Poland,Poland,PL,563.05,624.05,28.74,27.78,entsoe.eu,false,""
2024-04-20T05:00:00.000000,Poland,Poland,PL,545.62,605.0,30.93,30.06,entsoe.eu,false,""
2024-04-20T06:00:00.000000,Poland,Poland,PL,497.16,553.2,36.79,35.37,entsoe.eu,false,""
2024-04-20T07:00:00.000000,Poland,Poland,PL,458.85,512.48,41.74,39.99,entsoe.eu,false,""
2024-04-20T08:00:00.000000,Poland,Poland,PL,442.41,495.68,43.85,42.09,entsoe.eu,false,""
2024-04-20T09:00:00.000000,Poland,Poland,PL,433.09,486.22,45.16,43.37,entsoe.eu,false,""
2024-04-20T10:00:00.000000,Poland,Poland,PL,424.96,477.57,46.23,44.45,entsoe.eu,false,""
2024-04-20T11:00:00.000000,Poland,Poland,PL,423.18,476.06,46.37,45.04,entsoe.eu,false,""
2024-04-20T12:00:00.000000,Poland,Poland,PL,437.76,491.46,44.64,44.05,entsoe.eu,false,""
2024-04-20T13:00:00.000000,Poland,Poland,PL,464.03,518.9,41.49,40.95,entsoe.eu,false,""
2024-04-20T14:00:00.000000,Poland,Poland,PL,501.17,557.74,36.86,36.21,entsoe.eu,false,""
2024-04-20T15:00:00.000000,Poland,Poland,PL,539.24,597.93,31.91,30.85,entsoe.eu,false,""
2024-04-20T16:00:00.000000,Poland,Poland,PL,584.99,645.82,26.44,25.25,entsoe.eu,false,""
2024-04-20T17:00:00.000000,Poland,Poland,PL,621.41,683.55,21.39,20.02,entsoe.eu,false,""
2024-04-20T18:00:00.000000,Poland,Poland,PL,638.17,701.95,18.83,17.37,entsoe.eu,false,""
2024-04-20T19:00:00.000000,Poland,Poland,PL,650.11,714.19,17.61,16.22,entsoe.eu,false,""
2024-04-20T20:00:00.000000,Poland,Poland,PL,644.94,708.81,18.71,16.4,entsoe.eu,false,""
2024-04-20T21:00:00.000000,Poland,Poland,PL,626.75,691.81,20.49,17.93,entsoe.eu,false,""
2024-04-20T22:00:00.000000,Poland,Poland,PL,623.62,688.15,20.93,18.6,entsoe.eu,false,""
2024-04-20T23:00:00.000000,Poland,Poland,PL,596.05,660.85,24.13,21.89,entsoe.eu,false,""
2024-04-21T00:00:00.000000,Poland,Poland,PL,598.57,663.14,23.86,21.86,entsoe.eu,false,""
2024-04-21T01:00:00.000000,Poland,Poland,PL,597.6,661.61,23.98,22.07,entsoe.eu,false,""
2024-04-21T02:00:00.000000,Poland,Poland,PL,595.44,659.47,24.32,22.5,entsoe.eu,false,""
2024-04-21T03:00:00.000000,Poland,Poland,PL,586.54,650.25,25.38,23.71,entsoe.eu,false,""
2024-04-21T04:00:00.000000,Poland,Poland,PL,554.62,617.41,29.32,27.8,entsoe.eu,false,""
2024-04-21T05:00:00.000000,Poland,Poland,PL,527.99,589.12,32.78,31.58,entsoe.eu,false,""
2024-04-21T06:00:00.000000,Poland,Poland,PL,484.24,542.97,38.43,37.77,entsoe.eu,false,""
2024-04-21T07:00:00.000000,Poland,Poland,PL,429.22,484.82,45.46,44.8,entsoe.eu,false,""
2024-04-21T08:00:00.000000,Poland,Poland,PL,403.97,457.6,48.73,47.69,entsoe.eu,false,""
2024-04-21T09:00:00.000000,Poland,Poland,PL,401.3,454.46,49.07,48.56,entsoe.eu,false,""
2024-04-21T10:00:00.000000,Poland,Poland,PL,402.3,455.17,48.96,48.7,entsoe.eu,false,""
2024-04-21T11:00:00.000000,Poland,Poland,PL,391.02,443.41,50.39,50.38,entsoe.eu,false,""
2024-04-21T12:00:00.000000,Poland,Poland,PL,388.82,440.83,50.61,50.56,entsoe.eu,false,""
2024-04-21T13:00:00.000000,Poland,Poland,PL,402.91,455.22,48.81,48.73,entsoe.eu,false,""
2024-04-21T14:00:00.000000,Poland,Poland,PL,414.0,466.92,47.36,47.19,entsoe.eu,false,""
2024-04-21T15:00:00.000000,Poland,Poland,PL,460.74,515.5,41.38,41.22,entsoe.eu,false,""
2024-04-21T16:00:00.000000,Poland,Poland,PL,489.71,545.87,37.93,36.96,entsoe.eu,false,""
2024-04-21T17:00:00.000000,Poland,Poland,PL,547.8,604.96,30.25,29.39,entsoe.eu,false,""
2024-04-21T18:00:00.000000,Poland,Poland,PL,579.8,638.22,27.0,26.04,entsoe.eu,false,""
2024-04-21T19:00:00.000000,Poland,Poland,PL,590.97,649.98,25.68,24.78,entsoe.eu,false,""
2024-04-21T20:00:00.000000,Poland,Poland,PL,591.07,651.15,25.23,24.36,entsoe.eu,false,""
2024-04-21T21:00:00.000000,Poland,Poland,PL,589.95,651.12,25.65,24.6,entsoe.eu,false,""
2024-04-21T22:00:00.000000,Poland,Poland,PL,589.01,652.4,24.58,23.4,entsoe.eu,false,""
2024-04-21T23:00:00.000000,Poland,Poland,PL,593.18,657.32,23.75,22.56,entsoe.eu,false,""
2024-04-22T00:00:00.000000,Poland,Poland,PL,597.03,661.44,23.26,22.08,entsoe.eu,false,""
2024-04-22T01:00:00.000000,Poland,Poland,PL,603.01,667.6,22.59,21.43,entsoe.eu,false,""
2024-04-22T02:00:00.000000,Poland,Poland,PL,609.0,673.44,22.12,20.95,entsoe.eu,false,""
2024-04-22T03:00:00.000000,Poland,Poland,PL,614.16,677.72,22.29,21.09,entsoe.eu,false,""
2024-04-22T04:00:00.000000,Poland,Poland,PL,613.66,677.6,21.84,20.91,entsoe.eu,false,""
2024-04-22T05:00:00.000000,Poland,Poland,PL,612.54,674.34,22.25,22.06,entsoe.eu,false,""
2024-04-22T06:00:00.000000,Poland,Poland,PL,580.7,641.58,26.44,26.36,entsoe.eu,false,""
2024-04-22T07:00:00.000000,Poland,Poland,PL,546.95,605.49,31.54,31.45,entsoe.eu,false,""
2024-04-22T08:00:00.000000,Poland,Poland,PL,523.1,580.07,34.45,33.87,entsoe.eu,false,""
2024-04-22T09:00:00.000000,Poland,Poland,PL,524.0,581.61,34.22,33.6,entsoe.eu,false,""
2024-04-22T10:00:00.000000,Poland,Poland,PL,533.07,591.45,33.16,32.55,entsoe.eu,false,""
2024-04-22T11:00:00.000000,Poland,Poland,PL,546.14,605.09,31.52,30.89,entsoe.eu,false,""
2024-04-22T12:00:00.000000,Poland,Poland,PL,552.74,612.51,30.7,30.02,entsoe.eu,false,""
2024-04-22T13:00:00.000000,Poland,Poland,PL,567.93,628.14,29.34,28.6,entsoe.eu,false,""
2024-04-22T14:00:00.000000,Poland,Poland,PL,590.23,652.11,26.42,25.59,entsoe.eu,false,""
2024-04-22T15:00:00.000000,Poland,Poland,PL,616.88,680.46,22.88,21.84,entsoe.eu,false,""
2024-04-22T16:00:00.000000,Poland,Poland,PL,653.96,719.37,18.04,16.95,entsoe.eu,false,""
2024-04-22T17:00:00.000000,Poland,Poland,PL,703.27,768.54,11.67,11.03,entsoe.eu,false,""
2024-04-22T18:00:00.000000,Poland,Poland,PL,728.44,794.68,8.62,8.39,entsoe.eu,false,""
2024-04-22T19:00:00.000000,Poland,Poland,PL,705.9,773.51,11.16,10.17,entsoe.eu,false,""
2024-04-22T20:00:00.000000,Poland,Poland,PL,699.4,767.78,12.08,10.38,entsoe.eu,false,""
2024-04-22T21:00:00.000000,Poland,Poland,PL,698.33,766.64,12.55,10.78,entsoe.eu,false,""
2024-04-22T22:00:00.000000,Poland,Poland,PL,697.28,766.51,12.17,10.8,entsoe.eu,false,""
2024-04-22T23:00:00.000000,Poland,Poland,PL,699.98,768.87,12.2,10.84,entsoe.eu,false,""
2024-04-23T00:00:00.000000,Poland,Poland,PL,698.58,767.87,12.18,10.8,entsoe.eu,false,""
2024-04-23T01:00:00.000000,Poland,Poland,PL,693.07,762.45,12.34,10.94,entsoe.eu,false,""
2024-04-23T02:00:00.000000,Poland,Poland,PL,688.64,757.67,12.87,11.42,entsoe.eu,false,""
2024-04-23T03:00:00.000000,Poland,Poland,PL,695.16,763.9,12.09,10.87,entsoe.eu,false,""
2024-04-23T04:00:00.000000,Poland,Poland,PL,679.59,746.03,13.86,13.15,entsoe.eu,false,""
2024-04-23T05:00:00.000000,Poland,Poland,PL,628.92,692.72,20.26,19.68,entsoe.eu,false,""
2024-04-23T06:00:00.000000,Poland,Poland,PL,575.68,637.7,26.99,26.89,entsoe.eu,false,""
2024-04-23T07:00:00.000000,Poland,Poland,PL,517.39,577.94,34.68,34.59,entsoe.eu,false,""
2024-04-23T08:00:00.000000,Poland,Poland,PL,473.77,531.57,40.39,40.29,entsoe.eu,false,""
2024-04-23T09:00:00.000000,Poland,Poland,PL,478.26,536.01,39.86,39.36,entsoe.eu,false,""
2024-04-23T10:00:00.000000,Poland,Poland,PL,475.27,532.56,40.33,39.69,entsoe.eu,false,""
2024-04-23T11:00:00.000000,Poland,Poland,PL,466.95,523.68,41.55,40.93,entsoe.eu,false,""
2024-04-23T12:00:00.000000,Poland,Poland,PL,460.08,516.72,42.47,41.81,entsoe.eu,false,""
2024-04-23T13:00:00.000000,Poland,Poland,PL,483.97,542.18,39.32,38.61,entsoe.eu,false,""
2024-04-23T14:00:00.000000,Poland,Poland,PL,535.47,595.83,33.09,32.4,entsoe.eu,false,""
2024-04-23T15:00:00.000000,Poland,Poland,PL,596.19,660.04,24.86,24.1,entsoe.eu,false,""
2024-04-23T16:00:00.000000,Poland,Poland,PL,647.46,713.6,18.29,17.39,entsoe.eu,false,""
2024-04-23T17:00:00.000000,Poland,Poland,PL,685.71,751.86,13.51,12.78,entsoe.eu,false,""
2024-04-23T18:00:00.000000,Poland,Poland,PL,689.82,755.68,13.04,12.16,entsoe.eu,false,""
2024-04-23T19:00:00.000000,Poland,Poland,PL,667.93,734.11,16.05,13.86,entsoe.eu,false,""
2024-04-23T20:00:00.000000,Poland,Poland,PL,639.6,704.77,19.31,15.57,entsoe.eu,false,""
2024-04-23T21:00:00.000000,Poland,Poland,PL,631.93,695.55,20.95,17.02,entsoe.eu,false,""
2024-04-23T22:00:00.000000,Poland,Poland,PL,634.12,697.06,21.08,19.33,entsoe.eu,false,""
2024-04-23T23:00:00.000000,Poland,Poland,PL,624.21,686.96,22.18,20.86,entsoe.eu,false,""
2024-04-24T00:00:00.000000,Poland,Poland,PL,623.78,686.78,22.19,20.9,entsoe.eu,false,""
2024-04-24T01:00:00.000000,Poland,Poland,PL,633.0,696.4,21.12,19.85,entsoe.eu,false,""
2024-04-24T02:00:00.000000,Poland,Poland,PL,644.19,708.16,19.8,18.57,entsoe.eu,false,""
2024-04-24T03:00:00.000000,Poland,Poland,PL,651.81,716.23,18.9,17.72,entsoe.eu,false,""
2024-04-24T04:00:00.000000,Poland,Poland,PL,644.78,709.44,19.2,18.08,entsoe.eu,false,""
2024-04-24T05:00:00.000000,Poland,Poland,PL,629.9,694.4,20.74,19.85,entsoe.eu,false,""
2024-04-24T06:00:00.000000,Poland,Poland,PL,604.26,667.6,23.93,23.18,entsoe.eu,false,""
2024-04-24T07:00:00.000000,Poland,Poland,PL,557.12,618.69,29.98,29.25,entsoe.eu,false,""
2024-04-24T08:00:00.000000,Poland,Poland,PL,516.28,575.45,35.89,35.02,entsoe.eu,false,""
2024-04-24T09:00:00.000000,Poland,Poland,PL,507.56,566.2,36.99,36.24,entsoe.eu,false,""
2024-04-24T10:00:00.000000,Poland,Poland,PL,509.51,568.91,36.3,35.6,entsoe.eu,false,""
2024-04-24T11:00:00.000000,Poland,Poland,PL,509.86,569.2,36.19,35.37,entsoe.eu,false,""
2024-04-24T12:00:00.000000,Poland,Poland,PL,529.23,588.47,34.41,33.49,entsoe.eu,false,""
2024-04-24T13:00:00.000000,Poland,Poland,PL,551.73,611.94,31.6,30.84,entsoe.eu,false,""
2024-04-24T14:00:00.000000,Poland,Poland,PL,571.35,632.86,28.79,27.58,entsoe.eu,false,""
2024-04-24T15:00:00.000000,Poland,Poland,PL,604.52,667.58,24.29,23.22,entsoe.eu,false,""
2024-04-24T16:00:00.000000,Poland,Poland,PL,638.41,702.52,19.74,18.76,entsoe.eu,false,""
2024-04-24T17:00:00.000000,Poland,Poland,PL,656.92,719.87,17.33,16.33,entsoe.eu,false,""
2024-04-24T18:00:00.000000,Poland,Poland,PL,670.73,733.58,15.74,14.75,entsoe.eu,false,""
2024-04-24T19:00:00.000000,Poland,Poland,PL,669.76,734.11,16.02,14.8,entsoe.eu,false,""
2024-04-24T20:00:00.000000,Poland,Poland,PL,666.7,732.59,16.51,14.94,entsoe.eu,false,""
2024-04-24T21:00:00.000000,Poland,Poland,PL,673.3,739.15,16.28,14.63,entsoe.eu,false,""
2024-04-24T22:00:00.000000,Poland,Poland,PL,672.19,737.98,16.56,14.54,entsoe.eu,false,""
2024-04-24T23:00:00.000000,Poland,Poland,PL,685.64,752.5,14.81,13.09,entsoe.eu,false,""
2024-04-25T00:00:00.000000,Poland,Poland,PL,677.58,744.48,15.75,13.74,entsoe.eu,false,""
2024-04-25T01:00:00.000000,Poland,Poland,PL,678.45,744.86,15.78,13.47,entsoe.eu,false,""
2024-04-25T02:00:00.000000,Poland,Poland,PL,678.06,744.59,15.79,13.43,entsoe.eu,false,""
2024-04-25T03:00:00.000000,Poland,Poland,PL,684.43,750.89,15.14,12.78,entsoe.eu,false,""
2024-04-25T04:00:00.000000,Poland,Poland,PL,677.4,742.21,15.51,14.34,entsoe.eu,false,""
2024-04-25T05:00:00.000000,Poland,Poland,PL,648.56,711.53,18.95,18.33,entsoe.eu,false,""
2024-04-25T06:00:00.000000,Poland,Poland,PL,588.8,650.29,26.67,25.52,entsoe.eu,false,""
2024-04-25T07:00:00.000000,Poland,Poland,PL,531.31,591.28,33.69,32.97,entsoe.eu,false,""
2024-04-25T08:00:00.000000,Poland,Poland,PL,509.25,567.49,36.96,36.89,entsoe.eu,false,""
2024-04-25T09:00:00.000000,Poland,Poland,PL,487.94,545.69,39.38,39.28,entsoe.eu,false,""
2024-04-25T10:00:00.000000,Poland,Poland,PL,475.69,532.58,41.01,40.91,entsoe.eu,false,""
2024-04-25T11:00:00.000000,Poland,Poland,PL,462.61,518.82,42.56,42.41,entsoe.eu,false,""
2024-04-25T12:00:00.000000,Poland,Poland,PL,463.09,519.22,42.57,42.44,entsoe.eu,false,""
2024-04-25T13:00:00.000000,Poland,Poland,PL,468.7,525.18,41.91,41.3,entsoe.eu,false,""
2024-04-25T14:00:00.000000,Poland,Poland,PL,488.19,545.55,39.36,38.5,entsoe.eu,false,""
2024-04-25T15:00:00.000000,Poland,Poland,PL,533.34,592.11,33.61,32.41,entsoe.eu,false,""
2024-04-25T16:00:00.000000,Poland,Poland,PL,603.15,663.9,24.69,23.07,entsoe.eu,false,""
2024-04-25T17:00:00.000000,Poland,Poland,PL,667.65,730.65,16.31,15.29,entsoe.eu,false,""
2024-04-25T18:00:00.000000,Poland,Poland,PL,685.01,748.15,14.19,13.21,entsoe.eu,false,""
2024-04-25T19:00:00.000000,Poland,Poland,PL,659.76,722.6,17.83,16.26,entsoe.eu,false,""
2024-04-25T20:00:00.000000,Poland,Poland,PL,637.82,701.1,20.46,17.32,entsoe.eu,false,""
2024-04-25T21:00:00.000000,Poland,Poland,PL,619.63,681.85,22.96,20.46,entsoe.eu,false,""
2024-04-25T22:00:00.000000,Poland,Poland,PL,606.72,669.07,24.11,22.68,entsoe.eu,false,""
2024-04-25T23:00:00.000000,Poland,Poland,PL,597.01,658.06,25.73,24.27,entsoe.eu,false,""
2024-04-26T00:00:00.000000,Poland,Poland,PL,603.42,665.86,24.11,22.75,entsoe.eu,false,""
2024-04-26T01:00:00.000000,Poland,Poland,PL,605.24,668.22,23.89,22.43,entsoe.eu,false,""
2024-04-26T02:00:00.000000,Poland,Poland,PL,609.14,672.37,23.56,22.07,entsoe.eu,false,""
2024-04-26T03:00:00.000000,Poland,Poland,PL,627.82,691.64,21.47,20.2,entsoe.eu,false,""
2024-04-26T04:00:00.000000,Poland,Poland,PL,604.93,668.18,23.48,22.33,entsoe.eu,false,""
2024-04-26T05:00:00.000000,Poland,Poland,PL,568.18,628.21,28.69,27.88,entsoe.eu,false,""
2024-04-26T06:00:00.000000,Poland,Poland,PL,518.92,577.33,34.9,34.81,entsoe.eu,false,""
2024-04-26T07:00:00.000000,Poland,Poland,PL,444.38,499.92,44.6,44.55,entsoe.eu,false,""
2024-04-26T08:00:00.000000,Poland,Poland,PL,381.87,434.67,52.41,52.18,entsoe.eu,false,""
2024-04-26T09:00:00.000000,Poland,Poland,PL,406.07,459.56,49.37,49.17,entsoe.eu,false,""
2024-04-26T10:00:00.000000,Poland,Poland,PL,429.96,484.41,46.3,46.03,entsoe.eu,false,""
2024-04-26T11:00:00.000000,Poland,Poland,PL,459.62,515.32,42.73,42.6,entsoe.eu,false,""
2024-04-26T12:00:00.000000,Poland,Poland,PL,474.01,530.44,40.79,40.48,entsoe.eu,false,""
2024-04-26T13:00:00.000000,Poland,Poland,PL,473.91,529.9,41.06,40.93,entsoe.eu,false,""
2024-04-26T14:00:00.000000,Poland,Poland,PL,502.02,559.01,37.5,37.22,entsoe.eu,false,""
2024-04-26T15:00:00.000000,Poland,Poland,PL,522.01,580.3,35.21,33.98,entsoe.eu,false,""
2024-04-26T16:00:00.000000,Poland,Poland,PL,596.66,658.84,25.52,24.25,entsoe.eu,false,""
2024-04-26T17:00:00.000000,Poland,Poland,PL,649.39,713.08,18.28,17.13,entsoe.eu,false,""
2024-04-26T18:00:00.000000,Poland,Poland,PL,646.85,709.41,18.56,17.39,entsoe.eu,false,""
2024-04-26T19:00:00.000000,Poland,Poland,PL,609.83,670.27,23.53,22.27,entsoe.eu,false,""
2024-04-26T20:00:00.000000,Poland,Poland,PL,574.67,633.39,28.01,26.78,entsoe.eu,false,""
2024-04-26T21:00:00.000000,Poland,Poland,PL,545.03,600.56,31.96,30.71,entsoe.eu,false,""
2024-04-26T22:00:00.000000,Poland,Poland,PL,541.72,596.02,31.42,30.34,entsoe.eu,false,""
2024-04-26T23:00:00.000000,Poland,Poland,PL,543.14,598.61,31.06,29.95,entsoe.eu,false,""
2024-04-27T00:00:00.000000,Poland,Poland,PL,548.83,605.68,30.17,29.19,entsoe.eu,false,""
2024-04-27T01:00:00.000000,Poland,Poland,PL,563.6,621.64,28.44,27.28,entsoe.eu,false,""
2024-04-27T02:00:00.000000,Poland,Poland,PL,570.78,629.39,27.56,26.37,entsoe.eu,false,""
2024-04-27T03:00:00.000000,Poland,Poland,PL,573.21,632.27,27.23,26.11,entsoe.eu,false,""
2024-04-27T04:00:00.000000,Poland,Poland,PL,555.59,614.39,29.43,28.32,entsoe.eu,false,""
2024-04-27T05:00:00.000000,Poland,Poland,PL,503.91,560.95,36.09,34.91,entsoe.eu,false,""
2024-04-27T06:00:00.000000,Poland,Poland,PL,483.2,540.71,38.53,38.01,entsoe.eu,false,""
2024-04-27T07:00:00.000000,Poland,Poland,PL,408.53,463.29,48.45,47.09,entsoe.eu,false,""
2024-04-27T08:00:00.000000,Poland,Poland,PL,333.94,385.31,57.79,56.4,entsoe.eu,false,""
2024-04-27T09:00:00.000000,Poland,Poland,PL,310.64,361.08,60.5,59.6,entsoe.eu,false,""
2024-04-27T10:00:00.000000,Poland,Poland,PL,323.97,375.32,58.75,57.85,entsoe.eu,false,""
2024-04-27T11:00:00.000000,Poland,Poland,PL,353.57,407.05,54.53,54.31,entsoe.eu,false,""
2024-04-27T12:00:00.000000,Poland,Poland,PL,359.0,412.64,54.06,53.95,entsoe.eu,false,""
2024-04-27T13:00:00.000000,Poland,Poland,PL,397.15,451.89,49.69,49.68,entsoe.eu,false,""
2024-04-27T14:00:00.000000,Poland,Poland,PL,445.95,502.57,43.71,43.44,entsoe.eu,false,""
2024-04-27T15:00:00.000000,Poland,Poland,PL,515.1,574.53,34.73,34.54,entsoe.eu,false,""
2024-04-27T16:00:00.000000,Poland,Poland,PL,577.2,639.31,26.82,25.92,entsoe.eu,false,""
2024-04-27T17:00:00.000000,Poland,Poland,PL,611.25,672.3,22.01,20.78,entsoe.eu,false,""
2024-04-27T18:00:00.000000,Poland,Poland,PL,606.14,665.77,22.93,21.72,entsoe.eu,false,""
2024-04-27T19:00:00.000000,Poland,Poland,PL,576.81,634.57,27.07,25.98,entsoe.eu,false,""
2024-04-27T20:00:00.000000,Poland,Poland,PL,515.16,570.37,35.1,33.94,entsoe.eu,false,""
2024-04-27T21:00:00.000000,Poland,Poland,PL,455.57,508.09,42.21,40.99,entsoe.eu,false,""
2024-04-27T22:00:00.000000,Poland,Poland,PL,444.72,496.84,43.43,42.49,entsoe.eu,false,""
2024-04-27T23:00:00.000000,Poland,Poland,PL,456.58,509.45,42.06,41.8,entsoe.eu,false,""
2024-04-28T00:00:00.000000,Poland,Poland,PL,453.04,506.26,42.43,42.12,entsoe.eu,false,""
2024-04-28T01:00:00.000000,Poland,Poland,PL,460.08,513.68,41.45,41.14,entsoe.eu,false,""
2024-04-28T02:00:00.000000,Poland,Poland,PL,464.8,518.89,40.84,40.5,entsoe.eu,false,""
2024-04-28T03:00:00.000000,Poland,Poland,PL,459.52,513.35,41.49,41.2,entsoe.eu,false,""
2024-04-28T04:00:00.000000,Poland,Poland,PL,421.78,474.02,46.4,45.83,entsoe.eu,false,""
2024-04-28T05:00:00.000000,Poland,Poland,PL,406.91,459.64,48.21,47.71,entsoe.eu,false,""
2024-04-28T06:00:00.000000,Poland,Poland,PL,414.43,468.35,46.76,46.25,entsoe.eu,false,""
2024-04-28T07:00:00.000000,Poland,Poland,PL,381.27,434.32,50.81,50.61,entsoe.eu,false,""
2024-04-28T08:00:00.000000,Poland,Poland,PL,311.46,359.8,60.19,59.73,entsoe.eu,false,""
2024-04-28T09:00:00.000000,Poland,Poland,PL,285.25,332.08,63.26,62.9,entsoe.eu,false,""
2024-04-28T10:00:00.000000,Poland,Poland,PL,286.09,333.05,62.99,62.51,entsoe.eu,false,""
2024-04-28T11:00:00.000000,Poland,Poland,PL,324.68,373.88,57.85,57.64,entsoe.eu,false,""
2024-04-28T12:00:00.000000,Poland,Poland,PL,345.49,395.84,55.04,55.04,entsoe.eu,false,""
2024-04-28T13:00:00.000000,Poland,Poland,PL,374.33,425.89,51.43,51.43,entsoe.eu,false,""
2024-04-28T14:00:00.000000,Poland,Poland,PL,352.93,403.9,54.09,54.09,entsoe.eu,false,""
2024-04-28T15:00:00.000000,Poland,Poland,PL,370.22,420.62,52.15,51.92,entsoe.eu,false,""
2024-04-28T16:00:00.000000,Poland,Poland,PL,446.35,499.88,41.98,41.74,entsoe.eu,false,""
2024-04-28T17:00:00.000000,Poland,Poland,PL,492.43,547.9,36.07,35.02,entsoe.eu,false,""
2024-04-28T18:00:00.000000,Poland,Poland,PL,484.03,538.28,37.12,35.93,entsoe.eu,false,""
2024-04-28T19:00:00.000000,Poland,Poland,PL,457.82,511.49,40.54,39.42,entsoe.eu,false,""
2024-04-28T20:00:00.000000,Poland,Poland,PL,442.05,494.4,42.89,41.86,entsoe.eu,false,""
2024-04-28T21:00:00.000000,Poland,Poland,PL,425.95,477.34,45.05,44.11,entsoe.eu,false,""
2024-04-28T22:00:00.000000,Poland,Poland,PL,433.31,485.85,43.85,42.9,entsoe.eu,false,""
2024-04-28T23:00:00.000000,Poland,Poland,PL,444.21,497.52,42.5,41.55,entsoe.eu,false,""
2024-04-29T00:00:00.000000,Poland,Poland,PL,462.86,517.66,40.18,39.19,entsoe.eu,false,""
2024-04-29T01:00:00.000000,Poland,Poland,PL,489.58,545.59,36.94,35.97,entsoe.eu,false,""
2024-04-29T02:00:00.000000,Poland,Poland,PL,512.16,568.81,34.64,33.62,entsoe.eu,false,""
2024-04-29T03:00:00.000000,Poland,Poland,PL,530.11,586.89,33.1,32.1,entsoe.eu,false,""
2024-04-29T04:00:00.000000,Poland,Poland,PL,551.4,608.5,30.22,30.07,entsoe.eu,false,""
2024-04-29T05:00:00.000000,Poland,Poland,PL,540.52,597.29,31.43,31.39,entsoe.eu,false,""
2024-04-29T06:00:00.000000,Poland,Poland,PL,483.23,539.53,38.59,37.98,entsoe.eu,false,""
2024-04-29T07:00:00.000000,Poland,Poland,PL,398.37,452.79,49.34,48.31,entsoe.eu,false,""
2024-04-29T08:00:00.000000,Poland,Poland,PL,342.89,394.82,56.52,55.77,entsoe.eu,false,""
2024-04-29T09:00:00.000000,Poland,Poland,PL,360.89,413.38,54.35,53.76,entsoe.eu,false,""
2024-04-29T10:00:00.000000,Poland,Poland,PL,369.85,422.55,53.16,52.51,entsoe.eu,false,""
2024-04-29T11:00:00.000000,Poland,Poland,PL,372.32,425.16,52.84,52.17,entsoe.eu,false,""
2024-04-29T12:00:00.000000,Poland,Poland,PL,390.16,443.57,50.61,49.98,entsoe.eu,false,""
2024-04-29T13:00:00.000000,Poland,Poland,PL,399.33,452.93,49.55,49.38,entsoe.eu,false,""
2024-04-29T14:00:00.000000,Poland,Poland,PL,428.79,483.24,45.97,45.31,entsoe.eu,false,""
2024-04-29T15:00:00.000000,Poland,Poland,PL,490.68,548.08,38.38,37.61,entsoe.eu,false,""
2024-04-29T16:00:00.000000,Poland,Poland,PL,559.42,619.14,29.29,28.24,entsoe.eu,false,""
2024-04-29T17:00:00.000000,Poland,Poland,PL,622.53,683.14,21.53,20.97,entsoe.eu,false,""
2024-04-29T18:00:00.000000,Poland,Poland,PL,609.05,668.47,23.11,22.34,entsoe.eu,false,""
2024-04-29T19:00:00.000000,Poland,Poland,PL,571.68,628.42,27.86,26.9,entsoe.eu,false,""
2024-04-29T20:00:00.000000,Poland,Poland,PL,532.37,587.44,33.07,31.61,entsoe.eu,false,""
2024-04-29T21:00:00.000000,Poland,Poland,PL,495.08,550.82,36.83,35.14,entsoe.eu,false,""
2024-04-29T22:00:00.000000,Poland,Poland,PL,507.97,563.64,35.25,34.01,entsoe.eu,false,""
2024-04-29T23:00:00.000000,Poland,Poland,PL,509.58,565.14,35.36,33.86,entsoe.eu,false,""
2024-04-30T00:00:00.000000,Poland,Poland,PL,517.44,573.6,34.42,32.74,entsoe.eu,false,""
2024-04-30T01:00:00.000000,Poland,Poland,PL,521.31,577.84,33.78,32.09,entsoe.eu,false,""
2024-04-30T02:00:00.000000,Poland,Poland,PL,510.73,566.85,34.93,33.27,entsoe.eu,false,""
2024-04-30T03:00:00.000000,Poland,Poland,PL,501.76,556.61,36.49,34.85,entsoe.eu,false,""
2024-04-30T04:00:00.000000,Poland,Poland,PL,506.92,562.84,35.52,34.58,entsoe.eu,false,""
2024-04-30T05:00:00.000000,Poland,Poland,PL,473.12,527.18,40.14,39.19,entsoe.eu,false,""
2024-04-30T06:00:00.000000,Poland,Poland,PL,427.9,480.97,45.65,44.81,entsoe.eu,false,""
2024-04-30T07:00:00.000000,Poland,Poland,PL,353.87,406.28,54.8,53.62,entsoe.eu,false,""
2024-04-30T08:00:00.000000,Poland,Poland,PL,336.74,388.8,56.95,56.27,entsoe.eu,false,""
2024-04-30T09:00:00.000000,Poland,Poland,PL,334.65,386.51,57.28,56.49,entsoe.eu,false,""
2024-04-30T10:00:00.000000,Poland,Poland,PL,326.91,378.0,58.31,57.74,entsoe.eu,false,""
2024-04-30T11:00:00.000000,Poland,Poland,PL,313.67,363.61,60.04,59.68,entsoe.eu,false,""
2024-04-30T12:00:00.000000,Poland,Poland,PL,307.81,357.22,60.69,60.41,entsoe.eu,false,""
2024-04-30T13:00:00.000000,Poland,Poland,PL,321.06,371.06,58.96,58.57,entsoe.eu,false,""
2024-04-30T14:00:00.000000,Poland,Poland,PL,359.77,410.8,54.06,54.05,entsoe.eu,false,""
2024-04-30T15:00:00.000000,Poland,Poland,PL,399.12,451.03,49.25,48.5,entsoe.eu,false,""
2024-04-30T16:00:00.000000,Poland,Poland,PL,479.8,533.75,39.1,38.19,entsoe.eu,false,""
2024-04-30T17:00:00.000000,Poland,Poland,PL,542.41,597.68,30.95,30.08,entsoe.eu,false,""
2024-04-30T18:00:00.000000,Poland,Poland,PL,542.83,597.16,30.96,30.14,entsoe.eu,false,""
2024-04-30T19:00:00.000000,Poland,Poland,PL,501.19,552.71,36.5,35.71,entsoe.eu,false,""
2024-04-30T20:00:00.000000,Poland,Poland,PL,462.91,513.37,41.5,40.45,entsoe.eu,false,""
2024-04-30T21:00:00.000000,Poland,Poland,PL,448.0,498.35,43.2,42.1,entsoe.eu,false,""
2024-04-30T22:00:00.000000,Poland,Poland,PL,423.8,473.57,45.71,44.63,entsoe.eu,false,""
2024-04-30T23:00:00.000000,Poland,Poland,PL,442.58,493.1,43.3,42.2,entsoe.eu,false,""
2024-05-01T00:00:00.000000,Poland,Poland,PL,471.21,524.13,39.75,38.54,entsoe.eu,false,""
2024-05-01T01:00:00.000000,Poland,Poland,PL,488.97,542.89,37.59,36.38,entsoe.eu,false,""
2024-05-01T02:00:00.000000,Poland,Poland,PL,489.2,543.09,37.66,36.47,entsoe.eu,false,""
2024-05-01T03:00:00.000000,Poland,Poland,PL,475.73,529.32,39.42,38.07,entsoe.eu,false,""
2024-05-01T04:00:00.000000,Poland,Poland,PL,432.52,485.02,44.96,43.58,entsoe.eu,false,""
2024-05-01T05:00:00.000000,Poland,Poland,PL,394.61,447.63,49.4,48.22,entsoe.eu,false,""
2024-05-01T06:00:00.000000,Poland,Poland,PL,395.47,450.95,49.02,48.55,entsoe.eu,false,""
2024-05-01T07:00:00.000000,Poland,Poland,PL,369.01,423.79,52.7,52.65,entsoe.eu,false,""
2024-05-01T08:00:00.000000,Poland,Poland,PL,344.3,397.17,55.98,55.97,entsoe.eu,false,""
2024-05-01T09:00:00.000000,Poland,Poland,PL,296.41,346.58,62.38,62.38,entsoe.eu,false,""
2024-05-01T10:00:00.000000,Poland,Poland,PL,305.62,356.67,61.24,61.23,entsoe.eu,false,""
2024-05-01T11:00:00.000000,Poland,Poland,PL,312.5,364.89,59.98,59.97,entsoe.eu,false,""
2024-05-01T12:00:00.000000,Poland,Poland,PL,317.88,370.18,59.22,59.2,entsoe.eu,false,""
2024-05-01T13:00:00.000000,Poland,Poland,PL,330.79,383.3,57.5,57.49,entsoe.eu,false,""
2024-05-01T14:00:00.000000,Poland,Poland,PL,325.52,375.45,58.27,58.27,entsoe.eu,false,""
2024-05-01T15:00:00.000000,Poland,Poland,PL,362.96,413.45,53.65,53.58,entsoe.eu,false,""
2024-05-01T16:00:00.000000,Poland,Poland,PL,404.22,455.04,48.33,48.11,entsoe.eu,false,""
2024-05-01T17:00:00.000000,Poland,Poland,PL,427.8,478.39,45.31,43.98,entsoe.eu,false,""
2024-05-01T18:00:00.000000,Poland,Poland,PL,436.41,485.84,44.44,43.08,entsoe.eu,false,""
2024-05-01T19:00:00.000000,Poland,Poland,PL,419.52,467.43,46.66,45.58,entsoe.eu,false,""
2024-05-01T20:00:00.000000,Poland,Poland,PL,407.11,454.31,48.24,47.19,entsoe.eu,false,""
2024-05-01T21:00:00.000000,Poland,Poland,PL,396.74,443.94,49.66,48.67,entsoe.eu,false,""
2024-05-01T22:00:00.000000,Poland,Poland,PL,392.33,440.24,50.19,49.61,entsoe.eu,false,""
2024-05-01T23:00:00.000000,Poland,Poland,PL,400.29,448.76,49.22,48.6,entsoe.eu,false,""
2024-05-02T00:00:00.000000,Poland,Poland,PL,406.05,455.04,48.46,47.57,entsoe.eu,false,""
2024-05-02T01:00:00.000000,Poland,Poland,PL,423.32,473.69,46.23,45.35,entsoe.eu,false,""
2024-05-02T02:00:00.000000,Poland,Poland,PL,435.12,486.75,44.71,43.97,entsoe.eu,false,""
2024-05-02T03:00:00.000000,Poland,Poland,PL,427.13,478.69,45.65,44.98,entsoe.eu,false,""
2024-05-02T04:00:00.000000,Poland,Poland,PL,391.0,439.54,50.1,48.87,entsoe.eu,false,""
2024-05-02T05:00:00.000000,Poland,Poland,PL,367.34,417.53,53.24,52.08,entsoe.eu,false,""
2024-05-02T06:00:00.000000,Poland,Poland,PL,353.32,405.4,54.88,53.97,entsoe.eu,false,""
2024-05-02T07:00:00.000000,Poland,Poland,PL,330.46,381.43,58.06,57.35,entsoe.eu,false,""
2024-05-02T08:00:00.000000,Poland,Poland,PL,294.51,342.87,62.72,62.69,entsoe.eu,false,""
2024-05-02T09:00:00.000000,Poland,Poland,PL,281.4,328.3,64.43,64.42,entsoe.eu,false,""
2024-05-02T10:00:00.000000,Poland,Poland,PL,281.57,329.11,64.37,64.36,entsoe.eu,false,""
2024-05-02T11:00:00.000000,Poland,Poland,PL,273.79,320.56,65.34,65.32,entsoe.eu,false,""
2024-05-02T12:00:00.000000,Poland,Poland,PL,296.01,343.35,62.37,62.37,entsoe.eu,false,""
2024-05-02T13:00:00.000000,Poland,Poland,PL,308.95,356.39,60.88,60.82,entsoe.eu,false,""
2024-05-02T14:00:00.000000,Poland,Poland,PL,323.37,370.84,59.15,59.03,entsoe.eu,false,""
2024-05-02T15:00:00.000000,Poland,Poland,PL,363.54,412.63,54.07,53.31,entsoe.eu,false,""
2024-05-02T16:00:00.000000,Poland,Poland,PL,428.42,479.9,46.01,44.95,entsoe.eu,false,""
2024-05-02T17:00:00.000000,Poland,Poland,PL,498.64,552.32,36.64,35.51,entsoe.eu,false,""
2024-05-02T18:00:00.000000,Poland,Poland,PL,526.16,580.32,33.3,32.22,entsoe.eu,false,""
2024-05-02T19:00:00.000000,Poland,Poland,PL,506.38,559.69,35.92,34.89,entsoe.eu,false,""
2024-05-02T20:00:00.000000,Poland,Poland,PL,463.98,516.06,41.18,40.08,entsoe.eu,false,""
2024-05-02T21:00:00.000000,Poland,Poland,PL,438.51,490.8,44.18,43.05,entsoe.eu,false,""
2024-05-02T22:00:00.000000,Poland,Poland,PL,443.48,497.11,43.23,42.1,entsoe.eu,false,""
2024-05-02T23:00:00.000000,Poland,Poland,PL,452.31,506.99,42.02,40.9,entsoe.eu,false,""
2024-05-03T00:00:00.000000,Poland,Poland,PL,470.69,526.72,39.73,38.55,entsoe.eu,false,""
2024-05-03T01:00:00.000000,Poland,Poland,PL,491.8,549.49,37.05,35.75,entsoe.eu,false,""
2024-05-03T02:00:00.000000,Poland,Poland,PL,515.56,575.02,34.01,32.64,entsoe.eu,false,""
2024-05-03T03:00:00.000000,Poland,Poland,PL,508.16,566.15,35.14,33.73,entsoe.eu,false,""
2024-05-03T04:00:00.000000,Poland,Poland,PL,473.53,529.3,39.76,38.38,entsoe.eu,false,""
2024-05-03T05:00:00.000000,Poland,Poland,PL,417.18,472.11,46.86,45.72,entsoe.eu,false,""
2024-05-03T06:00:00.000000,Poland,Poland,PL,395.28,451.98,49.33,49.17,entsoe.eu,false,""
2024-05-03T07:00:00.000000,Poland,Poland,PL,345.23,398.99,56.0,55.91,entsoe.eu,false,""
2024-05-03T08:00:00.000000,Poland,Poland,PL,298.74,349.65,62.14,62.07,entsoe.eu,false,""
2024-05-03T09:00:00.000000,Poland,Poland,PL,290.95,340.81,63.17,62.98,entsoe.eu,false,""
2024-05-03T10:00:00.000000,Poland,Poland,PL,283.73,332.89,64.13,64.1,entsoe.eu,false,""
2024-05-03T11:00:00.000000,Poland,Poland,PL,288.5,338.11,63.49,63.44,entsoe.eu,false,""
2024-05-03T12:00:00.000000,Poland,Poland,PL,310.22,361.51,60.4,60.31,entsoe.eu,false,""
2024-05-03T13:00:00.000000,Poland,Poland,PL,352.61,406.11,54.82,54.37,entsoe.eu,false,""
2024-05-03T14:00:00.000000,Poland,Poland,PL,377.1,431.0,52.25,51.23,entsoe.eu,false,""
2024-05-03T15:00:00.000000,Poland,Poland,PL,455.03,512.91,42.48,41.25,entsoe.eu,false,""
2024-05-03T16:00:00.000000,Poland,Poland,PL,543.14,604.35,31.42,30.08,entsoe.eu,false,""
2024-05-03T17:00:00.000000,Poland,Poland,PL,611.49,674.18,22.58,21.27,entsoe.eu,false,""
2024-05-03T18:00:00.000000,Poland,Poland,PL,631.2,693.37,20.12,18.89,entsoe.eu,false,""
2024-05-03T19:00:00.000000,Poland,Poland,PL,631.77,693.67,20.14,19.05,entsoe.eu,false,""
2024-05-03T20:00:00.000000,Poland,Poland,PL,628.67,690.89,20.48,19.34,entsoe.eu,false,""
2024-05-03T21:00:00.000000,Poland,Poland,PL,595.21,657.87,24.47,22.95,entsoe.eu,false,""
2024-05-03T22:00:00.000000,Poland,Poland,PL,606.58,669.9,23.24,21.83,entsoe.eu,false,""
2024-05-03T23:00:00.000000,Poland,Poland,PL,597.02,660.04,24.27,22.84,entsoe.eu,false,""
2024-05-04T00:00:00.000000,Poland,Poland,PL,581.4,643.83,26.02,24.56,entsoe.eu,false,""
2024-05-04T01:00:00.000000,Poland,Poland,PL,575.18,637.22,26.77,25.27,entsoe.eu,false,""
2024-05-04T02:00:00.000000,Poland,Poland,PL,578.61,640.59,26.41,24.86,entsoe.eu,false,""
2024-05-04T03:00:00.000000,Poland,Poland,PL,575.03,636.4,26.82,25.46,entsoe.eu,false,""
2024-05-04T04:00:00.000000,Poland,Poland,PL,535.32,595.79,31.78,30.06,entsoe.eu,false,""
2024-05-04T05:00:00.000000,Poland,Poland,PL,471.42,530.26,40.14,38.24,entsoe.eu,false,""
2024-05-04T06:00:00.000000,Poland,Poland,PL,409.1,465.81,48.24,46.57,entsoe.eu,false,""
2024-05-04T07:00:00.000000,Poland,Poland,PL,358.48,412.91,54.65,53.85,entsoe.eu,false,""
2024-05-04T08:00:00.000000,Poland,Poland,PL,347.25,400.37,56.27,56.05,entsoe.eu,false,""
2024-05-04T09:00:00.000000,Poland,Poland,PL,361.04,415.04,54.24,53.96,entsoe.eu,false,""
2024-05-04T10:00:00.000000,Poland,Poland,PL,353.5,406.98,55.25,54.84,entsoe.eu,false,""
2024-05-04T11:00:00.000000,Poland,Poland,PL,368.57,422.55,53.26,52.1,entsoe.eu,false,""
2024-05-04T12:00:00.000000,Poland,Poland,PL,380.36,434.62,51.79,50.46,entsoe.eu,false,""
2024-05-04T13:00:00.000000,Poland,Poland,PL,385.44,440.18,51.27,49.66,entsoe.eu,false,""
2024-05-04T14:00:00.000000,Poland,Poland,PL,433.0,489.28,45.61,44.23,entsoe.eu,false,""
2024-05-04T15:00:00.000000,Poland,Poland,PL,489.47,547.9,38.62,37.44,entsoe.eu,false,""
2024-05-04T16:00:00.000000,Poland,Poland,PL,581.63,643.17,27.32,26.13,entsoe.eu,false,""
2024-05-04T17:00:00.000000,Poland,Poland,PL,656.68,720.03,17.72,16.5,entsoe.eu,false,""
2024-05-04T18:00:00.000000,Poland,Poland,PL,675.69,738.94,15.26,14.02,entsoe.eu,false,""
2024-05-04T19:00:00.000000,Poland,Poland,PL,661.52,724.35,16.84,15.58,entsoe.eu,false,""
2024-05-04T20:00:00.000000,Poland,Poland,PL,640.45,705.77,19.47,17.84,entsoe.eu,false,""
2024-05-04T21:00:00.000000,Poland,Poland,PL,609.95,675.9,22.95,20.55,entsoe.eu,false,""
2024-05-04T22:00:00.000000,Poland,Poland,PL,637.83,702.25,19.59,17.83,entsoe.eu,false,""
2024-05-04T23:00:00.000000,Poland,Poland,PL,612.35,677.56,22.5,20.35,entsoe.eu,false,""
2024-05-05T00:00:00.000000,Poland,Poland,PL,587.63,652.35,25.41,23.07,entsoe.eu,false,""
2024-05-05T01:00:00.000000,Poland,Poland,PL,592.14,656.95,24.74,22.42,entsoe.eu,false,""
2024-05-05T02:00:00.000000,Poland,Poland,PL,593.31,658.52,24.59,22.25,entsoe.eu,false,""
2024-05-05T03:00:00.000000,Poland,Poland,PL,583.98,648.89,25.53,23.33,entsoe.eu,false,""
2024-05-05T04:00:00.000000,Poland,Poland,PL,531.49,593.16,32.43,30.63,entsoe.eu,false,""
2024-05-05T05:00:00.000000,Poland,Poland,PL,466.01,523.83,41.51,40.54,entsoe.eu,false,""
2024-05-05T06:00:00.000000,Poland,Poland,PL,431.59,488.2,45.55,44.45,entsoe.eu,false,""
2024-05-05T07:00:00.000000,Poland,Poland,PL,419.07,475.35,46.78,45.87,entsoe.eu,false,""
2024-05-05T08:00:00.000000,Poland,Poland,PL,389.08,444.06,50.64,50.06,entsoe.eu,false,""
2024-05-05T09:00:00.000000,Poland,Poland,PL,356.3,409.25,54.98,54.53,entsoe.eu,false,""
2024-05-05T10:00:00.000000,Poland,Poland,PL,349.15,401.06,56.09,55.68,entsoe.eu,false,""
2024-05-05T11:00:00.000000,Poland,Poland,PL,356.0,407.68,55.26,54.89,entsoe.eu,false,""
2024-05-05T12:00:00.000000,Poland,Poland,PL,376.65,428.64,52.65,52.45,entsoe.eu,false,""
2024-05-05T13:00:00.000000,Poland,Poland,PL,407.67,462.23,48.25,48.25,entsoe.eu,false,""
2024-05-05T14:00:00.000000,Poland,Poland,PL,405.77,459.6,48.95,48.84,entsoe.eu,false,""
2024-05-05T15:00:00.000000,Poland,Poland,PL,488.36,545.99,38.52,38.35,entsoe.eu,false,""
2024-05-05T16:00:00.000000,Poland,Poland,PL,519.24,577.68,34.8,33.48,entsoe.eu,false,""
2024-05-05T17:00:00.000000,Poland,Poland,PL,571.91,631.79,27.69,26.33,entsoe.eu,false,""
2024-05-05T18:00:00.000000,Poland,Poland,PL,606.0,667.04,23.08,21.65,entsoe.eu,false,""
2024-05-05T19:00:00.000000,Poland,Poland,PL,613.02,674.76,22.18,20.62,entsoe.eu,false,""
2024-05-05T20:00:00.000000,Poland,Poland,PL,641.46,705.46,18.83,17.39,entsoe.eu,false,""
2024-05-05T21:00:00.000000,Poland,Poland,PL,620.39,684.33,21.79,20.04,entsoe.eu,false,""
2024-05-05T22:00:00.000000,Poland,Poland,PL,606.94,670.51,23.27,21.44,entsoe.eu,false,""
2024-05-05T23:00:00.000000,Poland,Poland,PL,603.31,664.75,24.68,22.78,entsoe.eu,false,""
2024-05-06T00:00:00.000000,Poland,Poland,PL,602.26,663.81,24.4,22.68,entsoe.eu,false,""
2024-05-06T01:00:00.000000,Poland,Poland,PL,592.97,654.42,25.54,24.04,entsoe.eu,false,""
2024-05-06T02:00:00.000000,Poland,Poland,PL,604.7,665.9,24.98,23.44,entsoe.eu,false,""
2024-05-06T03:00:00.000000,Poland,Poland,PL,592.33,653.49,26.51,24.92,entsoe.eu,false,""
2024-05-06T04:00:00.000000,Poland,Poland,PL,584.6,646.2,26.12,24.97,entsoe.eu,false,""
2024-05-06T05:00:00.000000,Poland,Poland,PL,550.69,610.61,30.65,28.84,entsoe.eu,false,""
2024-05-06T06:00:00.000000,Poland,Poland,PL,493.53,550.68,37.88,36.21,entsoe.eu,false,""
2024-05-06T07:00:00.000000,Poland,Poland,PL,446.56,501.51,44.66,43.1,entsoe.eu,false,""
2024-05-06T08:00:00.000000,Poland,Poland,PL,395.53,448.74,50.8,49.46,entsoe.eu,false,""
2024-05-06T09:00:00.000000,Poland,Poland,PL,385.42,437.84,51.95,50.8,entsoe.eu,false,""
2024-05-06T10:00:00.000000,Poland,Poland,PL,394.12,446.84,50.62,49.55,entsoe.eu,false,""
2024-05-06T11:00:00.000000,Poland,Poland,PL,402.18,455.07,49.54,48.56,entsoe.eu,false,""
2024-05-06T12:00:00.000000,Poland,Poland,PL,420.67,474.25,47.17,46.21,entsoe.eu,false,""
2024-05-06T13:00:00.000000,Poland,Poland,PL,453.45,508.35,43.04,42.35,entsoe.eu,false,""
2024-05-06T14:00:00.000000,Poland,Poland,PL,485.64,541.52,39.26,38.39,entsoe.eu,false,""
2024-05-06T15:00:00.000000,Poland,Poland,PL,532.03,589.31,33.91,33.08,entsoe.eu,false,""
2024-05-06T16:00:00.000000,Poland,Poland,PL,580.27,640.24,27.43,26.45,entsoe.eu,false,""
2024-05-06T17:00:00.000000,Poland,Poland,PL,636.6,698.37,19.9,19.01,entsoe.eu,false,""
2024-05-06T18:00:00.000000,Poland,Poland,PL,655.55,718.33,17.55,16.53,entsoe.eu,false,""
2024-05-06T19:00:00.000000,Poland,Poland,PL,647.13,710.93,18.18,17.03,entsoe.eu,false,""
2024-05-06T20:00:00.000000,Poland,Poland,PL,620.13,683.96,21.28,19.27,entsoe.eu,false,""
2024-05-06T21:00:00.000000,Poland,Poland,PL,613.67,676.12,22.91,21.07,entsoe.eu,false,""
2024-05-06T22:00:00.000000,Poland,Poland,PL,599.4,661.72,25.05,22.46,entsoe.eu,false,""
2024-05-06T23:00:00.000000,Poland,Poland,PL,577.66,637.37,27.68,25.76,entsoe.eu,false,""
2024-05-07T00:00:00.000000,Poland,Poland,PL,568.77,627.49,28.76,27.07,entsoe.eu,false,""
2024-05-07T01:00:00.000000,Poland,Poland,PL,575.51,634.68,27.94,26.44,entsoe.eu,false,""
2024-05-07T02:00:00.000000,Poland,Poland,PL,572.19,631.43,28.33,26.81,entsoe.eu,false,""
2024-05-07T03:00:00.000000,Poland,Poland,PL,542.13,600.64,31.94,30.18,entsoe.eu,false,""
2024-05-07T04:00:00.000000,Poland,Poland,PL,542.05,600.95,31.52,29.58,entsoe.eu,false,""
2024-05-07T05:00:00.000000,Poland,Poland,PL,534.87,591.21,32.75,31.56,entsoe.eu,false,""
2024-05-07T06:00:00.000000,Poland,Poland,PL,496.56,551.48,37.75,36.8,entsoe.eu,false,""
2024-05-07T07:00:00.000000,Poland,Poland,PL,459.28,512.54,42.91,42.01,entsoe.eu,false,""
2024-05-07T08:00:00.000000,Poland,Poland,PL,410.43,462.52,48.81,47.74,entsoe.eu,false,""
2024-05-07T09:00:00.000000,Poland,Poland,PL,398.26,450.22,50.3,49.14,entsoe.eu,false,""
2024-05-07T10:00:00.000000,Poland,Poland,PL,395.49,447.66,50.64,49.76,entsoe.eu,false,""
2024-05-07T11:00:00.000000,Poland,Poland,PL,393.62,446.0,50.77,50.0,entsoe.eu,false,""
2024-05-07T12:00:00.000000,Poland,Poland,PL,387.97,440.32,51.56,50.71,entsoe.eu,false,""
2024-05-07T13:00:00.000000,Poland,Poland,PL,397.5,450.49,50.43,49.55,entsoe.eu,false,""
2024-05-07T14:00:00.000000,Poland,Poland,PL,435.9,490.42,45.81,44.82,entsoe.eu,false,""
2024-05-07T15:00:00.000000,Poland,Poland,PL,498.55,555.89,37.96,36.83,entsoe.eu,false,""
2024-05-07T16:00:00.000000,Poland,Poland,PL,558.38,619.42,29.67,28.35,entsoe.eu,false,""
2024-05-07T17:00:00.000000,Poland,Poland,PL,602.5,663.78,23.4,22.2,entsoe.eu,false,""
2024-05-07T18:00:00.000000,Poland,Poland,PL,612.54,673.95,22.28,21.02,entsoe.eu,false,""
2024-05-07T19:00:00.000000,Poland,Poland,PL,593.79,654.91,24.46,23.09,entsoe.eu,false,""
2024-05-07T20:00:00.000000,Poland,Poland,PL,579.52,641.05,26.71,24.97,entsoe.eu,false,""
2024-05-07T21:00:00.000000,Poland,Poland,PL,571.24,631.17,28.27,26.21,entsoe.eu,false,""
2024-05-07T22:00:00.000000,Poland,Poland,PL,572.07,631.77,27.82,25.87,entsoe.eu,false,""
2024-05-07T23:00:00.000000,Poland,Poland,PL,581.69,642.05,26.35,24.48,entsoe.eu,false,""
2024-05-08T00:00:00.000000,Poland,Poland,PL,591.1,652.66,24.77,22.85,entsoe.eu,false,""
2024-05-08T01:00:00.000000,Poland,Poland,PL,596.12,658.75,23.98,21.94,entsoe.eu,false,""
2024-05-08T02:00:00.000000,Poland,Poland,PL,596.76,660.27,23.73,21.53,entsoe.eu,false,""
2024-05-08T03:00:00.000000,Poland,Poland,PL,598.77,661.37,24.12,22.04,entsoe.eu,false,""
2024-05-08T04:00:00.000000,Poland,Poland,PL,597.69,659.49,24.01,22.61,entsoe.eu,false,""
2024-05-08T05:00:00.000000,Poland,Poland,PL,566.51,625.81,27.95,27.56,entsoe.eu,false,""
2024-05-08T06:00:00.000000,Poland,Poland,PL,506.97,563.89,35.63,35.63,entsoe.eu,false,""
2024-05-08T07:00:00.000000,Poland,Poland,PL,441.58,495.83,44.17,44.11,entsoe.eu,false,""
2024-05-08T08:00:00.000000,Poland,Poland,PL,368.33,420.19,53.51,53.01,entsoe.eu,false,""
2024-05-08T09:00:00.000000,Poland,Poland,PL,342.28,393.05,56.73,56.1,entsoe.eu,false,""
2024-05-08T10:00:00.000000,Poland,Poland,PL,339.16,390.06,56.79,56.38,entsoe.eu,false,""
2024-05-08T11:00:00.000000,Poland,Poland,PL,318.55,368.49,59.67,59.16,entsoe.eu,false,""
2024-05-08T12:00:00.000000,Poland,Poland,PL,313.29,363.27,60.42,59.77,entsoe.eu,false,""
2024-05-08T13:00:00.000000,Poland,Poland,PL,333.01,383.87,57.87,56.86,entsoe.eu,false,""
2024-05-08T14:00:00.000000,Poland,Poland,PL,398.33,451.73,49.48,48.45,entsoe.eu,false,""
2024-05-08T15:00:00.000000,Poland,Poland,PL,478.76,536.02,39.34,38.13,entsoe.eu,false,""
2024-05-08T16:00:00.000000,Poland,Poland,PL,569.74,630.33,27.46,26.11,entsoe.eu,false,""
2024-05-08T17:00:00.000000,Poland,Poland,PL,629.74,690.66,20.24,18.89,entsoe.eu,false,""
2024-05-08T18:00:00.000000,Poland,Poland,PL,635.38,695.74,19.64,18.27,entsoe.eu,false,""
2024-05-08T19:00:00.000000,Poland,Poland,PL,614.28,674.94,22.05,20.28,entsoe.eu,false,""
2024-05-08T20:00:00.000000,Poland,Poland,PL,594.9,654.64,25.22,22.41,entsoe.eu,false,""
2024-05-08T21:00:00.000000,Poland,Poland,PL,576.16,636.81,27.8,23.96,entsoe.eu,false,""
2024-05-08T22:00:00.000000,Poland,Poland,PL,598.41,661.49,24.43,21.86,entsoe.eu,false,""
2024-05-08T23:00:00.000000,Poland,Poland,PL,630.61,694.9,20.12,18.35,entsoe.eu,false,""
2024-05-09T00:00:00.000000,Poland,Poland,PL,632.12,697.78,19.86,17.5,entsoe.eu,false,""
2024-05-09T01:00:00.000000,Poland,Poland,PL,642.46,708.3,18.74,15.98,entsoe.eu,false,""
2024-05-09T02:00:00.000000,Poland,Poland,PL,656.34,721.89,17.25,14.41,entsoe.eu,false,""
2024-05-09T03:00:00.000000,Poland,Poland,PL,645.0,710.05,18.66,16.22,entsoe.eu,false,""
2024-05-09T04:00:00.000000,Poland,Poland,PL,599.46,663.21,24.81,21.36,entsoe.eu,false,""
2024-05-09T05:00:00.000000,Poland,Poland,PL,528.86,588.94,34.01,31.76,entsoe.eu,false,""
2024-05-09T06:00:00.000000,Poland,Poland,PL,474.87,532.84,40.15,39.2,entsoe.eu,false,""
2024-05-09T07:00:00.000000,Poland,Poland,PL,391.87,447.53,50.62,50.44,entsoe.eu,false,""
2024-05-09T08:00:00.000000,Poland,Poland,PL,345.76,399.35,56.39,56.29,entsoe.eu,false,""
2024-05-09T09:00:00.000000,Poland,Poland,PL,327.86,380.44,58.63,58.61,entsoe.eu,false,""
2024-05-09T10:00:00.000000,Poland,Poland,PL,333.99,387.08,57.79,57.79,entsoe.eu,false,""
2024-05-09T11:00:00.000000,Poland,Poland,PL,333.56,386.74,57.8,57.79,entsoe.eu,false,""
2024-05-09T12:00:00.000000,Poland,Poland,PL,328.35,381.45,58.52,58.52,entsoe.eu,false,""
2024-05-09T13:00:00.000000,Poland,Poland,PL,355.98,410.34,55.12,55.07,entsoe.eu,false,""
2024-05-09T14:00:00.000000,Poland,Poland,PL,419.04,475.73,47.18,47.03,entsoe.eu,false,""
2024-05-09T15:00:00.000000,Poland,Poland,PL,479.52,538.12,39.7,38.53,entsoe.eu,false,""
2024-05-09T16:00:00.000000,Poland,Poland,PL,547.14,607.67,31.12,28.72,entsoe.eu,false,""
2024-05-09T17:00:00.000000,Poland,Poland,PL,630.17,694.06,20.19,18.41,entsoe.eu,false,""
2024-05-09T18:00:00.000000,Poland,Poland,PL,672.15,737.15,15.05,13.53,entsoe.eu,false,""
2024-05-09T19:00:00.000000,Poland,Poland,PL,666.77,732.11,15.61,13.73,entsoe.eu,false,""
2024-05-09T20:00:00.000000,Poland,Poland,PL,639.31,704.86,19.21,14.94,entsoe.eu,false,""
2024-05-09T21:00:00.000000,Poland,Poland,PL,639.59,705.37,19.7,14.92,entsoe.eu,false,""
2024-05-09T22:00:00.000000,Poland,Poland,PL,644.18,710.68,18.97,15.6,entsoe.eu,false,""
2024-05-09T23:00:00.000000,Poland,Poland,PL,641.22,707.03,19.64,17.19,entsoe.eu,false,""
2024-05-10T00:00:00.000000,Poland,Poland,PL,640.04,704.76,19.92,17.71,entsoe.eu,false,""
2024-05-10T01:00:00.000000,Poland,Poland,PL,645.02,709.65,19.38,17.26,entsoe.eu,false,""
2024-05-10T02:00:00.000000,Poland,Poland,PL,645.85,711.03,19.04,16.94,entsoe.eu,false,""
2024-05-10T03:00:00.000000,Poland,Poland,PL,634.39,699.16,20.53,18.49,entsoe.eu,false,""
2024-05-10T04:00:00.000000,Poland,Poland,PL,601.94,664.55,23.59,22.13,entsoe.eu,false,""
2024-05-10T05:00:00.000000,Poland,Poland,PL,557.79,617.67,29.26,28.03,entsoe.eu,false,""
2024-05-10T06:00:00.000000,Poland,Poland,PL,521.65,579.92,35.07,33.93,entsoe.eu,false,""
2024-05-10T07:00:00.000000,Poland,Poland,PL,467.43,523.5,41.75,40.59,entsoe.eu,false,""
2024-05-10T08:00:00.000000,Poland,Poland,PL,413.68,468.38,48.23,47.34,entsoe.eu,false,""
2024-05-10T09:00:00.000000,Poland,Poland,PL,395.43,449.89,50.44,50.31,entsoe.eu,false,""
2024-05-10T10:00:00.000000,Poland,Poland,PL,395.84,450.18,50.4,50.29,entsoe.eu,false,""
2024-05-10T11:00:00.000000,Poland,Poland,PL,416.23,471.1,47.98,47.88,entsoe.eu,false,""
2024-05-10T12:00:00.000000,Poland,Poland,PL,452.34,508.7,43.65,43.52,entsoe.eu,false,""
2024-05-10T13:00:00.000000,Poland,Poland,PL,498.11,556.64,37.52,36.97,entsoe.eu,false,""
2024-05-10T14:00:00.000000,Poland,Poland,PL,522.0,581.2,35.11,33.75,entsoe.eu,false,""
2024-05-10T15:00:00.000000,Poland,Poland,PL,540.18,600.87,32.82,30.61,entsoe.eu,false,""
2024-05-10T16:00:00.000000,Poland,Poland,PL,594.34,656.72,25.93,23.75,entsoe.eu,false,""
2024-05-10T17:00:00.000000,Poland,Poland,PL,662.78,725.66,17.07,15.56,entsoe.eu,false,""
2024-05-10T18:00:00.000000,Poland,Poland,PL,688.11,751.06,14.15,12.72,entsoe.eu,false,""
2024-05-10T19:00:00.000000,Poland,Poland,PL,682.83,747.26,14.53,12.86,entsoe.eu,false,""
2024-05-10T20:00:00.000000,Poland,Poland,PL,634.46,699.32,20.8,16.15,entsoe.eu,false,""
2024-05-10T21:00:00.000000,Poland,Poland,PL,637.72,702.46,21.07,16.13,entsoe.eu,false,""
2024-05-10T22:00:00.000000,Poland,Poland,PL,685.55,751.65,15.17,12.43,entsoe.eu,false,""
2024-05-10T23:00:00.000000,Poland,Poland,PL,707.84,775.24,12.62,10.95,entsoe.eu,false,""
2024-05-11T00:00:00.000000,Poland,Poland,PL,699.42,767.35,13.45,11.67,entsoe.eu,false,""
2024-05-11T01:00:00.000000,Poland,Poland,PL,677.23,743.99,16.15,13.25,entsoe.eu,false,""
2024-05-11T02:00:00.000000,Poland,Poland,PL,677.74,745.34,15.95,13.31,entsoe.eu,false,""
2024-05-11T03:00:00.000000,Poland,Poland,PL,680.93,747.82,15.64,13.44,entsoe.eu,false,""
2024-05-11T04:00:00.000000,Poland,Poland,PL,655.83,721.84,18.7,17.28,entsoe.eu,false,""
2024-05-11T05:00:00.000000,Poland,Poland,PL,616.16,679.64,23.68,22.32,entsoe.eu,false,""
2024-05-11T06:00:00.000000,Poland,Poland,PL,541.89,601.85,32.77,30.69,entsoe.eu,false,""
2024-05-11T07:00:00.000000,Poland,Poland,PL,496.88,554.84,38.63,37.39,entsoe.eu,false,""
2024-05-11T08:00:00.000000,Poland,Poland,PL,439.53,496.21,45.74,45.53,entsoe.eu,false,""
2024-05-11T09:00:00.000000,Poland,Poland,PL,405.43,461.25,49.83,49.63,entsoe.eu,false,""
2024-05-11T10:00:00.000000,Poland,Poland,PL,386.19,441.23,52.17,52.15,entsoe.eu,false,""
2024-05-11T11:00:00.000000,Poland,Poland,PL,375.59,430.08,53.47,53.38,entsoe.eu,false,""
2024-05-11T12:00:00.000000,Poland,Poland,PL,370.1,424.52,54.11,54.1,entsoe.eu,false,""
2024-05-11T13:00:00.000000,Poland,Poland,PL,385.89,440.85,52.15,52.14,entsoe.eu,false,""
2024-05-11T14:00:00.000000,Poland,Poland,PL,431.61,487.61,46.69,46.64,entsoe.eu,false,""
2024-05-11T15:00:00.000000,Poland,Poland,PL,474.73,531.47,41.4,39.97,entsoe.eu,false,""
2024-05-11T16:00:00.000000,Poland,Poland,PL,527.98,586.19,34.73,32.98,entsoe.eu,false,""
2024-05-11T17:00:00.000000,Poland,Poland,PL,579.89,639.02,28.46,26.51,entsoe.eu,false,""
2024-05-11T18:00:00.000000,Poland,Poland,PL,599.6,658.9,25.13,23.38,entsoe.eu,false,""
2024-05-11T19:00:00.000000,Poland,Poland,PL,589.41,648.02,27.03,25.36,entsoe.eu,false,""
2024-05-11T20:00:00.000000,Poland,Poland,PL,561.12,618.87,30.59,28.72,entsoe.eu,false,""
2024-05-11T21:00:00.000000,Poland,Poland,PL,553.56,610.65,31.45,29.53,entsoe.eu,false,""
2024-05-11T22:00:00.000000,Poland,Poland,PL,521.41,578.97,35.07,32.65,entsoe.eu,false,""
2024-05-11T23:00:00.000000,Poland,Poland,PL,527.53,585.22,34.32,31.93,entsoe.eu,false,""
2024-05-12T00:00:00.000000,Poland,Poland,PL,534.08,592.06,33.58,31.2,entsoe.eu,false,""
2024-05-12T01:00:00.000000,Poland,Poland,PL,538.77,597.01,33.03,30.67,entsoe.eu,false,""
2024-05-12T02:00:00.000000,Poland,Poland,PL,541.55,600.25,32.59,30.19,entsoe.eu,false,""
2024-05-12T03:00:00.000000,Poland,Poland,PL,535.61,593.57,33.23,30.79,entsoe.eu,false,""
2024-05-12T04:00:00.000000,Poland,Poland,PL,518.63,576.76,35.38,33.01,entsoe.eu,false,""
2024-05-12T05:00:00.000000,Poland,Poland,PL,469.75,526.09,41.21,39.44,entsoe.eu,false,""
2024-05-12T06:00:00.000000,Poland,Poland,PL,411.15,466.74,48.39,48.29,entsoe.eu,false,""
2024-05-12T07:00:00.000000,Poland,Poland,PL,334.81,386.37,58.37,58.37,entsoe.eu,false,""
2024-05-12T08:00:00.000000,Poland,Poland,PL,323.54,374.46,59.8,59.8,entsoe.eu,false,""
2024-05-12T09:00:00.000000,Poland,Poland,PL,317.08,367.63,60.57,60.57,entsoe.eu,false,""
2024-05-12T10:00:00.000000,Poland,Poland,PL,312.46,362.72,61.21,61.21,entsoe.eu,false,""
2024-05-12T11:00:00.000000,Poland,Poland,PL,317.24,367.68,60.6,60.6,entsoe.eu,false,""
2024-05-12T12:00:00.000000,Poland,Poland,PL,326.6,377.3,59.41,59.41,entsoe.eu,false,""
2024-05-12T13:00:00.000000,Poland,Poland,PL,330.48,381.62,58.93,58.92,entsoe.eu,false,""
2024-05-12T14:00:00.000000,Poland,Poland,PL,347.05,398.81,57.08,57.07,entsoe.eu,false,""
2024-05-12T15:00:00.000000,Poland,Poland,PL,392.01,445.93,51.27,51.17,entsoe.eu,false,""
2024-05-12T16:00:00.000000,Poland,Poland,PL,470.52,526.96,40.98,39.46,entsoe.eu,false,""
2024-05-12T17:00:00.000000,Poland,Poland,PL,575.5,635.06,27.86,26.15,entsoe.eu,false,""
2024-05-12T18:00:00.000000,Poland,Poland,PL,617.48,677.77,22.86,21.2,entsoe.eu,false,""
2024-05-12T19:00:00.000000,Poland,Poland,PL,586.58,644.88,26.6,24.91,entsoe.eu,false,""
2024-05-12T20:00:00.000000,Poland,Poland,PL,557.68,614.52,30.33,28.61,entsoe.eu,false,""
2024-05-12T21:00:00.000000,Poland,Poland,PL,540.49,597.56,32.67,30.74,entsoe.eu,false,""
2024-05-12T22:00:00.000000,Poland,Poland,PL,547.66,605.66,31.74,29.75,entsoe.eu,false,""
2024-05-12T23:00:00.000000,Poland,Poland,PL,552.73,610.7,31.47,29.38,entsoe.eu,false,""
2024-05-13T00:00:00.000000,Poland,Poland,PL,566.65,625.89,29.54,27.4,entsoe.eu,false,""
2024-05-13T01:00:00.000000,Poland,Poland,PL,574.12,634.2,28.58,26.42,entsoe.eu,false,""
2024-05-13T02:00:00.000000,Poland,Poland,PL,580.87,641.64,27.51,25.26,entsoe.eu,false,""
2024-05-13T03:00:00.000000,Poland,Poland,PL,567.79,628.07,29.34,27.07,entsoe.eu,false,""
2024-05-13T04:00:00.000000,Poland,Poland,PL,551.42,610.96,30.67,28.8,entsoe.eu,false,""
2024-05-13T05:00:00.000000,Poland,Poland,PL,514.32,572.37,35.36,34.03,entsoe.eu,false,""
2024-05-13T06:00:00.000000,Poland,Poland,PL,453.81,509.32,43.32,42.28,entsoe.eu,false,""
2024-05-13T07:00:00.000000,Poland,Poland,PL,365.2,418.38,54.56,53.5,entsoe.eu,false,""
2024-05-13T08:00:00.000000,Poland,Poland,PL,339.43,391.46,57.94,57.77,entsoe.eu,false,""
2024-05-13T09:00:00.000000,Poland,Poland,PL,321.63,372.52,60.19,60.04,entsoe.eu,false,""
2024-05-13T10:00:00.000000,Poland,Poland,PL,317.14,367.84,60.74,60.71,entsoe.eu,false,""
2024-05-13T11:00:00.000000,Poland,Poland,PL,319.9,370.88,60.25,60.23,entsoe.eu,false,""
2024-05-13T12:00:00.000000,Poland,Poland,PL,331.35,382.63,58.99,58.97,entsoe.eu,false,""
2024-05-13T13:00:00.000000,Poland,Poland,PL,356.59,408.9,56.11,55.94,entsoe.eu,false,""
2024-05-13T14:00:00.000000,Poland,Poland,PL,397.29,450.98,50.79,49.96,entsoe.eu,false,""
2024-05-13T15:00:00.000000,Poland,Poland,PL,465.2,521.58,42.23,41.1,entsoe.eu,false,""
2024-05-13T16:00:00.000000,Poland,Poland,PL,549.98,609.36,31.16,29.93,entsoe.eu,false,""
2024-05-13T17:00:00.000000,Poland,Poland,PL,619.23,679.71,22.62,21.28,entsoe.eu,false,""
2024-05-13T18:00:00.000000,Poland,Poland,PL,636.33,696.96,20.51,19.1,entsoe.eu,false,""
2024-05-13T19:00:00.000000,Poland,Poland,PL,605.46,665.31,23.96,22.53,entsoe.eu,false,""
2024-05-13T20:00:00.000000,Poland,Poland,PL,570.41,629.48,27.63,26.12,entsoe.eu,false,""
2024-05-13T21:00:00.000000,Poland,Poland,PL,534.26,592.25,31.81,30.12,entsoe.eu,false,""
2024-05-13T22:00:00.000000,Poland,Poland,PL,518.11,575.72,34.07,32.21,entsoe.eu,false,""
2024-05-13T23:00:00.000000,Poland,Poland,PL,534.89,592.37,33.18,31.23,entsoe.eu,false,""
2024-05-14T00:00:00.000000,Poland,Poland,PL,553.46,611.03,31.66,29.71,entsoe.eu,false,""
2024-05-14T01:00:00.000000,Poland,Poland,PL,559.13,617.62,30.71,28.68,entsoe.eu,false,""
2024-05-14T02:00:00.000000,Poland,Poland,PL,563.22,622.23,30.33,28.25,entsoe.eu,false,""
2024-05-14T03:00:00.000000,Poland,Poland,PL,567.83,627.18,29.46,27.47,entsoe.eu,false,""
2024-05-14T04:00:00.000000,Poland,Poland,PL,550.11,609.17,31.1,29.38,entsoe.eu,false,""
2024-05-14T05:00:00.000000,Poland,Poland,PL,498.78,555.57,37.72,36.21,entsoe.eu,false,""
2024-05-14T06:00:00.000000,Poland,Poland,PL,456.55,512.26,43.43,42.29,entsoe.eu,false,""
2024-05-14T07:00:00.000000,Poland,Poland,PL,375.23,428.36,53.58,52.94,entsoe.eu,false,""
2024-05-14T08:00:00.000000,Poland,Poland,PL,319.69,370.3,60.48,60.24,entsoe.eu,false,""
2024-05-14T09:00:00.000000,Poland,Poland,PL,301.34,350.79,62.68,62.68,entsoe.eu,false,""
2024-05-14T10:00:00.000000,Poland,Poland,PL,304.8,354.94,61.52,61.52,entsoe.eu,false,""
2024-05-14T11:00:00.000000,Poland,Poland,PL,320.05,370.84,59.49,59.49,entsoe.eu,false,""
2024-05-14T12:00:00.000000,Poland,Poland,PL,335.16,386.65,57.64,57.64,entsoe.eu,false,""
2024-05-14T13:00:00.000000,Poland,Poland,PL,374.96,428.28,52.63,52.63,entsoe.eu,false,""
2024-05-14T14:00:00.000000,Poland,Poland,PL,408.36,462.99,48.72,48.46,entsoe.eu,false,""
2024-05-14T15:00:00.000000,Poland,Poland,PL,455.54,510.99,43.07,42.0,entsoe.eu,false,""
2024-05-14T16:00:00.000000,Poland,Poland,PL,532.82,590.37,33.12,31.95,entsoe.eu,false,""
2024-05-14T17:00:00.000000,Poland,Poland,PL,583.44,642.12,26.82,25.6,entsoe.eu,false,""
2024-05-14T18:00:00.000000,Poland,Poland,PL,572.58,629.5,28.1,26.83,entsoe.eu,false,""
2024-05-14T19:00:00.000000,Poland,Poland,PL,534.3,588.83,33.15,31.88,entsoe.eu,false,""
2024-05-14T20:00:00.000000,Poland,Poland,PL,501.59,554.46,37.09,35.81,entsoe.eu,false,""
2024-05-14T21:00:00.000000,Poland,Poland,PL,484.97,536.2,39.85,38.75,entsoe.eu,false,""
2024-05-14T22:00:00.000000,Poland,Poland,PL,450.14,500.23,43.88,42.33,entsoe.eu,false,""
2024-05-14T23:00:00.000000,Poland,Poland,PL,448.99,499.17,44.04,42.51,entsoe.eu,false,""
2024-05-15T00:00:00.000000,Poland,Poland,PL,464.06,514.69,42.23,40.74,entsoe.eu,false,""
2024-05-15T01:00:00.000000,Poland,Poland,PL,478.02,529.01,40.99,39.42,entsoe.eu,false,""
2024-05-15T02:00:00.000000,Poland,Poland,PL,494.67,546.7,38.88,37.3,entsoe.eu,false,""
2024-05-15T03:00:00.000000,Poland,Poland,PL,485.93,538.42,39.79,38.1,entsoe.eu,false,""
2024-05-15T04:00:00.000000,Poland,Poland,PL,489.44,541.81,39.35,37.89,entsoe.eu,false,""
2024-05-15T05:00:00.000000,Poland,Poland,PL,465.04,517.61,42.36,41.2,entsoe.eu,false,""
2024-05-15T06:00:00.000000,Poland,Poland,PL,414.74,466.31,48.66,47.9,entsoe.eu,false,""
2024-05-15T07:00:00.000000,Poland,Poland,PL,311.43,357.88,61.76,61.21,entsoe.eu,false,""
2024-05-15T08:00:00.000000,Poland,Poland,PL,258.56,302.17,68.26,68.22,entsoe.eu,false,""
2024-05-15T09:00:00.000000,Poland,Poland,PL,258.77,302.33,68.15,68.12,entsoe.eu,false,""
2024-05-15T10:00:00.000000,Poland,Poland,PL,257.27,300.8,68.3,68.28,entsoe.eu,false,""
2024-05-15T11:00:00.000000,Poland,Poland,PL,262.18,305.78,67.62,67.61,entsoe.eu,false,""
2024-05-15T12:00:00.000000,Poland,Poland,PL,270.54,314.53,66.53,66.53,entsoe.eu,false,""
2024-05-15T13:00:00.000000,Poland,Poland,PL,284.12,328.39,64.88,64.74,entsoe.eu,false,""
2024-05-15T14:00:00.000000,Poland,Poland,PL,290.85,335.24,64.21,63.73,entsoe.eu,false,""
2024-05-15T15:00:00.000000,Poland,Poland,PL,354.93,401.34,56.47,55.9,entsoe.eu,false,""
2024-05-15T16:00:00.000000,Poland,Poland,PL,427.68,476.28,47.44,46.58,entsoe.eu,false,""
2024-05-15T17:00:00.000000,Poland,Poland,PL,510.75,561.73,37.1,36.12,entsoe.eu,false,""
2024-05-15T18:00:00.000000,Poland,Poland,PL,530.49,582.24,34.32,33.21,entsoe.eu,false,""
2024-05-15T19:00:00.000000,Poland,Poland,PL,511.52,561.39,37.08,36.02,entsoe.eu,false,""
2024-05-15T20:00:00.000000,Poland,Poland,PL,483.52,532.23,40.54,39.51,entsoe.eu,false,""
2024-05-15T21:00:00.000000,Poland,Poland,PL,450.91,498.79,44.31,43.17,entsoe.eu,false,""
2024-05-15T22:00:00.000000,Poland,Poland,PL,428.13,474.67,47.4,46.07,entsoe.eu,false,""
2024-05-15T23:00:00.000000,Poland,Poland,PL,440.66,487.64,45.92,44.6,entsoe.eu,false,""
2024-05-16T00:00:00.000000,Poland,Poland,PL,440.2,487.54,46.0,44.55,entsoe.eu,false,""
2024-05-16T01:00:00.000000,Poland,Poland,PL,448.0,495.8,45.07,43.61,entsoe.eu,false,""
2024-05-16T02:00:00.000000,Poland,Poland,PL,446.92,494.86,45.18,43.7,entsoe.eu,false,""
2024-05-16T03:00:00.000000,Poland,Poland,PL,435.35,483.39,46.56,45.05,entsoe.eu,false,""
2024-05-16T04:00:00.000000,Poland,Poland,PL,441.42,491.03,45.5,44.17,entsoe.eu,false,""
2024-05-16T05:00:00.000000,Poland,Poland,PL,438.35,488.66,45.89,44.88,entsoe.eu,false,""
2024-05-16T06:00:00.000000,Poland,Poland,PL,361.58,409.59,55.52,54.72,entsoe.eu,false,""
2024-05-16T07:00:00.000000,Poland,Poland,PL,280.79,324.87,65.38,65.33,entsoe.eu,false,""
2024-05-16T08:00:00.000000,Poland,Poland,PL,253.01,295.28,68.81,68.75,entsoe.eu,false,""
2024-05-16T09:00:00.000000,Poland,Poland,PL,257.84,300.31,68.23,68.2,entsoe.eu,false,""
2024-05-16T10:00:00.000000,Poland,Poland,PL,266.67,308.93,67.21,67.2,entsoe.eu,false,""
2024-05-16T11:00:00.000000,Poland,Poland,PL,272.14,314.81,66.33,66.32,entsoe.eu,false,""
2024-05-16T12:00:00.000000,Poland,Poland,PL,270.24,312.56,66.73,66.7,entsoe.eu,false,""
2024-05-16T13:00:00.000000,Poland,Poland,PL,277.23,319.85,65.9,65.83,entsoe.eu,false,""
2024-05-16T14:00:00.000000,Poland,Poland,PL,299.26,342.31,63.04,62.86,entsoe.eu,false,""
2024-05-16T15:00:00.000000,Poland,Poland,PL,330.73,374.49,59.51,59.07,entsoe.eu,false,""
2024-05-16T16:00:00.000000,Poland,Poland,PL,406.77,453.38,50.09,49.49,entsoe.eu,false,""
2024-05-16T17:00:00.000000,Poland,Poland,PL,485.06,534.2,40.32,39.62,entsoe.eu,false,""
2024-05-16T18:00:00.000000,Poland,Poland,PL,518.97,569.12,35.78,35.08,entsoe.eu,false,""
2024-05-16T19:00:00.000000,Poland,Poland,PL,497.2,545.75,38.75,38.06,entsoe.eu,false,""
2024-05-16T20:00:00.000000,Poland,Poland,PL,467.73,515.14,42.46,41.79,entsoe.eu,false,""
2024-05-16T21:00:00.000000,Poland,Poland,PL,454.61,501.53,43.99,43.32,entsoe.eu,false,""
2024-05-16T22:00:00.000000,Poland,Poland,PL,427.38,472.92,47.66,46.94,entsoe.eu,false,""
2024-05-16T23:00:00.000000,Poland,Poland,PL,423.35,468.71,48.16,47.41,entsoe.eu,false,""
2024-05-17T00:00:00.000000,Poland,Poland,PL,413.06,458.09,49.32,48.51,entsoe.eu,false,""
2024-05-17T01:00:00.000000,Poland,Poland,PL,412.09,457.28,49.4,48.49,entsoe.eu,false,""
2024-05-17T02:00:00.000000,Poland,Poland,PL,420.91,466.28,48.39,47.59,entsoe.eu,false,""
2024-05-17T03:00:00.000000,Poland,Poland,PL,417.83,464.3,48.59,47.69,entsoe.eu,false,""
2024-05-17T04:00:00.000000,Poland,Poland,PL,440.7,489.52,45.29,44.44,entsoe.eu,false,""
2024-05-17T05:00:00.000000,Poland,Poland,PL,409.06,457.83,49.23,48.54,entsoe.eu,false,""
2024-05-17T06:00:00.000000,Poland,Poland,PL,352.57,400.36,55.93,55.44,entsoe.eu,false,""
2024-05-17T07:00:00.000000,Poland,Poland,PL,279.03,322.61,65.13,65.04,entsoe.eu,false,""
2024-05-17T08:00:00.000000,Poland,Poland,PL,260.21,302.62,67.3,67.3,entsoe.eu,false,""
2024-05-17T09:00:00.000000,Poland,Poland,PL,249.59,291.73,68.7,68.64,entsoe.eu,false,""
2024-05-17T10:00:00.000000,Poland,Poland,PL,259.03,301.38,67.5,67.46,entsoe.eu,false,""
2024-05-17T11:00:00.000000,Poland,Poland,PL,274.39,317.66,65.4,65.35,entsoe.eu,false,""
2024-05-17T12:00:00.000000,Poland,Poland,PL,279.83,323.26,64.85,64.76,entsoe.eu,false,""
2024-05-17T13:00:00.000000,Poland,Poland,PL,299.86,343.92,62.32,62.24,entsoe.eu,false,""
2024-05-17T14:00:00.000000,Poland,Poland,PL,301.15,344.84,62.42,62.1,entsoe.eu,false,""
2024-05-17T15:00:00.000000,Poland,Poland,PL,342.4,388.37,56.95,56.38,entsoe.eu,false,""
2024-05-17T16:00:00.000000,Poland,Poland,PL,417.27,466.93,47.24,46.35,entsoe.eu,false,""
2024-05-17T17:00:00.000000,Poland,Poland,PL,500.97,553.93,36.93,35.87,entsoe.eu,false,""
2024-05-17T18:00:00.000000,Poland,Poland,PL,554.27,609.56,30.0,28.9,entsoe.eu,false,""
2024-05-17T19:00:00.000000,Poland,Poland,PL,559.78,615.01,29.51,28.46,entsoe.eu,false,""
2024-05-17T20:00:00.000000,Poland,Poland,PL,548.09,603.41,31.01,29.95,entsoe.eu,false,""
2024-05-17T21:00:00.000000,Poland,Poland,PL,509.04,563.67,35.71,34.25,entsoe.eu,false,""
2024-05-17T22:00:00.000000,Poland,Poland,PL,520.5,576.21,34.5,33.18,entsoe.eu,false,""
2024-05-17T23:00:00.000000,Poland,Poland,PL,525.29,581.93,33.87,32.44,entsoe.eu,false,""
2024-05-18T00:00:00.000000,Poland,Poland,PL,527.52,584.33,33.52,32.04,entsoe.eu,false,""
2024-05-18T01:00:00.000000,Poland,Poland,PL,538.63,596.35,32.08,30.57,entsoe.eu,false,""
2024-05-18T02:00:00.000000,Poland,Poland,PL,538.97,597.41,31.86,30.27,entsoe.eu,false,""
2024-05-18T03:00:00.000000,Poland,Poland,PL,524.79,583.42,33.01,31.49,entsoe.eu,false,""
2024-05-18T04:00:00.000000,Poland,Poland,PL,492.88,550.64,37.19,35.66,entsoe.eu,false,""
2024-05-18T05:00:00.000000,Poland,Poland,PL,462.36,519.43,41.17,39.87,entsoe.eu,false,""
2024-05-18T06:00:00.000000,Poland,Poland,PL,430.67,486.87,45.29,44.81,entsoe.eu,false,""
2024-05-18T07:00:00.000000,Poland,Poland,PL,360.44,412.56,54.24,54.08,entsoe.eu,false,""
2024-05-18T08:00:00.000000,Poland,Poland,PL,281.53,327.29,65.36,65.24,entsoe.eu,false,""
2024-05-18T09:00:00.000000,Poland,Poland,PL,299.56,345.34,63.29,63.25,entsoe.eu,false,""
2024-05-18T10:00:00.000000,Poland,Poland,PL,324.51,371.79,60.13,60.12,entsoe.eu,false,""
2024-05-18T11:00:00.000000,Poland,Poland,PL,367.7,417.03,54.59,54.58,entsoe.eu,false,""
2024-05-18T12:00:00.000000,Poland,Poland,PL,377.16,427.84,53.45,53.43,entsoe.eu,false,""
2024-05-18T13:00:00.000000,Poland,Poland,PL,379.21,430.7,53.3,53.24,entsoe.eu,false,""
2024-05-18T14:00:00.000000,Poland,Poland,PL,431.11,484.55,47.33,46.44,entsoe.eu,false,""
2024-05-18T15:00:00.000000,Poland,Poland,PL,509.46,565.66,37.62,36.68,entsoe.eu,false,""
2024-05-18T16:00:00.000000,Poland,Poland,PL,562.46,621.55,31.04,28.73,entsoe.eu,false,""
2024-05-18T17:00:00.000000,Poland,Poland,PL,619.26,680.12,23.43,22.05,entsoe.eu,false,""
2024-05-18T18:00:00.000000,Poland,Poland,PL,661.32,722.61,18.32,17.03,entsoe.eu,false,""
2024-05-18T19:00:00.000000,Poland,Poland,PL,659.69,720.68,18.52,17.17,entsoe.eu,false,""
2024-05-18T20:00:00.000000,Poland,Poland,PL,648.03,709.08,20.33,18.82,entsoe.eu,false,""
2024-05-18T21:00:00.000000,Poland,Poland,PL,631.01,692.4,22.15,19.92,entsoe.eu,false,""
2024-05-18T22:00:00.000000,Poland,Poland,PL,652.64,714.4,19.6,17.97,entsoe.eu,false,""
2024-05-18T23:00:00.000000,Poland,Poland,PL,669.99,733.53,17.71,15.91,entsoe.eu,false,""
2024-05-19T00:00:00.000000,Poland,Poland,PL,678.54,743.06,16.43,14.62,entsoe.eu,false,""
2024-05-19T01:00:00.000000,Poland,Poland,PL,657.59,721.17,19.2,17.13,entsoe.eu,false,""
2024-05-19T02:00:00.000000,Poland,Poland,PL,638.54,701.95,21.2,19.03,entsoe.eu,false,""
2024-05-19T03:00:00.000000,Poland,Poland,PL,635.27,697.51,21.64,19.91,entsoe.eu,false,""
2024-05-19T04:00:00.000000,Poland,Poland,PL,555.45,614.53,31.44,29.74,entsoe.eu,false,""
2024-05-19T05:00:00.000000,Poland,Poland,PL,498.14,556.03,38.87,38.17,entsoe.eu,false,""
2024-05-19T06:00:00.000000,Poland,Poland,PL,446.48,502.14,45.21,44.77,entsoe.eu,false,""
2024-05-19T07:00:00.000000,Poland,Poland,PL,382.57,435.29,53.18,53.16,entsoe.eu,false,""
2024-05-19T08:00:00.000000,Poland,Poland,PL,326.35,376.57,59.93,59.9,entsoe.eu,false,""
2024-05-19T09:00:00.000000,Poland,Poland,PL,327.16,377.23,59.81,59.78,entsoe.eu,false,""
2024-05-19T10:00:00.000000,Poland,Poland,PL,364.02,415.76,55.19,55.11,entsoe.eu,false,""
2024-05-19T11:00:00.000000,Poland,Poland,PL,405.79,459.32,49.98,49.77,entsoe.eu,false,""
2024-05-19T12:00:00.000000,Poland,Poland,PL,414.86,467.51,48.94,48.93,entsoe.eu,false,""
2024-05-19T13:00:00.000000,Poland,Poland,PL,378.99,431.35,53.55,53.49,entsoe.eu,false,""
2024-05-19T14:00:00.000000,Poland,Poland,PL,434.51,489.74,46.52,46.28,entsoe.eu,false,""
2024-05-19T15:00:00.000000,Poland,Poland,PL,504.27,561.4,37.68,36.75,entsoe.eu,false,""
2024-05-19T16:00:00.000000,Poland,Poland,PL,542.29,601.32,33.77,31.18,entsoe.eu,false,""
2024-05-19T17:00:00.000000,Poland,Poland,PL,581.3,641.87,28.41,24.86,entsoe.eu,false,""
2024-05-19T18:00:00.000000,Poland,Poland,PL,647.66,709.86,19.66,17.36,entsoe.eu,false,""
2024-05-19T19:00:00.000000,Poland,Poland,PL,682.17,744.82,15.69,14.25,entsoe.eu,false,""
2024-05-19T20:00:00.000000,Poland,Poland,PL,677.5,741.67,16.87,14.88,entsoe.eu,false,""
2024-05-19T21:00:00.000000,Poland,Poland,PL,667.04,731.96,18.08,16.03,entsoe.eu,false,""
2024-05-19T22:00:00.000000,Poland,Poland,PL,656.31,721.3,19.27,16.98,entsoe.eu,false,""
2024-05-19T23:00:00.000000,Poland,Poland,PL,666.84,732.13,18.0,15.69,entsoe.eu,false,""
2024-05-20T00:00:00.000000,Poland,Poland,PL,674.89,740.77,17.1,14.68,entsoe.eu,false,""
2024-05-20T01:00:00.000000,Poland,Poland,PL,683.59,750.03,16.07,13.6,entsoe.eu,false,""
2024-05-20T02:00:00.000000,Poland,Poland,PL,682.56,749.07,16.23,13.67,entsoe.eu,false,""
2024-05-20T03:00:00.000000,Poland,Poland,PL,666.38,732.32,18.35,15.75,entsoe.eu,false,""
2024-05-20T04:00:00.000000,Poland,Poland,PL,613.93,677.42,24.47,21.59,entsoe.eu,false,""
2024-05-20T05:00:00.000000,Poland,Poland,PL,551.42,612.05,32.33,29.99,entsoe.eu,false,""
2024-05-20T06:00:00.000000,Poland,Poland,PL,515.63,573.84,36.61,35.92,entsoe.eu,false,""
2024-05-20T07:00:00.000000,Poland,Poland,PL,458.3,514.46,43.93,43.53,entsoe.eu,false,""
2024-05-20T08:00:00.000000,Poland,Poland,PL,425.85,480.66,47.96,47.85,entsoe.eu,false,""
2024-05-20T09:00:00.000000,Poland,Poland,PL,408.3,462.11,50.08,50.01,entsoe.eu,false,""
2024-05-20T10:00:00.000000,Poland,Poland,PL,424.32,478.74,48.18,48.17,entsoe.eu,false,""
2024-05-20T11:00:00.000000,Poland,Poland,PL,430.17,484.81,47.38,47.37,entsoe.eu,false,""
2024-05-20T12:00:00.000000,Poland,Poland,PL,462.41,518.11,43.49,43.46,entsoe.eu,false,""
2024-05-20T13:00:00.000000,Poland,Poland,PL,494.56,551.63,39.18,38.9,entsoe.eu,false,""
2024-05-20T14:00:00.000000,Poland,Poland,PL,498.76,555.66,39.03,38.21,entsoe.eu,false,""
2024-05-20T15:00:00.000000,Poland,Poland,PL,523.15,581.06,36.06,34.82,entsoe.eu,false,""
2024-05-20T16:00:00.000000,Poland,Poland,PL,575.66,635.35,29.37,27.98,entsoe.eu,false,""
2024-05-20T17:00:00.000000,Poland,Poland,PL,624.51,685.25,23.09,21.5,entsoe.eu,false,""
2024-05-20T18:00:00.000000,Poland,Poland,PL,662.14,723.4,18.35,16.99,entsoe.eu,false,""
2024-05-20T19:00:00.000000,Poland,Poland,PL,654.75,716.61,19.33,17.19,entsoe.eu,false,""
2024-05-20T20:00:00.000000,Poland,Poland,PL,641.09,702.74,21.23,19.19,entsoe.eu,false,""
2024-05-20T21:00:00.000000,Poland,Poland,PL,610.2,670.9,25.05,22.74,entsoe.eu,false,""
2024-05-20T22:00:00.000000,Poland,Poland,PL,596.49,655.97,27.33,24.8,entsoe.eu,false,""
2024-05-20T23:00:00.000000,Poland,Poland,PL,586.03,645.73,28.63,25.51,entsoe.eu,false,""
2024-05-21T00:00:00.000000,Poland,Poland,PL,599.42,659.41,27.16,24.06,entsoe.eu,false,""
2024-05-21T01:00:00.000000,Poland,Poland,PL,602.94,663.17,26.75,23.58,entsoe.eu,false,""
2024-05-21T02:00:00.000000,Poland,Poland,PL,600.48,660.74,27.02,23.87,entsoe.eu,false,""
2024-05-21T03:00:00.000000,Poland,Poland,PL,600.02,660.24,27.04,24.75,entsoe.eu,false,""
2024-05-21T04:00:00.000000,Poland,Poland,PL,566.21,625.18,30.3,28.72,entsoe.eu,false,""
2024-05-21T05:00:00.000000,Poland,Poland,PL,523.75,579.4,35.71,34.58,entsoe.eu,false,""
2024-05-21T06:00:00.000000,Poland,Poland,PL,469.53,523.93,42.83,41.93,entsoe.eu,false,""
2024-05-21T07:00:00.000000,Poland,Poland,PL,401.86,454.23,51.18,50.42,entsoe.eu,false,""
2024-05-21T08:00:00.000000,Poland,Poland,PL,333.41,383.48,59.37,58.58,entsoe.eu,false,""
2024-05-21T09:00:00.000000,Poland,Poland,PL,322.88,372.14,60.66,59.98,entsoe.eu,false,""
2024-05-21T10:00:00.000000,Poland,Poland,PL,332.21,381.79,59.46,58.97,entsoe.eu,false,""
2024-05-21T11:00:00.000000,Poland,Poland,PL,346.45,396.21,57.77,57.23,entsoe.eu,false,""
2024-05-21T12:00:00.000000,Poland,Poland,PL,368.6,419.19,55.03,54.96,entsoe.eu,false,""
2024-05-21T13:00:00.000000,Poland,Poland,PL,407.42,458.95,50.3,50.17,entsoe.eu,false,""
2024-05-21T14:00:00.000000,Poland,Poland,PL,438.93,490.67,46.72,46.0,entsoe.eu,false,""
2024-05-21T15:00:00.000000,Poland,Poland,PL,481.72,534.94,41.47,40.58,entsoe.eu,false,""
2024-05-21T16:00:00.000000,Poland,Poland,PL,537.03,592.01,34.47,32.78,entsoe.eu,false,""
2024-05-21T17:00:00.000000,Poland,Poland,PL,586.12,641.6,27.93,26.48,entsoe.eu,false,""
2024-05-21T18:00:00.000000,Poland,Poland,PL,586.49,640.76,27.82,26.86,entsoe.eu,false,""
2024-05-21T19:00:00.000000,Poland,Poland,PL,559.83,612.87,31.38,30.45,entsoe.eu,false,""
2024-05-21T20:00:00.000000,Poland,Poland,PL,510.12,561.73,37.4,36.22,entsoe.eu,false,""
2024-05-21T21:00:00.000000,Poland,Poland,PL,508.96,559.47,38.07,36.96,entsoe.eu,false,""
2024-05-21T22:00:00.000000,Poland,Poland,PL,477.53,528.09,41.4,40.09,entsoe.eu,false,""
2024-05-21T23:00:00.000000,Poland,Poland,PL,476.3,527.25,41.29,39.99,entsoe.eu,false,""
2024-05-22T00:00:00.000000,Poland,Poland,PL,477.44,528.5,41.1,39.66,entsoe.eu,false,""
2024-05-22T01:00:00.000000,Poland,Poland,PL,482.36,534.4,40.09,38.62,entsoe.eu,false,""
2024-05-22T02:00:00.000000,Poland,Poland,PL,487.86,539.92,39.79,38.31,entsoe.eu,false,""
2024-05-22T03:00:00.000000,Poland,Poland,PL,481.91,533.58,41.02,39.6,entsoe.eu,false,""
2024-05-22T04:00:00.000000,Poland,Poland,PL,502.04,555.37,38.49,37.21,entsoe.eu,false,""
2024-05-22T05:00:00.000000,Poland,Poland,PL,499.82,552.95,38.87,37.9,entsoe.eu,false,""
2024-05-22T06:00:00.000000,Poland,Poland,PL,455.71,508.46,44.44,43.64,entsoe.eu,false,""
2024-05-22T07:00:00.000000,Poland,Poland,PL,363.93,414.0,54.87,54.14,entsoe.eu,false,""
2024-05-22T08:00:00.000000,Poland,Poland,PL,325.82,372.98,59.2,58.97,entsoe.eu,false,""
2024-05-22T09:00:00.000000,Poland,Poland,PL,313.16,360.03,60.74,60.55,entsoe.eu,false,""
2024-05-22T10:00:00.000000,Poland,Poland,PL,325.57,372.83,59.69,59.5,entsoe.eu,false,""
2024-05-22T11:00:00.000000,Poland,Poland,PL,338.17,385.14,58.54,58.3,entsoe.eu,false,""
2024-05-22T12:00:00.000000,Poland,Poland,PL,363.43,411.08,55.55,55.08,entsoe.eu,false,""
2024-05-22T13:00:00.000000,Poland,Poland,PL,400.22,449.67,50.68,50.2,entsoe.eu,false,""
2024-05-22T14:00:00.000000,Poland,Poland,PL,448.94,499.56,44.93,44.38,entsoe.eu,false,""
2024-05-22T15:00:00.000000,Poland,Poland,PL,491.83,543.94,39.68,38.89,entsoe.eu,false,""
2024-05-22T16:00:00.000000,Poland,Poland,PL,528.36,581.46,35.66,34.61,entsoe.eu,false,""
2024-05-22T17:00:00.000000,Poland,Poland,PL,595.6,650.87,27.11,26.16,entsoe.eu,false,""
2024-05-22T18:00:00.000000,Poland,Poland,PL,627.61,683.8,22.96,22.0,entsoe.eu,false,""
2024-05-22T19:00:00.000000,Poland,Poland,PL,646.58,705.24,20.68,19.64,entsoe.eu,false,""
2024-05-22T20:00:00.000000,Poland,Poland,PL,641.42,701.73,21.25,19.98,entsoe.eu,false,""
2024-05-22T21:00:00.000000,Poland,Poland,PL,643.12,704.73,21.59,19.91,entsoe.eu,false,""
2024-05-22T22:00:00.000000,Poland,Poland,PL,647.13,708.79,21.42,19.66,entsoe.eu,false,""
2024-05-22T23:00:00.000000,Poland,Poland,PL,644.55,705.82,21.39,19.74,entsoe.eu,false,""
2024-05-23T00:00:00.000000,Poland,Poland,PL,641.75,702.36,21.7,20.15,entsoe.eu,false,""
2024-05-23T01:00:00.000000,Poland,Poland,PL,627.11,686.88,23.6,21.95,entsoe.eu,false,""
2024-05-23T02:00:00.000000,Poland,Poland,PL,620.67,680.28,24.47,22.76,entsoe.eu,false,""
2024-05-23T03:00:00.000000,Poland,Poland,PL,585.17,644.07,29.01,27.07,entsoe.eu,false,""
2024-05-23T04:00:00.000000,Poland,Poland,PL,592.48,650.74,27.5,26.11,entsoe.eu,false,""
2024-05-23T05:00:00.000000,Poland,Poland,PL,579.07,636.51,29.36,28.19,entsoe.eu,false,""
2024-05-23T06:00:00.000000,Poland,Poland,PL,548.93,605.97,32.95,31.91,entsoe.eu,false,""
2024-05-23T07:00:00.000000,Poland,Poland,PL,529.18,586.3,34.61,33.83,entsoe.eu,false,""
2024-05-23T08:00:00.000000,Poland,Poland,PL,499.58,554.82,38.68,37.94,entsoe.eu,false,""
2024-05-23T09:00:00.000000,Poland,Poland,PL,473.92,527.86,41.81,41.11,entsoe.eu,false,""
2024-05-23T10:00:00.000000,Poland,Poland,PL,447.09,500.61,44.93,44.15,entsoe.eu,false,""
2024-05-23T11:00:00.000000,Poland,Poland,PL,452.51,506.1,44.47,43.63,entsoe.eu,false,""
2024-05-23T12:00:00.000000,Poland,Poland,PL,464.47,518.68,42.98,42.03,entsoe.eu,false,""
2024-05-23T13:00:00.000000,Poland,Poland,PL,515.55,572.35,36.5,35.56,entsoe.eu,false,""
2024-05-23T14:00:00.000000,Poland,Poland,PL,547.17,605.13,32.63,31.64,entsoe.eu,false,""
2024-05-23T15:00:00.000000,Poland,Poland,PL,569.05,628.33,30.25,28.56,entsoe.eu,false,""
2024-05-23T16:00:00.000000,Poland,Poland,PL,623.72,684.6,23.85,21.82,entsoe.eu,false,""
2024-05-23T17:00:00.000000,Poland,Poland,PL,683.64,744.9,16.25,15.14,entsoe.eu,false,""
2024-05-23T18:00:00.000000,Poland,Poland,PL,704.07,766.52,13.24,12.15,entsoe.eu,false,""
2024-05-23T19:00:00.000000,Poland,Poland,PL,713.59,776.82,12.0,10.83,entsoe.eu,false,""
2024-05-23T20:00:00.000000,Poland,Poland,PL,695.99,761.07,14.35,12.45,entsoe.eu,false,""
2024-05-23T21:00:00.000000,Poland,Poland,PL,679.96,745.94,15.85,13.94,entsoe.eu,false,""
2024-05-23T22:00:00.000000,Poland,Poland,PL,664.58,729.87,18.58,15.89,entsoe.eu,false,""
2024-05-23T23:00:00.000000,Poland,Poland,PL,664.95,729.56,18.89,16.39,entsoe.eu,false,""
2024-05-24T00:00:00.000000,Poland,Poland,PL,667.47,732.18,18.15,15.74,entsoe.eu,false,""
2024-05-24T01:00:00.000000,Poland,Poland,PL,667.94,732.5,18.04,15.61,entsoe.eu,false,""
2024-05-24T02:00:00.000000,Poland,Poland,PL,664.0,728.69,18.5,16.08,entsoe.eu,false,""
2024-05-24T03:00:00.000000,Poland,Poland,PL,643.37,707.08,20.99,18.62,entsoe.eu,false,""
2024-05-24T04:00:00.000000,Poland,Poland,PL,621.89,682.91,23.39,21.51,entsoe.eu,false,""
2024-05-24T05:00:00.000000,Poland,Poland,PL,576.22,635.16,29.12,27.64,entsoe.eu,false,""
2024-05-24T06:00:00.000000,Poland,Poland,PL,523.09,580.26,35.79,34.76,entsoe.eu,false,""
2024-05-24T07:00:00.000000,Poland,Poland,PL,457.68,512.16,44.17,43.18,entsoe.eu,false,""
2024-05-24T08:00:00.000000,Poland,Poland,PL,406.96,459.67,50.4,49.41,entsoe.eu,false,""
2024-05-24T09:00:00.000000,Poland,Poland,PL,382.38,434.19,53.3,52.27,entsoe.eu,false,""
2024-05-24T10:00:00.000000,Poland,Poland,PL,383.35,434.82,53.35,52.3,entsoe.eu,false,""
2024-05-24T11:00:00.000000,Poland,Poland,PL,402.0,454.11,50.86,49.78,entsoe.eu,false,""
2024-05-24T12:00:00.000000,Poland,Poland,PL,415.8,468.07,49.22,48.13,entsoe.eu,false,""
2024-05-24T13:00:00.000000,Poland,Poland,PL,453.93,506.98,44.74,43.59,entsoe.eu,false,""
2024-05-24T14:00:00.000000,Poland,Poland,PL,490.38,543.96,40.45,39.25,entsoe.eu,false,""
2024-05-24T15:00:00.000000,Poland,Poland,PL,512.54,567.27,37.87,36.33,entsoe.eu,false,""
2024-05-24T16:00:00.000000,Poland,Poland,PL,559.47,616.24,31.67,29.28,entsoe.eu,false,""
2024-05-24T17:00:00.000000,Poland,Poland,PL,610.76,668.61,24.87,23.03,entsoe.eu,false,""
2024-05-24T18:00:00.000000,Poland,Poland,PL,631.92,690.52,22.24,20.24,entsoe.eu,false,""
2024-05-24T19:00:00.000000,Poland,Poland,PL,621.93,681.36,23.55,20.71,entsoe.eu,false,""
2024-05-24T20:00:00.000000,Poland,Poland,PL,614.58,674.69,24.38,20.7,entsoe.eu,false,""
2024-05-24T21:00:00.000000,Poland,Poland,PL,633.52,694.61,22.44,19.74,entsoe.eu,false,""
2024-05-24T22:00:00.000000,Poland,Poland,PL,611.94,670.74,24.9,22.51,entsoe.eu,false,""
2024-05-24T23:00:00.000000,Poland,Poland,PL,592.16,650.84,27.3,24.71,entsoe.eu,false,""
2024-05-25T00:00:00.000000,Poland,Poland,PL,595.75,654.65,27.25,24.46,entsoe.eu,false,""
2024-05-25T01:00:00.000000,Poland,Poland,PL,601.11,661.35,26.38,23.01,entsoe.eu,false,""
2024-05-25T02:00:00.000000,Poland,Poland,PL,615.46,676.39,24.66,21.51,entsoe.eu,false,""
2024-05-25T03:00:00.000000,Poland,Poland,PL,605.37,665.93,25.84,22.98,entsoe.eu,false,""
2024-05-25T04:00:00.000000,Poland,Poland,PL,562.35,620.55,31.68,28.39,entsoe.eu,false,""
2024-05-25T05:00:00.000000,Poland,Poland,PL,504.7,560.06,38.33,35.6,entsoe.eu,false,""
2024-05-25T06:00:00.000000,Poland,Poland,PL,454.95,508.85,44.14,42.66,entsoe.eu,false,""
2024-05-25T07:00:00.000000,Poland,Poland,PL,388.57,440.52,52.64,51.3,entsoe.eu,false,""
2024-05-25T08:00:00.000000,Poland,Poland,PL,333.13,383.18,59.28,57.77,entsoe.eu,false,""
2024-05-25T09:00:00.000000,Poland,Poland,PL,338.87,389.15,58.53,58.23,entsoe.eu,false,""
2024-05-25T10:00:00.000000,Poland,Poland,PL,343.56,394.15,57.94,57.53,entsoe.eu,false,""
2024-05-25T11:00:00.000000,Poland,Poland,PL,361.79,413.36,55.67,55.41,entsoe.eu,false,""
2024-05-25T12:00:00.000000,Poland,Poland,PL,388.48,441.22,52.56,52.45,entsoe.eu,false,""
2024-05-25T13:00:00.000000,Poland,Poland,PL,444.05,497.92,46.0,45.89,entsoe.eu,false,""
2024-05-25T14:00:00.000000,Poland,Poland,PL,482.6,537.32,41.1,39.93,entsoe.eu,false,""
2024-05-25T15:00:00.000000,Poland,Poland,PL,496.38,552.23,39.38,37.64,entsoe.eu,false,""
2024-05-25T16:00:00.000000,Poland,Poland,PL,547.68,604.98,33.22,29.79,entsoe.eu,false,""
2024-05-25T17:00:00.000000,Poland,Poland,PL,605.4,665.11,25.39,22.85,entsoe.eu,false,""
2024-05-25T18:00:00.000000,Poland,Poland,PL,629.87,689.52,22.04,20.14,entsoe.eu,false,""
2024-05-25T19:00:00.000000,Poland,Poland,PL,650.97,710.73,19.4,17.6,entsoe.eu,false,""
2024-05-25T20:00:00.000000,Poland,Poland,PL,664.41,725.5,18.42,16.26,entsoe.eu,false,""
2024-05-25T21:00:00.000000,Poland,Poland,PL,646.91,708.71,20.75,18.21,entsoe.eu,false,""
2024-05-25T22:00:00.000000,Poland,Poland,PL,672.1,734.12,17.68,15.71,entsoe.eu,false,""
2024-05-25T23:00:00.000000,Poland,Poland,PL,661.92,723.51,18.78,16.8,entsoe.eu,false,""
2024-05-26T00:00:00.000000,Poland,Poland,PL,670.0,732.89,17.74,15.52,entsoe.eu,false,""
2024-05-26T01:00:00.000000,Poland,Poland,PL,660.19,721.85,19.51,16.97,entsoe.eu,false,""
2024-05-26T02:00:00.000000,Poland,Poland,PL,642.41,702.75,21.38,18.94,entsoe.eu,false,""
2024-05-26T03:00:00.000000,Poland,Poland,PL,610.82,669.51,25.47,23.07,entsoe.eu,false,""
2024-05-26T04:00:00.000000,Poland,Poland,PL,546.88,603.83,33.03,30.56,entsoe.eu,false,""
2024-05-26T05:00:00.000000,Poland,Poland,PL,469.52,523.1,42.24,39.96,entsoe.eu,false,""
2024-05-26T06:00:00.000000,Poland,Poland,PL,409.84,463.01,49.77,49.35,entsoe.eu,false,""
2024-05-26T07:00:00.000000,Poland,Poland,PL,347.62,399.19,57.37,57.31,entsoe.eu,false,""
2024-05-26T08:00:00.000000,Poland,Poland,PL,322.95,374.16,60.37,60.36,entsoe.eu,false,""
2024-05-26T09:00:00.000000,Poland,Poland,PL,325.06,375.72,60.12,60.12,entsoe.eu,false,""
2024-05-26T10:00:00.000000,Poland,Poland,PL,321.79,372.16,60.51,60.51,entsoe.eu,false,""
2024-05-26T11:00:00.000000,Poland,Poland,PL,328.9,379.58,59.64,59.64,entsoe.eu,false,""
2024-05-26T12:00:00.000000,Poland,Poland,PL,359.03,410.54,56.03,56.0,entsoe.eu,false,""
2024-05-26T13:00:00.000000,Poland,Poland,PL,408.23,461.73,49.87,49.79,entsoe.eu,false,""
2024-05-26T14:00:00.000000,Poland,Poland,PL,442.87,497.66,45.78,45.58,entsoe.eu,false,""
2024-05-26T15:00:00.000000,Poland,Poland,PL,481.02,536.27,41.17,39.79,entsoe.eu,false,""
2024-05-26T16:00:00.000000,Poland,Poland,PL,535.85,593.08,34.36,32.84,entsoe.eu,false,""
2024-05-26T17:00:00.000000,Poland,Poland,PL,570.34,626.96,30.38,28.7,entsoe.eu,false,""
2024-05-26T18:00:00.000000,Poland,Poland,PL,597.23,654.34,26.48,24.81,entsoe.eu,false,""
2024-05-26T19:00:00.000000,Poland,Poland,PL,599.89,655.92,26.91,25.12,entsoe.eu,false,""
2024-05-26T20:00:00.000000,Poland,Poland,PL,602.77,660.31,26.47,24.72,entsoe.eu,false,""
2024-05-26T21:00:00.000000,Poland,Poland,PL,602.6,659.5,26.52,24.81,entsoe.eu,false,""
2024-05-26T22:00:00.000000,Poland,Poland,PL,579.44,635.55,28.99,27.22,entsoe.eu,false,""
2024-05-26T23:00:00.000000,Poland,Poland,PL,565.44,620.56,31.02,29.06,entsoe.eu,false,""
2024-05-27T00:00:00.000000,Poland,Poland,PL,584.03,640.51,28.7,26.63,entsoe.eu,false,""
2024-05-27T01:00:00.000000,Poland,Poland,PL,602.26,659.74,26.33,24.1,entsoe.eu,false,""
2024-05-27T02:00:00.000000,Poland,Poland,PL,582.28,638.75,28.65,26.51,entsoe.eu,false,""
2024-05-27T03:00:00.000000,Poland,Poland,PL,537.52,592.79,34.57,32.25,entsoe.eu,false,""
2024-05-27T04:00:00.000000,Poland,Poland,PL,533.78,588.78,34.88,33.19,entsoe.eu,false,""
2024-05-27T05:00:00.000000,Poland,Poland,PL,515.23,568.91,37.41,36.18,entsoe.eu,false,""
2024-05-27T06:00:00.000000,Poland,Poland,PL,461.4,513.69,43.72,42.62,entsoe.eu,false,""
2024-05-27T07:00:00.000000,Poland,Poland,PL,388.4,438.87,52.68,51.64,entsoe.eu,false,""
2024-05-27T08:00:00.000000,Poland,Poland,PL,329.48,378.32,59.86,58.85,entsoe.eu,false,""
2024-05-27T09:00:00.000000,Poland,Poland,PL,312.35,360.17,61.9,61.18,entsoe.eu,false,""
2024-05-27T10:00:00.000000,Poland,Poland,PL,303.64,351.1,62.75,62.25,entsoe.eu,false,""
2024-05-27T11:00:00.000000,Poland,Poland,PL,328.1,376.52,59.54,59.4,entsoe.eu,false,""
2024-05-27T12:00:00.000000,Poland,Poland,PL,347.98,397.29,57.08,57.01,entsoe.eu,false,""
2024-05-27T13:00:00.000000,Poland,Poland,PL,380.14,430.78,53.16,52.63,entsoe.eu,false,""
2024-05-27T14:00:00.000000,Poland,Poland,PL,421.38,473.47,48.05,46.97,entsoe.eu,false,""
2024-05-27T15:00:00.000000,Poland,Poland,PL,500.81,555.91,38.59,37.4,entsoe.eu,false,""
2024-05-27T16:00:00.000000,Poland,Poland,PL,573.41,632.59,28.37,27.03,entsoe.eu,false,""
2024-05-27T17:00:00.000000,Poland,Poland,PL,639.96,700.61,19.9,18.97,entsoe.eu,false,""
2024-05-27T18:00:00.000000,Poland,Poland,PL,651.82,712.19,18.5,17.47,entsoe.eu,false,""
2024-05-27T19:00:00.000000,Poland,Poland,PL,659.53,720.36,17.61,16.45,entsoe.eu,false,""
2024-05-27T20:00:00.000000,Poland,Poland,PL,622.0,682.91,21.82,19.99,entsoe.eu,false,""
2024-05-27T21:00:00.000000,Poland,Poland,PL,573.68,634.3,27.52,25.13,entsoe.eu,false,""
2024-05-27T22:00:00.000000,Poland,Poland,PL,568.21,627.96,28.44,26.25,entsoe.eu,false,""
2024-05-27T23:00:00.000000,Poland,Poland,PL,574.19,633.94,27.92,25.73,entsoe.eu,false,""
2024-05-28T00:00:00.000000,Poland,Poland,PL,556.18,614.68,30.12,27.91,entsoe.eu,false,""
2024-05-28T01:00:00.000000,Poland,Poland,PL,540.0,597.92,32.03,29.45,entsoe.eu,false,""
2024-05-28T02:00:00.000000,Poland,Poland,PL,540.01,598.04,32.07,29.63,entsoe.eu,false,""
2024-05-28T03:00:00.000000,Poland,Poland,PL,527.46,585.52,33.72,31.52,entsoe.eu,false,""
2024-05-28T04:00:00.000000,Poland,Poland,PL,534.06,590.86,33.25,31.65,entsoe.eu,false,""
2024-05-28T05:00:00.000000,Poland,Poland,PL,523.68,580.07,34.4,33.32,entsoe.eu,false,""
2024-05-28T06:00:00.000000,Poland,Poland,PL,469.48,524.72,41.36,40.29,entsoe.eu,false,""
2024-05-28T07:00:00.000000,Poland,Poland,PL,388.72,442.21,51.05,50.12,entsoe.eu,false,""
2024-05-28T08:00:00.000000,Poland,Poland,PL,333.29,384.87,57.62,57.52,entsoe.eu,false,""
2024-05-28T09:00:00.000000,Poland,Poland,PL,322.3,373.22,58.67,58.65,entsoe.eu,false,""
2024-05-28T10:00:00.000000,Poland,Poland,PL,336.72,388.19,56.8,56.75,entsoe.eu,false,""
2024-05-28T11:00:00.000000,Poland,Poland,PL,342.52,393.24,56.84,56.75,entsoe.eu,false,""
2024-05-28T12:00:00.000000,Poland,Poland,PL,360.3,410.83,55.23,55.11,entsoe.eu,false,""
2024-05-28T13:00:00.000000,Poland,Poland,PL,382.83,434.83,52.14,51.31,entsoe.eu,false,""
2024-05-28T14:00:00.000000,Poland,Poland,PL,457.95,513.26,42.7,41.65,entsoe.eu,false,""
2024-05-28T15:00:00.000000,Poland,Poland,PL,520.92,578.08,35.55,34.2,entsoe.eu,false,""
2024-05-28T16:00:00.000000,Poland,Poland,PL,569.47,628.0,29.81,27.73,entsoe.eu,false,""
2024-05-28T17:00:00.000000,Poland,Poland,PL,629.68,688.7,22.63,20.95,entsoe.eu,false,""
2024-05-28T18:00:00.000000,Poland,Poland,PL,663.35,722.42,18.15,17.09,entsoe.eu,false,""
2024-05-28T19:00:00.000000,Poland,Poland,PL,656.38,720.29,17.63,15.31,entsoe.eu,false,""
2024-05-28T20:00:00.000000,Poland,Poland,PL,638.58,703.25,19.25,15.98,entsoe.eu,false,""
2024-05-28T21:00:00.000000,Poland,Poland,PL,644.34,709.06,19.98,16.39,entsoe.eu,false,""
2024-05-28T22:00:00.000000,Poland,Poland,PL,641.32,705.57,20.7,16.59,entsoe.eu,false,""
2024-05-28T23:00:00.000000,Poland,Poland,PL,650.1,714.95,19.38,16.58,entsoe.eu,false,""
2024-05-29T00:00:00.000000,Poland,Poland,PL,654.25,719.46,18.84,16.19,entsoe.eu,false,""
2024-05-29T01:00:00.000000,Poland,Poland,PL,654.47,719.8,18.83,16.11,entsoe.eu,false,""
2024-05-29T02:00:00.000000,Poland,Poland,PL,651.73,717.01,19.09,16.45,entsoe.eu,false,""
2024-05-29T03:00:00.000000,Poland,Poland,PL,645.99,709.35,20.97,18.52,entsoe.eu,false,""
2024-05-29T04:00:00.000000,Poland,Poland,PL,626.58,687.82,23.09,21.22,entsoe.eu,false,""
2024-05-29T05:00:00.000000,Poland,Poland,PL,581.96,641.85,28.55,26.94,entsoe.eu,false,""
2024-05-29T06:00:00.000000,Poland,Poland,PL,545.79,604.32,33.59,32.32,entsoe.eu,false,""
2024-05-29T07:00:00.000000,Poland,Poland,PL,494.05,549.96,39.87,38.81,entsoe.eu,false,""
2024-05-29T08:00:00.000000,Poland,Poland,PL,418.45,472.5,48.76,47.87,entsoe.eu,false,""
2024-05-29T09:00:00.000000,Poland,Poland,PL,383.83,437.09,52.63,51.81,entsoe.eu,false,""
2024-05-29T10:00:00.000000,Poland,Poland,PL,370.72,424.87,53.14,52.4,entsoe.eu,false,""
2024-05-29T11:00:00.000000,Poland,Poland,PL,374.35,427.48,53.53,52.71,entsoe.eu,false,""
2024-05-29T12:00:00.000000,Poland,Poland,PL,391.03,443.27,52.5,51.68,entsoe.eu,false,""
2024-05-29T13:00:00.000000,Poland,Poland,PL,420.95,474.18,48.95,48.08,entsoe.eu,false,""
2024-05-29T14:00:00.000000,Poland,Poland,PL,455.83,510.36,44.72,43.68,entsoe.eu,false,""
2024-05-29T15:00:00.000000,Poland,Poland,PL,516.38,573.0,37.56,36.11,entsoe.eu,false,""
2024-05-29T16:00:00.000000,Poland,Poland,PL,596.45,656.65,26.85,25.34,entsoe.eu,false,""
2024-05-29T17:00:00.000000,Poland,Poland,PL,657.83,719.95,18.89,17.47,entsoe.eu,false,""
2024-05-29T18:00:00.000000,Poland,Poland,PL,682.0,745.17,15.03,13.73,entsoe.eu,false,""
2024-05-29T19:00:00.000000,Poland,Poland,PL,699.51,762.16,14.01,12.58,entsoe.eu,false,""
2024-05-29T20:00:00.000000,Poland,Poland,PL,683.79,747.34,16.19,14.2,entsoe.eu,false,""
2024-05-29T21:00:00.000000,Poland,Poland,PL,667.46,730.52,18.36,16.0,entsoe.eu,false,""
2024-05-29T22:00:00.000000,Poland,Poland,PL,645.49,707.19,21.8,18.54,entsoe.eu,false,""
2024-05-29T23:00:00.000000,Poland,Poland,PL,653.45,716.06,21.07,18.2,entsoe.eu,false,""
2024-05-30T00:00:00.000000,Poland,Poland,PL,651.4,714.69,21.26,17.87,entsoe.eu,false,""
2024-05-30T01:00:00.000000,Poland,Poland,PL,643.94,707.63,21.97,18.23,entsoe.eu,false,""
2024-05-30T02:00:00.000000,Poland,Poland,PL,660.9,724.95,20.07,17.2,entsoe.eu,false,""
2024-05-30T03:00:00.000000,Poland,Poland,PL,657.59,719.45,20.66,18.52,entsoe.eu,false,""
2024-05-30T04:00:00.000000,Poland,Poland,PL,621.04,680.48,24.98,23.41,entsoe.eu,false,""
2024-05-30T05:00:00.000000,Poland,Poland,PL,561.94,620.5,32.23,31.81,entsoe.eu,false,""
2024-05-30T06:00:00.000000,Poland,Poland,PL,484.3,539.95,41.69,41.69,entsoe.eu,false,""
2024-05-30T07:00:00.000000,Poland,Poland,PL,405.33,458.85,50.78,50.78,entsoe.eu,false,""
2024-05-30T08:00:00.000000,Poland,Poland,PL,357.31,409.45,55.91,55.91,entsoe.eu,false,""
2024-05-30T09:00:00.000000,Poland,Poland,PL,347.6,399.21,57.04,57.04,entsoe.eu,false,""
2024-05-30T10:00:00.000000,Poland,Poland,PL,355.31,408.13,55.23,55.23,entsoe.eu,false,""
2024-05-30T11:00:00.000000,Poland,Poland,PL,388.68,442.35,51.11,51.11,entsoe.eu,false,""
2024-05-30T12:00:00.000000,Poland,Poland,PL,378.35,431.27,52.38,52.35,entsoe.eu,false,""
2024-05-30T13:00:00.000000,Poland,Poland,PL,382.27,435.5,51.63,50.85,entsoe.eu,false,""
2024-05-30T14:00:00.000000,Poland,Poland,PL,402.62,457.02,48.31,47.42,entsoe.eu,false,""
2024-05-30T15:00:00.000000,Poland,Poland,PL,477.47,534.69,39.54,39.09,entsoe.eu,false,""
2024-05-30T16:00:00.000000,Poland,Poland,PL,527.05,587.51,33.12,32.59,entsoe.eu,false,""
2024-05-30T17:00:00.000000,Poland,Poland,PL,584.93,647.16,25.88,25.47,entsoe.eu,false,""
2024-05-30T18:00:00.000000,Poland,Poland,PL,631.14,695.03,20.26,19.8,entsoe.eu,false,""
2024-05-30T19:00:00.000000,Poland,Poland,PL,625.96,690.13,20.8,20.08,entsoe.eu,false,""
2024-05-30T20:00:00.000000,Poland,Poland,PL,624.25,688.63,20.92,19.64,entsoe.eu,false,""
2024-05-30T21:00:00.000000,Poland,Poland,PL,612.17,678.47,21.85,20.13,entsoe.eu,false,""
2024-05-30T22:00:00.000000,Poland,Poland,PL,604.42,669.91,22.88,20.75,entsoe.eu,false,""
2024-05-30T23:00:00.000000,Poland,Poland,PL,613.18,678.85,21.86,19.58,entsoe.eu,false,""
2024-05-31T00:00:00.000000,Poland,Poland,PL,615.96,681.96,21.37,19.15,entsoe.eu,false,""
2024-05-31T01:00:00.000000,Poland,Poland,PL,623.43,690.25,20.36,18.05,entsoe.eu,false,""
2024-05-31T02:00:00.000000,Poland,Poland,PL,620.44,687.19,20.7,18.41,entsoe.eu,false,""
2024-05-31T03:00:00.000000,Poland,Poland,PL,600.18,666.59,23.26,21.36,entsoe.eu,false,""
2024-05-31T04:00:00.000000,Poland,Poland,PL,583.37,647.05,25.82,24.54,entsoe.eu,false,""
2024-05-31T05:00:00.000000,Poland,Poland,PL,524.74,584.63,33.2,32.24,entsoe.eu,false,""
2024-05-31T06:00:00.000000,Poland,Poland,PL,476.14,534.27,39.65,39.1,entsoe.eu,false,""
2024-05-31T07:00:00.000000,Poland,Poland,PL,417.02,473.54,46.83,46.69,entsoe.eu,false,""
2024-05-31T08:00:00.000000,Poland,Poland,PL,361.26,415.81,53.62,53.28,entsoe.eu,false,""
2024-05-31T09:00:00.000000,Poland,Poland,PL,351.62,406.2,54.67,54.37,entsoe.eu,false,""
2024-05-31T10:00:00.000000,Poland,Poland,PL,365.39,420.58,53.07,52.59,entsoe.eu,false,""
2024-05-31T11:00:00.000000,Poland,Poland,PL,384.13,438.83,51.72,51.19,entsoe.eu,false,""
2024-05-31T12:00:00.000000,Poland,Poland,PL,390.58,445.34,50.96,49.94,entsoe.eu,false,""
2024-05-31T13:00:00.000000,Poland,Poland,PL,412.25,467.78,48.26,47.23,entsoe.eu,false,""
2024-05-31T14:00:00.000000,Poland,Poland,PL,465.97,522.19,42.78,41.44,entsoe.eu,false,""
2024-05-31T15:00:00.000000,Poland,Poland,PL,517.39,574.3,37.21,35.7,entsoe.eu,false,""
2024-05-31T16:00:00.000000,Poland,Poland,PL,573.25,632.68,30.15,27.94,entsoe.eu,false,""
2024-05-31T17:00:00.000000,Poland,Poland,PL,617.09,677.93,23.85,21.36,entsoe.eu,false,""
2024-05-31T18:00:00.000000,Poland,Poland,PL,628.39,690.29,21.61,19.09,entsoe.eu,false,""
2024-05-31T19:00:00.000000,Poland,Poland,PL,633.84,695.71,21.09,18.36,entsoe.eu,false,""
2024-05-31T20:00:00.000000,Poland,Poland,PL,613.38,674.66,23.58,20.25,entsoe.eu,false,""
2024-05-31T21:00:00.000000,Poland,Poland,PL,603.38,665.09,24.8,21.03,entsoe.eu,false,""
2024-05-31T22:00:00.000000,Poland,Poland,PL,609.68,673.02,23.78,20.71,entsoe.eu,false,""
2024-05-31T23:00:00.000000,Poland,Poland,PL,602.22,666.93,24.52,21.3,entsoe.eu,false,""
2024-06-01T00:00:00.000000,Poland,Poland,PL,591.02,655.78,25.53,22.32,entsoe.eu,false,""
2024-06-01T01:00:00.000000,Poland,Poland,PL,591.46,656.31,25.39,22.01,entsoe.eu,false,""
2024-06-01T02:00:00.000000,Poland,Poland,PL,594.41,659.82,24.91,21.87,entsoe.eu,false,""
2024-06-01T03:00:00.000000,Poland,Poland,PL,576.71,641.28,27.25,24.4,entsoe.eu,false,""
2024-06-01T04:00:00.000000,Poland,Poland,PL,548.26,611.46,30.96,28.49,entsoe.eu,false,""
2024-06-01T05:00:00.000000,Poland,Poland,PL,502.28,562.55,36.79,34.87,entsoe.eu,false,""
2024-06-01T06:00:00.000000,Poland,Poland,PL,453.25,510.38,43.14,41.73,entsoe.eu,false,""
2024-06-01T07:00:00.000000,Poland,Poland,PL,398.44,453.28,49.94,49.33,entsoe.eu,false,""
2024-06-01T08:00:00.000000,Poland,Poland,PL,362.95,416.13,54.27,53.74,entsoe.eu,false,""
2024-06-01T09:00:00.000000,Poland,Poland,PL,361.6,414.58,54.43,53.93,entsoe.eu,false,""
2024-06-01T10:00:00.000000,Poland,Poland,PL,371.16,424.75,53.24,52.8,entsoe.eu,false,""
2024-06-01T11:00:00.000000,Poland,Poland,PL,380.1,433.68,52.32,52.15,entsoe.eu,false,""
2024-06-01T12:00:00.000000,Poland,Poland,PL,374.02,427.77,52.94,52.63,entsoe.eu,false,""
2024-06-01T13:00:00.000000,Poland,Poland,PL,403.03,458.31,49.49,49.15,entsoe.eu,false,""
2024-06-01T14:00:00.000000,Poland,Poland,PL,454.64,511.41,43.19,42.81,entsoe.eu,false,""
2024-06-01T15:00:00.000000,Poland,Poland,PL,476.62,534.26,40.55,38.98,entsoe.eu,false,""
2024-06-01T16:00:00.000000,Poland,Poland,PL,539.82,600.21,32.56,30.8,entsoe.eu,false,""
2024-06-01T17:00:00.000000,Poland,Poland,PL,586.08,647.86,26.5,24.05,entsoe.eu,false,""
2024-06-01T18:00:00.000000,Poland,Poland,PL,598.22,659.29,24.91,22.29,entsoe.eu,false,""
2024-06-01T19:00:00.000000,Poland,Poland,PL,605.13,666.38,24.04,21.08,entsoe.eu,false,""
2024-06-01T20:00:00.000000,Poland,Poland,PL,614.12,676.72,23.35,20.14,entsoe.eu,false,""
2024-06-01T21:00:00.000000,Poland,Poland,PL,613.04,676.79,23.16,20.03,entsoe.eu,false,""
2024-06-01T22:00:00.000000,Poland,Poland,PL,618.29,683.97,22.1,19.24,entsoe.eu,false,""
2024-06-01T23:00:00.000000,Poland,Poland,PL,612.0,677.89,23.29,19.61,entsoe.eu,false,""
2024-06-02T00:00:00.000000,Poland,Poland,PL,608.2,674.0,23.75,20.04,entsoe.eu,false,""
2024-06-02T01:00:00.000000,Poland,Poland,PL,612.5,678.66,23.16,19.67,entsoe.eu,false,""
2024-06-02T02:00:00.000000,Poland,Poland,PL,612.95,679.64,23.04,20.15,entsoe.eu,false,""
2024-06-02T03:00:00.000000,Poland,Poland,PL,595.38,660.81,25.17,22.52,entsoe.eu,false,""
2024-06-02T04:00:00.000000,Poland,Poland,PL,549.59,612.73,30.66,28.11,entsoe.eu,false,""
2024-06-02T05:00:00.000000,Poland,Poland,PL,532.17,594.2,33.13,32.63,entsoe.eu,false,""
2024-06-02T06:00:00.000000,Poland,Poland,PL,481.2,540.41,39.57,39.26,entsoe.eu,false,""
2024-06-02T07:00:00.000000,Poland,Poland,PL,421.48,478.63,46.79,46.39,entsoe.eu,false,""
2024-06-02T08:00:00.000000,Poland,Poland,PL,389.35,445.27,50.78,50.46,entsoe.eu,false,""
2024-06-02T09:00:00.000000,Poland,Poland,PL,370.47,425.48,53.21,53.12,entsoe.eu,false,""
2024-06-02T10:00:00.000000,Poland,Poland,PL,359.09,413.29,54.62,54.57,entsoe.eu,false,""
2024-06-02T11:00:00.000000,Poland,Poland,PL,344.36,397.49,56.46,56.41,entsoe.eu,false,""
2024-06-02T12:00:00.000000,Poland,Poland,PL,358.49,412.3,54.69,54.65,entsoe.eu,false,""
2024-06-02T13:00:00.000000,Poland,Poland,PL,366.0,419.57,53.76,53.7,entsoe.eu,false,""
2024-06-02T14:00:00.000000,Poland,Poland,PL,393.91,449.1,50.31,50.11,entsoe.eu,false,""
2024-06-02T15:00:00.000000,Poland,Poland,PL,466.48,524.46,41.19,40.96,entsoe.eu,false,""
2024-06-02T16:00:00.000000,Poland,Poland,PL,523.83,583.08,34.12,32.7,entsoe.eu,false,""
2024-06-02T17:00:00.000000,Poland,Poland,PL,567.69,628.36,28.63,26.88,entsoe.eu,false,""
2024-06-02T18:00:00.000000,Poland,Poland,PL,592.9,654.93,25.23,23.18,entsoe.eu,false,""
2024-06-02T19:00:00.000000,Poland,Poland,PL,604.05,665.42,23.71,21.93,entsoe.eu,false,""
2024-06-02T20:00:00.000000,Poland,Poland,PL,618.63,681.15,21.83,21.15,entsoe.eu,false,""
2024-06-02T21:00:00.000000,Poland,Poland,PL,601.91,665.46,24.19,23.26,entsoe.eu,false,""
2024-06-02T22:00:00.000000,Poland,Poland,PL,611.06,674.67,23.02,22.35,entsoe.eu,false,""
2024-06-02T23:00:00.000000,Poland,Poland,PL,581.44,643.61,26.56,24.33,entsoe.eu,false,""
2024-06-03T00:00:00.000000,Poland,Poland,PL,588.07,650.64,25.67,23.4,entsoe.eu,false,""
2024-06-03T01:00:00.000000,Poland,Poland,PL,598.36,661.46,24.49,22.25,entsoe.eu,false,""
2024-06-03T02:00:00.000000,Poland,Poland,PL,596.1,659.3,24.84,22.58,entsoe.eu,false,""
2024-06-03T03:00:00.000000,Poland,Poland,PL,606.46,669.66,23.96,22.01,entsoe.eu,false,""
2024-06-03T04:00:00.000000,Poland,Poland,PL,621.02,684.2,22.7,21.48,entsoe.eu,false,""
2024-06-03T05:00:00.000000,Poland,Poland,PL,601.37,662.6,25.31,24.11,entsoe.eu,false,""
2024-06-03T06:00:00.000000,Poland,Poland,PL,578.02,638.12,27.77,26.89,entsoe.eu,false,""
2024-06-03T07:00:00.000000,Poland,Poland,PL,546.58,604.21,31.66,30.96,entsoe.eu,false,""
2024-06-03T08:00:00.000000,Poland,Poland,PL,524.8,582.27,34.77,34.1,entsoe.eu,false,""
2024-06-03T09:00:00.000000,Poland,Poland,PL,499.18,556.45,37.96,37.28,entsoe.eu,false,""
2024-06-03T10:00:00.000000,Poland,Poland,PL,471.25,527.82,41.33,40.59,entsoe.eu,false,""
2024-06-03T11:00:00.000000,Poland,Poland,PL,457.22,513.1,43.3,42.51,entsoe.eu,false,""
2024-06-03T12:00:00.000000,Poland,Poland,PL,457.04,512.53,43.34,42.63,entsoe.eu,false,""
2024-06-03T13:00:00.000000,Poland,Poland,PL,471.49,527.27,41.81,41.03,entsoe.eu,false,""
2024-06-03T14:00:00.000000,Poland,Poland,PL,512.89,570.02,36.75,35.87,entsoe.eu,false,""
2024-06-03T15:00:00.000000,Poland,Poland,PL,548.73,607.09,32.39,31.22,entsoe.eu,false,""
2024-06-03T16:00:00.000000,Poland,Poland,PL,593.82,653.69,26.42,25.29,entsoe.eu,false,""
2024-06-03T17:00:00.000000,Poland,Poland,PL,628.94,688.52,22.51,21.32,entsoe.eu,false,""
2024-06-03T18:00:00.000000,Poland,Poland,PL,649.02,710.25,19.36,18.14,entsoe.eu,false,""
2024-06-03T19:00:00.000000,Poland,Poland,PL,666.6,729.5,16.66,15.54,entsoe.eu,false,""
2024-06-03T20:00:00.000000,Poland,Poland,PL,665.57,727.86,16.98,15.87,entsoe.eu,false,""
2024-06-03T21:00:00.000000,Poland,Poland,PL,660.82,723.01,18.43,16.9,entsoe.eu,false,""
2024-06-03T22:00:00.000000,Poland,Poland,PL,652.7,715.49,19.61,17.73,entsoe.eu,false,""
2024-06-03T23:00:00.000000,Poland,Poland,PL,644.47,706.86,20.64,18.48,entsoe.eu,false,""
2024-06-04T00:00:00.000000,Poland,Poland,PL,654.26,716.44,19.57,17.47,entsoe.eu,false,""
2024-06-04T01:00:00.000000,Poland,Poland,PL,660.76,723.32,18.79,16.6,entsoe.eu,false,""
2024-06-04T02:00:00.000000,Poland,Poland,PL,658.62,721.83,18.98,16.75,entsoe.eu,false,""
2024-06-04T03:00:00.000000,Poland,Poland,PL,670.02,733.85,17.87,15.89,entsoe.eu,false,""
2024-06-04T04:00:00.000000,Poland,Poland,PL,683.29,747.5,15.79,14.51,entsoe.eu,false,""
2024-06-04T05:00:00.000000,Poland,Poland,PL,661.42,724.72,18.42,17.38,entsoe.eu,false,""
2024-06-04T06:00:00.000000,Poland,Poland,PL,624.36,686.46,22.96,21.96,entsoe.eu,false,""
2024-06-04T07:00:00.000000,Poland,Poland,PL,580.82,640.99,28.96,27.61,entsoe.eu,false,""
2024-06-04T08:00:00.000000,Poland,Poland,PL,561.41,621.24,30.85,29.83,entsoe.eu,false,""
2024-06-04T09:00:00.000000,Poland,Poland,PL,534.97,594.18,33.78,32.8,entsoe.eu,false,""
2024-06-04T10:00:00.000000,Poland,Poland,PL,524.16,583.42,34.87,33.97,entsoe.eu,false,""
2024-06-04T11:00:00.000000,Poland,Poland,PL,511.21,569.9,36.65,35.74,entsoe.eu,false,""
2024-06-04T12:00:00.000000,Poland,Poland,PL,513.32,572.22,36.37,35.53,entsoe.eu,false,""
2024-06-04T13:00:00.000000,Poland,Poland,PL,527.4,586.69,34.7,33.8,entsoe.eu,false,""
2024-06-04T14:00:00.000000,Poland,Poland,PL,529.26,589.11,34.52,33.38,entsoe.eu,false,""
2024-06-04T15:00:00.000000,Poland,Poland,PL,576.43,637.94,28.84,27.66,entsoe.eu,false,""
2024-06-04T16:00:00.000000,Poland,Poland,PL,625.76,689.55,22.31,21.06,entsoe.eu,false,""
2024-06-04T17:00:00.000000,Poland,Poland,PL,669.32,732.92,16.71,15.43,entsoe.eu,false,""
2024-06-04T18:00:00.000000,Poland,Poland,PL,688.83,753.3,13.92,12.63,entsoe.eu,false,""
2024-06-04T19:00:00.000000,Poland,Poland,PL,680.54,745.95,14.84,13.37,entsoe.eu,false,""
2024-06-04T20:00:00.000000,Poland,Poland,PL,666.19,732.1,16.22,14.68,entsoe.eu,false,""
2024-06-04T21:00:00.000000,Poland,Poland,PL,657.09,722.67,17.81,16.26,entsoe.eu,false,""
2024-06-04T22:00:00.000000,Poland,Poland,PL,630.02,694.6,20.65,19.06,entsoe.eu,false,""
2024-06-04T23:00:00.000000,Poland,Poland,PL,615.95,678.23,23.17,21.66,entsoe.eu,false,""
2024-06-05T00:00:00.000000,Poland,Poland,PL,613.93,676.29,23.36,21.87,entsoe.eu,false,""
2024-06-05T01:00:00.000000,Poland,Poland,PL,610.8,673.34,23.7,22.11,entsoe.eu,false,""
2024-06-05T02:00:00.000000,Poland,Poland,PL,602.99,665.23,24.62,22.94,entsoe.eu,false,""
2024-06-05T03:00:00.000000,Poland,Poland,PL,584.95,646.04,27.06,25.41,entsoe.eu,false,""
2024-06-05T04:00:00.000000,Poland,Poland,PL,566.11,626.26,29.05,27.74,entsoe.eu,false,""
2024-06-05T05:00:00.000000,Poland,Poland,PL,537.12,595.77,32.5,31.54,entsoe.eu,false,""
2024-06-05T06:00:00.000000,Poland,Poland,PL,487.1,544.17,39.19,38.44,entsoe.eu,false,""
2024-06-05T07:00:00.000000,Poland,Poland,PL,409.02,463.31,48.86,48.22,entsoe.eu,false,""
2024-06-05T08:00:00.000000,Poland,Poland,PL,372.3,425.14,53.21,52.87,entsoe.eu,false,""
2024-06-05T09:00:00.000000,Poland,Poland,PL,371.01,423.7,53.37,53.06,entsoe.eu,false,""
2024-06-05T10:00:00.000000,Poland,Poland,PL,370.1,422.8,53.52,53.17,entsoe.eu,false,""
2024-06-05T11:00:00.000000,Poland,Poland,PL,372.67,425.54,53.21,52.83,entsoe.eu,false,""
2024-06-05T12:00:00.000000,Poland,Poland,PL,374.73,427.44,52.93,52.35,entsoe.eu,false,""
2024-06-05T13:00:00.000000,Poland,Poland,PL,394.85,448.5,50.52,49.77,entsoe.eu,false,""
2024-06-05T14:00:00.000000,Poland,Poland,PL,441.49,496.8,44.86,44.06,entsoe.eu,false,""
2024-06-05T15:00:00.000000,Poland,Poland,PL,497.95,555.36,38.08,37.13,entsoe.eu,false,""
2024-06-05T16:00:00.000000,Poland,Poland,PL,561.05,621.42,29.68,28.65,entsoe.eu,false,""
2024-06-05T17:00:00.000000,Poland,Poland,PL,614.25,676.4,22.55,21.43,entsoe.eu,false,""
2024-06-05T18:00:00.000000,Poland,Poland,PL,651.82,715.41,17.77,16.49,entsoe.eu,false,""
2024-06-05T19:00:00.000000,Poland,Poland,PL,672.69,737.48,15.26,13.96,entsoe.eu,false,""
2024-06-05T20:00:00.000000,Poland,Poland,PL,667.94,734.7,15.72,14.31,entsoe.eu,false,""
2024-06-05T21:00:00.000000,Poland,Poland,PL,662.41,729.31,17.08,15.43,entsoe.eu,false,""
2024-06-05T22:00:00.000000,Poland,Poland,PL,668.18,735.43,16.37,14.41,entsoe.eu,false,""
2024-06-05T23:00:00.000000,Poland,Poland,PL,657.11,724.07,17.56,15.38,entsoe.eu,false,""
2024-06-06T00:00:00.000000,Poland,Poland,PL,655.7,722.37,17.71,15.51,entsoe.eu,false,""
2024-06-06T01:00:00.000000,Poland,Poland,PL,649.01,715.13,18.42,16.22,entsoe.eu,false,""
2024-06-06T02:00:00.000000,Poland,Poland,PL,625.58,690.8,21.18,18.98,entsoe.eu,false,""
2024-06-06T03:00:00.000000,Poland,Poland,PL,615.78,680.58,22.54,20.42,entsoe.eu,false,""
2024-06-06T04:00:00.000000,Poland,Poland,PL,606.02,669.53,24.31,22.66,entsoe.eu,false,""
2024-06-06T05:00:00.000000,Poland,Poland,PL,564.55,624.73,29.97,28.77,entsoe.eu,false,""
2024-06-06T06:00:00.000000,Poland,Poland,PL,511.16,568.56,36.63,35.65,entsoe.eu,false,""
2024-06-06T07:00:00.000000,Poland,Poland,PL,442.33,498.31,44.93,44.0,entsoe.eu,false,""
2024-06-06T08:00:00.000000,Poland,Poland,PL,409.01,464.47,48.93,48.79,entsoe.eu,false,""
2024-06-06T09:00:00.000000,Poland,Poland,PL,405.78,460.76,49.38,49.29,entsoe.eu,false,""
2024-06-06T10:00:00.000000,Poland,Poland,PL,402.6,457.31,49.8,49.73,entsoe.eu,false,""
2024-06-06T11:00:00.000000,Poland,Poland,PL,403.45,458.35,49.67,49.57,entsoe.eu,false,""
2024-06-06T12:00:00.000000,Poland,Poland,PL,425.91,481.45,46.97,46.84,entsoe.eu,false,""
2024-06-06T13:00:00.000000,Poland,Poland,PL,423.82,479.29,47.2,46.35,entsoe.eu,false,""
2024-06-06T14:00:00.000000,Poland,Poland,PL,464.86,521.78,42.23,41.34,entsoe.eu,false,""
2024-06-06T15:00:00.000000,Poland,Poland,PL,524.96,584.2,35.19,33.89,entsoe.eu,false,""
2024-06-06T16:00:00.000000,Poland,Poland,PL,602.37,664.29,25.33,23.96,entsoe.eu,false,""
2024-06-06T17:00:00.000000,Poland,Poland,PL,658.76,722.51,17.99,16.59,entsoe.eu,false,""
2024-06-06T18:00:00.000000,Poland,Poland,PL,691.78,755.78,14.03,12.69,entsoe.eu,false,""
2024-06-06T19:00:00.000000,Poland,Poland,PL,701.67,766.31,12.71,11.27,entsoe.eu,false,""
2024-06-06T20:00:00.000000,Poland,Poland,PL,689.95,755.44,14.27,12.53,entsoe.eu,false,""
2024-06-06T21:00:00.000000,Poland,Poland,PL,671.8,737.88,16.8,14.76,entsoe.eu,false,""
2024-06-06T22:00:00.000000,Poland,Poland,PL,654.12,720.84,18.66,16.1,entsoe.eu,false,""
2024-06-06T23:00:00.000000,Poland,Poland,PL,655.09,721.4,18.45,15.92,entsoe.eu,false,""
2024-06-07T00:00:00.000000,Poland,Poland,PL,664.04,730.07,17.48,15.05,entsoe.eu,false,""
2024-06-07T01:00:00.000000,Poland,Poland,PL,666.69,733.0,17.14,14.54,entsoe.eu,false,""
2024-06-07T02:00:00.000000,Poland,Poland,PL,661.97,729.07,17.53,14.77,entsoe.eu,false,""
2024-06-07T03:00:00.000000,Poland,Poland,PL,647.31,713.2,19.57,16.98,entsoe.eu,false,""
2024-06-07T04:00:00.000000,Poland,Poland,PL,625.29,689.14,22.52,20.64,entsoe.eu,false,""
2024-06-07T05:00:00.000000,Poland,Poland,PL,573.44,634.74,28.91,27.35,entsoe.eu,false,""
2024-06-07T06:00:00.000000,Poland,Poland,PL,552.93,612.22,31.71,30.98,entsoe.eu,false,""
2024-06-07T07:00:00.000000,Poland,Poland,PL,494.72,552.99,38.33,37.27,entsoe.eu,false,""
2024-06-07T08:00:00.000000,Poland,Poland,PL,470.43,527.01,42.02,40.91,entsoe.eu,false,""
2024-06-07T09:00:00.000000,Poland,Poland,PL,448.27,503.52,45.13,44.08,entsoe.eu,false,""
2024-06-07T10:00:00.000000,Poland,Poland,PL,431.91,486.42,47.12,46.17,entsoe.eu,false,""
2024-06-07T11:00:00.000000,Poland,Poland,PL,414.31,469.17,48.61,47.65,entsoe.eu,false,""
2024-06-07T12:00:00.000000,Poland,Poland,PL,429.48,484.83,46.8,46.31,entsoe.eu,false,""
2024-06-07T13:00:00.000000,Poland,Poland,PL,452.65,508.76,44.18,43.73,entsoe.eu,false,""
2024-06-07T14:00:00.000000,Poland,Poland,PL,468.49,524.81,42.47,41.46,entsoe.eu,false,""
2024-06-07T15:00:00.000000,Poland,Poland,PL,510.68,568.08,37.69,36.44,entsoe.eu,false,""
2024-06-07T16:00:00.000000,Poland,Poland,PL,589.03,650.43,27.42,25.88,entsoe.eu,false,""
2024-06-07T17:00:00.000000,Poland,Poland,PL,630.98,694.41,21.63,19.54,entsoe.eu,false,""
2024-06-07T18:00:00.000000,Poland,Poland,PL,673.5,737.15,16.35,14.71,entsoe.eu,false,""
2024-06-07T19:00:00.000000,Poland,Poland,PL,687.1,752.02,14.59,12.74,entsoe.eu,false,""
2024-06-07T20:00:00.000000,Poland,Poland,PL,679.31,746.31,14.89,12.61,entsoe.eu,false,""
2024-06-07T21:00:00.000000,Poland,Poland,PL,655.18,722.0,18.11,15.35,entsoe.eu,false,""
2024-06-07T22:00:00.000000,Poland,Poland,PL,628.16,695.48,20.51,17.53,entsoe.eu,false,""
2024-06-07T23:00:00.000000,Poland,Poland,PL,621.28,688.74,21.09,18.01,entsoe.eu,false,""
2024-06-08T00:00:00.000000,Poland,Poland,PL,623.94,691.43,20.82,17.86,entsoe.eu,false,""
2024-06-08T01:00:00.000000,Poland,Poland,PL,618.12,685.9,21.5,18.29,entsoe.eu,false,""
2024-06-08T02:00:00.000000,Poland,Poland,PL,625.54,692.68,20.51,17.69,entsoe.eu,false,""
2024-06-08T03:00:00.000000,Poland,Poland,PL,601.39,667.35,23.55,20.86,entsoe.eu,false,""
2024-06-08T04:00:00.000000,Poland,Poland,PL,532.84,595.26,32.62,30.05,entsoe.eu,false,""
2024-06-08T05:00:00.000000,Poland,Poland,PL,464.58,521.39,42.27,40.21,entsoe.eu,false,""
2024-06-08T06:00:00.000000,Poland,Poland,PL,413.08,467.83,48.74,47.34,entsoe.eu,false,""
2024-06-08T07:00:00.000000,Poland,Poland,PL,339.64,392.65,57.95,57.89,entsoe.eu,false,""
2024-06-08T08:00:00.000000,Poland,Poland,PL,301.9,352.88,62.66,62.66,entsoe.eu,false,""
2024-06-08T09:00:00.000000,Poland,Poland,PL,292.05,342.29,63.86,63.86,entsoe.eu,false,""
2024-06-08T10:00:00.000000,Poland,Poland,PL,299.49,349.9,62.94,62.94,entsoe.eu,false,""
2024-06-08T11:00:00.000000,Poland,Poland,PL,306.17,356.82,62.11,62.11,entsoe.eu,false,""
2024-06-08T12:00:00.000000,Poland,Poland,PL,306.7,357.06,62.05,62.05,entsoe.eu,false,""
2024-06-08T13:00:00.000000,Poland,Poland,PL,315.42,366.09,60.81,60.81,entsoe.eu,false,""
2024-06-08T14:00:00.000000,Poland,Poland,PL,328.95,380.15,59.08,58.92,entsoe.eu,false,""
2024-06-08T15:00:00.000000,Poland,Poland,PL,399.24,452.51,50.5,50.05,entsoe.eu,false,""
2024-06-08T16:00:00.000000,Poland,Poland,PL,466.09,521.18,42.14,40.34,entsoe.eu,false,""
2024-06-08T17:00:00.000000,Poland,Poland,PL,532.76,589.16,34.01,32.12,entsoe.eu,false,""
2024-06-08T18:00:00.000000,Poland,Poland,PL,525.74,580.81,34.58,32.66,entsoe.eu,false,""
2024-06-08T19:00:00.000000,Poland,Poland,PL,490.67,542.46,39.12,37.3,entsoe.eu,false,""
2024-06-08T20:00:00.000000,Poland,Poland,PL,457.0,507.44,43.21,41.54,entsoe.eu,false,""
2024-06-08T21:00:00.000000,Poland,Poland,PL,440.35,489.77,45.36,43.77,entsoe.eu,false,""
2024-06-08T22:00:00.000000,Poland,Poland,PL,428.21,477.14,46.61,44.83,entsoe.eu,false,""
2024-06-08T23:00:00.000000,Poland,Poland,PL,462.85,514.28,42.2,40.22,entsoe.eu,false,""
2024-06-09T00:00:00.000000,Poland,Poland,PL,488.41,541.23,39.2,37.31,entsoe.eu,false,""
2024-06-09T01:00:00.000000,Poland,Poland,PL,506.9,561.03,37.06,35.03,entsoe.eu,false,""
2024-06-09T02:00:00.000000,Poland,Poland,PL,502.88,557.41,37.49,35.19,entsoe.eu,false,""
2024-06-09T03:00:00.000000,Poland,Poland,PL,504.22,559.73,37.15,34.84,entsoe.eu,false,""
2024-06-09T04:00:00.000000,Poland,Poland,PL,498.02,554.06,37.76,36.01,entsoe.eu,false,""
2024-06-09T05:00:00.000000,Poland,Poland,PL,456.88,512.67,43.26,42.48,entsoe.eu,false,""
2024-06-09T06:00:00.000000,Poland,Poland,PL,376.64,429.98,53.23,52.85,entsoe.eu,false,""
2024-06-09T07:00:00.000000,Poland,Poland,PL,303.39,353.45,62.2,62.17,entsoe.eu,false,""
2024-06-09T08:00:00.000000,Poland,Poland,PL,309.31,359.72,61.31,61.28,entsoe.eu,false,""
2024-06-09T09:00:00.000000,Poland,Poland,PL,297.56,347.07,62.82,62.78,entsoe.eu,false,""
2024-06-09T10:00:00.000000,Poland,Poland,PL,300.28,349.49,62.43,62.4,entsoe.eu,false,""
2024-06-09T11:00:00.000000,Poland,Poland,PL,297.94,347.28,62.71,62.68,entsoe.eu,false,""
2024-06-09T12:00:00.000000,Poland,Poland,PL,310.56,360.55,61.2,61.16,entsoe.eu,false,""
2024-06-09T13:00:00.000000,Poland,Poland,PL,319.37,369.86,60.06,60.03,entsoe.eu,false,""
2024-06-09T14:00:00.000000,Poland,Poland,PL,344.25,396.08,57.09,57.06,entsoe.eu,false,""
2024-06-09T15:00:00.000000,Poland,Poland,PL,386.37,439.65,52.09,51.85,entsoe.eu,false,""
2024-06-09T16:00:00.000000,Poland,Poland,PL,464.03,519.73,42.57,41.2,entsoe.eu,false,""
2024-06-09T17:00:00.000000,Poland,Poland,PL,568.01,627.79,29.37,27.9,entsoe.eu,false,""
2024-06-09T18:00:00.000000,Poland,Poland,PL,645.79,707.4,19.8,18.36,entsoe.eu,false,""
2024-06-09T19:00:00.000000,Poland,Poland,PL,664.63,727.3,17.49,15.88,entsoe.eu,false,""
2024-06-09T20:00:00.000000,Poland,Poland,PL,665.8,729.33,17.31,15.52,entsoe.eu,false,""
2024-06-09T21:00:00.000000,Poland,Poland,PL,668.83,734.04,17.04,15.0,entsoe.eu,false,""
2024-06-09T22:00:00.000000,Poland,Poland,PL,663.4,728.48,18.13,15.85,entsoe.eu,false,""
2024-06-09T23:00:00.000000,Poland,Poland,PL,649.97,714.33,19.45,17.02,entsoe.eu,false,""
2024-06-10T00:00:00.000000,Poland,Poland,PL,645.95,709.8,20.25,17.67,entsoe.eu,false,""
2024-06-10T01:00:00.000000,Poland,Poland,PL,654.85,718.2,19.6,17.05,entsoe.eu,false,""
2024-06-10T02:00:00.000000,Poland,Poland,PL,653.5,717.1,19.6,17.14,entsoe.eu,false,""
2024-06-10T03:00:00.000000,Poland,Poland,PL,621.42,684.35,23.59,21.2,entsoe.eu,false,""
2024-06-10T04:00:00.000000,Poland,Poland,PL,603.73,664.68,25.52,23.79,entsoe.eu,false,""
2024-06-10T05:00:00.000000,Poland,Poland,PL,582.54,642.31,27.69,26.42,entsoe.eu,false,""
2024-06-10T06:00:00.000000,Poland,Poland,PL,537.7,596.32,33.33,32.22,entsoe.eu,false,""
2024-06-10T07:00:00.000000,Poland,Poland,PL,478.07,534.52,41.04,40.05,entsoe.eu,false,""
2024-06-10T08:00:00.000000,Poland,Poland,PL,439.87,494.86,45.73,44.9,entsoe.eu,false,""
2024-06-10T09:00:00.000000,Poland,Poland,PL,427.59,482.35,47.2,46.48,entsoe.eu,false,""
2024-06-10T10:00:00.000000,Poland,Poland,PL,441.42,495.88,45.99,45.36,entsoe.eu,false,""
2024-06-10T11:00:00.000000,Poland,Poland,PL,450.73,505.75,44.64,44.05,entsoe.eu,false,""
2024-06-10T12:00:00.000000,Poland,Poland,PL,458.51,513.35,44.06,43.36,entsoe.eu,false,""
2024-06-10T13:00:00.000000,Poland,Poland,PL,478.34,534.4,41.33,40.52,entsoe.eu,false,""
2024-06-10T14:00:00.000000,Poland,Poland,PL,488.68,545.02,40.35,39.47,entsoe.eu,false,""
2024-06-10T15:00:00.000000,Poland,Poland,PL,530.85,588.76,35.2,33.76,entsoe.eu,false,""
2024-06-10T16:00:00.000000,Poland,Poland,PL,589.38,650.12,27.28,26.0,entsoe.eu,false,""
2024-06-10T17:00:00.000000,Poland,Poland,PL,640.68,702.78,20.8,19.47,entsoe.eu,false,""
2024-06-10T18:00:00.000000,Poland,Poland,PL,670.61,733.3,17.16,15.86,entsoe.eu,false,""
2024-06-10T19:00:00.000000,Poland,Poland,PL,680.75,743.92,15.91,14.45,entsoe.eu,false,""
2024-06-10T20:00:00.000000,Poland,Poland,PL,668.49,732.57,17.26,15.3,entsoe.eu,false,""
2024-06-10T21:00:00.000000,Poland,Poland,PL,669.43,734.34,17.08,15.26,entsoe.eu,false,""
2024-06-10T22:00:00.000000,Poland,Poland,PL,638.47,702.39,21.02,19.23,entsoe.eu,false,""
2024-06-10T23:00:00.000000,Poland,Poland,PL,615.88,678.6,23.72,21.85,entsoe.eu,false,""
2024-06-11T00:00:00.000000,Poland,Poland,PL,594.08,655.35,26.31,24.44,entsoe.eu,false,""
2024-06-11T01:00:00.000000,Poland,Poland,PL,573.94,633.53,28.78,26.92,entsoe.eu,false,""
2024-06-11T02:00:00.000000,Poland,Poland,PL,547.48,605.78,31.98,30.22,entsoe.eu,false,""
2024-06-11T03:00:00.000000,Poland,Poland,PL,534.19,590.92,34.38,32.53,entsoe.eu,false,""
2024-06-11T04:00:00.000000,Poland,Poland,PL,522.83,577.86,36.04,34.52,entsoe.eu,false,""
2024-06-11T05:00:00.000000,Poland,Poland,PL,504.82,557.9,38.23,37.18,entsoe.eu,false,""
2024-06-11T06:00:00.000000,Poland,Poland,PL,447.72,499.11,45.24,44.37,entsoe.eu,false,""
2024-06-11T07:00:00.000000,Poland,Poland,PL,375.46,424.59,53.97,53.34,entsoe.eu,false,""
2024-06-11T08:00:00.000000,Poland,Poland,PL,359.14,407.01,55.88,55.71,entsoe.eu,false,""
2024-06-11T09:00:00.000000,Poland,Poland,PL,345.72,392.27,57.49,57.41,entsoe.eu,false,""
2024-06-11T10:00:00.000000,Poland,Poland,PL,345.35,391.18,57.54,57.47,entsoe.eu,false,""
2024-06-11T11:00:00.000000,Poland,Poland,PL,336.56,382.15,58.46,58.36,entsoe.eu,false,""
2024-06-11T12:00:00.000000,Poland,Poland,PL,350.26,396.59,56.56,56.47,entsoe.eu,false,""
2024-06-11T13:00:00.000000,Poland,Poland,PL,372.17,420.19,53.44,53.34,entsoe.eu,false,""
2024-06-11T14:00:00.000000,Poland,Poland,PL,371.87,420.76,53.09,52.87,entsoe.eu,false,""
2024-06-11T15:00:00.000000,Poland,Poland,PL,372.73,422.77,52.64,52.06,entsoe.eu,false,""
2024-06-11T16:00:00.000000,Poland,Poland,PL,426.94,479.53,46.0,45.05,entsoe.eu,false,""
2024-06-11T17:00:00.000000,Poland,Poland,PL,506.52,562.63,35.92,34.64,entsoe.eu,false,""
2024-06-11T18:00:00.000000,Poland,Poland,PL,572.2,631.45,27.48,26.41,entsoe.eu,false,""
2024-06-11T19:00:00.000000,Poland,Poland,PL,590.43,650.17,25.34,23.98,entsoe.eu,false,""
2024-06-11T20:00:00.000000,Poland,Poland,PL,580.59,640.47,26.78,25.47,entsoe.eu,false,""
2024-06-11T21:00:00.000000,Poland,Poland,PL,537.28,596.39,32.14,30.26,entsoe.eu,false,""
2024-06-11T22:00:00.000000,Poland,Poland,PL,517.85,576.39,34.23,32.25,entsoe.eu,false,""
2024-06-11T23:00:00.000000,Poland,Poland,PL,527.26,586.42,32.96,30.92,entsoe.eu,false,""
2024-06-12T00:00:00.000000,Poland,Poland,PL,525.63,584.34,33.14,31.17,entsoe.eu,false,""
2024-06-12T01:00:00.000000,Poland,Poland,PL,532.11,591.26,32.31,30.3,entsoe.eu,false,""
2024-06-12T02:00:00.000000,Poland,Poland,PL,528.96,588.59,32.68,30.56,entsoe.eu,false,""
2024-06-12T03:00:00.000000,Poland,Poland,PL,550.35,610.51,30.56,28.74,entsoe.eu,false,""
2024-06-12T04:00:00.000000,Poland,Poland,PL,560.92,620.29,29.77,28.34,entsoe.eu,false,""
2024-06-12T05:00:00.000000,Poland,Poland,PL,529.66,588.32,33.3,32.18,entsoe.eu,false,""
2024-06-12T06:00:00.000000,Poland,Poland,PL,472.28,528.75,40.76,39.82,entsoe.eu,false,""
2024-06-12T07:00:00.000000,Poland,Poland,PL,416.56,471.25,47.57,46.61,entsoe.eu,false,""
2024-06-12T08:00:00.000000,Poland,Poland,PL,382.45,435.95,51.58,50.77,entsoe.eu,false,""
2024-06-12T09:00:00.000000,Poland,Poland,PL,380.32,433.63,51.82,51.2,entsoe.eu,false,""
2024-06-12T10:00:00.000000,Poland,Poland,PL,382.12,435.47,51.61,50.89,entsoe.eu,false,""
2024-06-12T11:00:00.000000,Poland,Poland,PL,392.34,445.91,50.46,49.71,entsoe.eu,false,""
2024-06-12T12:00:00.000000,Poland,Poland,PL,409.22,462.99,48.95,48.26,entsoe.eu,false,""
2024-06-12T13:00:00.000000,Poland,Poland,PL,431.78,485.24,47.25,46.53,entsoe.eu,false,""
2024-06-12T14:00:00.000000,Poland,Poland,PL,472.37,527.08,42.31,41.28,entsoe.eu,false,""
2024-06-12T15:00:00.000000,Poland,Poland,PL,508.53,564.71,37.93,36.76,entsoe.eu,false,""
2024-06-12T16:00:00.000000,Poland,Poland,PL,571.66,631.46,29.89,28.24,entsoe.eu,false,""
2024-06-12T17:00:00.000000,Poland,Poland,PL,644.65,707.22,20.61,18.99,entsoe.eu,false,""
2024-06-12T18:00:00.000000,Poland,Poland,PL,671.53,734.13,17.22,15.85,entsoe.eu,false,""
2024-06-12T19:00:00.000000,Poland,Poland,PL,688.46,751.4,15.1,13.73,entsoe.eu,false,""
2024-06-12T20:00:00.000000,Poland,Poland,PL,667.21,731.93,17.53,15.25,entsoe.eu,false,""
2024-06-12T21:00:00.000000,Poland,Poland,PL,642.39,706.17,20.92,17.68,entsoe.eu,false,""
2024-06-12T22:00:00.000000,Poland,Poland,PL,630.32,693.49,22.7,18.59,entsoe.eu,false,""
2024-06-12T23:00:00.000000,Poland,Poland,PL,635.9,700.62,21.46,18.32,entsoe.eu,false,""
2024-06-13T00:00:00.000000,Poland,Poland,PL,637.12,701.57,21.09,18.45,entsoe.eu,false,""
2024-06-13T01:00:00.000000,Poland,Poland,PL,650.27,714.82,20.04,17.33,entsoe.eu,false,""
2024-06-13T02:00:00.000000,Poland,Poland,PL,652.65,716.77,20.19,17.66,entsoe.eu,false,""
2024-06-13T03:00:00.000000,Poland,Poland,PL,622.78,685.96,23.83,20.14,entsoe.eu,false,""
2024-06-13T04:00:00.000000,Poland,Poland,PL,624.2,686.95,23.41,21.56,entsoe.eu,false,""
2024-06-13T05:00:00.000000,Poland,Poland,PL,588.22,649.11,27.86,26.48,entsoe.eu,false,""
2024-06-13T06:00:00.000000,Poland,Poland,PL,528.54,586.76,35.48,34.17,entsoe.eu,false,""
2024-06-13T07:00:00.000000,Poland,Poland,PL,510.32,567.26,37.95,36.81,entsoe.eu,false,""
2024-06-13T08:00:00.000000,Poland,Poland,PL,507.06,563.84,38.35,37.28,entsoe.eu,false,""
2024-06-13T09:00:00.000000,Poland,Poland,PL,501.07,557.6,38.89,37.86,entsoe.eu,false,""
2024-06-13T10:00:00.000000,Poland,Poland,PL,494.34,550.9,39.55,38.51,entsoe.eu,false,""
2024-06-13T11:00:00.000000,Poland,Poland,PL,501.78,558.6,38.63,37.6,entsoe.eu,false,""
2024-06-13T12:00:00.000000,Poland,Poland,PL,497.98,554.21,39.35,38.33,entsoe.eu,false,""
2024-06-13T13:00:00.000000,Poland,Poland,PL,503.28,560.19,38.72,37.64,entsoe.eu,false,""
2024-06-13T14:00:00.000000,Poland,Poland,PL,523.54,581.81,36.05,34.37,entsoe.eu,false,""
2024-06-13T15:00:00.000000,Poland,Poland,PL,559.54,619.11,31.76,29.19,entsoe.eu,false,""
2024-06-13T16:00:00.000000,Poland,Poland,PL,604.14,665.55,25.98,23.18,entsoe.eu,false,""
2024-06-13T17:00:00.000000,Poland,Poland,PL,680.36,744.84,16.35,14.92,entsoe.eu,false,""
2024-06-13T18:00:00.000000,Poland,Poland,PL,702.22,766.47,13.37,12.21,entsoe.eu,false,""
2024-06-13T19:00:00.000000,Poland,Poland,PL,712.85,778.1,11.9,10.66,entsoe.eu,false,""
2024-06-13T20:00:00.000000,Poland,Poland,PL,716.67,782.74,11.4,10.09,entsoe.eu,false,""
2024-06-13T21:00:00.000000,Poland,Poland,PL,713.7,780.68,11.85,10.34,entsoe.eu,false,""
2024-06-13T22:00:00.000000,Poland,Poland,PL,681.67,751.42,13.97,11.84,entsoe.eu,false,""
2024-06-13T23:00:00.000000,Poland,Poland,PL,672.06,741.88,14.71,12.54,entsoe.eu,false,""
2024-06-14T00:00:00.000000,Poland,Poland,PL,645.47,714.54,18.23,15.82,entsoe.eu,false,""
2024-06-14T01:00:00.000000,Poland,Poland,PL,639.74,708.29,18.94,16.51,entsoe.eu,false,""
2024-06-14T02:00:00.000000,Poland,Poland,PL,632.9,701.18,19.72,17.36,entsoe.eu,false,""
2024-06-14T03:00:00.000000,Poland,Poland,PL,602.86,670.1,23.28,21.11,entsoe.eu,false,""
2024-06-14T04:00:00.000000,Poland,Poland,PL,578.95,644.4,25.99,24.37,entsoe.eu,false,""
2024-06-14T05:00:00.000000,Poland,Poland,PL,536.22,598.3,31.86,30.56,entsoe.eu,false,""
2024-06-14T06:00:00.000000,Poland,Poland,PL,488.95,549.19,37.68,36.77,entsoe.eu,false,""
2024-06-14T07:00:00.000000,Poland,Poland,PL,428.29,486.21,45.65,44.78,entsoe.eu,false,""
2024-06-14T08:00:00.000000,Poland,Poland,PL,384.78,441.45,50.82,49.88,entsoe.eu,false,""
2024-06-14T09:00:00.000000,Poland,Poland,PL,381.83,438.44,51.2,50.18,entsoe.eu,false,""
2024-06-14T10:00:00.000000,Poland,Poland,PL,391.51,448.43,50.0,48.85,entsoe.eu,false,""
2024-06-14T11:00:00.000000,Poland,Poland,PL,406.84,464.42,47.99,46.83,entsoe.eu,false,""
2024-06-14T12:00:00.000000,Poland,Poland,PL,422.58,480.44,46.37,45.17,entsoe.eu,false,""
2024-06-14T13:00:00.000000,Poland,Poland,PL,450.89,509.92,42.73,41.58,entsoe.eu,false,""
2024-06-14T14:00:00.000000,Poland,Poland,PL,480.68,541.31,39.03,37.88,entsoe.eu,false,""
2024-06-14T15:00:00.000000,Poland,Poland,PL,537.9,600.9,32.04,30.7,entsoe.eu,false,""
2024-06-14T16:00:00.000000,Poland,Poland,PL,605.17,670.29,23.47,22.24,entsoe.eu,false,""
2024-06-14T17:00:00.000000,Poland,Poland,PL,633.71,699.5,19.81,17.91,entsoe.eu,false,""
2024-06-14T18:00:00.000000,Poland,Poland,PL,652.1,718.15,17.55,15.65,entsoe.eu,false,""
2024-06-14T19:00:00.000000,Poland,Poland,PL,630.1,695.83,20.25,17.68,entsoe.eu,false,""
2024-06-14T20:00:00.000000,Poland,Poland,PL,613.41,678.15,22.09,19.86,entsoe.eu,false,""
2024-06-14T21:00:00.000000,Poland,Poland,PL,596.36,659.64,24.54,22.46,entsoe.eu,false,""
2024-06-14T22:00:00.000000,Poland,Poland,PL,537.57,600.27,31.11,28.73,entsoe.eu,false,""
2024-06-14T23:00:00.000000,Poland,Poland,PL,533.37,596.13,31.16,29.04,entsoe.eu,false,""
2024-06-15T00:00:00.000000,Poland,Poland,PL,522.25,584.53,32.63,30.48,entsoe.eu,false,""
2024-06-15T01:00:00.000000,Poland,Poland,PL,527.46,589.48,31.98,29.96,entsoe.eu,false,""
2024-06-15T02:00:00.000000,Poland,Poland,PL,514.59,575.89,33.31,31.41,entsoe.eu,false,""
2024-06-15T03:00:00.000000,Poland,Poland,PL,479.23,540.14,37.58,36.54,entsoe.eu,false,""
2024-06-15T04:00:00.000000,Poland,Poland,PL,442.81,504.11,41.99,41.19,entsoe.eu,false,""
2024-06-15T05:00:00.000000,Poland,Poland,PL,398.62,458.26,47.62,46.95,entsoe.eu,false,""
2024-06-15T06:00:00.000000,Poland,Poland,PL,337.25,393.03,55.51,55.04,entsoe.eu,false,""
2024-06-15T07:00:00.000000,Poland,Poland,PL,318.87,373.02,57.54,57.22,entsoe.eu,false,""
2024-06-15T08:00:00.000000,Poland,Poland,PL,309.44,361.56,58.83,58.39,entsoe.eu,false,""
2024-06-15T09:00:00.000000,Poland,Poland,PL,308.67,360.49,58.98,58.6,entsoe.eu,false,""
2024-06-15T10:00:00.000000,Poland,Poland,PL,303.62,355.19,59.93,59.58,entsoe.eu,false,""
2024-06-15T11:00:00.000000,Poland,Poland,PL,309.85,361.59,59.36,59.01,entsoe.eu,false,""
2024-06-15T12:00:00.000000,Poland,Poland,PL,331.57,385.11,56.42,56.0,entsoe.eu,false,""
2024-06-15T13:00:00.000000,Poland,Poland,PL,310.38,363.83,59.35,58.94,entsoe.eu,false,""
2024-06-15T14:00:00.000000,Poland,Poland,PL,369.06,425.71,51.83,51.4,entsoe.eu,false,""
2024-06-15T15:00:00.000000,Poland,Poland,PL,437.88,497.62,42.98,42.52,entsoe.eu,false,""
2024-06-15T16:00:00.000000,Poland,Poland,PL,466.06,526.85,39.65,38.3,entsoe.eu,false,""
2024-06-15T17:00:00.000000,Poland,Poland,PL,519.03,581.84,32.71,30.67,entsoe.eu,false,""
2024-06-15T18:00:00.000000,Poland,Poland,PL,537.47,601.05,30.35,27.57,entsoe.eu,false,""
2024-06-15T19:00:00.000000,Poland,Poland,PL,545.71,609.64,29.31,26.07,entsoe.eu,false,""
2024-06-15T20:00:00.000000,Poland,Poland,PL,552.27,617.25,28.67,25.8,entsoe.eu,false,""
2024-06-15T21:00:00.000000,Poland,Poland,PL,550.74,616.76,28.73,25.9,entsoe.eu,false,""
2024-06-15T22:00:00.000000,Poland,Poland,PL,539.32,606.01,29.8,26.76,entsoe.eu,false,""
2024-06-15T23:00:00.000000,Poland,Poland,PL,545.64,613.24,28.88,25.42,entsoe.eu,false,""
2024-06-16T00:00:00.000000,Poland,Poland,PL,558.05,626.62,27.28,24.19,entsoe.eu,false,""
2024-06-16T01:00:00.000000,Poland,Poland,PL,563.0,632.13,26.59,23.52,entsoe.eu,false,""
2024-06-16T02:00:00.000000,Poland,Poland,PL,563.02,632.61,26.44,23.69,entsoe.eu,false,""
2024-06-16T03:00:00.000000,Poland,Poland,PL,537.79,605.41,29.86,27.27,entsoe.eu,false,""
2024-06-16T04:00:00.000000,Poland,Poland,PL,499.75,564.85,34.68,32.71,entsoe.eu,false,""
2024-06-16T05:00:00.000000,Poland,Poland,PL,466.46,530.12,39.06,38.22,entsoe.eu,false,""
2024-06-16T06:00:00.000000,Poland,Poland,PL,435.17,497.72,43.24,42.56,entsoe.eu,false,""
2024-06-16T07:00:00.000000,Poland,Poland,PL,395.3,456.09,48.42,47.89,entsoe.eu,false,""
2024-06-16T08:00:00.000000,Poland,Poland,PL,385.75,445.36,49.79,49.36,entsoe.eu,false,""
2024-06-16T09:00:00.000000,Poland,Poland,PL,380.09,438.94,50.59,50.22,entsoe.eu,false,""
2024-06-16T10:00:00.000000,Poland,Poland,PL,393.67,452.89,48.78,48.39,entsoe.eu,false,""
2024-06-16T11:00:00.000000,Poland,Poland,PL,389.9,448.95,49.44,49.18,entsoe.eu,false,""
2024-06-16T12:00:00.000000,Poland,Poland,PL,395.59,455.32,48.64,48.44,entsoe.eu,false,""
2024-06-16T13:00:00.000000,Poland,Poland,PL,416.67,477.4,45.96,45.67,entsoe.eu,false,""
2024-06-16T14:00:00.000000,Poland,Poland,PL,444.1,506.19,42.5,41.92,entsoe.eu,false,""
2024-06-16T15:00:00.000000,Poland,Poland,PL,486.08,550.13,37.04,36.16,entsoe.eu,false,""
2024-06-16T16:00:00.000000,Poland,Poland,PL,502.48,566.29,35.35,31.95,entsoe.eu,false,""
2024-06-16T17:00:00.000000,Poland,Poland,PL,567.87,632.89,27.6,23.97,entsoe.eu,false,""
2024-06-16T18:00:00.000000,Poland,Poland,PL,583.37,648.45,25.44,22.04,entsoe.eu,false,""
2024-06-16T19:00:00.000000,Poland,Poland,PL,593.03,658.86,24.36,20.87,entsoe.eu,false,""
2024-06-16T20:00:00.000000,Poland,Poland,PL,592.01,658.65,24.56,21.12,entsoe.eu,false,""
2024-06-16T21:00:00.000000,Poland,Poland,PL,579.67,646.61,25.78,22.03,entsoe.eu,false,""
2024-06-16T22:00:00.000000,Poland,Poland,PL,568.25,636.62,26.66,23.45,entsoe.eu,false,""
2024-06-16T23:00:00.000000,Poland,Poland,PL,566.68,635.16,26.72,23.63,entsoe.eu,false,""
2024-06-17T00:00:00.000000,Poland,Poland,PL,569.0,637.43,26.44,23.18,entsoe.eu,false,""
2024-06-17T01:00:00.000000,Poland,Poland,PL,586.28,655.09,24.54,21.28,entsoe.eu,false,""
2024-06-17T02:00:00.000000,Poland,Poland,PL,591.79,660.37,24.07,20.87,entsoe.eu,false,""
2024-06-17T03:00:00.000000,Poland,Poland,PL,591.76,658.95,24.35,21.72,entsoe.eu,false,""
2024-06-17T04:00:00.000000,Poland,Poland,PL,576.97,642.71,26.47,24.72,entsoe.eu,false,""
2024-06-17T05:00:00.000000,Poland,Poland,PL,542.81,607.03,30.46,29.51,entsoe.eu,false,""
2024-06-17T06:00:00.000000,Poland,Poland,PL,478.81,540.25,38.74,38.32,entsoe.eu,false,""
2024-06-17T07:00:00.000000,Poland,Poland,PL,414.84,473.09,46.73,46.17,entsoe.eu,false,""
2024-06-17T08:00:00.000000,Poland,Poland,PL,365.83,421.84,52.8,51.88,entsoe.eu,false,""
2024-06-17T09:00:00.000000,Poland,Poland,PL,355.36,410.76,54.01,53.12,entsoe.eu,false,""
2024-06-17T10:00:00.000000,Poland,Poland,PL,356.97,412.08,53.97,52.91,entsoe.eu,false,""
2024-06-17T11:00:00.000000,Poland,Poland,PL,357.12,412.37,53.94,52.95,entsoe.eu,false,""
2024-06-17T12:00:00.000000,Poland,Poland,PL,366.63,422.61,52.49,51.2,entsoe.eu,false,""
2024-06-17T13:00:00.000000,Poland,Poland,PL,394.38,451.27,49.11,47.79,entsoe.eu,false,""
2024-06-17T14:00:00.000000,Poland,Poland,PL,446.55,505.49,42.57,40.97,entsoe.eu,false,""
2024-06-17T15:00:00.000000,Poland,Poland,PL,482.32,543.6,37.75,36.23,entsoe.eu,false,""
2024-06-17T16:00:00.000000,Poland,Poland,PL,568.94,635.05,26.08,24.58,entsoe.eu,false,""
2024-06-17T17:00:00.000000,Poland,Poland,PL,630.04,698.42,18.35,16.94,entsoe.eu,false,""
2024-06-17T18:00:00.000000,Poland,Poland,PL,645.14,714.68,16.35,14.57,entsoe.eu,false,""
2024-06-17T19:00:00.000000,Poland,Poland,PL,668.33,739.74,13.26,11.37,entsoe.eu,false,""
2024-06-17T20:00:00.000000,Poland,Poland,PL,673.33,745.23,12.33,10.59,entsoe.eu,false,""
2024-06-17T21:00:00.000000,Poland,Poland,PL,657.35,729.61,13.98,11.82,entsoe.eu,false,""
2024-06-17T22:00:00.000000,Poland,Poland,PL,645.16,717.34,15.37,13.03,entsoe.eu,false,""
2024-06-17T23:00:00.000000,Poland,Poland,PL,637.88,708.78,16.77,14.39,entsoe.eu,false,""
2024-06-18T00:00:00.000000,Poland,Poland,PL,626.88,697.4,17.96,15.6,entsoe.eu,false,""
2024-06-18T01:00:00.000000,Poland,Poland,PL,614.28,684.81,19.25,16.96,entsoe.eu,false,""
2024-06-18T02:00:00.000000,Poland,Poland,PL,599.29,669.54,20.97,18.57,entsoe.eu,false,""
2024-06-18T03:00:00.000000,Poland,Poland,PL,587.43,655.93,22.91,20.82,entsoe.eu,false,""
2024-06-18T04:00:00.000000,Poland,Poland,PL,576.52,643.71,24.55,22.83,entsoe.eu,false,""
2024-06-18T05:00:00.000000,Poland,Poland,PL,546.01,611.72,28.9,28.15,entsoe.eu,false,""
2024-06-18T06:00:00.000000,Poland,Poland,PL,474.02,535.76,38.18,37.56,entsoe.eu,false,""
2024-06-18T07:00:00.000000,Poland,Poland,PL,422.46,482.32,44.61,44.37,entsoe.eu,false,""
2024-06-18T08:00:00.000000,Poland,Poland,PL,379.1,437.3,49.94,49.7,entsoe.eu,false,""
2024-06-18T09:00:00.000000,Poland,Poland,PL,368.24,425.44,51.4,50.74,entsoe.eu,false,""
2024-06-18T10:00:00.000000,Poland,Poland,PL,372.51,429.84,50.82,50.12,entsoe.eu,false,""
2024-06-18T11:00:00.000000,Poland,Poland,PL,380.79,438.56,49.76,49.03,entsoe.eu,false,""
2024-06-18T12:00:00.000000,Poland,Poland,PL,395.98,454.32,47.91,47.17,entsoe.eu,false,""
2024-06-18T13:00:00.000000,Poland,Poland,PL,410.28,469.42,46.07,45.28,entsoe.eu,false,""
2024-06-18T14:00:00.000000,Poland,Poland,PL,465.6,526.99,39.17,38.27,entsoe.eu,false,""
2024-06-18T15:00:00.000000,Poland,Poland,PL,515.9,579.16,33.48,32.32,entsoe.eu,false,""
2024-06-18T16:00:00.000000,Poland,Poland,PL,578.55,644.34,25.76,24.23,entsoe.eu,false,""
2024-06-18T17:00:00.000000,Poland,Poland,PL,635.48,703.14,18.2,17.04,entsoe.eu,false,""
2024-06-18T18:00:00.000000,Poland,Poland,PL,648.24,714.79,17.56,16.26,entsoe.eu,false,""
2024-06-18T19:00:00.000000,Poland,Poland,PL,640.07,706.69,18.21,16.76,entsoe.eu,false,""
2024-06-18T20:00:00.000000,Poland,Poland,PL,595.58,661.18,23.45,21.54,entsoe.eu,false,""
2024-06-18T21:00:00.000000,Poland,Poland,PL,551.66,615.2,29.26,26.83,entsoe.eu,false,""
2024-06-18T22:00:00.000000,Poland,Poland,PL,536.35,597.44,31.04,29.54,entsoe.eu,false,""
2024-06-18T23:00:00.000000,Poland,Poland,PL,547.21,607.65,29.74,28.32,entsoe.eu,false,""
2024-06-19T00:00:00.000000,Poland,Poland,PL,555.92,616.27,28.85,27.49,entsoe.eu,false,""
2024-06-19T01:00:00.000000,Poland,Poland,PL,568.14,629.6,26.95,25.62,entsoe.eu,false,""
2024-06-19T02:00:00.000000,Poland,Poland,PL,556.51,617.43,28.25,27.01,entsoe.eu,false,""
2024-06-19T03:00:00.000000,Poland,Poland,PL,552.92,614.14,29.34,27.97,entsoe.eu,false,""
2024-06-19T04:00:00.000000,Poland,Poland,PL,547.6,608.66,30.14,29.0,entsoe.eu,false,""
2024-06-19T05:00:00.000000,Poland,Poland,PL,527.99,589.0,32.44,32.07,entsoe.eu,false,""
2024-06-19T06:00:00.000000,Poland,Poland,PL,489.2,548.75,37.31,37.03,entsoe.eu,false,""
2024-06-19T07:00:00.000000,Poland,Poland,PL,451.14,508.48,42.12,41.56,entsoe.eu,false,""
2024-06-19T08:00:00.000000,Poland,Poland,PL,416.57,472.09,46.68,46.2,entsoe.eu,false,""
2024-06-19T09:00:00.000000,Poland,Poland,PL,398.43,453.46,48.82,48.22,entsoe.eu,false,""
2024-06-19T10:00:00.000000,Poland,Poland,PL,400.87,456.74,48.38,47.72,entsoe.eu,false,""
2024-06-19T11:00:00.000000,Poland,Poland,PL,425.92,482.63,45.4,44.74,entsoe.eu,false,""
2024-06-19T12:00:00.000000,Poland,Poland,PL,437.53,495.08,43.74,43.06,entsoe.eu,false,""
2024-06-19T13:00:00.000000,Poland,Poland,PL,472.82,532.35,39.06,38.32,entsoe.eu,false,""
2024-06-19T14:00:00.000000,Poland,Poland,PL,498.34,558.77,35.75,34.95,entsoe.eu,false,""
2024-06-19T15:00:00.000000,Poland,Poland,PL,502.47,564.71,34.05,33.05,entsoe.eu,false,""
2024-06-19T16:00:00.000000,Poland,Poland,PL,520.99,583.8,31.35,30.16,entsoe.eu,false,""
2024-06-19T17:00:00.000000,Poland,Poland,PL,567.98,632.89,25.44,24.26,entsoe.eu,false,""
2024-06-19T18:00:00.000000,Poland,Poland,PL,587.76,653.04,22.87,21.66,entsoe.eu,false,""
2024-06-19T19:00:00.000000,Poland,Poland,PL,576.63,642.34,23.96,22.42,entsoe.eu,false,""
2024-06-19T20:00:00.000000,Poland,Poland,PL,567.52,633.15,25.13,23.51,entsoe.eu,false,""
2024-06-19T21:00:00.000000,Poland,Poland,PL,555.19,619.92,26.5,25.1,entsoe.eu,false,""
2024-06-19T22:00:00.000000,Poland,Poland,PL,549.87,614.54,27.0,25.8,entsoe.eu,false,""
2024-06-19T23:00:00.000000,Poland,Poland,PL,549.8,615.35,26.77,25.49,entsoe.eu,false,""
2024-06-20T00:00:00.000000,Poland,Poland,PL,559.93,625.48,25.65,24.38,entsoe.eu,false,""
2024-06-20T01:00:00.000000,Poland,Poland,PL,563.74,629.39,25.18,23.88,entsoe.eu,false,""
2024-06-20T02:00:00.000000,Poland,Poland,PL,553.71,619.08,26.33,25.06,entsoe.eu,false,""
2024-06-20T03:00:00.000000,Poland,Poland,PL,547.35,612.97,27.43,26.02,entsoe.eu,false,""
2024-06-20T04:00:00.000000,Poland,Poland,PL,530.85,594.59,30.7,29.2,entsoe.eu,false,""
2024-06-20T05:00:00.000000,Poland,Poland,PL,516.68,578.48,33.19,32.32,entsoe.eu,false,""
2024-06-20T06:00:00.000000,Poland,Poland,PL,446.97,505.4,42.26,41.47,entsoe.eu,false,""
2024-06-20T07:00:00.000000,Poland,Poland,PL,389.58,446.11,49.1,48.41,entsoe.eu,false,""
2024-06-20T08:00:00.000000,Poland,Poland,PL,348.16,403.82,53.84,53.42,entsoe.eu,false,""
2024-06-20T09:00:00.000000,Poland,Poland,PL,347.19,403.93,53.11,52.77,entsoe.eu,false,""
2024-06-20T10:00:00.000000,Poland,Poland,PL,336.42,392.91,54.49,54.24,entsoe.eu,false,""
2024-06-20T11:00:00.000000,Poland,Poland,PL,329.02,385.49,55.32,55.03,entsoe.eu,false,""
2024-06-20T12:00:00.000000,Poland,Poland,PL,334.53,390.37,55.27,54.95,entsoe.eu,false,""
2024-06-20T13:00:00.000000,Poland,Poland,PL,345.82,402.24,53.89,53.43,entsoe.eu,false,""
2024-06-20T14:00:00.000000,Poland,Poland,PL,387.24,444.6,49.54,48.72,entsoe.eu,false,""
2024-06-20T15:00:00.000000,Poland,Poland,PL,475.98,537.64,38.07,37.15,entsoe.eu,false,""
2024-06-20T16:00:00.000000,Poland,Poland,PL,534.76,601.06,29.7,28.1,entsoe.eu,false,""
2024-06-20T17:00:00.000000,Poland,Poland,PL,581.58,649.86,23.14,20.49,entsoe.eu,false,""
2024-06-20T18:00:00.000000,Poland,Poland,PL,605.39,674.93,20.1,16.68,entsoe.eu,false,""
2024-06-20T19:00:00.000000,Poland,Poland,PL,619.45,690.31,18.1,14.19,entsoe.eu,false,""
2024-06-20T20:00:00.000000,Poland,Poland,PL,624.43,696.47,17.25,13.31,entsoe.eu,false,""
2024-06-20T21:00:00.000000,Poland,Poland,PL,625.6,698.68,17.02,13.45,entsoe.eu,false,""
2024-06-20T22:00:00.000000,Poland,Poland,PL,644.03,714.78,17.03,13.46,entsoe.eu,false,""
2024-06-20T23:00:00.000000,Poland,Poland,PL,650.79,721.08,16.91,13.52,entsoe.eu,false,""
2024-06-21T00:00:00.000000,Poland,Poland,PL,655.38,725.27,16.22,13.09,entsoe.eu,false,""
2024-06-21T01:00:00.000000,Poland,Poland,PL,656.91,727.27,16.2,12.84,entsoe.eu,false,""
2024-06-21T02:00:00.000000,Poland,Poland,PL,644.06,714.54,17.33,14.26,entsoe.eu,false,""
2024-06-21T03:00:00.000000,Poland,Poland,PL,621.06,690.63,20.16,17.47,entsoe.eu,false,""
2024-06-21T04:00:00.000000,Poland,Poland,PL,593.44,661.14,23.65,21.93,entsoe.eu,false,""
2024-06-21T05:00:00.000000,Poland,Poland,PL,521.11,584.94,32.91,31.32,entsoe.eu,false,""
2024-06-21T06:00:00.000000,Poland,Poland,PL,487.78,549.01,37.47,37.38,entsoe.eu,false,""
2024-06-21T07:00:00.000000,Poland,Poland,PL,428.86,487.03,45.16,45.16,entsoe.eu,false,""
2024-06-21T08:00:00.000000,Poland,Poland,PL,395.75,452.13,49.51,49.44,entsoe.eu,false,""
2024-06-21T09:00:00.000000,Poland,Poland,PL,380.68,436.61,51.15,51.06,entsoe.eu,false,""
2024-06-21T10:00:00.000000,Poland,Poland,PL,358.4,413.4,54.08,53.98,entsoe.eu,false,""
2024-06-21T11:00:00.000000,Poland,Poland,PL,361.85,417.25,53.61,53.5,entsoe.eu,false,""
2024-06-21T12:00:00.000000,Poland,Poland,PL,375.03,431.1,51.92,51.09,entsoe.eu,false,""
2024-06-21T13:00:00.000000,Poland,Poland,PL,418.39,476.12,46.74,45.8,entsoe.eu,false,""
2024-06-21T14:00:00.000000,Poland,Poland,PL,481.87,541.82,38.98,37.91,entsoe.eu,false,""
2024-06-21T15:00:00.000000,Poland,Poland,PL,526.23,588.53,33.24,31.81,entsoe.eu,false,""
2024-06-21T16:00:00.000000,Poland,Poland,PL,569.87,633.97,27.35,25.66,entsoe.eu,false,""
2024-06-21T17:00:00.000000,Poland,Poland,PL,588.46,651.97,25.02,23.39,entsoe.eu,false,""
2024-06-21T18:00:00.000000,Poland,Poland,PL,597.01,660.7,23.84,22.15,entsoe.eu,false,""
2024-06-21T19:00:00.000000,Poland,Poland,PL,584.5,647.57,25.29,23.7,entsoe.eu,false,""
2024-06-21T20:00:00.000000,Poland,Poland,PL,563.74,625.84,27.88,26.29,entsoe.eu,false,""
2024-06-21T21:00:00.000000,Poland,Poland,PL,539.89,600.34,31.09,29.39,entsoe.eu,false,""
2024-06-21T22:00:00.000000,Poland,Poland,PL,521.55,580.97,33.07,31.16,entsoe.eu,false,""
2024-06-21T23:00:00.000000,Poland,Poland,PL,526.41,586.32,32.2,30.2,entsoe.eu,false,""
2024-06-22T00:00:00.000000,Poland,Poland,PL,526.23,586.16,32.07,30.02,entsoe.eu,false,""
2024-06-22T01:00:00.000000,Poland,Poland,PL,533.89,595.54,30.85,28.85,entsoe.eu,false,""
2024-06-22T02:00:00.000000,Poland,Poland,PL,525.39,586.59,32.27,30.23,entsoe.eu,false,""
2024-06-22T03:00:00.000000,Poland,Poland,PL,503.45,564.47,34.91,32.62,entsoe.eu,false,""
2024-06-22T04:00:00.000000,Poland,Poland,PL,487.37,547.28,37.14,34.98,entsoe.eu,false,""
2024-06-22T05:00:00.000000,Poland,Poland,PL,498.84,559.44,35.73,33.99,entsoe.eu,false,""
2024-06-22T06:00:00.000000,Poland,Poland,PL,506.27,566.81,34.97,33.59,entsoe.eu,false,""
2024-06-22T07:00:00.000000,Poland,Poland,PL,477.98,537.8,38.48,37.28,entsoe.eu,false,""
2024-06-22T08:00:00.000000,Poland,Poland,PL,427.07,484.78,44.47,44.2,entsoe.eu,false,""
2024-06-22T09:00:00.000000,Poland,Poland,PL,370.43,424.87,51.5,51.29,entsoe.eu,false,""
2024-06-22T10:00:00.000000,Poland,Poland,PL,346.55,399.37,54.09,54.08,entsoe.eu,false,""
2024-06-22T11:00:00.000000,Poland,Poland,PL,299.02,349.47,59.45,59.43,entsoe.eu,false,""
2024-06-22T12:00:00.000000,Poland,Poland,PL,278.34,326.0,62.99,62.98,entsoe.eu,false,""
2024-06-22T13:00:00.000000,Poland,Poland,PL,299.17,348.31,60.07,60.01,entsoe.eu,false,""
2024-06-22T14:00:00.000000,Poland,Poland,PL,313.38,363.81,57.97,57.86,entsoe.eu,false,""
2024-06-22T15:00:00.000000,Poland,Poland,PL,354.01,407.71,52.09,51.59,entsoe.eu,false,""
2024-06-22T16:00:00.000000,Poland,Poland,PL,397.91,454.06,46.55,45.28,entsoe.eu,false,""
2024-06-22T17:00:00.000000,Poland,Poland,PL,461.67,521.15,38.42,36.85,entsoe.eu,false,""
2024-06-22T18:00:00.000000,Poland,Poland,PL,511.65,573.45,32.0,30.29,entsoe.eu,false,""
2024-06-22T19:00:00.000000,Poland,Poland,PL,528.72,592.14,29.35,27.53,entsoe.eu,false,""
2024-06-22T20:00:00.000000,Poland,Poland,PL,527.26,591.39,29.8,27.81,entsoe.eu,false,""
2024-06-22T21:00:00.000000,Poland,Poland,PL,524.51,588.19,30.09,28.19,entsoe.eu,false,""
2024-06-22T22:00:00.000000,Poland,Poland,PL,501.63,563.76,32.65,30.95,entsoe.eu,false,""
2024-06-22T23:00:00.000000,Poland,Poland,PL,478.46,539.9,35.02,33.14,entsoe.eu,false,""
2024-06-23T00:00:00.000000,Poland,Poland,PL,457.65,518.6,37.28,35.28,entsoe.eu,false,""
2024-06-23T01:00:00.000000,Poland,Poland,PL,456.64,516.56,37.85,36.07,entsoe.eu,false,""
2024-06-23T02:00:00.000000,Poland,Poland,PL,462.42,520.38,38.82,37.03,entsoe.eu,false,""
2024-06-23T03:00:00.000000,Poland,Poland,PL,449.27,505.73,40.81,39.22,entsoe.eu,false,""
2024-06-23T04:00:00.000000,Poland,Poland,PL,430.05,485.52,43.53,42.09,entsoe.eu,false,""
2024-06-23T05:00:00.000000,Poland,Poland,PL,414.81,470.65,45.35,44.89,entsoe.eu,false,""
2024-06-23T06:00:00.000000,Poland,Poland,PL,375.81,429.28,50.54,50.54,entsoe.eu,false,""
2024-06-23T07:00:00.000000,Poland,Poland,PL,346.92,399.43,54.28,54.2,entsoe.eu,false,""
2024-06-23T08:00:00.000000,Poland,Poland,PL,356.23,410.32,52.94,52.82,entsoe.eu,false,""
2024-06-23T09:00:00.000000,Poland,Poland,PL,383.65,439.77,48.99,48.92,entsoe.eu,false,""
2024-06-23T10:00:00.000000,Poland,Poland,PL,390.9,447.1,48.18,48.15,entsoe.eu,false,""
2024-06-23T11:00:00.000000,Poland,Poland,PL,381.31,437.31,49.31,49.29,entsoe.eu,false,""
2024-06-23T12:00:00.000000,Poland,Poland,PL,383.03,439.04,49.22,49.19,entsoe.eu,false,""
2024-06-23T13:00:00.000000,Poland,Poland,PL,385.06,441.71,48.91,48.82,entsoe.eu,false,""
2024-06-23T14:00:00.000000,Poland,Poland,PL,393.72,450.88,47.42,47.21,entsoe.eu,false,""
2024-06-23T15:00:00.000000,Poland,Poland,PL,409.52,467.96,45.46,44.98,entsoe.eu,false,""
2024-06-23T16:00:00.000000,Poland,Poland,PL,414.89,472.2,44.52,43.43,entsoe.eu,false,""
2024-06-23T17:00:00.000000,Poland,Poland,PL,471.97,530.72,37.62,36.36,entsoe.eu,false,""
2024-06-23T18:00:00.000000,Poland,Poland,PL,496.98,556.77,35.0,33.16,entsoe.eu,false,""
2024-06-23T19:00:00.000000,Poland,Poland,PL,531.9,594.13,30.3,28.29,entsoe.eu,false,""
2024-06-23T20:00:00.000000,Poland,Poland,PL,532.28,595.3,30.34,28.3,entsoe.eu,false,""
2024-06-23T21:00:00.000000,Poland,Poland,PL,535.51,599.93,30.01,27.9,entsoe.eu,false,""
2024-06-23T22:00:00.000000,Poland,Poland,PL,551.72,616.6,27.84,25.8,entsoe.eu,false,""
2024-06-23T23:00:00.000000,Poland,Poland,PL,567.17,632.31,26.01,23.94,entsoe.eu,false,""
2024-06-24T00:00:00.000000,Poland,Poland,PL,566.28,631.97,26.03,23.79,entsoe.eu,false,""
2024-06-24T01:00:00.000000,Poland,Poland,PL,572.9,638.53,25.25,23.11,entsoe.eu,false,""
2024-06-24T02:00:00.000000,Poland,Poland,PL,565.98,631.25,26.14,24.07,entsoe.eu,false,""
2024-06-24T03:00:00.000000,Poland,Poland,PL,564.54,629.65,26.58,24.86,entsoe.eu,false,""
2024-06-24T04:00:00.000000,Poland,Poland,PL,583.98,650.87,24.07,22.71,entsoe.eu,false,""
2024-06-24T05:00:00.000000,Poland,Poland,PL,548.38,613.59,28.92,27.92,entsoe.eu,false,""
2024-06-24T06:00:00.000000,Poland,Poland,PL,495.37,557.0,35.81,34.96,entsoe.eu,false,""
2024-06-24T07:00:00.000000,Poland,Poland,PL,471.46,531.56,39.01,38.15,entsoe.eu,false,""
2024-06-24T08:00:00.000000,Poland,Poland,PL,436.07,495.18,43.34,42.49,entsoe.eu,false,""
2024-06-24T09:00:00.000000,Poland,Poland,PL,424.76,483.61,44.67,43.85,entsoe.eu,false,""
2024-06-24T10:00:00.000000,Poland,Poland,PL,420.19,478.76,45.36,44.65,entsoe.eu,false,""
2024-06-24T11:00:00.000000,Poland,Poland,PL,431.62,490.72,43.76,43.0,entsoe.eu,false,""
2024-06-24T12:00:00.000000,Poland,Poland,PL,442.39,502.52,42.15,41.52,entsoe.eu,false,""
2024-06-24T13:00:00.000000,Poland,Poland,PL,435.0,494.95,43.38,42.33,entsoe.eu,false,""
2024-06-24T14:00:00.000000,Poland,Poland,PL,462.5,523.81,40.01,38.79,entsoe.eu,false,""
2024-06-24T15:00:00.000000,Poland,Poland,PL,524.58,588.44,32.19,30.9,entsoe.eu,false,""
2024-06-24T16:00:00.000000,Poland,Poland,PL,574.89,641.98,25.06,23.6,entsoe.eu,false,""
2024-06-24T17:00:00.000000,Poland,Poland,PL,621.01,689.56,18.94,17.37,entsoe.eu,false,""
2024-06-24T18:00:00.000000,Poland,Poland,PL,640.2,709.3,16.43,14.35,entsoe.eu,false,""
2024-06-24T19:00:00.000000,Poland,Poland,PL,642.97,712.9,15.97,13.56,entsoe.eu,false,""
2024-06-24T20:00:00.000000,Poland,Poland,PL,620.83,691.91,17.55,14.64,entsoe.eu,false,""
2024-06-24T21:00:00.000000,Poland,Poland,PL,629.08,701.27,16.55,14.0,entsoe.eu,false,""
2024-06-24T22:00:00.000000,Poland,Poland,PL,649.34,722.38,13.47,11.78,entsoe.eu,false,""
2024-06-24T23:00:00.000000,Poland,Poland,PL,640.11,713.67,14.19,12.32,entsoe.eu,false,""
2024-06-25T00:00:00.000000,Poland,Poland,PL,638.46,712.14,14.74,12.74,entsoe.eu,false,""
2024-06-25T01:00:00.000000,Poland,Poland,PL,640.26,713.82,14.71,12.8,entsoe.eu,false,""
2024-06-25T02:00:00.000000,Poland,Poland,PL,636.91,710.2,15.09,13.17,entsoe.eu,false,""
2024-06-25T03:00:00.000000,Poland,Poland,PL,626.79,698.69,16.95,15.2,entsoe.eu,false,""
2024-06-25T04:00:00.000000,Poland,Poland,PL,603.37,673.71,19.96,18.41,entsoe.eu,false,""
2024-06-25T05:00:00.000000,Poland,Poland,PL,555.72,623.5,26.31,25.02,entsoe.eu,false,""
2024-06-25T06:00:00.000000,Poland,Poland,PL,527.33,592.3,30.81,30.5,entsoe.eu,false,""
2024-06-25T07:00:00.000000,Poland,Poland,PL,463.0,525.0,39.16,38.9,entsoe.eu,false,""
2024-06-25T08:00:00.000000,Poland,Poland,PL,401.26,461.11,46.67,46.0,entsoe.eu,false,""
2024-06-25T09:00:00.000000,Poland,Poland,PL,397.24,456.94,47.25,46.73,entsoe.eu,false,""
2024-06-25T10:00:00.000000,Poland,Poland,PL,402.98,462.93,46.48,46.23,entsoe.eu,false,""
2024-06-25T11:00:00.000000,Poland,Poland,PL,409.18,469.31,45.72,45.69,entsoe.eu,false,""
2024-06-25T12:00:00.000000,Poland,Poland,PL,410.73,471.27,45.18,44.99,entsoe.eu,false,""
2024-06-25T13:00:00.000000,Poland,Poland,PL,415.22,475.81,44.72,44.08,entsoe.eu,false,""
2024-06-25T14:00:00.000000,Poland,Poland,PL,439.82,501.4,41.49,40.48,entsoe.eu,false,""
2024-06-25T15:00:00.000000,Poland,Poland,PL,494.59,558.43,34.5,33.33,entsoe.eu,false,""
2024-06-25T16:00:00.000000,Poland,Poland,PL,566.76,633.64,25.06,23.78,entsoe.eu,false,""
2024-06-25T17:00:00.000000,Poland,Poland,PL,597.51,665.6,21.04,19.4,entsoe.eu,false,""
2024-06-25T18:00:00.000000,Poland,Poland,PL,623.99,692.02,18.17,16.43,entsoe.eu,false,""
2024-06-25T19:00:00.000000,Poland,Poland,PL,628.97,696.26,18.36,16.58,entsoe.eu,false,""
2024-06-25T20:00:00.000000,Poland,Poland,PL,627.93,695.88,18.37,16.71,entsoe.eu,false,""
2024-06-25T21:00:00.000000,Poland,Poland,PL,599.92,667.39,21.67,19.87,entsoe.eu,false,""
2024-06-25T22:00:00.000000,Poland,Poland,PL,590.91,659.35,22.5,21.26,entsoe.eu,false,""
2024-06-25T23:00:00.000000,Poland,Poland,PL,588.57,655.97,23.4,21.97,entsoe.eu,false,""
2024-06-26T00:00:00.000000,Poland,Poland,PL,596.36,663.54,22.56,21.03,entsoe.eu,false,""
2024-06-26T01:00:00.000000,Poland,Poland,PL,590.66,657.54,23.14,21.0,entsoe.eu,false,""
2024-06-26T02:00:00.000000,Poland,Poland,PL,587.9,654.76,23.4,21.52,entsoe.eu,false,""
2024-06-26T03:00:00.000000,Poland,Poland,PL,571.24,637.52,25.66,23.92,entsoe.eu,false,""
2024-06-26T04:00:00.000000,Poland,Poland,PL,543.15,609.04,28.75,27.0,entsoe.eu,false,""
2024-06-26T05:00:00.000000,Poland,Poland,PL,519.95,585.31,31.64,31.31,entsoe.eu,false,""
2024-06-26T06:00:00.000000,Poland,Poland,PL,464.28,525.45,39.42,39.29,entsoe.eu,false,""
2024-06-26T07:00:00.000000,Poland,Poland,PL,392.45,449.73,48.61,48.37,entsoe.eu,false,""
2024-06-26T08:00:00.000000,Poland,Poland,PL,353.79,409.27,53.39,53.05,entsoe.eu,false,""
2024-06-26T09:00:00.000000,Poland,Poland,PL,339.7,393.97,55.51,54.85,entsoe.eu,false,""
2024-06-26T10:00:00.000000,Poland,Poland,PL,345.49,400.31,54.91,54.33,entsoe.eu,false,""
2024-06-26T11:00:00.000000,Poland,Poland,PL,360.02,415.48,53.05,52.56,entsoe.eu,false,""
2024-06-26T12:00:00.000000,Poland,Poland,PL,371.62,427.63,51.69,51.04,entsoe.eu,false,""
2024-06-26T13:00:00.000000,Poland,Poland,PL,400.04,457.77,47.91,47.12,entsoe.eu,false,""
2024-06-26T14:00:00.000000,Poland,Poland,PL,434.0,493.18,43.76,42.65,entsoe.eu,false,""
2024-06-26T15:00:00.000000,Poland,Poland,PL,495.73,557.89,35.97,34.75,entsoe.eu,false,""
2024-06-26T16:00:00.000000,Poland,Poland,PL,563.5,628.93,26.7,25.35,entsoe.eu,false,""
2024-06-26T17:00:00.000000,Poland,Poland,PL,598.72,665.36,21.9,20.13,entsoe.eu,false,""
2024-06-26T18:00:00.000000,Poland,Poland,PL,602.1,668.1,21.27,19.57,entsoe.eu,false,""
2024-06-26T19:00:00.000000,Poland,Poland,PL,603.69,669.38,21.15,19.56,entsoe.eu,false,""
2024-06-26T20:00:00.000000,Poland,Poland,PL,581.03,646.14,24.11,22.52,entsoe.eu,false,""
2024-06-26T21:00:00.000000,Poland,Poland,PL,590.2,655.74,23.36,22.7,entsoe.eu,false,""
2024-06-26T22:00:00.000000,Poland,Poland,PL,556.56,620.53,27.24,25.59,entsoe.eu,false,""
2024-06-26T23:00:00.000000,Poland,Poland,PL,549.21,612.57,28.54,26.7,entsoe.eu,false,""
2024-06-27T00:00:00.000000,Poland,Poland,PL,558.34,622.49,27.39,25.37,entsoe.eu,false,""
2024-06-27T01:00:00.000000,Poland,Poland,PL,571.83,636.65,25.79,23.74,entsoe.eu,false,""
2024-06-27T02:00:00.000000,Poland,Poland,PL,574.64,639.47,25.7,23.44,entsoe.eu,false,""
2024-06-27T03:00:00.000000,Poland,Poland,PL,558.14,622.31,27.84,25.7,entsoe.eu,false,""
2024-06-27T04:00:00.000000,Poland,Poland,PL,538.05,602.76,29.88,27.95,entsoe.eu,false,""
2024-06-27T05:00:00.000000,Poland,Poland,PL,515.9,580.21,32.46,31.03,entsoe.eu,false,""
2024-06-27T06:00:00.000000,Poland,Poland,PL,474.83,537.23,37.53,36.57,entsoe.eu,false,""
2024-06-27T07:00:00.000000,Poland,Poland,PL,422.03,482.04,44.2,44.0,entsoe.eu,false,""
2024-06-27T08:00:00.000000,Poland,Poland,PL,351.35,407.84,53.08,52.82,entsoe.eu,false,""
2024-06-27T09:00:00.000000,Poland,Poland,PL,328.7,383.67,56.29,56.0,entsoe.eu,false,""
2024-06-27T10:00:00.000000,Poland,Poland,PL,344.54,400.54,54.15,53.95,entsoe.eu,false,""
2024-06-27T11:00:00.000000,Poland,Poland,PL,365.62,422.66,51.53,51.3,entsoe.eu,false,""
2024-06-27T12:00:00.000000,Poland,Poland,PL,396.43,454.54,47.76,47.54,entsoe.eu,false,""
2024-06-27T13:00:00.000000,Poland,Poland,PL,426.06,485.17,44.29,43.94,entsoe.eu,false,""
2024-06-27T14:00:00.000000,Poland,Poland,PL,457.9,517.95,39.99,39.3,entsoe.eu,false,""
2024-06-27T15:00:00.000000,Poland,Poland,PL,470.55,531.94,37.75,36.42,entsoe.eu,false,""
2024-06-27T16:00:00.000000,Poland,Poland,PL,513.61,575.37,32.73,31.27,entsoe.eu,false,""
2024-06-27T17:00:00.000000,Poland,Poland,PL,554.66,617.35,27.6,26.13,entsoe.eu,false,""
2024-06-27T18:00:00.000000,Poland,Poland,PL,573.48,637.36,25.04,23.4,entsoe.eu,false,""
2024-06-27T19:00:00.000000,Poland,Poland,PL,571.94,635.84,24.93,22.83,entsoe.eu,false,""
2024-06-27T20:00:00.000000,Poland,Poland,PL,570.07,635.63,24.96,22.77,entsoe.eu,false,""
2024-06-27T21:00:00.000000,Poland,Poland,PL,583.7,650.82,23.2,21.24,entsoe.eu,false,""
2024-06-27T22:00:00.000000,Poland,Poland,PL,598.42,667.48,20.88,18.95,entsoe.eu,false,""
2024-06-27T23:00:00.000000,Poland,Poland,PL,597.6,665.32,21.59,19.63,entsoe.eu,false,""
2024-06-28T00:00:00.000000,Poland,Poland,PL,583.59,650.27,23.34,21.23,entsoe.eu,false,""
2024-06-28T01:00:00.000000,Poland,Poland,PL,573.45,640.18,24.3,22.02,entsoe.eu,false,""
2024-06-28T02:00:00.000000,Poland,Poland,PL,555.83,621.9,26.49,24.18,entsoe.eu,false,""
2024-06-28T03:00:00.000000,Poland,Poland,PL,546.89,612.7,28.16,26.01,entsoe.eu,false,""
2024-06-28T04:00:00.000000,Poland,Poland,PL,537.65,603.36,29.47,27.55,entsoe.eu,false,""
2024-06-28T05:00:00.000000,Poland,Poland,PL,520.24,584.85,31.94,30.42,entsoe.eu,false,""
2024-06-28T06:00:00.000000,Poland,Poland,PL,492.16,554.58,35.82,34.66,entsoe.eu,false,""
2024-06-28T07:00:00.000000,Poland,Poland,PL,429.22,488.94,43.62,42.53,entsoe.eu,false,""
2024-06-28T08:00:00.000000,Poland,Poland,PL,381.9,439.88,49.26,48.36,entsoe.eu,false,""
2024-06-28T09:00:00.000000,Poland,Poland,PL,371.32,428.08,51.13,50.76,entsoe.eu,false,""
2024-06-28T10:00:00.000000,Poland,Poland,PL,361.82,418.26,52.09,51.64,entsoe.eu,false,""
2024-06-28T11:00:00.000000,Poland,Poland,PL,361.56,418.27,51.81,51.32,entsoe.eu,false,""
2024-06-28T12:00:00.000000,Poland,Poland,PL,380.32,438.13,49.09,48.68,entsoe.eu,false,""
2024-06-28T13:00:00.000000,Poland,Poland,PL,415.78,475.22,44.36,43.98,entsoe.eu,false,""
2024-06-28T14:00:00.000000,Poland,Poland,PL,463.32,524.51,38.32,37.93,entsoe.eu,false,""
2024-06-28T15:00:00.000000,Poland,Poland,PL,481.39,543.76,35.69,34.92,entsoe.eu,false,""
2024-06-28T16:00:00.000000,Poland,Poland,PL,515.73,579.23,31.56,30.45,entsoe.eu,false,""
2024-06-28T17:00:00.000000,Poland,Poland,PL,552.96,617.64,26.87,24.96,entsoe.eu,false,""
2024-06-28T18:00:00.000000,Poland,Poland,PL,575.23,641.05,23.97,21.58,entsoe.eu,false,""
2024-06-28T19:00:00.000000,Poland,Poland,PL,594.19,660.85,21.79,19.75,entsoe.eu,false,""
2024-06-28T20:00:00.000000,Poland,Poland,PL,595.15,663.83,21.45,18.74,entsoe.eu,false,""
2024-06-28T21:00:00.000000,Poland,Poland,PL,599.3,668.64,20.84,18.8,entsoe.eu,false,""
2024-06-28T22:00:00.000000,Poland,Poland,PL,590.26,660.11,21.25,19.38,entsoe.eu,false,""
2024-06-28T23:00:00.000000,Poland,Poland,PL,594.06,663.59,21.13,19.25,entsoe.eu,false,""
2024-06-29T00:00:00.000000,Poland,Poland,PL,598.5,669.25,19.91,18.09,entsoe.eu,false,""
2024-06-29T01:00:00.000000,Poland,Poland,PL,597.75,668.79,19.88,17.89,entsoe.eu,false,""
2024-06-29T02:00:00.000000,Poland,Poland,PL,597.38,668.78,19.84,17.91,entsoe.eu,false,""
2024-06-29T03:00:00.000000,Poland,Poland,PL,574.21,645.49,22.7,20.62,entsoe.eu,false,""
2024-06-29T04:00:00.000000,Poland,Poland,PL,538.46,608.02,27.58,25.65,entsoe.eu,false,""
2024-06-29T05:00:00.000000,Poland,Poland,PL,498.11,564.78,32.87,31.67,entsoe.eu,false,""
2024-06-29T06:00:00.000000,Poland,Poland,PL,432.86,495.68,41.74,40.82,entsoe.eu,false,""
2024-06-29T07:00:00.000000,Poland,Poland,PL,352.86,412.64,51.71,50.95,entsoe.eu,false,""
2024-06-29T08:00:00.000000,Poland,Poland,PL,332.41,390.74,54.44,53.76,entsoe.eu,false,""
2024-06-29T09:00:00.000000,Poland,Poland,PL,319.67,377.02,56.53,55.94,entsoe.eu,false,""
2024-06-29T10:00:00.000000,Poland,Poland,PL,345.42,403.54,53.63,52.99,entsoe.eu,false,""
2024-06-29T11:00:00.000000,Poland,Poland,PL,352.57,410.48,53.16,52.39,entsoe.eu,false,""
2024-06-29T12:00:00.000000,Poland,Poland,PL,355.62,413.77,52.83,52.11,entsoe.eu,false,""
2024-06-29T13:00:00.000000,Poland,Poland,PL,349.37,407.97,53.25,52.67,entsoe.eu,false,""
2024-06-29T14:00:00.000000,Poland,Poland,PL,380.36,440.71,49.23,48.6,entsoe.eu,false,""
2024-06-29T15:00:00.000000,Poland,Poland,PL,447.1,509.9,40.85,39.6,entsoe.eu,false,""
2024-06-29T16:00:00.000000,Poland,Poland,PL,516.91,582.23,32.18,30.57,entsoe.eu,false,""
2024-06-29T17:00:00.000000,Poland,Poland,PL,557.23,624.04,26.52,24.63,entsoe.eu,false,""
2024-06-29T18:00:00.000000,Poland,Poland,PL,560.01,625.89,26.09,24.11,entsoe.eu,false,""
2024-06-29T19:00:00.000000,Poland,Poland,PL,548.39,611.94,27.9,26.17,entsoe.eu,false,""
2024-06-29T20:00:00.000000,Poland,Poland,PL,535.03,597.67,29.77,28.13,entsoe.eu,false,""
2024-06-29T21:00:00.000000,Poland,Poland,PL,513.11,574.23,32.47,30.9,entsoe.eu,false,""
2024-06-29T22:00:00.000000,Poland,Poland,PL,474.57,534.16,36.79,35.25,entsoe.eu,false,""
2024-06-29T23:00:00.000000,Poland,Poland,PL,439.29,497.62,40.74,39.08,entsoe.eu,false,""
2024-06-30T00:00:00.000000,Poland,Poland,PL,436.83,494.52,40.93,39.43,entsoe.eu,false,""
2024-06-30T01:00:00.000000,Poland,Poland,PL,439.2,496.37,40.68,39.36,entsoe.eu,false,""
2024-06-30T02:00:00.000000,Poland,Poland,PL,431.64,487.84,41.8,40.74,entsoe.eu,false,""
2024-06-30T03:00:00.000000,Poland,Poland,PL,423.55,479.5,42.9,42.9,entsoe.eu,false,""
2024-06-30T04:00:00.000000,Poland,Poland,PL,388.41,443.14,47.55,47.41,entsoe.eu,false,""
2024-06-30T05:00:00.000000,Poland,Poland,PL,360.79,414.43,51.27,50.85,entsoe.eu,false,""
2024-06-30T06:00:00.000000,Poland,Poland,PL,356.13,410.03,51.96,51.96,entsoe.eu,false,""
2024-06-30T07:00:00.000000,Poland,Poland,PL,346.39,399.83,53.42,53.42,entsoe.eu,false,""
2024-06-30T08:00:00.000000,Poland,Poland,PL,369.04,423.46,50.95,50.95,entsoe.eu,false,""
2024-06-30T09:00:00.000000,Poland,Poland,PL,371.65,425.62,50.96,50.96,entsoe.eu,false,""
2024-06-30T10:00:00.000000,Poland,Poland,PL,366.54,419.83,51.72,51.72,entsoe.eu,false,""
2024-06-30T11:00:00.000000,Poland,Poland,PL,367.55,420.91,51.55,51.55,entsoe.eu,false,""
2024-06-30T12:00:00.000000,Poland,Poland,PL,373.1,426.71,50.84,50.84,entsoe.eu,false,""
2024-06-30T13:00:00.000000,Poland,Poland,PL,387.73,442.63,48.74,48.72,entsoe.eu,false,""
2024-06-30T14:00:00.000000,Poland,Poland,PL,399.11,455.0,47.2,47.03,entsoe.eu,false,""
2024-06-30T15:00:00.000000,Poland,Poland,PL,397.05,452.43,47.37,46.42,entsoe.eu,false,""
2024-06-30T16:00:00.000000,Poland,Poland,PL,455.73,514.03,39.82,38.58,entsoe.eu,false,""
2024-06-30T17:00:00.000000,Poland,Poland,PL,486.57,546.31,35.72,33.96,entsoe.eu,false,""
2024-06-30T18:00:00.000000,Poland,Poland,PL,505.51,566.37,33.4,31.51,entsoe.eu,false,""
2024-06-30T19:00:00.000000,Poland,Poland,PL,524.14,585.77,30.94,28.99,entsoe.eu,false,""
2024-06-30T20:00:00.000000,Poland,Poland,PL,518.01,580.29,31.35,29.38,entsoe.eu,false,""
2024-06-30T21:00:00.000000,Poland,Poland,PL,553.71,619.05,26.79,25.44,entsoe.eu,false,""
2024-06-30T22:00:00.000000,Poland,Poland,PL,553.91,619.0,26.88,24.76,entsoe.eu,false,""
2024-06-30T23:00:00.000000,Poland,Poland,PL,552.61,617.72,27.11,24.82,entsoe.eu,false,""
2024-07-01T00:00:00.000000,Poland,Poland,PL,568.47,634.97,25.17,22.77,entsoe.eu,false,""
2024-07-01T01:00:00.000000,Poland,Poland,PL,565.4,631.83,25.36,23.02,entsoe.eu,false,""
2024-07-01T02:00:00.000000,Poland,Poland,PL,555.49,622.2,26.6,24.15,entsoe.eu,false,""
2024-07-01T03:00:00.000000,Poland,Poland,PL,547.71,614.26,27.87,25.36,entsoe.eu,false,""
2024-07-01T04:00:00.000000,Poland,Poland,PL,542.53,607.7,28.86,26.83,entsoe.eu,false,""
2024-07-01T05:00:00.000000,Poland,Poland,PL,535.81,600.17,29.88,28.42,entsoe.eu,false,""
2024-07-01T06:00:00.000000,Poland,Poland,PL,514.23,577.49,32.96,31.66,entsoe.eu,false,""
2024-07-01T07:00:00.000000,Poland,Poland,PL,510.7,574.38,33.53,32.35,entsoe.eu,false,""
2024-07-01T08:00:00.000000,Poland,Poland,PL,495.8,558.15,35.43,34.49,entsoe.eu,false,""
2024-07-01T09:00:00.000000,Poland,Poland,PL,462.52,523.7,39.53,38.61,entsoe.eu,false,""
2024-07-01T10:00:00.000000,Poland,Poland,PL,448.22,508.91,41.27,40.34,entsoe.eu,false,""
2024-07-01T11:00:00.000000,Poland,Poland,PL,449.63,510.96,40.9,39.94,entsoe.eu,false,""
2024-07-01T12:00:00.000000,Poland,Poland,PL,454.55,516.93,39.83,38.8,entsoe.eu,false,""
2024-07-01T13:00:00.000000,Poland,Poland,PL,469.91,533.07,37.79,36.73,entsoe.eu,false,""
2024-07-01T14:00:00.000000,Poland,Poland,PL,489.81,553.51,35.45,34.33,entsoe.eu,false,""
2024-07-01T15:00:00.000000,Poland,Poland,PL,503.31,567.62,33.59,32.31,entsoe.eu,false,""
2024-07-01T16:00:00.000000,Poland,Poland,PL,552.25,618.83,27.3,25.84,entsoe.eu,false,""
2024-07-01T17:00:00.000000,Poland,Poland,PL,611.19,678.43,20.36,18.95,entsoe.eu,false,""
2024-07-01T18:00:00.000000,Poland,Poland,PL,638.75,706.8,17.11,15.61,entsoe.eu,false,""
2024-07-01T19:00:00.000000,Poland,Poland,PL,647.01,716.36,15.7,13.98,entsoe.eu,false,""
2024-07-01T20:00:00.000000,Poland,Poland,PL,626.2,696.76,18.12,15.52,entsoe.eu,false,""
2024-07-01T21:00:00.000000,Poland,Poland,PL,623.69,694.14,18.57,16.52,entsoe.eu,false,""
2024-07-01T22:00:00.000000,Poland,Poland,PL,617.05,686.26,19.19,17.2,entsoe.eu,false,""
2024-07-01T23:00:00.000000,Poland,Poland,PL,619.65,687.91,19.03,17.02,entsoe.eu,false,""
2024-07-02T00:00:00.000000,Poland,Poland,PL,617.42,685.06,19.42,17.45,entsoe.eu,false,""
2024-07-02T01:00:00.000000,Poland,Poland,PL,611.04,678.32,20.12,18.12,entsoe.eu,false,""
2024-07-02T02:00:00.000000,Poland,Poland,PL,601.8,668.07,21.64,19.69,entsoe.eu,false,""
2024-07-02T03:00:00.000000,Poland,Poland,PL,580.48,646.64,24.14,22.18,entsoe.eu,false,""
2024-07-02T04:00:00.000000,Poland,Poland,PL,562.63,627.75,26.58,24.9,entsoe.eu,false,""
2024-07-02T05:00:00.000000,Poland,Poland,PL,545.92,609.81,28.72,27.38,entsoe.eu,false,""
2024-07-02T06:00:00.000000,Poland,Poland,PL,519.96,581.9,32.16,31.11,entsoe.eu,false,""
2024-07-02T07:00:00.000000,Poland,Poland,PL,481.26,541.09,37.32,36.32,entsoe.eu,false,""
2024-07-02T08:00:00.000000,Poland,Poland,PL,442.6,499.49,43.04,42.05,entsoe.eu,false,""
2024-07-02T09:00:00.000000,Poland,Poland,PL,430.81,486.83,44.41,43.43,entsoe.eu,false,""
2024-07-02T10:00:00.000000,Poland,Poland,PL,418.14,473.67,45.91,44.93,entsoe.eu,false,""
2024-07-02T11:00:00.000000,Poland,Poland,PL,398.1,452.68,48.35,47.31,entsoe.eu,false,""
2024-07-02T12:00:00.000000,Poland,Poland,PL,381.19,435.61,50.05,48.97,entsoe.eu,false,""
2024-07-02T13:00:00.000000,Poland,Poland,PL,384.04,439.38,49.35,48.18,entsoe.eu,false,""
2024-07-02T14:00:00.000000,Poland,Poland,PL,412.39,468.85,45.87,44.64,entsoe.eu,false,""
2024-07-02T15:00:00.000000,Poland,Poland,PL,457.48,516.31,39.87,38.61,entsoe.eu,false,""
2024-07-02T16:00:00.000000,Poland,Poland,PL,505.24,567.19,33.18,31.79,entsoe.eu,false,""
2024-07-02T17:00:00.000000,Poland,Poland,PL,555.43,620.37,26.17,24.54,entsoe.eu,false,""
2024-07-02T18:00:00.000000,Poland,Poland,PL,578.63,644.1,23.24,20.95,entsoe.eu,false,""
2024-07-02T19:00:00.000000,Poland,Poland,PL,576.81,642.48,23.56,20.52,entsoe.eu,false,""
2024-07-02T20:00:00.000000,Poland,Poland,PL,557.65,624.53,25.9,22.12,entsoe.eu,false,""
2024-07-02T21:00:00.000000,Poland,Poland,PL,569.3,637.31,23.99,22.19,entsoe.eu,false,""
2024-07-02T22:00:00.000000,Poland,Poland,PL,564.78,631.74,25.19,23.25,entsoe.eu,false,""
2024-07-02T23:00:00.000000,Poland,Poland,PL,564.01,630.32,25.35,23.35,entsoe.eu,false,""
2024-07-03T00:00:00.000000,Poland,Poland,PL,566.89,633.92,24.61,22.49,entsoe.eu,false,""
2024-07-03T01:00:00.000000,Poland,Poland,PL,573.02,639.71,24.14,22.05,entsoe.eu,false,""
2024-07-03T02:00:00.000000,Poland,Poland,PL,573.41,640.14,24.3,22.17,entsoe.eu,false,""
2024-07-03T03:00:00.000000,Poland,Poland,PL,557.84,624.74,26.17,24.13,entsoe.eu,false,""
2024-07-03T04:00:00.000000,Poland,Poland,PL,538.73,605.02,28.24,26.54,entsoe.eu,false,""
2024-07-03T05:00:00.000000,Poland,Poland,PL,520.77,584.31,31.36,30.11,entsoe.eu,false,""
2024-07-03T06:00:00.000000,Poland,Poland,PL,482.76,544.56,36.11,35.04,entsoe.eu,false,""
2024-07-03T07:00:00.000000,Poland,Poland,PL,458.99,519.95,39.07,38.07,entsoe.eu,false,""
2024-07-03T08:00:00.000000,Poland,Poland,PL,443.5,502.26,42.44,41.39,entsoe.eu,false,""
2024-07-03T09:00:00.000000,Poland,Poland,PL,437.43,495.57,43.26,42.27,entsoe.eu,false,""
2024-07-03T10:00:00.000000,Poland,Poland,PL,418.23,476.01,45.19,44.15,entsoe.eu,false,""
2024-07-03T11:00:00.000000,Poland,Poland,PL,420.29,477.97,45.13,44.09,entsoe.eu,false,""
2024-07-03T12:00:00.000000,Poland,Poland,PL,433.25,492.35,43.07,42.01,entsoe.eu,false,""
2024-07-03T13:00:00.000000,Poland,Poland,PL,461.86,522.73,39.16,38.11,entsoe.eu,false,""
2024-07-03T14:00:00.000000,Poland,Poland,PL,495.32,557.04,36.05,34.81,entsoe.eu,false,""
2024-07-03T15:00:00.000000,Poland,Poland,PL,538.12,601.45,30.94,29.63,entsoe.eu,false,""
2024-07-03T16:00:00.000000,Poland,Poland,PL,577.2,643.23,24.83,23.08,entsoe.eu,false,""
2024-07-03T17:00:00.000000,Poland,Poland,PL,610.59,677.95,20.13,17.51,entsoe.eu,false,""
2024-07-03T18:00:00.000000,Poland,Poland,PL,626.61,695.45,17.63,14.43,entsoe.eu,false,""
2024-07-03T19:00:00.000000,Poland,Poland,PL,640.01,709.83,15.95,12.52,entsoe.eu,false,""
2024-07-03T20:00:00.000000,Poland,Poland,PL,642.14,714.48,15.26,12.16,entsoe.eu,false,""
2024-07-03T21:00:00.000000,Poland,Poland,PL,632.71,705.15,16.24,13.51,entsoe.eu,false,""
2024-07-03T22:00:00.000000,Poland,Poland,PL,625.9,696.96,17.34,15.03,entsoe.eu,false,""
2024-07-03T23:00:00.000000,Poland,Poland,PL,618.94,689.68,18.03,15.67,entsoe.eu,false,""
2024-07-04T00:00:00.000000,Poland,Poland,PL,604.93,675.93,19.45,16.85,entsoe.eu,false,""
2024-07-04T01:00:00.000000,Poland,Poland,PL,607.09,677.87,19.28,16.6,entsoe.eu,false,""
2024-07-04T02:00:00.000000,Poland,Poland,PL,610.52,681.47,18.76,16.2,entsoe.eu,false,""
2024-07-04T03:00:00.000000,Poland,Poland,PL,591.67,660.88,21.62,19.32,entsoe.eu,false,""
2024-07-04T04:00:00.000000,Poland,Poland,PL,561.14,628.53,25.06,23.28,entsoe.eu,false,""
2024-07-04T05:00:00.000000,Poland,Poland,PL,538.94,603.36,29.06,27.68,entsoe.eu,false,""
2024-07-04T06:00:00.000000,Poland,Poland,PL,480.12,542.58,36.58,35.36,entsoe.eu,false,""
2024-07-04T07:00:00.000000,Poland,Poland,PL,433.44,493.39,42.69,41.62,entsoe.eu,false,""
2024-07-04T08:00:00.000000,Poland,Poland,PL,393.43,450.9,47.97,47.16,entsoe.eu,false,""
2024-07-04T09:00:00.000000,Poland,Poland,PL,393.25,450.09,48.16,47.6,entsoe.eu,false,""
2024-07-04T10:00:00.000000,Poland,Poland,PL,394.06,449.42,48.94,48.49,entsoe.eu,false,""
2024-07-04T11:00:00.000000,Poland,Poland,PL,394.22,449.51,48.81,48.33,entsoe.eu,false,""
2024-07-04T12:00:00.000000,Poland,Poland,PL,393.42,448.31,49.14,48.66,entsoe.eu,false,""
2024-07-04T13:00:00.000000,Poland,Poland,PL,411.96,467.42,47.0,46.53,entsoe.eu,false,""
2024-07-04T14:00:00.000000,Poland,Poland,PL,462.34,519.79,40.79,40.32,entsoe.eu,false,""
2024-07-04T15:00:00.000000,Poland,Poland,PL,499.13,559.25,35.35,34.85,entsoe.eu,false,""
2024-07-04T16:00:00.000000,Poland,Poland,PL,537.9,599.63,30.42,29.44,entsoe.eu,false,""
2024-07-04T17:00:00.000000,Poland,Poland,PL,587.23,650.73,23.87,22.66,entsoe.eu,false,""
2024-07-04T18:00:00.000000,Poland,Poland,PL,594.21,658.22,22.84,21.41,entsoe.eu,false,""
2024-07-04T19:00:00.000000,Poland,Poland,PL,583.2,646.7,24.11,22.55,entsoe.eu,false,""
2024-07-04T20:00:00.000000,Poland,Poland,PL,566.55,630.23,26.38,24.47,entsoe.eu,false,""
2024-07-04T21:00:00.000000,Poland,Poland,PL,559.42,622.21,27.78,25.91,entsoe.eu,false,""
2024-07-04T22:00:00.000000,Poland,Poland,PL,561.81,625.26,26.9,24.98,entsoe.eu,false,""
2024-07-04T23:00:00.000000,Poland,Poland,PL,567.2,631.47,25.75,23.86,entsoe.eu,false,""
2024-07-05T00:00:00.000000,Poland,Poland,PL,564.92,630.74,24.84,23.09,entsoe.eu,false,""
2024-07-05T01:00:00.000000,Poland,Poland,PL,559.43,625.06,25.47,23.97,entsoe.eu,false,""
2024-07-05T02:00:00.000000,Poland,Poland,PL,556.6,622.11,25.86,24.05,entsoe.eu,false,""
2024-07-05T03:00:00.000000,Poland,Poland,PL,544.08,609.83,27.32,25.58,entsoe.eu,false,""
2024-07-05T04:00:00.000000,Poland,Poland,PL,538.66,603.58,28.35,26.82,entsoe.eu,false,""
2024-07-05T05:00:00.000000,Poland,Poland,PL,508.1,571.66,32.22,31.19,entsoe.eu,false,""
2024-07-05T06:00:00.000000,Poland,Poland,PL,415.46,474.41,44.48,43.55,entsoe.eu,false,""
2024-07-05T07:00:00.000000,Poland,Poland,PL,345.53,401.02,53.44,53.35,entsoe.eu,false,""
2024-07-05T08:00:00.000000,Poland,Poland,PL,320.8,373.51,57.23,57.17,entsoe.eu,false,""
2024-07-05T09:00:00.000000,Poland,Poland,PL,320.63,372.38,57.79,57.76,entsoe.eu,false,""
2024-07-05T10:00:00.000000,Poland,Poland,PL,322.37,373.96,57.5,57.49,entsoe.eu,false,""
2024-07-05T11:00:00.000000,Poland,Poland,PL,337.35,390.01,55.46,55.44,entsoe.eu,false,""
2024-07-05T12:00:00.000000,Poland,Poland,PL,339.29,392.12,55.23,55.19,entsoe.eu,false,""
2024-07-05T13:00:00.000000,Poland,Poland,PL,366.78,420.94,51.9,51.81,entsoe.eu,false,""
2024-07-05T14:00:00.000000,Poland,Poland,PL,403.49,459.33,47.19,47.07,entsoe.eu,false,""
2024-07-05T15:00:00.000000,Poland,Poland,PL,461.72,520.47,39.7,39.36,entsoe.eu,false,""
2024-07-05T16:00:00.000000,Poland,Poland,PL,501.43,561.96,34.58,33.25,entsoe.eu,false,""
2024-07-05T17:00:00.000000,Poland,Poland,PL,542.09,604.79,29.37,27.23,entsoe.eu,false,""
2024-07-05T18:00:00.000000,Poland,Poland,PL,592.08,656.29,23.22,21.13,entsoe.eu,false,""
2024-07-05T19:00:00.000000,Poland,Poland,PL,601.93,667.06,21.77,19.61,entsoe.eu,false,""
2024-07-05T20:00:00.000000,Poland,Poland,PL,575.82,640.15,25.39,22.75,entsoe.eu,false,""
2024-07-05T21:00:00.000000,Poland,Poland,PL,553.68,616.9,27.53,25.67,entsoe.eu,false,""
2024-07-05T22:00:00.000000,Poland,Poland,PL,520.1,582.61,31.26,29.14,entsoe.eu,false,""
2024-07-05T23:00:00.000000,Poland,Poland,PL,500.73,563.79,32.94,30.66,entsoe.eu,false,""
2024-07-06T00:00:00.000000,Poland,Poland,PL,501.64,565.71,32.47,30.05,entsoe.eu,false,""
2024-07-06T01:00:00.000000,Poland,Poland,PL,529.39,595.01,29.12,26.67,entsoe.eu,false,""
2024-07-06T02:00:00.000000,Poland,Poland,PL,541.2,607.95,27.12,24.84,entsoe.eu,false,""
2024-07-06T03:00:00.000000,Poland,Poland,PL,518.73,583.49,30.64,28.42,entsoe.eu,false,""
2024-07-06T04:00:00.000000,Poland,Poland,PL,506.18,570.3,32.36,30.67,entsoe.eu,false,""
2024-07-06T05:00:00.000000,Poland,Poland,PL,449.7,511.94,39.38,38.36,entsoe.eu,false,""
2024-07-06T06:00:00.000000,Poland,Poland,PL,352.63,410.43,51.77,51.48,entsoe.eu,false,""
2024-07-06T07:00:00.000000,Poland,Poland,PL,292.0,345.8,59.61,59.6,entsoe.eu,false,""
2024-07-06T08:00:00.000000,Poland,Poland,PL,287.81,340.82,60.31,60.31,entsoe.eu,false,""
2024-07-06T09:00:00.000000,Poland,Poland,PL,280.13,332.61,61.27,61.27,entsoe.eu,false,""
2024-07-06T10:00:00.000000,Poland,Poland,PL,280.81,333.16,61.1,61.1,entsoe.eu,false,""
2024-07-06T11:00:00.000000,Poland,Poland,PL,280.31,332.31,61.24,61.23,entsoe.eu,false,""
2024-07-06T12:00:00.000000,Poland,Poland,PL,294.7,347.09,59.29,59.28,entsoe.eu,false,""
2024-07-06T13:00:00.000000,Poland,Poland,PL,304.63,357.48,57.92,57.9,entsoe.eu,false,""
2024-07-06T14:00:00.000000,Poland,Poland,PL,300.56,352.55,58.34,58.32,entsoe.eu,false,""
2024-07-06T15:00:00.000000,Poland,Poland,PL,309.67,361.68,57.13,57.01,entsoe.eu,false,""
2024-07-06T16:00:00.000000,Poland,Poland,PL,391.61,447.78,46.66,46.63,entsoe.eu,false,""
2024-07-06T17:00:00.000000,Poland,Poland,PL,442.44,499.87,40.63,40.47,entsoe.eu,false,""
2024-07-06T18:00:00.000000,Poland,Poland,PL,477.84,536.49,36.3,36.08,entsoe.eu,false,""
2024-07-06T19:00:00.000000,Poland,Poland,PL,468.6,526.18,37.21,36.56,entsoe.eu,false,""
2024-07-06T20:00:00.000000,Poland,Poland,PL,456.01,513.59,38.67,37.61,entsoe.eu,false,""
2024-07-06T21:00:00.000000,Poland,Poland,PL,446.9,504.45,39.61,38.76,entsoe.eu,false,""
2024-07-06T22:00:00.000000,Poland,Poland,PL,429.75,487.69,40.81,40.16,entsoe.eu,false,""
2024-07-06T23:00:00.000000,Poland,Poland,PL,436.85,495.85,39.7,38.95,entsoe.eu,false,""
2024-07-07T00:00:00.000000,Poland,Poland,PL,455.31,516.18,37.17,36.54,entsoe.eu,false,""
2024-07-07T01:00:00.000000,Poland,Poland,PL,463.29,524.98,36.16,35.33,entsoe.eu,false,""
2024-07-07T02:00:00.000000,Poland,Poland,PL,472.7,536.29,34.31,33.46,entsoe.eu,false,""
2024-07-07T03:00:00.000000,Poland,Poland,PL,471.07,536.34,34.33,33.27,entsoe.eu,false,""
2024-07-07T04:00:00.000000,Poland,Poland,PL,455.7,520.16,36.64,35.51,entsoe.eu,false,""
2024-07-07T05:00:00.000000,Poland,Poland,PL,420.6,483.16,41.35,40.31,entsoe.eu,false,""
2024-07-07T06:00:00.000000,Poland,Poland,PL,378.54,438.08,47.43,46.67,entsoe.eu,false,""
2024-07-07T07:00:00.000000,Poland,Poland,PL,355.65,413.69,50.92,50.5,entsoe.eu,false,""
2024-07-07T08:00:00.000000,Poland,Poland,PL,333.03,389.76,53.93,53.78,entsoe.eu,false,""
2024-07-07T09:00:00.000000,Poland,Poland,PL,327.16,383.97,54.75,54.6,entsoe.eu,false,""
2024-07-07T10:00:00.000000,Poland,Poland,PL,329.69,386.42,54.45,54.32,entsoe.eu,false,""
2024-07-07T11:00:00.000000,Poland,Poland,PL,360.47,419.58,50.31,50.28,entsoe.eu,false,""
2024-07-07T12:00:00.000000,Poland,Poland,PL,412.1,474.04,43.41,43.36,entsoe.eu,false,""
2024-07-07T13:00:00.000000,Poland,Poland,PL,407.11,469.41,44.22,44.02,entsoe.eu,false,""
2024-07-07T14:00:00.000000,Poland,Poland,PL,475.15,541.16,35.55,35.25,entsoe.eu,false,""
2024-07-07T15:00:00.000000,Poland,Poland,PL,497.7,565.03,32.74,31.64,entsoe.eu,false,""
2024-07-07T16:00:00.000000,Poland,Poland,PL,531.33,600.46,28.39,26.87,entsoe.eu,false,""
2024-07-07T17:00:00.000000,Poland,Poland,PL,561.15,630.87,24.6,22.14,entsoe.eu,false,""
2024-07-07T18:00:00.000000,Poland,Poland,PL,568.73,637.7,24.27,19.68,entsoe.eu,false,""
2024-07-07T19:00:00.000000,Poland,Poland,PL,573.08,642.01,23.66,18.4,entsoe.eu,false,""
2024-07-07T20:00:00.000000,Poland,Poland,PL,594.38,665.12,20.92,16.08,entsoe.eu,false,""
2024-07-07T21:00:00.000000,Poland,Poland,PL,594.95,667.18,20.77,15.94,entsoe.eu,false,""
2024-07-07T22:00:00.000000,Poland,Poland,PL,594.79,668.49,20.16,16.55,entsoe.eu,false,""
2024-07-07T23:00:00.000000,Poland,Poland,PL,583.76,657.42,21.19,17.6,entsoe.eu,false,""
2024-07-08T00:00:00.000000,Poland,Poland,PL,584.2,657.99,21.05,17.6,entsoe.eu,false,""
2024-07-08T01:00:00.000000,Poland,Poland,PL,580.51,654.53,21.47,18.04,entsoe.eu,false,""
2024-07-08T02:00:00.000000,Poland,Poland,PL,578.67,652.35,21.78,18.45,entsoe.eu,false,""
2024-07-08T03:00:00.000000,Poland,Poland,PL,577.48,649.59,22.63,19.97,entsoe.eu,false,""
2024-07-08T04:00:00.000000,Poland,Poland,PL,552.94,621.88,26.48,23.69,entsoe.eu,false,""
2024-07-08T05:00:00.000000,Poland,Poland,PL,543.62,610.03,28.19,26.79,entsoe.eu,false,""
2024-07-08T06:00:00.000000,Poland,Poland,PL,492.16,554.38,35.26,34.05,entsoe.eu,false,""
2024-07-08T07:00:00.000000,Poland,Poland,PL,414.44,473.23,45.23,44.28,entsoe.eu,false,""
2024-07-08T08:00:00.000000,Poland,Poland,PL,368.89,426.0,50.69,49.89,entsoe.eu,false,""
2024-07-08T09:00:00.000000,Poland,Poland,PL,372.8,430.02,50.19,49.86,entsoe.eu,false,""
2024-07-08T10:00:00.000000,Poland,Poland,PL,376.94,434.63,49.5,49.19,entsoe.eu,false,""
2024-07-08T11:00:00.000000,Poland,Poland,PL,393.94,451.53,47.9,47.61,entsoe.eu,false,""
2024-07-08T12:00:00.000000,Poland,Poland,PL,382.33,440.34,48.83,48.45,entsoe.eu,false,""
2024-07-08T13:00:00.000000,Poland,Poland,PL,402.02,460.78,46.55,45.73,entsoe.eu,false,""
2024-07-08T14:00:00.000000,Poland,Poland,PL,460.17,520.93,39.26,38.39,entsoe.eu,false,""
2024-07-08T15:00:00.000000,Poland,Poland,PL,513.03,576.55,32.6,31.41,entsoe.eu,false,""
2024-07-08T16:00:00.000000,Poland,Poland,PL,560.97,626.35,26.43,23.42,entsoe.eu,false,""
2024-07-08T17:00:00.000000,Poland,Poland,PL,603.79,670.14,20.76,16.98,entsoe.eu,false,""
2024-07-08T18:00:00.000000,Poland,Poland,PL,635.11,702.91,16.85,13.65,entsoe.eu,false,""
2024-07-08T19:00:00.000000,Poland,Poland,PL,629.91,699.79,16.75,11.74,entsoe.eu,false,""
2024-07-08T20:00:00.000000,Poland,Poland,PL,627.29,699.27,16.79,11.13,entsoe.eu,false,""
2024-07-08T21:00:00.000000,Poland,Poland,PL,639.42,712.77,15.13,11.39,entsoe.eu,false,""
2024-07-08T22:00:00.000000,Poland,Poland,PL,633.39,705.66,16.44,12.41,entsoe.eu,false,""
2024-07-08T23:00:00.000000,Poland,Poland,PL,632.82,703.76,16.77,12.82,entsoe.eu,false,""
2024-07-09T00:00:00.000000,Poland,Poland,PL,641.77,712.2,15.48,11.78,entsoe.eu,false,""
2024-07-09T01:00:00.000000,Poland,Poland,PL,635.1,705.33,16.34,12.62,entsoe.eu,false,""
2024-07-09T02:00:00.000000,Poland,Poland,PL,619.84,689.3,18.32,14.7,entsoe.eu,false,""
2024-07-09T03:00:00.000000,Poland,Poland,PL,591.68,659.19,22.05,19.08,entsoe.eu,false,""
2024-07-09T04:00:00.000000,Poland,Poland,PL,560.94,626.65,25.99,22.7,entsoe.eu,false,""
2024-07-09T05:00:00.000000,Poland,Poland,PL,532.13,595.97,30.05,28.46,entsoe.eu,false,""
2024-07-09T06:00:00.000000,Poland,Poland,PL,497.13,558.67,34.73,33.75,entsoe.eu,false,""
2024-07-09T07:00:00.000000,Poland,Poland,PL,430.81,488.65,43.72,42.89,entsoe.eu,false,""
2024-07-09T08:00:00.000000,Poland,Poland,PL,371.43,428.84,50.56,49.77,entsoe.eu,false,""
2024-07-09T09:00:00.000000,Poland,Poland,PL,367.17,424.83,51.08,50.8,entsoe.eu,false,""
2024-07-09T10:00:00.000000,Poland,Poland,PL,364.71,422.52,51.44,51.35,entsoe.eu,false,""
2024-07-09T11:00:00.000000,Poland,Poland,PL,368.02,425.54,51.35,51.28,entsoe.eu,false,""
2024-07-09T12:00:00.000000,Poland,Poland,PL,364.32,421.8,51.71,51.22,entsoe.eu,false,""
2024-07-09T13:00:00.000000,Poland,Poland,PL,381.53,440.02,49.34,48.62,entsoe.eu,false,""
2024-07-09T14:00:00.000000,Poland,Poland,PL,413.71,474.16,44.78,43.71,entsoe.eu,false,""
2024-07-09T15:00:00.000000,Poland,Poland,PL,464.29,527.78,37.72,36.56,entsoe.eu,false,""
2024-07-09T16:00:00.000000,Poland,Poland,PL,537.63,603.7,28.04,26.33,entsoe.eu,false,""
2024-07-09T17:00:00.000000,Poland,Poland,PL,581.16,648.07,22.27,20.59,entsoe.eu,false,""
2024-07-09T18:00:00.000000,Poland,Poland,PL,577.7,643.82,22.7,21.24,entsoe.eu,false,""
2024-07-09T19:00:00.000000,Poland,Poland,PL,542.45,606.97,27.05,25.85,entsoe.eu,false,""
2024-07-09T20:00:00.000000,Poland,Poland,PL,510.9,574.17,30.79,29.88,entsoe.eu,false,""
2024-07-09T21:00:00.000000,Poland,Poland,PL,500.11,562.15,31.64,30.92,entsoe.eu,false,""
2024-07-09T22:00:00.000000,Poland,Poland,PL,497.63,557.65,33.04,31.88,entsoe.eu,false,""
2024-07-09T23:00:00.000000,Poland,Poland,PL,498.19,555.18,35.46,34.01,entsoe.eu,false,""
2024-07-10T00:00:00.000000,Poland,Poland,PL,497.86,554.78,35.56,34.1,entsoe.eu,false,""
2024-07-10T01:00:00.000000,Poland,Poland,PL,497.93,555.03,35.75,34.06,entsoe.eu,false,""
2024-07-10T02:00:00.000000,Poland,Poland,PL,500.71,557.9,35.4,33.77,entsoe.eu,false,""
2024-07-10T03:00:00.000000,Poland,Poland,PL,491.6,548.87,36.36,34.86,entsoe.eu,false,""
2024-07-10T04:00:00.000000,Poland,Poland,PL,506.65,566.58,33.98,32.67,entsoe.eu,false,""
2024-07-10T05:00:00.000000,Poland,Poland,PL,515.05,574.66,33.65,32.85,entsoe.eu,false,""
2024-07-10T06:00:00.000000,Poland,Poland,PL,478.89,537.44,38.5,38.01,entsoe.eu,false,""
2024-07-10T07:00:00.000000,Poland,Poland,PL,422.77,479.13,45.39,45.04,entsoe.eu,false,""
2024-07-10T08:00:00.000000,Poland,Poland,PL,359.85,414.2,52.82,52.65,entsoe.eu,false,""
2024-07-10T09:00:00.000000,Poland,Poland,PL,318.8,370.84,57.75,57.65,entsoe.eu,false,""
2024-07-10T10:00:00.000000,Poland,Poland,PL,310.56,362.32,58.62,58.57,entsoe.eu,false,""
2024-07-10T11:00:00.000000,Poland,Poland,PL,312.96,365.02,58.39,58.19,entsoe.eu,false,""
2024-07-10T12:00:00.000000,Poland,Poland,PL,339.16,393.6,54.31,54.05,entsoe.eu,false,""
2024-07-10T13:00:00.000000,Poland,Poland,PL,386.19,443.23,48.06,47.74,entsoe.eu,false,""
2024-07-10T14:00:00.000000,Poland,Poland,PL,436.81,496.19,41.52,40.88,entsoe.eu,false,""
2024-07-10T15:00:00.000000,Poland,Poland,PL,495.02,557.74,33.95,32.94,entsoe.eu,false,""
2024-07-10T16:00:00.000000,Poland,Poland,PL,551.07,615.51,27.11,25.7,entsoe.eu,false,""
2024-07-10T17:00:00.000000,Poland,Poland,PL,586.4,651.22,22.83,21.39,entsoe.eu,false,""
2024-07-10T18:00:00.000000,Poland,Poland,PL,602.95,667.84,20.73,19.19,entsoe.eu,false,""
2024-07-10T19:00:00.000000,Poland,Poland,PL,619.6,684.06,19.5,17.9,entsoe.eu,false,""
2024-07-10T20:00:00.000000,Poland,Poland,PL,604.03,668.5,21.54,19.71,entsoe.eu,false,""
2024-07-10T21:00:00.000000,Poland,Poland,PL,611.76,678.16,19.92,17.94,entsoe.eu,false,""
2024-07-10T22:00:00.000000,Poland,Poland,PL,610.96,678.81,20.11,17.62,entsoe.eu,false,""
2024-07-10T23:00:00.000000,Poland,Poland,PL,631.25,700.42,17.28,14.94,entsoe.eu,false,""
2024-07-11T00:00:00.000000,Poland,Poland,PL,624.67,693.26,18.26,15.78,entsoe.eu,false,""
2024-07-11T01:00:00.000000,Poland,Poland,PL,619.25,687.79,18.81,16.16,entsoe.eu,false,""
2024-07-11T02:00:00.000000,Poland,Poland,PL,613.75,682.28,19.83,16.98,entsoe.eu,false,""
2024-07-11T03:00:00.000000,Poland,Poland,PL,605.13,673.98,20.58,18.04,entsoe.eu,false,""
2024-07-11T04:00:00.000000,Poland,Poland,PL,583.03,650.65,23.37,21.04,entsoe.eu,false,""
2024-07-11T05:00:00.000000,Poland,Poland,PL,566.95,633.02,25.93,24.18,entsoe.eu,false,""
2024-07-11T06:00:00.000000,Poland,Poland,PL,512.75,576.7,32.76,31.15,entsoe.eu,false,""
2024-07-11T07:00:00.000000,Poland,Poland,PL,479.17,540.7,37.63,36.4,entsoe.eu,false,""
2024-07-11T08:00:00.000000,Poland,Poland,PL,435.29,495.16,42.83,41.71,entsoe.eu,false,""
2024-07-11T09:00:00.000000,Poland,Poland,PL,417.94,476.34,45.53,44.44,entsoe.eu,false,""
2024-07-11T10:00:00.000000,Poland,Poland,PL,421.06,479.53,45.2,44.17,entsoe.eu,false,""
2024-07-11T11:00:00.000000,Poland,Poland,PL,438.41,497.18,43.23,42.25,entsoe.eu,false,""
2024-07-11T12:00:00.000000,Poland,Poland,PL,464.76,525.07,39.48,38.49,entsoe.eu,false,""
2024-07-11T13:00:00.000000,Poland,Poland,PL,493.36,555.08,35.77,34.71,entsoe.eu,false,""
2024-07-11T14:00:00.000000,Poland,Poland,PL,524.27,587.16,31.92,30.7,entsoe.eu,false,""
2024-07-11T15:00:00.000000,Poland,Poland,PL,560.19,624.49,27.3,26.05,entsoe.eu,false,""
2024-07-11T16:00:00.000000,Poland,Poland,PL,600.72,667.31,21.87,20.51,entsoe.eu,false,""
2024-07-11T17:00:00.000000,Poland,Poland,PL,604.85,671.45,20.52,18.85,entsoe.eu,false,""
2024-07-11T18:00:00.000000,Poland,Poland,PL,636.34,704.52,16.69,14.8,entsoe.eu,false,""
2024-07-11T19:00:00.000000,Poland,Poland,PL,672.89,741.14,13.36,11.46,entsoe.eu,false,""
2024-07-11T20:00:00.000000,Poland,Poland,PL,667.13,738.13,13.66,11.33,entsoe.eu,false,""
2024-07-11T21:00:00.000000,Poland,Poland,PL,681.43,751.81,11.47,9.56,entsoe.eu,false,""
2024-07-11T22:00:00.000000,Poland,Poland,PL,661.26,734.6,12.49,10.25,entsoe.eu,false,""
2024-07-11T23:00:00.000000,Poland,Poland,PL,660.75,733.7,12.99,10.61,entsoe.eu,false,""
2024-07-12T00:00:00.000000,Poland,Poland,PL,657.97,731.17,13.35,10.8,entsoe.eu,false,""
2024-07-12T01:00:00.000000,Poland,Poland,PL,655.0,727.92,13.69,11.19,entsoe.eu,false,""
2024-07-12T02:00:00.000000,Poland,Poland,PL,644.06,716.48,14.84,12.44,entsoe.eu,false,""
2024-07-12T03:00:00.000000,Poland,Poland,PL,616.75,687.13,18.82,16.52,entsoe.eu,false,""
2024-07-12T04:00:00.000000,Poland,Poland,PL,599.75,668.95,20.84,19.02,entsoe.eu,false,""
2024-07-12T05:00:00.000000,Poland,Poland,PL,564.18,630.84,25.92,24.51,entsoe.eu,false,""
2024-07-12T06:00:00.000000,Poland,Poland,PL,489.62,552.49,35.93,34.58,entsoe.eu,false,""
2024-07-12T07:00:00.000000,Poland,Poland,PL,446.52,506.95,41.44,40.38,entsoe.eu,false,""
2024-07-12T08:00:00.000000,Poland,Poland,PL,405.87,464.57,46.55,45.62,entsoe.eu,false,""
2024-07-12T09:00:00.000000,Poland,Poland,PL,387.21,445.39,48.78,47.8,entsoe.eu,false,""
2024-07-12T10:00:00.000000,Poland,Poland,PL,397.06,455.09,47.7,46.74,entsoe.eu,false,""
2024-07-12T11:00:00.000000,Poland,Poland,PL,419.09,477.95,44.88,43.9,entsoe.eu,false,""
2024-07-12T12:00:00.000000,Poland,Poland,PL,462.09,522.43,39.53,38.61,entsoe.eu,false,""
2024-07-12T13:00:00.000000,Poland,Poland,PL,487.4,548.82,36.14,35.08,entsoe.eu,false,""
2024-07-12T14:00:00.000000,Poland,Poland,PL,497.55,559.38,34.62,33.29,entsoe.eu,false,""
2024-07-12T15:00:00.000000,Poland,Poland,PL,514.71,577.56,31.95,30.49,entsoe.eu,false,""
2024-07-12T16:00:00.000000,Poland,Poland,PL,558.07,621.42,26.54,25.11,entsoe.eu,false,""
2024-07-12T17:00:00.000000,Poland,Poland,PL,563.66,626.15,25.69,24.24,entsoe.eu,false,""
2024-07-12T18:00:00.000000,Poland,Poland,PL,560.92,622.81,26.07,24.52,entsoe.eu,false,""
2024-07-12T19:00:00.000000,Poland,Poland,PL,559.86,621.66,26.2,24.66,entsoe.eu,false,""
2024-07-12T20:00:00.000000,Poland,Poland,PL,550.51,613.62,27.01,25.32,entsoe.eu,false,""
2024-07-12T21:00:00.000000,Poland,Poland,PL,569.24,633.16,24.94,23.18,entsoe.eu,false,""
2024-07-12T22:00:00.000000,Poland,Poland,PL,552.06,617.24,26.17,24.37,entsoe.eu,false,""
2024-07-12T23:00:00.000000,Poland,Poland,PL,552.61,618.41,25.81,23.99,entsoe.eu,false,""
2024-07-13T00:00:00.000000,Poland,Poland,PL,551.49,617.55,26.02,24.07,entsoe.eu,false,""
2024-07-13T01:00:00.000000,Poland,Poland,PL,542.39,608.26,26.93,24.93,entsoe.eu,false,""
2024-07-13T02:00:00.000000,Poland,Poland,PL,547.09,613.31,26.39,24.4,entsoe.eu,false,""
2024-07-13T03:00:00.000000,Poland,Poland,PL,537.86,604.33,27.16,25.25,entsoe.eu,false,""
2024-07-13T04:00:00.000000,Poland,Poland,PL,499.9,565.38,31.43,29.63,entsoe.eu,false,""
2024-07-13T05:00:00.000000,Poland,Poland,PL,452.02,512.89,38.71,37.1,entsoe.eu,false,""
2024-07-13T06:00:00.000000,Poland,Poland,PL,388.38,445.49,47.16,45.84,entsoe.eu,false,""
2024-07-13T07:00:00.000000,Poland,Poland,PL,346.49,401.78,52.3,51.92,entsoe.eu,false,""
2024-07-13T08:00:00.000000,Poland,Poland,PL,353.46,408.7,51.52,51.47,entsoe.eu,false,""
2024-07-13T09:00:00.000000,Poland,Poland,PL,352.98,408.31,51.47,51.45,entsoe.eu,false,""
2024-07-13T10:00:00.000000,Poland,Poland,PL,361.82,417.82,50.54,50.53,entsoe.eu,false,""
2024-07-13T11:00:00.000000,Poland,Poland,PL,351.31,407.12,51.99,51.98,entsoe.eu,false,""
2024-07-13T12:00:00.000000,Poland,Poland,PL,350.93,407.17,51.92,51.9,entsoe.eu,false,""
2024-07-13T13:00:00.000000,Poland,Poland,PL,360.35,417.03,50.73,50.67,entsoe.eu,false,""
2024-07-13T14:00:00.000000,Poland,Poland,PL,348.96,404.8,51.94,51.8,entsoe.eu,false,""
2024-07-13T15:00:00.000000,Poland,Poland,PL,388.01,446.44,47.18,46.52,entsoe.eu,false,""
2024-07-13T16:00:00.000000,Poland,Poland,PL,479.66,541.68,35.3,34.29,entsoe.eu,false,""
2024-07-13T17:00:00.000000,Poland,Poland,PL,531.59,595.44,28.55,26.9,entsoe.eu,false,""
2024-07-13T18:00:00.000000,Poland,Poland,PL,577.03,643.67,22.36,20.65,entsoe.eu,false,""
2024-07-13T19:00:00.000000,Poland,Poland,PL,602.05,670.15,19.2,17.39,entsoe.eu,false,""
2024-07-13T20:00:00.000000,Poland,Poland,PL,580.82,649.02,22.72,19.69,entsoe.eu,false,""
2024-07-13T21:00:00.000000,Poland,Poland,PL,585.84,655.31,21.65,19.35,entsoe.eu,false,""
2024-07-13T22:00:00.000000,Poland,Poland,PL,583.44,654.1,21.27,18.9,entsoe.eu,false,""
2024-07-13T23:00:00.000000,Poland,Poland,PL,580.23,650.06,22.0,19.65,entsoe.eu,false,""
2024-07-14T00:00:00.000000,Poland,Poland,PL,586.27,657.12,20.87,18.61,entsoe.eu,false,""
2024-07-14T01:00:00.000000,Poland,Poland,PL,604.92,676.01,18.85,16.78,entsoe.eu,false,""
2024-07-14T02:00:00.000000,Poland,Poland,PL,608.21,678.91,18.44,16.61,entsoe.eu,false,""
2024-07-14T03:00:00.000000,Poland,Poland,PL,578.71,648.92,22.05,19.9,entsoe.eu,false,""
2024-07-14T04:00:00.000000,Poland,Poland,PL,538.14,607.31,26.99,24.63,entsoe.eu,false,""
2024-07-14T05:00:00.000000,Poland,Poland,PL,512.64,580.33,30.59,28.88,entsoe.eu,false,""
2024-07-14T06:00:00.000000,Poland,Poland,PL,454.8,520.9,37.72,37.4,entsoe.eu,false,""
2024-07-14T07:00:00.000000,Poland,Poland,PL,385.78,448.14,46.56,46.49,entsoe.eu,false,""
2024-07-14T08:00:00.000000,Poland,Poland,PL,346.22,405.72,51.95,51.91,entsoe.eu,false,""
2024-07-14T09:00:00.000000,Poland,Poland,PL,334.41,392.91,53.64,53.61,entsoe.eu,false,""
2024-07-14T10:00:00.000000,Poland,Poland,PL,338.03,396.53,53.19,53.18,entsoe.eu,false,""
2024-07-14T11:00:00.000000,Poland,Poland,PL,331.46,389.69,54.12,54.1,entsoe.eu,false,""
2024-07-14T12:00:00.000000,Poland,Poland,PL,347.46,406.67,52.2,52.17,entsoe.eu,false,""
2024-07-14T13:00:00.000000,Poland,Poland,PL,363.46,423.66,49.98,49.95,entsoe.eu,false,""
2024-07-14T14:00:00.000000,Poland,Poland,PL,388.95,450.24,46.69,46.59,entsoe.eu,false,""
2024-07-14T15:00:00.000000,Poland,Poland,PL,439.49,503.61,40.19,38.92,entsoe.eu,false,""
2024-07-14T16:00:00.000000,Poland,Poland,PL,502.61,570.62,31.72,29.78,entsoe.eu,false,""
2024-07-14T17:00:00.000000,Poland,Poland,PL,565.65,635.61,23.72,21.4,entsoe.eu,false,""
2024-07-14T18:00:00.000000,Poland,Poland,PL,591.89,660.83,20.5,18.51,entsoe.eu,false,""
2024-07-14T19:00:00.000000,Poland,Poland,PL,599.11,668.46,19.43,16.91,entsoe.eu,false,""
2024-07-14T20:00:00.000000,Poland,Poland,PL,569.18,636.98,23.79,19.69,entsoe.eu,false,""
2024-07-14T21:00:00.000000,Poland,Poland,PL,576.53,646.64,22.25,18.54,entsoe.eu,false,""
2024-07-14T22:00:00.000000,Poland,Poland,PL,552.37,622.46,25.06,21.13,entsoe.eu,false,""
2024-07-14T23:00:00.000000,Poland,Poland,PL,565.94,636.3,23.32,19.77,entsoe.eu,false,""
2024-07-15T00:00:00.000000,Poland,Poland,PL,558.73,629.39,23.94,19.54,entsoe.eu,false,""
2024-07-15T01:00:00.000000,Poland,Poland,PL,568.64,639.53,22.92,18.3,entsoe.eu,false,""
2024-07-15T02:00:00.000000,Poland,Poland,PL,592.3,663.66,20.36,16.05,entsoe.eu,false,""
2024-07-15T03:00:00.000000,Poland,Poland,PL,603.73,675.0,19.21,16.31,entsoe.eu,false,""
2024-07-15T04:00:00.000000,Poland,Poland,PL,563.92,633.23,24.04,21.22,entsoe.eu,false,""
2024-07-15T05:00:00.000000,Poland,Poland,PL,526.95,593.87,29.36,27.86,entsoe.eu,false,""
2024-07-15T06:00:00.000000,Poland,Poland,PL,454.97,517.24,39.56,38.38,entsoe.eu,false,""
2024-07-15T07:00:00.000000,Poland,Poland,PL,392.6,452.39,47.45,46.44,entsoe.eu,false,""
2024-07-15T08:00:00.000000,Poland,Poland,PL,370.06,428.99,50.11,49.59,entsoe.eu,false,""
2024-07-15T09:00:00.000000,Poland,Poland,PL,354.2,412.23,52.15,51.8,entsoe.eu,false,""
2024-07-15T10:00:00.000000,Poland,Poland,PL,332.14,389.56,54.85,54.54,entsoe.eu,false,""
2024-07-15T11:00:00.000000,Poland,Poland,PL,326.71,383.98,55.45,55.15,entsoe.eu,false,""
2024-07-15T12:00:00.000000,Poland,Poland,PL,335.22,392.99,54.18,53.53,entsoe.eu,false,""
2024-07-15T13:00:00.000000,Poland,Poland,PL,354.97,413.83,51.58,50.67,entsoe.eu,false,""
2024-07-15T14:00:00.000000,Poland,Poland,PL,398.55,459.82,45.67,44.45,entsoe.eu,false,""
2024-07-15T15:00:00.000000,Poland,Poland,PL,472.63,538.11,35.75,34.53,entsoe.eu,false,""
2024-07-15T16:00:00.000000,Poland,Poland,PL,560.69,630.08,24.07,22.68,entsoe.eu,false,""
2024-07-15T17:00:00.000000,Poland,Poland,PL,624.53,694.99,16.19,14.84,entsoe.eu,false,""
2024-07-15T18:00:00.000000,Poland,Poland,PL,639.15,710.11,14.31,12.89,entsoe.eu,false,""
2024-07-15T19:00:00.000000,Poland,Poland,PL,617.11,688.65,16.36,14.53,entsoe.eu,false,""
2024-07-15T20:00:00.000000,Poland,Poland,PL,593.05,664.16,19.05,17.14,entsoe.eu,false,""
2024-07-15T21:00:00.000000,Poland,Poland,PL,572.14,643.01,21.53,19.46,entsoe.eu,false,""
2024-07-15T22:00:00.000000,Poland,Poland,PL,546.47,616.27,24.78,22.55,entsoe.eu,false,""
2024-07-15T23:00:00.000000,Poland,Poland,PL,558.01,626.25,24.23,22.01,entsoe.eu,false,""
2024-07-16T00:00:00.000000,Poland,Poland,PL,552.62,620.24,25.04,22.71,entsoe.eu,false,""
2024-07-16T01:00:00.000000,Poland,Poland,PL,557.29,624.75,24.67,22.34,entsoe.eu,false,""
2024-07-16T02:00:00.000000,Poland,Poland,PL,551.15,618.17,25.45,23.25,entsoe.eu,false,""
2024-07-16T03:00:00.000000,Poland,Poland,PL,524.97,590.6,28.86,26.82,entsoe.eu,false,""
2024-07-16T04:00:00.000000,Poland,Poland,PL,510.58,575.68,30.73,29.31,entsoe.eu,false,""
2024-07-16T05:00:00.000000,Poland,Poland,PL,492.93,557.02,33.65,32.71,entsoe.eu,false,""
2024-07-16T06:00:00.000000,Poland,Poland,PL,466.37,528.76,37.86,37.5,entsoe.eu,false,""
2024-07-16T07:00:00.000000,Poland,Poland,PL,405.37,465.28,45.32,44.97,entsoe.eu,false,""
2024-07-16T08:00:00.000000,Poland,Poland,PL,362.61,419.9,50.71,50.39,entsoe.eu,false,""
2024-07-16T09:00:00.000000,Poland,Poland,PL,385.48,442.78,48.4,48.15,entsoe.eu,false,""
2024-07-16T10:00:00.000000,Poland,Poland,PL,403.21,460.77,46.26,46.13,entsoe.eu,false,""
2024-07-16T11:00:00.000000,Poland,Poland,PL,391.72,448.81,47.67,47.51,entsoe.eu,false,""
2024-07-16T12:00:00.000000,Poland,Poland,PL,396.41,453.63,46.98,46.35,entsoe.eu,false,""
2024-07-16T13:00:00.000000,Poland,Poland,PL,416.54,474.56,44.21,43.52,entsoe.eu,false,""
2024-07-16T14:00:00.000000,Poland,Poland,PL,445.7,506.22,39.81,38.91,entsoe.eu,false,""
2024-07-16T15:00:00.000000,Poland,Poland,PL,480.95,543.49,35.34,34.27,entsoe.eu,false,""
2024-07-16T16:00:00.000000,Poland,Poland,PL,526.9,592.09,29.23,27.72,entsoe.eu,false,""
2024-07-16T17:00:00.000000,Poland,Poland,PL,569.59,636.18,23.4,21.88,entsoe.eu,false,""
2024-07-16T18:00:00.000000,Poland,Poland,PL,597.6,666.04,19.68,17.98,entsoe.eu,false,""
2024-07-16T19:00:00.000000,Poland,Poland,PL,625.81,696.2,16.06,14.41,entsoe.eu,false,""
2024-07-16T20:00:00.000000,Poland,Poland,PL,611.88,683.64,17.3,15.48,entsoe.eu,false,""
2024-07-16T21:00:00.000000,Poland,Poland,PL,589.13,660.38,20.05,17.88,entsoe.eu,false,""
2024-07-16T22:00:00.000000,Poland,Poland,PL,578.33,648.85,21.35,19.05,entsoe.eu,false,""
2024-07-16T23:00:00.000000,Poland,Poland,PL,562.08,630.27,23.94,21.52,entsoe.eu,false,""
2024-07-17T00:00:00.000000,Poland,Poland,PL,529.26,596.31,27.48,24.95,entsoe.eu,false,""
2024-07-17T01:00:00.000000,Poland,Poland,PL,515.96,582.27,29.15,26.65,entsoe.eu,false,""
2024-07-17T02:00:00.000000,Poland,Poland,PL,511.9,577.39,29.79,27.54,entsoe.eu,false,""
2024-07-17T03:00:00.000000,Poland,Poland,PL,498.54,563.72,31.57,29.27,entsoe.eu,false,""
2024-07-17T04:00:00.000000,Poland,Poland,PL,506.82,572.42,30.74,28.7,entsoe.eu,false,""
2024-07-17T05:00:00.000000,Poland,Poland,PL,499.78,564.44,32.45,30.88,entsoe.eu,false,""
2024-07-17T06:00:00.000000,Poland,Poland,PL,453.45,514.79,39.35,38.15,entsoe.eu,false,""
2024-07-17T07:00:00.000000,Poland,Poland,PL,391.71,450.47,47.27,46.34,entsoe.eu,false,""
2024-07-17T08:00:00.000000,Poland,Poland,PL,366.73,422.92,51.53,51.04,entsoe.eu,false,""
2024-07-17T09:00:00.000000,Poland,Poland,PL,360.66,415.79,52.6,52.12,entsoe.eu,false,""
2024-07-17T10:00:00.000000,Poland,Poland,PL,362.56,417.64,52.3,51.71,entsoe.eu,false,""
2024-07-17T11:00:00.000000,Poland,Poland,PL,367.83,423.91,50.97,50.37,entsoe.eu,false,""
2024-07-17T12:00:00.000000,Poland,Poland,PL,378.8,435.05,49.81,49.23,entsoe.eu,false,""
2024-07-17T13:00:00.000000,Poland,Poland,PL,395.3,451.93,48.09,47.43,entsoe.eu,false,""
2024-07-17T14:00:00.000000,Poland,Poland,PL,439.06,497.43,42.59,41.69,entsoe.eu,false,""
2024-07-17T15:00:00.000000,Poland,Poland,PL,483.15,544.41,36.35,35.13,entsoe.eu,false,""
2024-07-17T16:00:00.000000,Poland,Poland,PL,535.54,598.91,30.12,28.46,entsoe.eu,false,""
2024-07-17T17:00:00.000000,Poland,Poland,PL,580.94,645.54,24.17,22.36,entsoe.eu,false,""
2024-07-17T18:00:00.000000,Poland,Poland,PL,610.34,676.92,20.12,18.21,entsoe.eu,false,""
2024-07-17T19:00:00.000000,Poland,Poland,PL,631.68,699.42,17.48,15.42,entsoe.eu,false,""
2024-07-17T20:00:00.000000,Poland,Poland,PL,625.75,695.4,18.05,15.75,entsoe.eu,false,""
2024-07-17T21:00:00.000000,Poland,Poland,PL,636.91,705.81,16.87,14.94,entsoe.eu,false,""
2024-07-17T22:00:00.000000,Poland,Poland,PL,632.94,702.42,17.06,15.09,entsoe.eu,false,""
2024-07-17T23:00:00.000000,Poland,Poland,PL,636.0,704.75,17.49,15.36,entsoe.eu,false,""
2024-07-18T00:00:00.000000,Poland,Poland,PL,626.21,695.31,18.11,15.84,entsoe.eu,false,""
2024-07-18T01:00:00.000000,Poland,Poland,PL,614.96,683.44,19.46,17.1,entsoe.eu,false,""
2024-07-18T02:00:00.000000,Poland,Poland,PL,598.62,666.66,21.38,18.86,entsoe.eu,false,""
2024-07-18T03:00:00.000000,Poland,Poland,PL,597.67,664.15,22.05,20.07,entsoe.eu,false,""
2024-07-18T04:00:00.000000,Poland,Poland,PL,569.19,635.17,25.3,23.44,entsoe.eu,false,""
2024-07-18T05:00:00.000000,Poland,Poland,PL,526.12,590.9,30.63,29.24,entsoe.eu,false,""
2024-07-18T06:00:00.000000,Poland,Poland,PL,458.44,519.24,39.79,38.78,entsoe.eu,false,""
2024-07-18T07:00:00.000000,Poland,Poland,PL,379.43,436.4,49.68,48.8,entsoe.eu,false,""
2024-07-18T08:00:00.000000,Poland,Poland,PL,329.48,384.62,55.5,54.7,entsoe.eu,false,""
2024-07-18T09:00:00.000000,Poland,Poland,PL,318.6,373.93,56.58,55.98,entsoe.eu,false,""
2024-07-18T10:00:00.000000,Poland,Poland,PL,318.05,373.38,56.65,56.04,entsoe.eu,false,""
2024-07-18T11:00:00.000000,Poland,Poland,PL,317.49,372.62,56.75,56.01,entsoe.eu,false,""
2024-07-18T12:00:00.000000,Poland,Poland,PL,320.22,375.77,56.36,55.61,entsoe.eu,false,""
2024-07-18T13:00:00.000000,Poland,Poland,PL,336.99,393.44,54.25,53.35,entsoe.eu,false,""
2024-07-18T14:00:00.000000,Poland,Poland,PL,377.53,436.32,49.13,48.11,entsoe.eu,false,""
2024-07-18T15:00:00.000000,Poland,Poland,PL,455.26,517.69,39.39,38.25,entsoe.eu,false,""
2024-07-18T16:00:00.000000,Poland,Poland,PL,548.5,614.68,27.71,26.26,entsoe.eu,false,""
2024-07-18T17:00:00.000000,Poland,Poland,PL,606.46,673.56,20.33,18.81,entsoe.eu,false,""
2024-07-18T18:00:00.000000,Poland,Poland,PL,629.15,697.27,17.25,15.62,entsoe.eu,false,""
2024-07-18T19:00:00.000000,Poland,Poland,PL,636.34,705.38,16.15,14.34,entsoe.eu,false,""
2024-07-18T20:00:00.000000,Poland,Poland,PL,629.3,699.48,17.03,15.06,entsoe.eu,false,""
2024-07-18T21:00:00.000000,Poland,Poland,PL,625.58,696.84,17.17,15.11,entsoe.eu,false,""
2024-07-18T22:00:00.000000,Poland,Poland,PL,620.02,692.2,17.42,14.82,entsoe.eu,false,""
2024-07-18T23:00:00.000000,Poland,Poland,PL,640.0,712.34,15.43,13.18,entsoe.eu,false,""
2024-07-19T00:00:00.000000,Poland,Poland,PL,643.0,715.38,15.39,13.01,entsoe.eu,false,""
2024-07-19T01:00:00.000000,Poland,Poland,PL,641.94,714.18,15.55,13.15,entsoe.eu,false,""
2024-07-19T02:00:00.000000,Poland,Poland,PL,638.06,710.15,16.07,13.56,entsoe.eu,false,""
2024-07-19T03:00:00.000000,Poland,Poland,PL,623.02,694.65,17.84,15.38,entsoe.eu,false,""
2024-07-19T04:00:00.000000,Poland,Poland,PL,585.08,655.44,22.11,19.83,entsoe.eu,false,""
2024-07-19T05:00:00.000000,Poland,Poland,PL,522.97,589.93,30.34,28.76,entsoe.eu,false,""
2024-07-19T06:00:00.000000,Poland,Poland,PL,446.36,508.71,40.61,39.48,entsoe.eu,false,""
2024-07-19T07:00:00.000000,Poland,Poland,PL,383.77,442.8,48.65,47.74,entsoe.eu,false,""
2024-07-19T08:00:00.000000,Poland,Poland,PL,373.26,431.28,49.93,49.35,entsoe.eu,false,""
2024-07-19T09:00:00.000000,Poland,Poland,PL,366.15,423.54,50.91,50.3,entsoe.eu,false,""
2024-07-19T10:00:00.000000,Poland,Poland,PL,348.91,406.11,52.95,52.29,entsoe.eu,false,""
2024-07-19T11:00:00.000000,Poland,Poland,PL,338.42,395.61,54.04,53.32,entsoe.eu,false,""
2024-07-19T12:00:00.000000,Poland,Poland,PL,334.28,391.88,54.35,53.58,entsoe.eu,false,""
2024-07-19T13:00:00.000000,Poland,Poland,PL,353.19,411.96,51.73,50.91,entsoe.eu,false,""
2024-07-19T14:00:00.000000,Poland,Poland,PL,389.83,450.9,46.96,45.94,entsoe.eu,false,""
2024-07-19T15:00:00.000000,Poland,Poland,PL,446.04,510.56,39.22,37.7,entsoe.eu,false,""
2024-07-19T16:00:00.000000,Poland,Poland,PL,535.93,604.14,27.96,26.14,entsoe.eu,false,""
2024-07-19T17:00:00.000000,Poland,Poland,PL,602.72,671.57,19.99,18.08,entsoe.eu,false,""
2024-07-19T18:00:00.000000,Poland,Poland,PL,620.07,689.06,17.82,15.4,entsoe.eu,false,""
2024-07-19T19:00:00.000000,Poland,Poland,PL,615.31,684.55,18.19,15.16,entsoe.eu,false,""
2024-07-19T20:00:00.000000,Poland,Poland,PL,620.81,692.37,17.43,14.39,entsoe.eu,false,""
2024-07-19T21:00:00.000000,Poland,Poland,PL,641.06,713.12,15.08,13.0,entsoe.eu,false,""
2024-07-19T22:00:00.000000,Poland,Poland,PL,615.08,685.81,18.14,14.59,entsoe.eu,false,""
2024-07-19T23:00:00.000000,Poland,Poland,PL,613.14,683.33,18.35,13.76,entsoe.eu,false,""
2024-07-20T00:00:00.000000,Poland,Poland,PL,616.24,686.07,18.29,13.41,entsoe.eu,false,""
2024-07-20T01:00:00.000000,Poland,Poland,PL,625.89,696.31,17.08,12.67,entsoe.eu,false,""
2024-07-20T02:00:00.000000,Poland,Poland,PL,636.36,707.14,15.9,12.24,entsoe.eu,false,""
2024-07-20T03:00:00.000000,Poland,Poland,PL,620.87,690.55,18.15,14.84,entsoe.eu,false,""
2024-07-20T04:00:00.000000,Poland,Poland,PL,579.05,645.89,24.17,21.22,entsoe.eu,false,""
2024-07-20T05:00:00.000000,Poland,Poland,PL,494.41,557.89,34.52,32.52,entsoe.eu,false,""
2024-07-20T06:00:00.000000,Poland,Poland,PL,413.49,472.82,44.93,43.38,entsoe.eu,false,""
2024-07-20T07:00:00.000000,Poland,Poland,PL,341.08,397.6,53.86,52.45,entsoe.eu,false,""
2024-07-20T08:00:00.000000,Poland,Poland,PL,338.71,394.55,54.15,52.92,entsoe.eu,false,""
2024-07-20T09:00:00.000000,Poland,Poland,PL,329.31,384.69,55.53,54.98,entsoe.eu,false,""
2024-07-20T10:00:00.000000,Poland,Poland,PL,322.31,377.72,56.28,55.92,entsoe.eu,false,""
2024-07-20T11:00:00.000000,Poland,Poland,PL,327.7,381.94,56.7,56.35,entsoe.eu,false,""
2024-07-20T12:00:00.000000,Poland,Poland,PL,314.77,368.79,58.54,58.33,entsoe.eu,false,""
2024-07-20T13:00:00.000000,Poland,Poland,PL,329.23,384.49,56.55,55.91,entsoe.eu,false,""
2024-07-20T14:00:00.000000,Poland,Poland,PL,396.31,454.07,47.88,46.58,entsoe.eu,false,""
2024-07-20T15:00:00.000000,Poland,Poland,PL,443.35,503.4,41.71,39.94,entsoe.eu,false,""
2024-07-20T16:00:00.000000,Poland,Poland,PL,504.83,566.76,33.83,31.12,entsoe.eu,false,""
2024-07-20T17:00:00.000000,Poland,Poland,PL,580.12,645.24,23.5,20.55,entsoe.eu,false,""
2024-07-20T18:00:00.000000,Poland,Poland,PL,608.66,674.42,20.11,16.5,entsoe.eu,false,""
2024-07-20T19:00:00.000000,Poland,Poland,PL,609.15,674.95,19.99,16.74,entsoe.eu,false,""
2024-07-20T20:00:00.000000,Poland,Poland,PL,598.2,665.38,20.95,17.79,entsoe.eu,false,""
2024-07-20T21:00:00.000000,Poland,Poland,PL,585.2,652.0,22.69,19.52,entsoe.eu,false,""
2024-07-20T22:00:00.000000,Poland,Poland,PL,574.4,640.2,24.36,20.73,entsoe.eu,false,""
2024-07-20T23:00:00.000000,Poland,Poland,PL,583.59,649.91,23.06,19.72,entsoe.eu,false,""
2024-07-21T00:00:00.000000,Poland,Poland,PL,578.6,644.7,23.97,20.13,entsoe.eu,false,""
2024-07-21T01:00:00.000000,Poland,Poland,PL,585.18,651.97,23.13,18.72,entsoe.eu,false,""
2024-07-21T02:00:00.000000,Poland,Poland,PL,607.36,675.72,20.31,16.41,entsoe.eu,false,""
2024-07-21T03:00:00.000000,Poland,Poland,PL,603.9,672.62,20.47,16.77,entsoe.eu,false,""
2024-07-21T04:00:00.000000,Poland,Poland,PL,565.98,633.06,25.25,22.49,entsoe.eu,false,""
2024-07-21T05:00:00.000000,Poland,Poland,PL,484.14,547.57,35.26,33.29,entsoe.eu,false,""
2024-07-21T06:00:00.000000,Poland,Poland,PL,392.45,451.52,47.16,45.69,entsoe.eu,false,""
2024-07-21T07:00:00.000000,Poland,Poland,PL,354.96,412.3,51.88,51.76,entsoe.eu,false,""
2024-07-21T08:00:00.000000,Poland,Poland,PL,334.08,390.08,54.67,54.6,entsoe.eu,false,""
2024-07-21T09:00:00.000000,Poland,Poland,PL,343.47,399.12,53.71,53.7,entsoe.eu,false,""
2024-07-21T10:00:00.000000,Poland,Poland,PL,337.16,392.59,54.41,54.41,entsoe.eu,false,""
2024-07-21T11:00:00.000000,Poland,Poland,PL,342.44,397.9,53.94,53.89,entsoe.eu,false,""
2024-07-21T12:00:00.000000,Poland,Poland,PL,347.56,403.49,53.14,52.68,entsoe.eu,false,""
2024-07-21T13:00:00.000000,Poland,Poland,PL,355.51,412.07,51.96,51.32,entsoe.eu,false,""
2024-07-21T14:00:00.000000,Poland,Poland,PL,369.56,426.84,50.25,49.1,entsoe.eu,false,""
2024-07-21T15:00:00.000000,Poland,Poland,PL,416.45,476.03,44.47,42.93,entsoe.eu,false,""
2024-07-21T16:00:00.000000,Poland,Poland,PL,509.8,573.54,32.32,30.7,entsoe.eu,false,""
2024-07-21T17:00:00.000000,Poland,Poland,PL,580.96,646.86,23.45,21.24,entsoe.eu,false,""
2024-07-21T18:00:00.000000,Poland,Poland,PL,624.83,689.93,19.17,17.04,entsoe.eu,false,""
2024-07-21T19:00:00.000000,Poland,Poland,PL,616.11,680.2,20.14,17.84,entsoe.eu,false,""
2024-07-21T20:00:00.000000,Poland,Poland,PL,612.91,677.52,20.35,18.3,entsoe.eu,false,""
2024-07-21T21:00:00.000000,Poland,Poland,PL,596.18,660.53,22.68,20.17,entsoe.eu,false,""
2024-07-21T22:00:00.000000,Poland,Poland,PL,598.01,662.18,22.79,20.17,entsoe.eu,false,""
2024-07-21T23:00:00.000000,Poland,Poland,PL,594.03,658.16,23.38,20.67,entsoe.eu,false,""
2024-07-22T00:00:00.000000,Poland,Poland,PL,587.76,651.79,24.13,21.28,entsoe.eu,false,""
2024-07-22T01:00:00.000000,Poland,Poland,PL,592.64,656.91,23.62,20.65,entsoe.eu,false,""
2024-07-22T02:00:00.000000,Poland,Poland,PL,603.98,668.97,22.25,19.3,entsoe.eu,false,""
2024-07-22T03:00:00.000000,Poland,Poland,PL,594.2,658.63,23.74,20.18,entsoe.eu,false,""
2024-07-22T04:00:00.000000,Poland,Poland,PL,565.19,628.89,26.86,23.69,entsoe.eu,false,""
2024-07-22T05:00:00.000000,Poland,Poland,PL,538.79,600.93,30.34,28.23,entsoe.eu,false,""
2024-07-22T06:00:00.000000,Poland,Poland,PL,492.46,552.3,36.34,34.95,entsoe.eu,false,""
2024-07-22T07:00:00.000000,Poland,Poland,PL,456.27,513.58,41.46,40.24,entsoe.eu,false,""
2024-07-22T08:00:00.000000,Poland,Poland,PL,420.85,476.34,46.11,44.94,entsoe.eu,false,""
2024-07-22T09:00:00.000000,Poland,Poland,PL,398.67,453.49,48.83,47.55,entsoe.eu,false,""
2024-07-22T10:00:00.000000,Poland,Poland,PL,388.32,442.77,50.1,48.87,entsoe.eu,false,""
2024-07-22T11:00:00.000000,Poland,Poland,PL,402.6,456.76,48.39,47.3,entsoe.eu,false,""
2024-07-22T12:00:00.000000,Poland,Poland,PL,401.08,455.39,48.52,47.47,entsoe.eu,false,""
2024-07-22T13:00:00.000000,Poland,Poland,PL,430.51,486.21,44.52,43.45,entsoe.eu,false,""
2024-07-22T14:00:00.000000,Poland,Poland,PL,454.15,510.63,41.57,40.17,entsoe.eu,false,""
2024-07-22T15:00:00.000000,Poland,Poland,PL,487.54,545.85,36.49,35.0,entsoe.eu,false,""
2024-07-22T16:00:00.000000,Poland,Poland,PL,514.81,574.22,32.78,30.39,entsoe.eu,false,""
2024-07-22T17:00:00.000000,Poland,Poland,PL,529.98,589.28,30.36,27.0,entsoe.eu,false,""
2024-07-22T18:00:00.000000,Poland,Poland,PL,548.35,608.29,27.82,24.44,entsoe.eu,false,""
2024-07-22T19:00:00.000000,Poland,Poland,PL,559.85,621.54,25.88,22.54,entsoe.eu,false,""
2024-07-22T20:00:00.000000,Poland,Poland,PL,561.12,625.51,24.78,21.04,entsoe.eu,false,""
2024-07-22T21:00:00.000000,Poland,Poland,PL,574.78,640.82,22.85,20.52,entsoe.eu,false,""
2024-07-22T22:00:00.000000,Poland,Poland,PL,569.1,635.38,23.62,21.19,entsoe.eu,false,""
2024-07-22T23:00:00.000000,Poland,Poland,PL,587.53,653.45,22.29,19.73,entsoe.eu,false,""
2024-07-23T00:00:00.000000,Poland,Poland,PL,590.97,658.35,21.16,18.58,entsoe.eu,false,""
2024-07-23T01:00:00.000000,Poland,Poland,PL,592.2,659.32,21.15,18.53,entsoe.eu,false,""
2024-07-23T02:00:00.000000,Poland,Poland,PL,587.93,655.17,21.75,19.02,entsoe.eu,false,""
2024-07-23T03:00:00.000000,Poland,Poland,PL,585.47,652.29,22.48,19.17,entsoe.eu,false,""
2024-07-23T04:00:00.000000,Poland,Poland,PL,567.86,634.34,24.31,20.22,entsoe.eu,false,""
2024-07-23T05:00:00.000000,Poland,Poland,PL,550.14,615.07,26.96,24.63,entsoe.eu,false,""
2024-07-23T06:00:00.000000,Poland,Poland,PL,491.19,553.34,34.58,32.88,entsoe.eu,false,""
2024-07-23T07:00:00.000000,Poland,Poland,PL,449.74,509.6,39.9,38.75,entsoe.eu,false,""
2024-07-23T08:00:00.000000,Poland,Poland,PL,397.66,454.64,46.94,45.76,entsoe.eu,false,""
2024-07-23T09:00:00.000000,Poland,Poland,PL,373.18,429.22,50.0,48.84,entsoe.eu,false,""
2024-07-23T10:00:00.000000,Poland,Poland,PL,352.04,407.12,52.87,51.7,entsoe.eu,false,""
2024-07-23T11:00:00.000000,Poland,Poland,PL,348.32,403.5,53.27,52.11,entsoe.eu,false,""
2024-07-23T12:00:00.000000,Poland,Poland,PL,360.84,416.53,51.77,50.63,entsoe.eu,false,""
2024-07-23T13:00:00.000000,Poland,Poland,PL,388.13,444.96,48.42,47.24,entsoe.eu,false,""
2024-07-23T14:00:00.000000,Poland,Poland,PL,420.88,479.63,44.1,42.86,entsoe.eu,false,""
2024-07-23T15:00:00.000000,Poland,Poland,PL,486.26,548.51,35.49,33.72,entsoe.eu,false,""
2024-07-23T16:00:00.000000,Poland,Poland,PL,563.82,628.18,26.51,23.27,entsoe.eu,false,""
2024-07-23T17:00:00.000000,Poland,Poland,PL,613.05,678.52,19.71,16.34,entsoe.eu,false,""
2024-07-23T18:00:00.000000,Poland,Poland,PL,615.11,680.94,18.63,14.68,entsoe.eu,false,""
2024-07-23T19:00:00.000000,Poland,Poland,PL,611.05,677.53,18.98,13.65,entsoe.eu,false,""
2024-07-23T20:00:00.000000,Poland,Poland,PL,615.93,684.84,17.94,12.33,entsoe.eu,false,""
2024-07-23T21:00:00.000000,Poland,Poland,PL,620.89,690.5,17.26,12.19,entsoe.eu,false,""
2024-07-23T22:00:00.000000,Poland,Poland,PL,616.92,686.74,18.05,12.17,entsoe.eu,false,""
2024-07-23T23:00:00.000000,Poland,Poland,PL,627.02,696.36,17.25,12.24,entsoe.eu,false,""
2024-07-24T00:00:00.000000,Poland,Poland,PL,616.87,685.64,18.9,13.54,entsoe.eu,false,""
2024-07-24T01:00:00.000000,Poland,Poland,PL,619.27,687.69,19.05,13.29,entsoe.eu,false,""
2024-07-24T02:00:00.000000,Poland,Poland,PL,620.04,687.89,19.25,13.52,entsoe.eu,false,""
2024-07-24T03:00:00.000000,Poland,Poland,PL,605.91,672.91,20.86,15.55,entsoe.eu,false,""
2024-07-24T04:00:00.000000,Poland,Poland,PL,577.98,644.65,23.5,18.88,entsoe.eu,false,""
2024-07-24T05:00:00.000000,Poland,Poland,PL,547.97,612.59,27.66,23.85,entsoe.eu,false,""
2024-07-24T06:00:00.000000,Poland,Poland,PL,509.61,571.73,33.17,30.06,entsoe.eu,false,""
2024-07-24T07:00:00.000000,Poland,Poland,PL,490.57,552.21,35.4,33.65,entsoe.eu,false,""
2024-07-24T08:00:00.000000,Poland,Poland,PL,466.55,526.31,39.15,37.54,entsoe.eu,false,""
2024-07-24T09:00:00.000000,Poland,Poland,PL,456.39,515.39,40.42,39.19,entsoe.eu,false,""
2024-07-24T10:00:00.000000,Poland,Poland,PL,448.23,507.18,41.15,40.0,entsoe.eu,false,""
2024-07-24T11:00:00.000000,Poland,Poland,PL,445.68,504.15,41.55,40.49,entsoe.eu,false,""
2024-07-24T12:00:00.000000,Poland,Poland,PL,435.4,493.35,42.71,41.83,entsoe.eu,false,""
2024-07-24T13:00:00.000000,Poland,Poland,PL,445.07,502.88,41.87,40.87,entsoe.eu,false,""
2024-07-24T14:00:00.000000,Poland,Poland,PL,465.91,524.32,39.05,37.94,entsoe.eu,false,""
2024-07-24T15:00:00.000000,Poland,Poland,PL,500.28,560.96,33.99,32.62,entsoe.eu,false,""
2024-07-24T16:00:00.000000,Poland,Poland,PL,523.26,585.23,30.65,28.52,entsoe.eu,false,""
2024-07-24T17:00:00.000000,Poland,Poland,PL,562.83,626.36,25.49,21.94,entsoe.eu,false,""
2024-07-24T18:00:00.000000,Poland,Poland,PL,582.44,646.12,23.0,19.13,entsoe.eu,false,""
2024-07-24T19:00:00.000000,Poland,Poland,PL,595.07,661.23,20.92,16.66,entsoe.eu,false,""
2024-07-24T20:00:00.000000,Poland,Poland,PL,583.64,650.63,21.86,17.87,entsoe.eu,false,""
2024-07-24T21:00:00.000000,Poland,Poland,PL,580.46,646.62,22.78,19.98,entsoe.eu,false,""
2024-07-24T22:00:00.000000,Poland,Poland,PL,585.23,650.51,22.94,20.45,entsoe.eu,false,""
2024-07-24T23:00:00.000000,Poland,Poland,PL,589.61,654.94,22.34,19.93,entsoe.eu,false,""
2024-07-25T00:00:00.000000,Poland,Poland,PL,599.75,664.74,21.68,19.21,entsoe.eu,false,""
2024-07-25T01:00:00.000000,Poland,Poland,PL,606.48,671.43,21.04,18.51,entsoe.eu,false,""
2024-07-25T02:00:00.000000,Poland,Poland,PL,611.67,677.21,20.43,17.89,entsoe.eu,false,""
2024-07-25T03:00:00.000000,Poland,Poland,PL,604.51,671.35,20.18,17.94,entsoe.eu,false,""
2024-07-25T04:00:00.000000,Poland,Poland,PL,596.4,662.44,21.56,19.61,entsoe.eu,false,""
2024-07-25T05:00:00.000000,Poland,Poland,PL,566.22,630.73,25.86,24.18,entsoe.eu,false,""
2024-07-25T06:00:00.000000,Poland,Poland,PL,501.5,563.01,34.06,32.71,entsoe.eu,false,""
2024-07-25T07:00:00.000000,Poland,Poland,PL,448.46,507.51,40.64,39.45,entsoe.eu,false,""
2024-07-25T08:00:00.000000,Poland,Poland,PL,409.75,465.54,46.52,45.38,entsoe.eu,false,""
2024-07-25T09:00:00.000000,Poland,Poland,PL,386.39,441.78,49.05,47.97,entsoe.eu,false,""
2024-07-25T10:00:00.000000,Poland,Poland,PL,379.32,433.75,50.38,49.32,entsoe.eu,false,""
2024-07-25T11:00:00.000000,Poland,Poland,PL,377.06,431.64,50.62,49.69,entsoe.eu,false,""
2024-07-25T12:00:00.000000,Poland,Poland,PL,384.98,440.17,49.35,48.46,entsoe.eu,false,""
2024-07-25T13:00:00.000000,Poland,Poland,PL,399.74,455.9,47.27,46.24,entsoe.eu,false,""
2024-07-25T14:00:00.000000,Poland,Poland,PL,447.88,506.3,41.14,39.99,entsoe.eu,false,""
2024-07-25T15:00:00.000000,Poland,Poland,PL,503.18,564.69,33.77,32.48,entsoe.eu,false,""
2024-07-25T16:00:00.000000,Poland,Poland,PL,552.13,616.56,27.15,25.27,entsoe.eu,false,""
2024-07-25T17:00:00.000000,Poland,Poland,PL,602.32,668.63,20.67,18.0,entsoe.eu,false,""
2024-07-25T18:00:00.000000,Poland,Poland,PL,627.2,693.82,17.44,15.04,entsoe.eu,false,""
2024-07-25T19:00:00.000000,Poland,Poland,PL,627.61,694.64,17.23,14.66,entsoe.eu,false,""
2024-07-25T20:00:00.000000,Poland,Poland,PL,641.93,710.97,15.81,13.37,entsoe.eu,false,""
2024-07-25T21:00:00.000000,Poland,Poland,PL,650.34,720.49,14.24,11.87,entsoe.eu,false,""
2024-07-25T22:00:00.000000,Poland,Poland,PL,619.7,688.6,19.12,14.67,entsoe.eu,false,""
2024-07-25T23:00:00.000000,Poland,Poland,PL,626.89,694.91,19.05,14.55,entsoe.eu,false,""
2024-07-26T00:00:00.000000,Poland,Poland,PL,631.11,699.18,18.55,14.47,entsoe.eu,false,""
2024-07-26T01:00:00.000000,Poland,Poland,PL,628.72,696.59,18.87,14.68,entsoe.eu,false,""
2024-07-26T02:00:00.000000,Poland,Poland,PL,621.4,688.77,19.85,15.35,entsoe.eu,false,""
2024-07-26T03:00:00.000000,Poland,Poland,PL,605.15,671.29,21.94,17.22,entsoe.eu,false,""
2024-07-26T04:00:00.000000,Poland,Poland,PL,563.91,627.85,27.05,22.09,entsoe.eu,false,""
2024-07-26T05:00:00.000000,Poland,Poland,PL,522.85,584.6,32.19,28.67,entsoe.eu,false,""
2024-07-26T06:00:00.000000,Poland,Poland,PL,471.06,530.4,38.79,37.08,entsoe.eu,false,""
2024-07-26T07:00:00.000000,Poland,Poland,PL,413.32,469.32,46.56,45.34,entsoe.eu,false,""
2024-07-26T08:00:00.000000,Poland,Poland,PL,369.85,424.5,51.64,50.58,entsoe.eu,false,""
2024-07-26T09:00:00.000000,Poland,Poland,PL,344.77,398.58,54.69,53.76,entsoe.eu,false,""
2024-07-26T10:00:00.000000,Poland,Poland,PL,350.27,403.69,54.44,53.52,entsoe.eu,false,""
2024-07-26T11:00:00.000000,Poland,Poland,PL,363.87,417.8,52.76,51.82,entsoe.eu,false,""
2024-07-26T12:00:00.000000,Poland,Poland,PL,379.88,434.65,50.82,49.75,entsoe.eu,false,""
2024-07-26T13:00:00.000000,Poland,Poland,PL,422.58,479.21,45.58,44.36,entsoe.eu,false,""
2024-07-26T14:00:00.000000,Poland,Poland,PL,490.02,550.21,36.55,35.24,entsoe.eu,false,""
2024-07-26T15:00:00.000000,Poland,Poland,PL,543.6,606.63,29.79,27.75,entsoe.eu,false,""
2024-07-26T16:00:00.000000,Poland,Poland,PL,580.41,645.49,24.5,21.21,entsoe.eu,false,""
2024-07-26T17:00:00.000000,Poland,Poland,PL,609.0,673.96,20.85,17.04,entsoe.eu,false,""
2024-07-26T18:00:00.000000,Poland,Poland,PL,625.61,691.14,18.71,14.33,entsoe.eu,false,""
2024-07-26T19:00:00.000000,Poland,Poland,PL,625.84,692.31,18.52,13.26,entsoe.eu,false,""
2024-07-26T20:00:00.000000,Poland,Poland,PL,628.27,696.15,17.93,12.85,entsoe.eu,false,""
2024-07-26T21:00:00.000000,Poland,Poland,PL,625.66,693.6,18.24,13.04,entsoe.eu,false,""
2024-07-26T22:00:00.000000,Poland,Poland,PL,615.77,684.0,18.94,13.56,entsoe.eu,false,""
2024-07-26T23:00:00.000000,Poland,Poland,PL,612.53,679.8,20.1,14.19,entsoe.eu,false,""
2024-07-27T00:00:00.000000,Poland,Poland,PL,617.21,683.62,20.28,14.3,entsoe.eu,false,""
2024-07-27T01:00:00.000000,Poland,Poland,PL,622.14,688.73,19.52,13.94,entsoe.eu,false,""
2024-07-27T02:00:00.000000,Poland,Poland,PL,621.62,688.53,19.5,14.2,entsoe.eu,false,""
2024-07-27T03:00:00.000000,Poland,Poland,PL,615.39,681.73,20.44,15.92,entsoe.eu,false,""
2024-07-27T04:00:00.000000,Poland,Poland,PL,581.47,646.85,24.47,20.75,entsoe.eu,false,""
2024-07-27T05:00:00.000000,Poland,Poland,PL,517.79,579.98,32.48,29.12,entsoe.eu,false,""
2024-07-27T06:00:00.000000,Poland,Poland,PL,469.75,528.39,38.84,36.61,entsoe.eu,false,""
2024-07-27T07:00:00.000000,Poland,Poland,PL,435.33,491.5,43.72,42.02,entsoe.eu,false,""
2024-07-27T08:00:00.000000,Poland,Poland,PL,406.6,461.61,47.22,45.94,entsoe.eu,false,""
2024-07-27T09:00:00.000000,Poland,Poland,PL,392.54,446.97,48.93,47.7,entsoe.eu,false,""
2024-07-27T10:00:00.000000,Poland,Poland,PL,394.13,448.98,48.64,47.45,entsoe.eu,false,""
2024-07-27T11:00:00.000000,Poland,Poland,PL,417.43,473.4,45.87,44.76,entsoe.eu,false,""
2024-07-27T12:00:00.000000,Poland,Poland,PL,440.26,497.53,43.03,42.04,entsoe.eu,false,""
2024-07-27T13:00:00.000000,Poland,Poland,PL,486.29,544.99,37.34,36.02,entsoe.eu,false,""
2024-07-27T14:00:00.000000,Poland,Poland,PL,517.45,578.37,33.25,31.57,entsoe.eu,false,""
2024-07-27T15:00:00.000000,Poland,Poland,PL,549.06,611.26,29.46,25.24,entsoe.eu,false,""
2024-07-27T16:00:00.000000,Poland,Poland,PL,581.7,646.38,24.28,18.37,entsoe.eu,false,""
2024-07-27T17:00:00.000000,Poland,Poland,PL,617.64,682.71,19.51,14.11,entsoe.eu,false,""
2024-07-27T18:00:00.000000,Poland,Poland,PL,624.37,689.41,18.55,13.17,entsoe.eu,false,""
2024-07-27T19:00:00.000000,Poland,Poland,PL,619.85,684.59,19.26,12.8,entsoe.eu,false,""
2024-07-27T20:00:00.000000,Poland,Poland,PL,628.72,695.54,18.08,11.6,entsoe.eu,false,""
2024-07-27T21:00:00.000000,Poland,Poland,PL,632.77,699.16,18.08,12.33,entsoe.eu,false,""
2024-07-27T22:00:00.000000,Poland,Poland,PL,618.16,683.4,20.44,14.35,entsoe.eu,false,""
2024-07-27T23:00:00.000000,Poland,Poland,PL,618.38,683.18,20.6,14.75,entsoe.eu,false,""
2024-07-28T00:00:00.000000,Poland,Poland,PL,623.31,689.32,19.69,15.08,entsoe.eu,false,""
2024-07-28T01:00:00.000000,Poland,Poland,PL,611.74,677.69,20.8,16.93,entsoe.eu,false,""
2024-07-28T02:00:00.000000,Poland,Poland,PL,615.01,680.19,20.22,17.37,entsoe.eu,false,""
2024-07-28T03:00:00.000000,Poland,Poland,PL,584.33,648.31,23.77,20.94,entsoe.eu,false,""
2024-07-28T04:00:00.000000,Poland,Poland,PL,557.92,619.09,27.33,25.0,entsoe.eu,false,""
2024-07-28T05:00:00.000000,Poland,Poland,PL,512.72,571.6,33.19,31.18,entsoe.eu,false,""
2024-07-28T06:00:00.000000,Poland,Poland,PL,467.12,524.75,38.45,36.66,entsoe.eu,false,""
2024-07-28T07:00:00.000000,Poland,Poland,PL,413.74,470.1,44.59,43.05,entsoe.eu,false,""
2024-07-28T08:00:00.000000,Poland,Poland,PL,395.76,450.95,47.34,46.79,entsoe.eu,false,""
2024-07-28T09:00:00.000000,Poland,Poland,PL,390.58,444.41,48.21,48.09,entsoe.eu,false,""
2024-07-28T10:00:00.000000,Poland,Poland,PL,374.59,427.1,50.17,50.13,entsoe.eu,false,""
2024-07-28T11:00:00.000000,Poland,Poland,PL,341.01,392.56,54.14,54.08,entsoe.eu,false,""
2024-07-28T12:00:00.000000,Poland,Poland,PL,345.57,396.96,53.89,53.87,entsoe.eu,false,""
2024-07-28T13:00:00.000000,Poland,Poland,PL,312.6,361.77,58.24,58.23,entsoe.eu,false,""
2024-07-28T14:00:00.000000,Poland,Poland,PL,303.47,351.21,59.36,59.36,entsoe.eu,false,""
2024-07-28T15:00:00.000000,Poland,Poland,PL,301.43,349.22,59.41,59.22,entsoe.eu,false,""
2024-07-28T16:00:00.000000,Poland,Poland,PL,317.63,365.35,57.5,56.54,entsoe.eu,false,""
2024-07-28T17:00:00.000000,Poland,Poland,PL,399.71,451.08,46.8,45.56,entsoe.eu,false,""
2024-07-28T18:00:00.000000,Poland,Poland,PL,434.45,488.15,41.97,40.7,entsoe.eu,false,""
2024-07-28T19:00:00.000000,Poland,Poland,PL,430.93,484.43,42.53,41.1,entsoe.eu,false,""
2024-07-28T20:00:00.000000,Poland,Poland,PL,413.57,465.15,45.09,43.68,entsoe.eu,false,""
2024-07-28T21:00:00.000000,Poland,Poland,PL,386.75,436.84,48.48,46.94,entsoe.eu,false,""
2024-07-28T22:00:00.000000,Poland,Poland,PL,388.01,438.35,48.23,47.0,entsoe.eu,false,""
2024-07-28T23:00:00.000000,Poland,Poland,PL,391.43,441.61,47.79,46.63,entsoe.eu,false,""
2024-07-29T00:00:00.000000,Poland,Poland,PL,385.07,434.92,48.65,47.4,entsoe.eu,false,""
2024-07-29T01:00:00.000000,Poland,Poland,PL,398.61,449.22,47.05,45.79,entsoe.eu,false,""
2024-07-29T02:00:00.000000,Poland,Poland,PL,422.59,474.75,44.0,42.75,entsoe.eu,false,""
2024-07-29T03:00:00.000000,Poland,Poland,PL,458.01,512.7,39.32,38.17,entsoe.eu,false,""
2024-07-29T04:00:00.000000,Poland,Poland,PL,442.69,497.14,41.09,39.72,entsoe.eu,false,""
2024-07-29T05:00:00.000000,Poland,Poland,PL,416.07,469.04,45.27,44.22,entsoe.eu,false,""
2024-07-29T06:00:00.000000,Poland,Poland,PL,341.77,391.2,55.16,54.28,entsoe.eu,false,""
2024-07-29T07:00:00.000000,Poland,Poland,PL,271.14,317.44,64.02,63.28,entsoe.eu,false,""
2024-07-29T08:00:00.000000,Poland,Poland,PL,273.49,320.25,63.29,63.29,entsoe.eu,false,""
2024-07-29T09:00:00.000000,Poland,Poland,PL,269.93,317.79,63.49,63.48,entsoe.eu,false,""
2024-07-29T10:00:00.000000,Poland,Poland,PL,261.47,309.66,64.5,64.48,entsoe.eu,false,""
2024-07-29T11:00:00.000000,Poland,Poland,PL,263.2,311.64,64.08,64.06,entsoe.eu,false,""
2024-07-29T12:00:00.000000,Poland,Poland,PL,257.61,306.18,64.63,64.6,entsoe.eu,false,""
2024-07-29T13:00:00.000000,Poland,Poland,PL,256.51,305.49,64.55,64.5,entsoe.eu,false,""
2024-07-29T14:00:00.000000,Poland,Poland,PL,274.51,324.33,62.09,61.88,entsoe.eu,false,""
2024-07-29T15:00:00.000000,Poland,Poland,PL,327.32,378.22,56.55,55.67,entsoe.eu,false,""
2024-07-29T16:00:00.000000,Poland,Poland,PL,418.02,473.07,44.98,43.68,entsoe.eu,false,""
2024-07-29T17:00:00.000000,Poland,Poland,PL,494.75,552.87,34.77,33.23,entsoe.eu,false,""
2024-07-29T18:00:00.000000,Poland,Poland,PL,550.1,611.16,27.52,25.88,entsoe.eu,false,""
2024-07-29T19:00:00.000000,Poland,Poland,PL,549.02,609.83,27.92,25.86,entsoe.eu,false,""
2024-07-29T20:00:00.000000,Poland,Poland,PL,526.54,587.53,31.03,28.43,entsoe.eu,false,""
2024-07-29T21:00:00.000000,Poland,Poland,PL,530.13,590.84,31.47,29.02,entsoe.eu,false,""
2024-07-29T22:00:00.000000,Poland,Poland,PL,540.02,600.8,30.31,27.73,entsoe.eu,false,""
2024-07-29T23:00:00.000000,Poland,Poland,PL,549.72,610.85,29.19,26.51,entsoe.eu,false,""
2024-07-30T00:00:00.000000,Poland,Poland,PL,562.08,623.83,27.55,24.97,entsoe.eu,false,""
2024-07-30T01:00:00.000000,Poland,Poland,PL,570.12,632.53,26.67,24.02,entsoe.eu,false,""
2024-07-30T02:00:00.000000,Poland,Poland,PL,577.78,641.14,25.46,22.85,entsoe.eu,false,""
2024-07-30T03:00:00.000000,Poland,Poland,PL,583.84,646.9,25.16,22.84,entsoe.eu,false,""
2024-07-30T04:00:00.000000,Poland,Poland,PL,567.66,631.73,26.32,24.3,entsoe.eu,false,""
2024-07-30T05:00:00.000000,Poland,Poland,PL,515.13,577.8,32.67,31.2,entsoe.eu,false,""
2024-07-30T06:00:00.000000,Poland,Poland,PL,434.84,492.6,43.78,42.63,entsoe.eu,false,""
2024-07-30T07:00:00.000000,Poland,Poland,PL,355.91,409.86,53.88,52.8,entsoe.eu,false,""
2024-07-30T08:00:00.000000,Poland,Poland,PL,320.78,373.57,57.97,57.02,entsoe.eu,false,""
2024-07-30T09:00:00.000000,Poland,Poland,PL,313.73,366.03,58.01,57.85,entsoe.eu,false,""
2024-07-30T10:00:00.000000,Poland,Poland,PL,312.83,365.48,57.93,57.93,entsoe.eu,false,""
2024-07-30T11:00:00.000000,Poland,Poland,PL,311.6,364.71,57.71,57.71,entsoe.eu,false,""
2024-07-30T12:00:00.000000,Poland,Poland,PL,308.13,361.71,58.19,57.88,entsoe.eu,false,""
2024-07-30T13:00:00.000000,Poland,Poland,PL,311.84,366.48,57.66,56.54,entsoe.eu,false,""
2024-07-30T14:00:00.000000,Poland,Poland,PL,360.77,418.08,51.55,50.08,entsoe.eu,false,""
2024-07-30T15:00:00.000000,Poland,Poland,PL,449.24,510.61,40.44,38.82,entsoe.eu,false,""
2024-07-30T16:00:00.000000,Poland,Poland,PL,529.29,594.32,30.76,28.29,entsoe.eu,false,""
2024-07-30T17:00:00.000000,Poland,Poland,PL,603.19,670.14,21.35,18.32,entsoe.eu,false,""
2024-07-30T18:00:00.000000,Poland,Poland,PL,625.51,693.56,18.46,15.07,entsoe.eu,false,""
2024-07-30T19:00:00.000000,Poland,Poland,PL,615.99,683.87,19.52,15.55,entsoe.eu,false,""
2024-07-30T20:00:00.000000,Poland,Poland,PL,619.37,689.79,18.92,14.96,entsoe.eu,false,""
2024-07-30T21:00:00.000000,Poland,Poland,PL,637.12,708.66,17.17,13.3,entsoe.eu,false,""
2024-07-30T22:00:00.000000,Poland,Poland,PL,632.04,703.76,18.12,13.67,entsoe.eu,false,""
2024-07-30T23:00:00.000000,Poland,Poland,PL,636.83,708.82,17.51,13.14,entsoe.eu,false,""
2024-07-31T00:00:00.000000,Poland,Poland,PL,639.99,711.58,17.3,12.86,entsoe.eu,false,""
2024-07-31T01:00:00.000000,Poland,Poland,PL,643.81,715.65,16.9,12.45,entsoe.eu,false,""
2024-07-31T02:00:00.000000,Poland,Poland,PL,648.3,721.98,15.21,12.03,entsoe.eu,false,""
2024-07-31T03:00:00.000000,Poland,Poland,PL,639.73,712.37,16.4,13.66,entsoe.eu,false,""
2024-07-31T04:00:00.000000,Poland,Poland,PL,588.01,658.02,22.59,19.6,entsoe.eu,false,""
2024-07-31T05:00:00.000000,Poland,Poland,PL,526.5,592.04,30.86,29.25,entsoe.eu,false,""
2024-07-31T06:00:00.000000,Poland,Poland,PL,441.97,502.33,42.23,40.97,entsoe.eu,false,""
2024-07-31T07:00:00.000000,Poland,Poland,PL,378.03,434.63,50.41,49.43,entsoe.eu,false,""
2024-07-31T08:00:00.000000,Poland,Poland,PL,322.82,377.16,57.14,56.18,entsoe.eu,false,""
2024-07-31T09:00:00.000000,Poland,Poland,PL,307.45,361.12,59.07,58.21,entsoe.eu,false,""
2024-07-31T10:00:00.000000,Poland,Poland,PL,308.55,362.17,58.97,58.15,entsoe.eu,false,""
2024-07-31T11:00:00.000000,Poland,Poland,PL,310.16,364.0,58.7,57.87,entsoe.eu,false,""
2024-07-31T12:00:00.000000,Poland,Poland,PL,312.15,366.54,58.45,57.54,entsoe.eu,false,""
2024-07-31T13:00:00.000000,Poland,Poland,PL,340.76,396.61,54.94,53.89,entsoe.eu,false,""
2024-07-31T14:00:00.000000,Poland,Poland,PL,400.49,459.13,47.26,46.11,entsoe.eu,false,""
2024-07-31T15:00:00.000000,Poland,Poland,PL,463.02,524.55,39.68,38.15,entsoe.eu,false,""
2024-07-31T16:00:00.000000,Poland,Poland,PL,554.66,620.35,27.69,25.41,entsoe.eu,false,""
2024-07-31T17:00:00.000000,Poland,Poland,PL,603.91,670.8,21.18,18.46,entsoe.eu,false,""
2024-07-31T18:00:00.000000,Poland,Poland,PL,639.14,706.75,17.01,14.26,entsoe.eu,false,""
2024-07-31T19:00:00.000000,Poland,Poland,PL,641.73,710.11,16.46,13.2,entsoe.eu,false,""
2024-07-31T20:00:00.000000,Poland,Poland,PL,636.88,707.36,16.79,13.18,entsoe.eu,false,""
2024-07-31T21:00:00.000000,Poland,Poland,PL,631.1,701.81,17.66,13.97,entsoe.eu,false,""
2024-07-31T22:00:00.000000,Poland,Poland,PL,609.4,681.41,19.5,15.63,entsoe.eu,false,""
2024-07-31T23:00:00.000000,Poland,Poland,PL,611.93,684.25,19.3,15.64,entsoe.eu,false,""
2024-08-01T00:00:00.000000,Poland,Poland,PL,606.73,678.96,19.76,15.91,entsoe.eu,false,""
2024-08-01T01:00:00.000000,Poland,Poland,PL,604.52,676.74,20.15,16.14,entsoe.eu,false,""
2024-08-01T02:00:00.000000,Poland,Poland,PL,604.92,676.99,20.27,16.32,entsoe.eu,false,""
2024-08-01T03:00:00.000000,Poland,Poland,PL,605.26,676.75,20.36,17.16,entsoe.eu,false,""
2024-08-01T04:00:00.000000,Poland,Poland,PL,579.87,649.68,23.44,20.77,entsoe.eu,false,""
2024-08-01T05:00:00.000000,Poland,Poland,PL,541.65,608.58,28.41,26.76,entsoe.eu,false,""
2024-08-01T06:00:00.000000,Poland,Poland,PL,483.49,546.14,36.42,35.24,entsoe.eu,false,""
2024-08-01T07:00:00.000000,Poland,Poland,PL,440.41,500.4,42.01,41.05,entsoe.eu,false,""
2024-08-01T08:00:00.000000,Poland,Poland,PL,401.3,459.92,46.69,45.73,entsoe.eu,false,""
2024-08-01T09:00:00.000000,Poland,Poland,PL,375.46,433.0,50.06,49.1,entsoe.eu,false,""
2024-08-01T10:00:00.000000,Poland,Poland,PL,360.34,417.14,52.13,51.15,entsoe.eu,false,""
2024-08-01T11:00:00.000000,Poland,Poland,PL,356.13,413.2,52.47,51.44,entsoe.eu,false,""
2024-08-01T12:00:00.000000,Poland,Poland,PL,356.01,413.35,52.44,51.36,entsoe.eu,false,""
2024-08-01T13:00:00.000000,Poland,Poland,PL,394.3,453.05,47.62,46.52,entsoe.eu,false,""
2024-08-01T14:00:00.000000,Poland,Poland,PL,439.57,500.24,42.09,40.89,entsoe.eu,false,""
2024-08-01T15:00:00.000000,Poland,Poland,PL,489.55,553.0,35.8,34.38,entsoe.eu,false,""
2024-08-01T16:00:00.000000,Poland,Poland,PL,562.62,629.31,26.34,23.89,entsoe.eu,false,""
2024-08-01T17:00:00.000000,Poland,Poland,PL,600.97,667.87,21.17,18.09,entsoe.eu,false,""
2024-08-01T18:00:00.000000,Poland,Poland,PL,612.2,679.2,19.83,16.81,entsoe.eu,false,""
2024-08-01T19:00:00.000000,Poland,Poland,PL,603.08,669.58,20.9,17.75,entsoe.eu,false,""
2024-08-01T20:00:00.000000,Poland,Poland,PL,594.27,662.64,21.96,18.24,entsoe.eu,false,""
2024-08-01T21:00:00.000000,Poland,Poland,PL,599.66,669.13,20.97,17.88,entsoe.eu,false,""
2024-08-01T22:00:00.000000,Poland,Poland,PL,601.79,671.95,20.8,18.22,entsoe.eu,false,""
2024-08-01T23:00:00.000000,Poland,Poland,PL,615.31,686.06,18.98,16.48,entsoe.eu,false,""
2024-08-02T00:00:00.000000,Poland,Poland,PL,613.09,683.77,19.31,16.5,entsoe.eu,false,""
2024-08-02T01:00:00.000000,Poland,Poland,PL,611.67,682.9,19.47,16.47,entsoe.eu,false,""
2024-08-02T02:00:00.000000,Poland,Poland,PL,610.65,682.37,19.59,16.39,entsoe.eu,false,""
2024-08-02T03:00:00.000000,Poland,Poland,PL,618.85,688.15,20.49,17.48,entsoe.eu,false,""
2024-08-02T04:00:00.000000,Poland,Poland,PL,589.3,657.48,23.51,20.98,entsoe.eu,false,""
2024-08-02T05:00:00.000000,Poland,Poland,PL,563.37,628.78,27.22,25.5,entsoe.eu,false,""
2024-08-02T06:00:00.000000,Poland,Poland,PL,519.7,582.18,33.23,31.8,entsoe.eu,false,""
2024-08-02T07:00:00.000000,Poland,Poland,PL,488.14,548.75,37.68,36.37,entsoe.eu,false,""
2024-08-02T08:00:00.000000,Poland,Poland,PL,453.77,513.58,41.42,40.18,entsoe.eu,false,""
2024-08-02T09:00:00.000000,Poland,Poland,PL,428.13,488.3,43.94,42.67,entsoe.eu,false,""
2024-08-02T10:00:00.000000,Poland,Poland,PL,445.69,506.33,42.02,40.72,entsoe.eu,false,""
2024-08-02T11:00:00.000000,Poland,Poland,PL,458.74,519.89,40.37,39.09,entsoe.eu,false,""
2024-08-02T12:00:00.000000,Poland,Poland,PL,470.35,531.91,38.93,37.59,entsoe.eu,false,""
2024-08-02T13:00:00.000000,Poland,Poland,PL,479.99,542.45,37.57,36.07,entsoe.eu,false,""
2024-08-02T14:00:00.000000,Poland,Poland,PL,519.81,583.56,32.45,30.9,entsoe.eu,false,""
2024-08-02T15:00:00.000000,Poland,Poland,PL,555.42,620.18,28.72,26.42,entsoe.eu,false,""
2024-08-02T16:00:00.000000,Poland,Poland,PL,591.03,656.62,24.49,21.59,entsoe.eu,false,""
2024-08-02T17:00:00.000000,Poland,Poland,PL,600.69,665.55,22.73,19.66,entsoe.eu,false,""
2024-08-02T18:00:00.000000,Poland,Poland,PL,606.41,671.96,21.29,17.89,entsoe.eu,false,""
2024-08-02T19:00:00.000000,Poland,Poland,PL,607.42,674.79,19.9,16.63,entsoe.eu,false,""
2024-08-02T20:00:00.000000,Poland,Poland,PL,594.74,664.41,21.02,16.96,entsoe.eu,false,""
2024-08-02T21:00:00.000000,Poland,Poland,PL,605.8,676.91,19.54,15.75,entsoe.eu,false,""
2024-08-02T22:00:00.000000,Poland,Poland,PL,609.49,683.12,17.61,13.99,entsoe.eu,false,""
2024-08-02T23:00:00.000000,Poland,Poland,PL,614.66,689.09,16.46,13.07,entsoe.eu,false,""
2024-08-03T00:00:00.000000,Poland,Poland,PL,615.45,690.51,16.0,12.57,entsoe.eu,false,""
2024-08-03T01:00:00.000000,Poland,Poland,PL,619.97,695.42,15.38,12.07,entsoe.eu,false,""
2024-08-03T02:00:00.000000,Poland,Poland,PL,621.1,696.82,15.14,11.52,entsoe.eu,false,""
2024-08-03T03:00:00.000000,Poland,Poland,PL,620.74,695.97,15.23,12.01,entsoe.eu,false,""
2024-08-03T04:00:00.000000,Poland,Poland,PL,588.07,661.58,19.71,16.25,entsoe.eu,false,""
2024-08-03T05:00:00.000000,Poland,Poland,PL,542.75,613.85,25.62,22.72,entsoe.eu,false,""
2024-08-03T06:00:00.000000,Poland,Poland,PL,493.35,561.1,32.08,29.94,entsoe.eu,false,""
2024-08-03T07:00:00.000000,Poland,Poland,PL,430.38,494.68,40.41,38.54,entsoe.eu,false,""
2024-08-03T08:00:00.000000,Poland,Poland,PL,388.11,451.42,45.34,44.45,entsoe.eu,false,""
2024-08-03T09:00:00.000000,Poland,Poland,PL,366.12,429.18,48.01,47.85,entsoe.eu,false,""
2024-08-03T10:00:00.000000,Poland,Poland,PL,358.82,421.42,48.92,48.84,entsoe.eu,false,""
2024-08-03T11:00:00.000000,Poland,Poland,PL,346.39,408.39,50.5,50.41,entsoe.eu,false,""
2024-08-03T12:00:00.000000,Poland,Poland,PL,345.45,407.46,50.57,50.48,entsoe.eu,false,""
2024-08-03T13:00:00.000000,Poland,Poland,PL,365.25,428.44,48.05,47.83,entsoe.eu,false,""
2024-08-03T14:00:00.000000,Poland,Poland,PL,401.3,466.12,43.42,42.47,entsoe.eu,false,""
2024-08-03T15:00:00.000000,Poland,Poland,PL,460.03,526.9,36.21,34.42,entsoe.eu,false,""
2024-08-03T16:00:00.000000,Poland,Poland,PL,523.83,594.56,27.93,25.36,entsoe.eu,false,""
2024-08-03T17:00:00.000000,Poland,Poland,PL,577.97,649.46,21.47,18.2,entsoe.eu,false,""
2024-08-03T18:00:00.000000,Poland,Poland,PL,597.27,669.2,18.7,15.84,entsoe.eu,false,""
2024-08-03T19:00:00.000000,Poland,Poland,PL,601.55,673.74,18.1,15.07,entsoe.eu,false,""
2024-08-03T20:00:00.000000,Poland,Poland,PL,609.98,685.07,16.6,13.67,entsoe.eu,false,""
2024-08-03T21:00:00.000000,Poland,Poland,PL,609.49,684.63,16.95,13.97,entsoe.eu,false,""
2024-08-03T22:00:00.000000,Poland,Poland,PL,609.26,684.95,16.54,13.43,entsoe.eu,false,""
2024-08-03T23:00:00.000000,Poland,Poland,PL,623.81,699.59,14.72,11.84,entsoe.eu,false,""
2024-08-04T00:00:00.000000,Poland,Poland,PL,613.85,690.09,15.64,12.54,entsoe.eu,false,""
2024-08-04T01:00:00.000000,Poland,Poland,PL,594.62,671.55,17.39,13.94,entsoe.eu,false,""
2024-08-04T02:00:00.000000,Poland,Poland,PL,604.0,680.7,16.47,13.2,entsoe.eu,false,""
2024-08-04T03:00:00.000000,Poland,Poland,PL,596.24,671.98,17.56,14.52,entsoe.eu,false,""
2024-08-04T04:00:00.000000,Poland,Poland,PL,543.48,616.51,24.49,21.73,entsoe.eu,false,""
2024-08-04T05:00:00.000000,Poland,Poland,PL,488.23,558.75,31.25,30.0,entsoe.eu,false,""
2024-08-04T06:00:00.000000,Poland,Poland,PL,440.72,507.88,37.82,36.86,entsoe.eu,false,""
2024-08-04T07:00:00.000000,Poland,Poland,PL,401.4,465.52,43.55,42.9,entsoe.eu,false,""
2024-08-04T08:00:00.000000,Poland,Poland,PL,364.76,426.75,48.76,48.76,entsoe.eu,false,""
2024-08-04T09:00:00.000000,Poland,Poland,PL,355.54,416.88,49.97,49.97,entsoe.eu,false,""
2024-08-04T10:00:00.000000,Poland,Poland,PL,380.74,443.65,46.4,46.39,entsoe.eu,false,""
2024-08-04T11:00:00.000000,Poland,Poland,PL,408.13,473.15,42.52,42.48,entsoe.eu,false,""
2024-08-04T12:00:00.000000,Poland,Poland,PL,399.0,463.31,44.13,44.03,entsoe.eu,false,""
2024-08-04T13:00:00.000000,Poland,Poland,PL,405.01,468.86,43.36,43.29,entsoe.eu,false,""
2024-08-04T14:00:00.000000,Poland,Poland,PL,420.47,485.97,41.13,40.86,entsoe.eu,false,""
2024-08-04T15:00:00.000000,Poland,Poland,PL,478.71,546.44,33.91,33.01,entsoe.eu,false,""
2024-08-04T16:00:00.000000,Poland,Poland,PL,506.38,575.25,30.46,27.27,entsoe.eu,false,""
2024-08-04T17:00:00.000000,Poland,Poland,PL,546.51,615.84,26.01,21.2,entsoe.eu,false,""
2024-08-04T18:00:00.000000,Poland,Poland,PL,594.93,666.27,19.37,15.47,entsoe.eu,false,""
2024-08-04T19:00:00.000000,Poland,Poland,PL,597.39,668.58,19.04,15.25,entsoe.eu,false,""
2024-08-04T20:00:00.000000,Poland,Poland,PL,601.2,673.86,18.71,15.88,entsoe.eu,false,""
2024-08-04T21:00:00.000000,Poland,Poland,PL,600.02,672.7,18.72,16.03,entsoe.eu,false,""
2024-08-04T22:00:00.000000,Poland,Poland,PL,575.5,648.2,20.74,17.99,entsoe.eu,false,""
2024-08-04T23:00:00.000000,Poland,Poland,PL,560.39,633.64,21.73,18.86,entsoe.eu,false,""
2024-08-05T00:00:00.000000,Poland,Poland,PL,561.68,635.2,21.4,18.5,entsoe.eu,false,""
2024-08-05T01:00:00.000000,Poland,Poland,PL,574.33,647.85,19.99,17.21,entsoe.eu,false,""
2024-08-05T02:00:00.000000,Poland,Poland,PL,575.28,648.41,20.24,17.42,entsoe.eu,false,""
2024-08-05T03:00:00.000000,Poland,Poland,PL,575.14,646.78,20.84,18.3,entsoe.eu,false,""
2024-08-05T04:00:00.000000,Poland,Poland,PL,568.55,639.71,21.28,19.11,entsoe.eu,false,""
2024-08-05T05:00:00.000000,Poland,Poland,PL,576.33,645.34,21.69,20.22,entsoe.eu,false,""
2024-08-05T06:00:00.000000,Poland,Poland,PL,555.54,622.2,25.92,25.24,entsoe.eu,false,""
2024-08-05T07:00:00.000000,Poland,Poland,PL,503.99,567.5,32.79,31.91,entsoe.eu,false,""
2024-08-05T08:00:00.000000,Poland,Poland,PL,460.41,521.12,38.88,37.74,entsoe.eu,false,""
2024-08-05T09:00:00.000000,Poland,Poland,PL,422.26,480.9,43.58,42.22,entsoe.eu,false,""
2024-08-05T10:00:00.000000,Poland,Poland,PL,406.73,462.85,47.16,45.75,entsoe.eu,false,""
2024-08-05T11:00:00.000000,Poland,Poland,PL,376.42,431.88,50.41,49.03,entsoe.eu,false,""
2024-08-05T12:00:00.000000,Poland,Poland,PL,352.79,407.64,52.86,51.56,entsoe.eu,false,""
2024-08-05T13:00:00.000000,Poland,Poland,PL,363.53,419.66,50.78,49.46,entsoe.eu,false,""
2024-08-05T14:00:00.000000,Poland,Poland,PL,400.01,458.0,46.11,44.68,entsoe.eu,false,""
2024-08-05T15:00:00.000000,Poland,Poland,PL,456.5,517.18,39.19,37.69,entsoe.eu,false,""
2024-08-05T16:00:00.000000,Poland,Poland,PL,530.08,594.45,29.69,28.1,entsoe.eu,false,""
2024-08-05T17:00:00.000000,Poland,Poland,PL,600.17,667.01,20.15,18.65,entsoe.eu,false,""
2024-08-05T18:00:00.000000,Poland,Poland,PL,627.14,694.66,16.69,15.09,entsoe.eu,false,""
2024-08-05T19:00:00.000000,Poland,Poland,PL,629.07,696.75,16.64,14.8,entsoe.eu,false,""
2024-08-05T20:00:00.000000,Poland,Poland,PL,616.82,686.9,17.78,15.14,entsoe.eu,false,""
2024-08-05T21:00:00.000000,Poland,Poland,PL,626.45,695.38,18.84,16.33,entsoe.eu,false,""
2024-08-05T22:00:00.000000,Poland,Poland,PL,630.43,700.99,17.14,14.66,entsoe.eu,false,""
2024-08-05T23:00:00.000000,Poland,Poland,PL,642.18,712.63,16.62,13.85,entsoe.eu,false,""
2024-08-06T00:00:00.000000,Poland,Poland,PL,646.17,717.53,15.9,12.99,entsoe.eu,false,""
2024-08-06T01:00:00.000000,Poland,Poland,PL,644.86,716.92,15.77,12.71,entsoe.eu,false,""
2024-08-06T02:00:00.000000,Poland,Poland,PL,651.16,723.14,15.23,12.18,entsoe.eu,false,""
2024-08-06T03:00:00.000000,Poland,Poland,PL,643.71,715.87,15.78,12.92,entsoe.eu,false,""
2024-08-06T04:00:00.000000,Poland,Poland,PL,620.96,692.63,17.86,15.53,entsoe.eu,false,""
2024-08-06T05:00:00.000000,Poland,Poland,PL,567.35,636.28,24.75,22.98,entsoe.eu,false,""
2024-08-06T06:00:00.000000,Poland,Poland,PL,500.4,565.34,33.59,32.13,entsoe.eu,false,""
2024-08-06T07:00:00.000000,Poland,Poland,PL,435.03,496.44,42.36,41.21,entsoe.eu,false,""
2024-08-06T08:00:00.000000,Poland,Poland,PL,389.86,449.05,48.33,47.4,entsoe.eu,false,""
2024-08-06T09:00:00.000000,Poland,Poland,PL,389.44,448.36,48.94,48.66,entsoe.eu,false,""
2024-08-06T10:00:00.000000,Poland,Poland,PL,386.09,445.47,48.85,48.72,entsoe.eu,false,""
2024-08-06T11:00:00.000000,Poland,Poland,PL,378.78,437.78,49.78,49.38,entsoe.eu,false,""
2024-08-06T12:00:00.000000,Poland,Poland,PL,386.68,445.78,49.03,48.87,entsoe.eu,false,""
2024-08-06T13:00:00.000000,Poland,Poland,PL,394.54,453.64,48.02,47.03,entsoe.eu,false,""
2024-08-06T14:00:00.000000,Poland,Poland,PL,438.24,498.62,42.65,41.38,entsoe.eu,false,""
2024-08-06T15:00:00.000000,Poland,Poland,PL,502.0,566.07,34.17,32.85,entsoe.eu,false,""
2024-08-06T16:00:00.000000,Poland,Poland,PL,577.76,646.03,24.12,22.29,entsoe.eu,false,""
2024-08-06T17:00:00.000000,Poland,Poland,PL,633.88,703.79,16.46,14.47,entsoe.eu,false,""
2024-08-06T18:00:00.000000,Poland,Poland,PL,638.24,708.56,15.73,13.06,entsoe.eu,false,""
2024-08-06T19:00:00.000000,Poland,Poland,PL,640.07,710.78,15.53,12.86,entsoe.eu,false,""
2024-08-06T20:00:00.000000,Poland,Poland,PL,638.06,709.88,16.11,13.33,entsoe.eu,false,""
2024-08-06T21:00:00.000000,Poland,Poland,PL,633.52,706.18,16.3,13.5,entsoe.eu,false,""
2024-08-06T22:00:00.000000,Poland,Poland,PL,619.71,692.09,18.5,14.89,entsoe.eu,false,""
2024-08-06T23:00:00.000000,Poland,Poland,PL,633.62,706.07,17.01,13.87,entsoe.eu,false,""
2024-08-07T00:00:00.000000,Poland,Poland,PL,636.58,708.7,16.85,13.67,entsoe.eu,false,""
2024-08-07T01:00:00.000000,Poland,Poland,PL,634.78,707.15,17.07,13.84,entsoe.eu,false,""
2024-08-07T02:00:00.000000,Poland,Poland,PL,638.05,710.69,16.75,13.38,entsoe.eu,false,""
2024-08-07T03:00:00.000000,Poland,Poland,PL,632.28,705.2,16.69,13.7,entsoe.eu,false,""
2024-08-07T04:00:00.000000,Poland,Poland,PL,589.44,659.28,22.14,18.75,entsoe.eu,false,""
2024-08-07T05:00:00.000000,Poland,Poland,PL,542.81,608.68,28.55,26.89,entsoe.eu,false,""
2024-08-07T06:00:00.000000,Poland,Poland,PL,474.87,536.84,37.76,36.83,entsoe.eu,false,""
2024-08-07T07:00:00.000000,Poland,Poland,PL,407.49,466.05,46.47,45.65,entsoe.eu,false,""
2024-08-07T08:00:00.000000,Poland,Poland,PL,357.08,413.27,52.87,52.05,entsoe.eu,false,""
2024-08-07T09:00:00.000000,Poland,Poland,PL,335.95,391.76,55.12,54.12,entsoe.eu,false,""
2024-08-07T10:00:00.000000,Poland,Poland,PL,339.4,395.41,54.67,53.69,entsoe.eu,false,""
2024-08-07T11:00:00.000000,Poland,Poland,PL,342.97,398.99,54.33,53.34,entsoe.eu,false,""
2024-08-07T12:00:00.000000,Poland,Poland,PL,343.71,399.35,55.01,53.81,entsoe.eu,false,""
2024-08-07T13:00:00.000000,Poland,Poland,PL,370.7,428.51,50.93,49.67,entsoe.eu,false,""
2024-08-07T14:00:00.000000,Poland,Poland,PL,427.3,487.85,43.55,42.27,entsoe.eu,false,""
2024-08-07T15:00:00.000000,Poland,Poland,PL,492.23,554.26,36.83,34.82,entsoe.eu,false,""
2024-08-07T16:00:00.000000,Poland,Poland,PL,585.67,650.99,24.86,22.38,entsoe.eu,false,""
2024-08-07T17:00:00.000000,Poland,Poland,PL,619.69,686.94,19.42,16.87,entsoe.eu,false,""
2024-08-07T18:00:00.000000,Poland,Poland,PL,633.39,701.79,16.94,14.33,entsoe.eu,false,""
2024-08-07T19:00:00.000000,Poland,Poland,PL,642.19,711.55,15.81,13.39,entsoe.eu,false,""
2024-08-07T20:00:00.000000,Poland,Poland,PL,627.21,698.37,17.23,14.56,entsoe.eu,false,""
2024-08-07T21:00:00.000000,Poland,Poland,PL,622.74,693.55,18.02,15.69,entsoe.eu,false,""
2024-08-07T22:00:00.000000,Poland,Poland,PL,589.17,658.42,21.74,19.25,entsoe.eu,false,""
2024-08-07T23:00:00.000000,Poland,Poland,PL,593.2,662.01,21.58,19.08,entsoe.eu,false,""
2024-08-08T00:00:00.000000,Poland,Poland,PL,594.09,662.25,21.76,19.33,entsoe.eu,false,""
2024-08-08T01:00:00.000000,Poland,Poland,PL,606.42,675.2,20.45,17.91,entsoe.eu,false,""
2024-08-08T02:00:00.000000,Poland,Poland,PL,607.05,676.26,20.39,17.77,entsoe.eu,false,""
2024-08-08T03:00:00.000000,Poland,Poland,PL,611.54,681.07,19.64,17.28,entsoe.eu,false,""
2024-08-08T04:00:00.000000,Poland,Poland,PL,582.6,651.4,22.51,19.92,entsoe.eu,false,""
2024-08-08T05:00:00.000000,Poland,Poland,PL,573.62,641.04,24.29,22.37,entsoe.eu,false,""
2024-08-08T06:00:00.000000,Poland,Poland,PL,541.5,607.11,28.51,26.87,entsoe.eu,false,""
2024-08-08T07:00:00.000000,Poland,Poland,PL,518.24,580.88,33.3,31.96,entsoe.eu,false,""
2024-08-08T08:00:00.000000,Poland,Poland,PL,461.46,522.69,39.42,38.17,entsoe.eu,false,""
2024-08-08T09:00:00.000000,Poland,Poland,PL,431.16,490.84,43.38,42.17,entsoe.eu,false,""
2024-08-08T10:00:00.000000,Poland,Poland,PL,428.72,488.0,43.57,42.36,entsoe.eu,false,""
2024-08-08T11:00:00.000000,Poland,Poland,PL,435.28,494.26,42.94,41.8,entsoe.eu,false,""
2024-08-08T12:00:00.000000,Poland,Poland,PL,446.42,504.97,42.2,41.01,entsoe.eu,false,""
2024-08-08T13:00:00.000000,Poland,Poland,PL,447.92,505.59,42.56,41.35,entsoe.eu,false,""
2024-08-08T14:00:00.000000,Poland,Poland,PL,463.0,521.96,40.42,38.43,entsoe.eu,false,""
2024-08-08T15:00:00.000000,Poland,Poland,PL,523.09,585.08,32.58,30.49,entsoe.eu,false,""
2024-08-08T16:00:00.000000,Poland,Poland,PL,571.33,636.85,25.51,23.55,entsoe.eu,false,""
2024-08-08T17:00:00.000000,Poland,Poland,PL,613.81,681.14,19.42,17.55,entsoe.eu,false,""
2024-08-08T18:00:00.000000,Poland,Poland,PL,634.46,702.38,16.77,14.81,entsoe.eu,false,""
2024-08-08T19:00:00.000000,Poland,Poland,PL,642.28,712.23,15.5,13.45,entsoe.eu,false,""
2024-08-08T20:00:00.000000,Poland,Poland,PL,633.02,705.05,16.09,13.69,entsoe.eu,false,""
2024-08-08T21:00:00.000000,Poland,Poland,PL,615.22,686.09,18.68,15.84,entsoe.eu,false,""
2024-08-08T22:00:00.000000,Poland,Poland,PL,596.22,666.72,20.49,17.79,entsoe.eu,false,""
2024-08-08T23:00:00.000000,Poland,Poland,PL,586.12,655.99,22.16,19.41,entsoe.eu,false,""
2024-08-09T00:00:00.000000,Poland,Poland,PL,583.01,653.3,22.37,19.47,entsoe.eu,false,""
2024-08-09T01:00:00.000000,Poland,Poland,PL,585.74,656.62,21.51,18.67,entsoe.eu,false,""
2024-08-09T02:00:00.000000,Poland,Poland,PL,592.68,664.65,19.88,17.17,entsoe.eu,false,""
2024-08-09T03:00:00.000000,Poland,Poland,PL,584.35,654.81,21.33,18.83,entsoe.eu,false,""
2024-08-09T04:00:00.000000,Poland,Poland,PL,566.31,635.0,23.74,21.71,entsoe.eu,false,""
2024-08-09T05:00:00.000000,Poland,Poland,PL,519.93,585.64,30.21,28.49,entsoe.eu,false,""
2024-08-09T06:00:00.000000,Poland,Poland,PL,463.4,526.04,38.06,36.56,entsoe.eu,false,""
2024-08-09T07:00:00.000000,Poland,Poland,PL,409.3,469.73,44.78,43.75,entsoe.eu,false,""
2024-08-09T08:00:00.000000,Poland,Poland,PL,336.59,393.91,53.73,52.96,entsoe.eu,false,""
2024-08-09T09:00:00.000000,Poland,Poland,PL,298.76,354.04,58.46,58.11,entsoe.eu,false,""
2024-08-09T10:00:00.000000,Poland,Poland,PL,299.75,354.62,58.43,58.35,entsoe.eu,false,""
2024-08-09T11:00:00.000000,Poland,Poland,PL,297.17,351.67,58.79,58.42,entsoe.eu,false,""
2024-08-09T12:00:00.000000,Poland,Poland,PL,303.79,358.86,57.83,57.49,entsoe.eu,false,""
2024-08-09T13:00:00.000000,Poland,Poland,PL,348.31,404.92,52.42,51.97,entsoe.eu,false,""
2024-08-09T14:00:00.000000,Poland,Poland,PL,424.1,483.16,43.39,43.28,entsoe.eu,false,""
2024-08-09T15:00:00.000000,Poland,Poland,PL,505.09,568.11,32.62,32.49,entsoe.eu,false,""
2024-08-09T16:00:00.000000,Poland,Poland,PL,546.62,611.91,26.62,26.3,entsoe.eu,false,""
2024-08-09T17:00:00.000000,Poland,Poland,PL,571.46,637.13,23.35,22.97,entsoe.eu,false,""
2024-08-09T18:00:00.000000,Poland,Poland,PL,566.91,632.33,24.04,23.16,entsoe.eu,false,""
2024-08-09T19:00:00.000000,Poland,Poland,PL,575.19,640.43,23.0,21.89,entsoe.eu,false,""
2024-08-09T20:00:00.000000,Poland,Poland,PL,590.77,659.12,20.11,19.39,entsoe.eu,false,""
2024-08-09T21:00:00.000000,Poland,Poland,PL,552.0,618.06,26.0,24.57,entsoe.eu,false,""
2024-08-09T22:00:00.000000,Poland,Poland,PL,538.94,602.54,28.97,27.04,entsoe.eu,false,""
2024-08-09T23:00:00.000000,Poland,Poland,PL,539.92,603.14,28.72,26.96,entsoe.eu,false,""
2024-08-10T00:00:00.000000,Poland,Poland,PL,526.27,589.54,30.09,28.12,entsoe.eu,false,""
2024-08-10T01:00:00.000000,Poland,Poland,PL,519.11,582.17,31.29,29.06,entsoe.eu,false,""
2024-08-10T02:00:00.000000,Poland,Poland,PL,520.46,583.97,31.22,28.76,entsoe.eu,false,""
2024-08-10T03:00:00.000000,Poland,Poland,PL,529.36,593.64,29.61,27.52,entsoe.eu,false,""
2024-08-10T04:00:00.000000,Poland,Poland,PL,515.98,578.46,32.28,30.3,entsoe.eu,false,""
2024-08-10T05:00:00.000000,Poland,Poland,PL,470.2,531.73,37.58,35.95,entsoe.eu,false,""
2024-08-10T06:00:00.000000,Poland,Poland,PL,388.64,446.47,48.07,46.74,entsoe.eu,false,""
2024-08-10T07:00:00.000000,Poland,Poland,PL,333.1,388.08,54.96,54.25,entsoe.eu,false,""
2024-08-10T08:00:00.000000,Poland,Poland,PL,325.44,379.38,56.19,56.18,entsoe.eu,false,""
2024-08-10T09:00:00.000000,Poland,Poland,PL,320.62,374.53,56.3,56.29,entsoe.eu,false,""
2024-08-10T10:00:00.000000,Poland,Poland,PL,330.73,384.65,55.0,55.0,entsoe.eu,false,""
2024-08-10T11:00:00.000000,Poland,Poland,PL,333.86,387.59,54.73,54.72,entsoe.eu,false,""
2024-08-10T12:00:00.000000,Poland,Poland,PL,327.08,380.56,55.5,55.5,entsoe.eu,false,""
2024-08-10T13:00:00.000000,Poland,Poland,PL,329.47,383.55,55.13,55.13,entsoe.eu,false,""
2024-08-10T14:00:00.000000,Poland,Poland,PL,347.75,403.16,52.79,52.75,entsoe.eu,false,""
2024-08-10T15:00:00.000000,Poland,Poland,PL,370.54,427.66,49.85,49.57,entsoe.eu,false,""
2024-08-10T16:00:00.000000,Poland,Poland,PL,495.15,558.71,33.84,33.23,entsoe.eu,false,""
2024-08-10T17:00:00.000000,Poland,Poland,PL,555.5,621.85,26.05,24.54,entsoe.eu,false,""
2024-08-10T18:00:00.000000,Poland,Poland,PL,573.15,639.31,23.79,21.82,entsoe.eu,false,""
2024-08-10T19:00:00.000000,Poland,Poland,PL,572.32,637.78,23.98,22.15,entsoe.eu,false,""
2024-08-10T20:00:00.000000,Poland,Poland,PL,544.17,608.65,27.25,25.33,entsoe.eu,false,""
2024-08-10T21:00:00.000000,Poland,Poland,PL,532.83,597.06,29.37,27.2,entsoe.eu,false,""
2024-08-10T22:00:00.000000,Poland,Poland,PL,516.26,579.66,31.29,29.02,entsoe.eu,false,""
2024-08-10T23:00:00.000000,Poland,Poland,PL,528.13,591.73,29.46,27.59,entsoe.eu,false,""
2024-08-11T00:00:00.000000,Poland,Poland,PL,521.13,585.06,29.68,27.93,entsoe.eu,false,""
2024-08-11T01:00:00.000000,Poland,Poland,PL,515.23,579.28,29.98,28.29,entsoe.eu,false,""
2024-08-11T02:00:00.000000,Poland,Poland,PL,514.3,578.29,30.06,28.39,entsoe.eu,false,""
2024-08-11T03:00:00.000000,Poland,Poland,PL,497.61,558.99,33.44,31.8,entsoe.eu,false,""
2024-08-11T04:00:00.000000,Poland,Poland,PL,471.2,532.11,36.51,35.08,entsoe.eu,false,""
2024-08-11T05:00:00.000000,Poland,Poland,PL,424.3,483.49,42.49,41.15,entsoe.eu,false,""
2024-08-11T06:00:00.000000,Poland,Poland,PL,375.97,432.68,48.48,47.82,entsoe.eu,false,""
2024-08-11T07:00:00.000000,Poland,Poland,PL,386.05,443.03,47.45,47.45,entsoe.eu,false,""
2024-08-11T08:00:00.000000,Poland,Poland,PL,353.69,408.38,51.81,51.81,entsoe.eu,false,""
2024-08-11T09:00:00.000000,Poland,Poland,PL,332.99,386.38,54.27,54.27,entsoe.eu,false,""
2024-08-11T10:00:00.000000,Poland,Poland,PL,314.79,366.54,57.07,57.07,entsoe.eu,false,""
2024-08-11T11:00:00.000000,Poland,Poland,PL,300.15,350.32,59.34,59.34,entsoe.eu,false,""
2024-08-11T12:00:00.000000,Poland,Poland,PL,297.05,346.68,59.83,59.83,entsoe.eu,false,""
2024-08-11T13:00:00.000000,Poland,Poland,PL,311.67,362.06,57.87,57.87,entsoe.eu,false,""
2024-08-11T14:00:00.000000,Poland,Poland,PL,333.81,385.96,54.85,54.84,entsoe.eu,false,""
2024-08-11T15:00:00.000000,Poland,Poland,PL,334.63,386.87,54.55,54.35,entsoe.eu,false,""
2024-08-11T16:00:00.000000,Poland,Poland,PL,381.2,436.21,48.64,47.54,entsoe.eu,false,""
2024-08-11T17:00:00.000000,Poland,Poland,PL,496.3,557.48,33.31,31.8,entsoe.eu,false,""
2024-08-11T18:00:00.000000,Poland,Poland,PL,557.49,621.43,25.54,23.93,entsoe.eu,false,""
2024-08-11T19:00:00.000000,Poland,Poland,PL,555.31,620.15,25.59,23.68,entsoe.eu,false,""
2024-08-11T20:00:00.000000,Poland,Poland,PL,546.94,613.08,26.55,24.25,entsoe.eu,false,""
2024-08-11T21:00:00.000000,Poland,Poland,PL,545.75,612.89,26.88,24.29,entsoe.eu,false,""
2024-08-11T22:00:00.000000,Poland,Poland,PL,554.19,620.84,26.79,24.08,entsoe.eu,false,""
2024-08-11T23:00:00.000000,Poland,Poland,PL,569.63,637.66,24.23,21.72,entsoe.eu,false,""
2024-08-12T00:00:00.000000,Poland,Poland,PL,567.55,636.51,24.14,21.5,entsoe.eu,false,""
2024-08-12T01:00:00.000000,Poland,Poland,PL,567.46,637.31,23.62,20.91,entsoe.eu,false,""
2024-08-12T02:00:00.000000,Poland,Poland,PL,582.93,652.25,22.66,19.95,entsoe.eu,false,""
2024-08-12T03:00:00.000000,Poland,Poland,PL,587.11,656.18,21.64,19.49,entsoe.eu,false,""
2024-08-12T04:00:00.000000,Poland,Poland,PL,556.41,623.08,25.65,23.78,entsoe.eu,false,""
2024-08-12T05:00:00.000000,Poland,Poland,PL,512.77,576.63,31.91,30.56,entsoe.eu,false,""
2024-08-12T06:00:00.000000,Poland,Poland,PL,445.95,505.56,41.35,40.34,entsoe.eu,false,""
2024-08-12T07:00:00.000000,Poland,Poland,PL,371.91,427.05,50.99,50.05,entsoe.eu,false,""
2024-08-12T08:00:00.000000,Poland,Poland,PL,311.14,363.38,58.54,57.63,entsoe.eu,false,""
2024-08-12T09:00:00.000000,Poland,Poland,PL,287.08,338.43,61.49,60.67,entsoe.eu,false,""
2024-08-12T10:00:00.000000,Poland,Poland,PL,279.02,330.61,62.55,62.52,entsoe.eu,false,""
2024-08-12T11:00:00.000000,Poland,Poland,PL,283.23,335.06,62.01,61.97,entsoe.eu,false,""
2024-08-12T12:00:00.000000,Poland,Poland,PL,293.4,345.94,60.63,60.34,entsoe.eu,false,""
2024-08-12T13:00:00.000000,Poland,Poland,PL,323.99,378.68,56.71,56.37,entsoe.eu,false,""
2024-08-12T14:00:00.000000,Poland,Poland,PL,357.78,414.54,52.31,50.98,entsoe.eu,false,""
2024-08-12T15:00:00.000000,Poland,Poland,PL,470.81,532.05,38.49,37.07,entsoe.eu,false,""
2024-08-12T16:00:00.000000,Poland,Poland,PL,568.55,635.12,25.58,23.86,entsoe.eu,false,""
2024-08-12T17:00:00.000000,Poland,Poland,PL,636.61,704.3,17.1,15.44,entsoe.eu,false,""
2024-08-12T18:00:00.000000,Poland,Poland,PL,639.26,707.04,16.54,14.81,entsoe.eu,false,""
2024-08-12T19:00:00.000000,Poland,Poland,PL,616.78,684.18,19.08,16.88,entsoe.eu,false,""
2024-08-12T20:00:00.000000,Poland,Poland,PL,616.62,685.95,19.15,17.13,entsoe.eu,false,""
2024-08-12T21:00:00.000000,Poland,Poland,PL,612.83,681.93,20.09,17.96,entsoe.eu,false,""
2024-08-12T22:00:00.000000,Poland,Poland,PL,605.3,675.21,20.49,18.06,entsoe.eu,false,""
2024-08-12T23:00:00.000000,Poland,Poland,PL,608.49,677.19,21.13,18.35,entsoe.eu,false,""
2024-08-13T00:00:00.000000,Poland,Poland,PL,600.98,670.01,21.84,18.91,entsoe.eu,false,""
2024-08-13T01:00:00.000000,Poland,Poland,PL,602.5,671.92,21.48,18.34,entsoe.eu,false,""
2024-08-13T02:00:00.000000,Poland,Poland,PL,600.6,669.77,21.87,18.51,entsoe.eu,false,""
2024-08-13T03:00:00.000000,Poland,Poland,PL,596.51,665.33,22.16,19.36,entsoe.eu,false,""
2024-08-13T04:00:00.000000,Poland,Poland,PL,556.98,623.48,27.08,24.65,entsoe.eu,false,""
2024-08-13T05:00:00.000000,Poland,Poland,PL,522.09,586.12,31.1,29.62,entsoe.eu,false,""
2024-08-13T06:00:00.000000,Poland,Poland,PL,462.41,523.31,39.26,38.09,entsoe.eu,false,""
2024-08-13T07:00:00.000000,Poland,Poland,PL,394.93,452.52,48.19,47.12,entsoe.eu,false,""
2024-08-13T08:00:00.000000,Poland,Poland,PL,341.79,397.11,54.83,53.89,entsoe.eu,false,""
2024-08-13T09:00:00.000000,Poland,Poland,PL,317.55,372.03,57.8,57.77,entsoe.eu,false,""
2024-08-13T10:00:00.000000,Poland,Poland,PL,314.61,368.61,58.36,58.33,entsoe.eu,false,""
2024-08-13T11:00:00.000000,Poland,Poland,PL,312.88,366.82,58.6,58.55,entsoe.eu,false,""
2024-08-13T12:00:00.000000,Poland,Poland,PL,320.52,374.82,57.67,57.59,entsoe.eu,false,""
2024-08-13T13:00:00.000000,Poland,Poland,PL,344.77,400.58,54.59,54.41,entsoe.eu,false,""
2024-08-13T14:00:00.000000,Poland,Poland,PL,379.75,437.18,50.22,48.98,entsoe.eu,false,""
2024-08-13T15:00:00.000000,Poland,Poland,PL,468.23,528.99,39.37,37.84,entsoe.eu,false,""
2024-08-13T16:00:00.000000,Poland,Poland,PL,560.91,625.87,26.73,25.12,entsoe.eu,false,""
2024-08-13T17:00:00.000000,Poland,Poland,PL,594.53,659.5,22.36,20.74,entsoe.eu,false,""
2024-08-13T18:00:00.000000,Poland,Poland,PL,566.75,629.29,25.83,24.21,entsoe.eu,false,""
2024-08-13T19:00:00.000000,Poland,Poland,PL,519.16,579.19,31.97,30.24,entsoe.eu,false,""
2024-08-13T20:00:00.000000,Poland,Poland,PL,492.42,552.46,35.03,33.12,entsoe.eu,false,""
2024-08-13T21:00:00.000000,Poland,Poland,PL,471.83,529.85,38.11,36.01,entsoe.eu,false,""
2024-08-13T22:00:00.000000,Poland,Poland,PL,461.19,519.45,38.79,36.6,entsoe.eu,false,""
2024-08-13T23:00:00.000000,Poland,Poland,PL,465.77,524.44,38.39,36.16,entsoe.eu,false,""
2024-08-14T00:00:00.000000,Poland,Poland,PL,457.59,516.12,39.36,37.09,entsoe.eu,false,""
2024-08-14T01:00:00.000000,Poland,Poland,PL,474.23,533.06,37.48,35.34,entsoe.eu,false,""
2024-08-14T02:00:00.000000,Poland,Poland,PL,484.92,544.19,36.2,34.09,entsoe.eu,false,""
2024-08-14T03:00:00.000000,Poland,Poland,PL,505.6,564.65,33.79,32.13,entsoe.eu,false,""
2024-08-14T04:00:00.000000,Poland,Poland,PL,501.04,561.41,33.18,31.88,entsoe.eu,false,""
2024-08-14T05:00:00.000000,Poland,Poland,PL,479.02,537.72,37.13,36.04,entsoe.eu,false,""
2024-08-14T06:00:00.000000,Poland,Poland,PL,448.89,507.51,41.17,40.23,entsoe.eu,false,""
2024-08-14T07:00:00.000000,Poland,Poland,PL,383.41,438.69,49.95,49.23,entsoe.eu,false,""
2024-08-14T08:00:00.000000,Poland,Poland,PL,309.66,361.04,59.21,58.7,entsoe.eu,false,""
2024-08-14T09:00:00.000000,Poland,Poland,PL,281.27,331.15,62.59,62.59,entsoe.eu,false,""
2024-08-14T10:00:00.000000,Poland,Poland,PL,273.73,323.06,63.54,63.54,entsoe.eu,false,""
2024-08-14T11:00:00.000000,Poland,Poland,PL,278.0,327.88,62.85,62.85,entsoe.eu,false,""
2024-08-14T12:00:00.000000,Poland,Poland,PL,290.9,341.45,61.18,61.18,entsoe.eu,false,""
2024-08-14T13:00:00.000000,Poland,Poland,PL,320.55,373.09,57.29,57.29,entsoe.eu,false,""
2024-08-14T14:00:00.000000,Poland,Poland,PL,361.43,416.48,52.33,51.66,entsoe.eu,false,""
2024-08-14T15:00:00.000000,Poland,Poland,PL,455.09,513.97,40.56,39.56,entsoe.eu,false,""
2024-08-14T16:00:00.000000,Poland,Poland,PL,546.56,609.66,28.46,27.0,entsoe.eu,false,""
2024-08-14T17:00:00.000000,Poland,Poland,PL,590.59,654.27,23.02,21.55,entsoe.eu,false,""
2024-08-14T18:00:00.000000,Poland,Poland,PL,589.14,651.29,23.29,22.05,entsoe.eu,false,""
2024-08-14T19:00:00.000000,Poland,Poland,PL,549.06,610.39,28.21,26.79,entsoe.eu,false,""
2024-08-14T20:00:00.000000,Poland,Poland,PL,520.09,579.65,32.04,30.61,entsoe.eu,false,""
2024-08-14T21:00:00.000000,Poland,Poland,PL,510.28,568.27,33.27,32.14,entsoe.eu,false,""
2024-08-14T22:00:00.000000,Poland,Poland,PL,507.84,566.71,33.47,32.17,entsoe.eu,false,""
2024-08-14T23:00:00.000000,Poland,Poland,PL,524.99,584.26,30.86,29.83,entsoe.eu,false,""
2024-08-15T00:00:00.000000,Poland,Poland,PL,535.0,593.59,29.48,28.33,entsoe.eu,false,""
2024-08-15T01:00:00.000000,Poland,Poland,PL,529.96,589.56,29.71,28.31,entsoe.eu,false,""
2024-08-15T02:00:00.000000,Poland,Poland,PL,533.81,595.26,29.25,27.89,entsoe.eu,false,""
2024-08-15T03:00:00.000000,Poland,Poland,PL,533.32,595.07,29.44,28.1,entsoe.eu,false,""
2024-08-15T04:00:00.000000,Poland,Poland,PL,520.11,581.52,31.34,29.94,entsoe.eu,false,""
2024-08-15T05:00:00.000000,Poland,Poland,PL,495.67,557.19,34.47,33.46,entsoe.eu,false,""
2024-08-15T06:00:00.000000,Poland,Poland,PL,448.83,508.88,40.56,39.37,entsoe.eu,false,""
2024-08-15T07:00:00.000000,Poland,Poland,PL,393.22,450.8,47.78,46.73,entsoe.eu,false,""
2024-08-15T08:00:00.000000,Poland,Poland,PL,337.44,392.69,54.62,54.27,entsoe.eu,false,""
2024-08-15T09:00:00.000000,Poland,Poland,PL,336.67,391.89,54.73,54.73,entsoe.eu,false,""
2024-08-15T10:00:00.000000,Poland,Poland,PL,344.47,400.2,53.67,53.67,entsoe.eu,false,""
2024-08-15T11:00:00.000000,Poland,Poland,PL,344.57,400.62,53.66,53.66,entsoe.eu,false,""
2024-08-15T12:00:00.000000,Poland,Poland,PL,358.53,415.62,51.91,51.86,entsoe.eu,false,""
2024-08-15T13:00:00.000000,Poland,Poland,PL,397.32,456.51,47.07,46.96,entsoe.eu,false,""
2024-08-15T14:00:00.000000,Poland,Poland,PL,418.78,479.29,44.39,43.23,entsoe.eu,false,""
2024-08-15T15:00:00.000000,Poland,Poland,PL,510.81,575.1,33.08,31.95,entsoe.eu,false,""
2024-08-15T16:00:00.000000,Poland,Poland,PL,574.64,641.19,25.01,23.33,entsoe.eu,false,""
2024-08-15T17:00:00.000000,Poland,Poland,PL,608.01,674.65,20.53,18.74,entsoe.eu,false,""
2024-08-15T18:00:00.000000,Poland,Poland,PL,625.36,692.13,18.22,16.34,entsoe.eu,false,""
2024-08-15T19:00:00.000000,Poland,Poland,PL,607.05,675.44,19.71,17.45,entsoe.eu,false,""
2024-08-15T20:00:00.000000,Poland,Poland,PL,598.39,668.25,20.61,18.11,entsoe.eu,false,""
2024-08-15T21:00:00.000000,Poland,Poland,PL,590.52,659.64,21.87,19.21,entsoe.eu,false,""
2024-08-15T22:00:00.000000,Poland,Poland,PL,569.6,638.53,24.44,21.31,entsoe.eu,false,""
2024-08-15T23:00:00.000000,Poland,Poland,PL,574.15,643.79,23.68,20.44,entsoe.eu,false,""
2024-08-16T00:00:00.000000,Poland,Poland,PL,573.73,643.9,23.76,20.36,entsoe.eu,false,""
2024-08-16T01:00:00.000000,Poland,Poland,PL,585.94,656.43,22.3,19.02,entsoe.eu,false,""
2024-08-16T02:00:00.000000,Poland,Poland,PL,592.94,663.67,21.61,18.31,entsoe.eu,false,""
2024-08-16T03:00:00.000000,Poland,Poland,PL,611.28,682.3,19.7,16.95,entsoe.eu,false,""
2024-08-16T04:00:00.000000,Poland,Poland,PL,607.03,676.12,20.84,18.83,entsoe.eu,false,""
2024-08-16T05:00:00.000000,Poland,Poland,PL,572.29,639.15,25.03,23.75,entsoe.eu,false,""
2024-08-16T06:00:00.000000,Poland,Poland,PL,496.33,559.63,34.63,33.62,entsoe.eu,false,""
2024-08-16T07:00:00.000000,Poland,Poland,PL,420.73,479.68,44.69,43.77,entsoe.eu,false,""
2024-08-16T08:00:00.000000,Poland,Poland,PL,354.37,410.4,52.82,52.05,entsoe.eu,false,""
2024-08-16T09:00:00.000000,Poland,Poland,PL,326.4,381.61,56.25,56.0,entsoe.eu,false,""
2024-08-16T10:00:00.000000,Poland,Poland,PL,336.44,391.7,55.17,55.0,entsoe.eu,false,""
2024-08-16T11:00:00.000000,Poland,Poland,PL,333.16,388.6,55.46,55.33,entsoe.eu,false,""
2024-08-16T12:00:00.000000,Poland,Poland,PL,347.51,403.91,53.58,53.31,entsoe.eu,false,""
2024-08-16T13:00:00.000000,Poland,Poland,PL,386.68,444.67,48.61,47.93,entsoe.eu,false,""
2024-08-16T14:00:00.000000,Poland,Poland,PL,436.26,497.2,42.39,41.54,entsoe.eu,false,""
2024-08-16T15:00:00.000000,Poland,Poland,PL,501.05,564.64,34.08,32.64,entsoe.eu,false,""
2024-08-16T16:00:00.000000,Poland,Poland,PL,583.39,650.22,23.41,21.84,entsoe.eu,false,""
2024-08-16T17:00:00.000000,Poland,Poland,PL,641.55,711.34,15.31,13.48,entsoe.eu,false,""
2024-08-16T18:00:00.000000,Poland,Poland,PL,664.38,735.13,12.46,10.54,entsoe.eu,false,""
2024-08-16T19:00:00.000000,Poland,Poland,PL,658.28,730.52,12.39,10.22,entsoe.eu,false,""
2024-08-16T20:00:00.000000,Poland,Poland,PL,650.29,724.5,12.92,10.5,entsoe.eu,false,""
2024-08-16T21:00:00.000000,Poland,Poland,PL,645.06,720.86,12.99,10.48,entsoe.eu,false,""
2024-08-16T22:00:00.000000,Poland,Poland,PL,652.8,726.48,14.2,11.31,entsoe.eu,false,""
2024-08-16T23:00:00.000000,Poland,Poland,PL,648.55,721.58,14.89,11.94,entsoe.eu,false,""
2024-08-17T00:00:00.000000,Poland,Poland,PL,642.98,715.76,15.51,12.54,entsoe.eu,false,""
2024-08-17T01:00:00.000000,Poland,Poland,PL,638.0,710.42,16.05,13.16,entsoe.eu,false,""
2024-08-17T02:00:00.000000,Poland,Poland,PL,639.88,711.93,16.21,13.29,entsoe.eu,false,""
2024-08-17T03:00:00.000000,Poland,Poland,PL,640.12,710.87,16.4,13.64,entsoe.eu,false,""
2024-08-17T04:00:00.000000,Poland,Poland,PL,607.89,676.59,20.53,17.98,entsoe.eu,false,""
2024-08-17T05:00:00.000000,Poland,Poland,PL,539.37,604.21,29.22,27.19,entsoe.eu,false,""
2024-08-17T06:00:00.000000,Poland,Poland,PL,475.45,537.71,37.56,35.98,entsoe.eu,false,""
2024-08-17T07:00:00.000000,Poland,Poland,PL,420.83,479.77,44.88,43.57,entsoe.eu,false,""
2024-08-17T08:00:00.000000,Poland,Poland,PL,375.71,432.56,50.57,49.32,entsoe.eu,false,""
2024-08-17T09:00:00.000000,Poland,Poland,PL,343.41,399.15,54.39,53.17,entsoe.eu,false,""
2024-08-17T10:00:00.000000,Poland,Poland,PL,335.45,390.71,55.39,54.23,entsoe.eu,false,""
2024-08-17T11:00:00.000000,Poland,Poland,PL,336.61,392.16,55.3,54.13,entsoe.eu,false,""
2024-08-17T12:00:00.000000,Poland,Poland,PL,347.94,404.09,54.06,52.85,entsoe.eu,false,""
2024-08-17T13:00:00.000000,Poland,Poland,PL,387.44,445.36,49.53,48.12,entsoe.eu,false,""
2024-08-17T14:00:00.000000,Poland,Poland,PL,460.89,521.54,40.22,38.69,entsoe.eu,false,""
2024-08-17T15:00:00.000000,Poland,Poland,PL,535.94,600.0,30.82,29.06,entsoe.eu,false,""
2024-08-17T16:00:00.000000,Poland,Poland,PL,605.47,673.47,21.42,19.48,entsoe.eu,false,""
2024-08-17T17:00:00.000000,Poland,Poland,PL,639.79,708.88,16.87,14.8,entsoe.eu,false,""
2024-08-17T18:00:00.000000,Poland,Poland,PL,641.21,710.73,16.14,13.8,entsoe.eu,false,""
2024-08-17T19:00:00.000000,Poland,Poland,PL,635.9,705.62,16.93,13.94,entsoe.eu,false,""
2024-08-17T20:00:00.000000,Poland,Poland,PL,636.9,708.77,15.54,13.2,entsoe.eu,false,""
2024-08-17T21:00:00.000000,Poland,Poland,PL,625.06,697.77,16.58,13.94,entsoe.eu,false,""
2024-08-17T22:00:00.000000,Poland,Poland,PL,616.51,687.31,18.69,15.79,entsoe.eu,false,""
2024-08-17T23:00:00.000000,Poland,Poland,PL,612.25,682.03,19.02,16.19,entsoe.eu,false,""
2024-08-18T00:00:00.000000,Poland,Poland,PL,613.5,682.43,19.5,16.64,entsoe.eu,false,""
2024-08-18T01:00:00.000000,Poland,Poland,PL,612.82,682.79,19.75,16.73,entsoe.eu,false,""
2024-08-18T02:00:00.000000,Poland,Poland,PL,620.68,690.3,18.73,15.98,entsoe.eu,false,""
2024-08-18T03:00:00.000000,Poland,Poland,PL,615.39,684.73,19.16,16.48,entsoe.eu,false,""
2024-08-18T04:00:00.000000,Poland,Poland,PL,599.18,667.14,21.39,19.08,entsoe.eu,false,""
2024-08-18T05:00:00.000000,Poland,Poland,PL,547.15,612.88,27.72,25.85,entsoe.eu,false,""
2024-08-18T06:00:00.000000,Poland,Poland,PL,455.36,517.18,39.51,37.68,entsoe.eu,false,""
2024-08-18T07:00:00.000000,Poland,Poland,PL,382.05,440.55,48.8,47.09,entsoe.eu,false,""
2024-08-18T08:00:00.000000,Poland,Poland,PL,347.86,404.91,53.13,51.94,entsoe.eu,false,""
2024-08-18T09:00:00.000000,Poland,Poland,PL,335.05,391.46,54.83,53.84,entsoe.eu,false,""
2024-08-18T10:00:00.000000,Poland,Poland,PL,337.15,393.53,54.61,53.62,entsoe.eu,false,""
2024-08-18T11:00:00.000000,Poland,Poland,PL,348.81,405.92,53.09,52.54,entsoe.eu,false,""
2024-08-18T12:00:00.000000,Poland,Poland,PL,356.2,414.19,52.2,51.43,entsoe.eu,false,""
2024-08-18T13:00:00.000000,Poland,Poland,PL,383.58,442.76,48.52,46.85,entsoe.eu,false,""
2024-08-18T14:00:00.000000,Poland,Poland,PL,433.24,494.56,41.86,40.1,entsoe.eu,false,""
2024-08-18T15:00:00.000000,Poland,Poland,PL,505.97,570.25,32.75,30.8,entsoe.eu,false,""
2024-08-18T16:00:00.000000,Poland,Poland,PL,566.15,634.02,24.39,22.37,entsoe.eu,false,""
2024-08-18T17:00:00.000000,Poland,Poland,PL,606.13,674.43,19.89,17.82,entsoe.eu,false,""
2024-08-18T18:00:00.000000,Poland,Poland,PL,621.65,690.45,17.71,15.83,entsoe.eu,false,""
2024-08-18T19:00:00.000000,Poland,Poland,PL,610.59,680.14,18.38,16.43,entsoe.eu,false,""
2024-08-18T20:00:00.000000,Poland,Poland,PL,614.02,685.19,17.68,15.65,entsoe.eu,false,""
2024-08-18T21:00:00.000000,Poland,Poland,PL,606.96,675.38,20.42,18.14,entsoe.eu,false,""
2024-08-18T22:00:00.000000,Poland,Poland,PL,592.85,659.01,23.72,21.01,entsoe.eu,false,""
2024-08-18T23:00:00.000000,Poland,Poland,PL,595.17,660.28,23.63,21.05,entsoe.eu,false,""
2024-08-19T00:00:00.000000,Poland,Poland,PL,586.14,649.63,25.54,22.83,entsoe.eu,false,""
2024-08-19T01:00:00.000000,Poland,Poland,PL,574.91,637.92,26.73,23.93,entsoe.eu,false,""
2024-08-19T02:00:00.000000,Poland,Poland,PL,580.51,643.57,26.15,23.39,entsoe.eu,false,""
2024-08-19T03:00:00.000000,Poland,Poland,PL,565.98,628.41,27.68,25.05,entsoe.eu,false,""
2024-08-19T04:00:00.000000,Poland,Poland,PL,541.84,603.04,29.95,27.79,entsoe.eu,false,""
2024-08-19T05:00:00.000000,Poland,Poland,PL,539.59,600.08,30.4,28.75,entsoe.eu,false,""
2024-08-19T06:00:00.000000,Poland,Poland,PL,495.35,554.07,36.07,34.55,entsoe.eu,false,""
2024-08-19T07:00:00.000000,Poland,Poland,PL,456.83,514.23,41.51,40.07,entsoe.eu,false,""
2024-08-19T08:00:00.000000,Poland,Poland,PL,431.34,488.04,44.74,43.35,entsoe.eu,false,""
2024-08-19T09:00:00.000000,Poland,Poland,PL,414.03,469.95,46.81,45.56,entsoe.eu,false,""
2024-08-19T10:00:00.000000,Poland,Poland,PL,408.24,464.09,47.41,46.24,entsoe.eu,false,""
2024-08-19T11:00:00.000000,Poland,Poland,PL,419.99,476.24,45.92,44.78,entsoe.eu,false,""
2024-08-19T12:00:00.000000,Poland,Poland,PL,416.85,473.38,46.0,44.77,entsoe.eu,false,""
2024-08-19T13:00:00.000000,Poland,Poland,PL,435.92,493.31,43.57,42.19,entsoe.eu,false,""
2024-08-19T14:00:00.000000,Poland,Poland,PL,492.51,553.37,35.71,34.28,entsoe.eu,false,""
2024-08-19T15:00:00.000000,Poland,Poland,PL,533.86,598.35,29.11,27.51,entsoe.eu,false,""
2024-08-19T16:00:00.000000,Poland,Poland,PL,577.24,643.69,23.35,21.65,entsoe.eu,false,""
2024-08-19T17:00:00.000000,Poland,Poland,PL,618.58,686.0,17.74,16.18,entsoe.eu,false,""
2024-08-19T18:00:00.000000,Poland,Poland,PL,638.51,707.15,15.12,13.6,entsoe.eu,false,""
2024-08-19T19:00:00.000000,Poland,Poland,PL,616.5,685.23,17.75,15.93,entsoe.eu,false,""
2024-08-19T20:00:00.000000,Poland,Poland,PL,607.06,676.66,19.22,16.96,entsoe.eu,false,""
2024-08-19T21:00:00.000000,Poland,Poland,PL,609.58,680.43,18.28,16.16,entsoe.eu,false,""
2024-08-19T22:00:00.000000,Poland,Poland,PL,598.44,668.93,20.34,17.68,entsoe.eu,false,""
2024-08-19T23:00:00.000000,Poland,Poland,PL,610.29,680.03,19.85,17.01,entsoe.eu,false,""
2024-08-20T00:00:00.000000,Poland,Poland,PL,608.59,678.57,19.92,16.95,entsoe.eu,false,""
2024-08-20T01:00:00.000000,Poland,Poland,PL,610.12,679.66,20.02,17.01,entsoe.eu,false,""
2024-08-20T02:00:00.000000,Poland,Poland,PL,607.99,677.95,19.88,16.87,entsoe.eu,false,""
2024-08-20T03:00:00.000000,Poland,Poland,PL,611.07,681.54,18.93,16.15,entsoe.eu,false,""
2024-08-20T04:00:00.000000,Poland,Poland,PL,618.76,688.37,18.6,17.43,entsoe.eu,false,""
2024-08-20T05:00:00.000000,Poland,Poland,PL,594.23,661.12,22.42,21.75,entsoe.eu,false,""
2024-08-20T06:00:00.000000,Poland,Poland,PL,535.71,599.69,30.26,29.76,entsoe.eu,false,""
2024-08-20T07:00:00.000000,Poland,Poland,PL,486.6,548.18,37.26,36.88,entsoe.eu,false,""
2024-08-20T08:00:00.000000,Poland,Poland,PL,443.11,502.61,42.78,42.43,entsoe.eu,false,""
2024-08-20T09:00:00.000000,Poland,Poland,PL,417.98,476.46,46.07,45.74,entsoe.eu,false,""
2024-08-20T10:00:00.000000,Poland,Poland,PL,417.7,475.92,46.12,45.84,entsoe.eu,false,""
2024-08-20T11:00:00.000000,Poland,Poland,PL,420.06,478.21,45.89,45.64,entsoe.eu,false,""
2024-08-20T12:00:00.000000,Poland,Poland,PL,429.41,488.32,44.64,44.38,entsoe.eu,false,""
2024-08-20T13:00:00.000000,Poland,Poland,PL,473.26,533.87,39.17,38.88,entsoe.eu,false,""
2024-08-20T14:00:00.000000,Poland,Poland,PL,515.39,579.04,33.12,32.81,entsoe.eu,false,""
2024-08-20T15:00:00.000000,Poland,Poland,PL,561.57,628.8,26.04,25.54,entsoe.eu,false,""
2024-08-20T16:00:00.000000,Poland,Poland,PL,617.34,687.78,17.98,17.22,entsoe.eu,false,""
2024-08-20T17:00:00.000000,Poland,Poland,PL,649.69,721.42,13.52,12.71,entsoe.eu,false,""
2024-08-20T18:00:00.000000,Poland,Poland,PL,652.98,724.46,13.05,12.19,entsoe.eu,false,""
2024-08-20T19:00:00.000000,Poland,Poland,PL,640.63,712.66,14.09,13.23,entsoe.eu,false,""
2024-08-20T20:00:00.000000,Poland,Poland,PL,628.82,702.19,15.15,14.13,entsoe.eu,false,""
2024-08-20T21:00:00.000000,Poland,Poland,PL,617.74,689.96,17.19,16.19,entsoe.eu,false,""
2024-08-20T22:00:00.000000,Poland,Poland,PL,605.88,675.63,20.1,18.96,entsoe.eu,false,""
2024-08-20T23:00:00.000000,Poland,Poland,PL,603.96,672.12,21.23,20.17,entsoe.eu,false,""
2024-08-21T00:00:00.000000,Poland,Poland,PL,609.81,677.56,20.95,19.97,entsoe.eu,false,""
2024-08-21T01:00:00.000000,Poland,Poland,PL,615.17,683.35,19.85,19.09,entsoe.eu,false,""
2024-08-21T02:00:00.000000,Poland,Poland,PL,615.57,682.71,20.61,19.77,entsoe.eu,false,""
2024-08-21T03:00:00.000000,Poland,Poland,PL,616.02,684.17,19.69,18.85,entsoe.eu,false,""
2024-08-21T04:00:00.000000,Poland,Poland,PL,600.12,667.5,20.96,20.14,entsoe.eu,false,""
2024-08-21T05:00:00.000000,Poland,Poland,PL,584.71,650.45,23.07,22.46,entsoe.eu,false,""
2024-08-21T06:00:00.000000,Poland,Poland,PL,564.5,629.85,25.33,24.89,entsoe.eu,false,""
2024-08-21T07:00:00.000000,Poland,Poland,PL,539.43,603.78,28.65,28.37,entsoe.eu,false,""
2024-08-21T08:00:00.000000,Poland,Poland,PL,509.02,571.14,32.63,32.51,entsoe.eu,false,""
2024-08-21T09:00:00.000000,Poland,Poland,PL,476.49,535.6,37.84,37.76,entsoe.eu,false,""
2024-08-21T10:00:00.000000,Poland,Poland,PL,464.7,522.39,39.79,39.72,entsoe.eu,false,""
2024-08-21T11:00:00.000000,Poland,Poland,PL,447.03,502.78,42.37,42.35,entsoe.eu,false,""
2024-08-21T12:00:00.000000,Poland,Poland,PL,429.71,484.4,44.56,44.52,entsoe.eu,false,""
2024-08-21T13:00:00.000000,Poland,Poland,PL,411.78,465.14,46.92,46.83,entsoe.eu,false,""
2024-08-21T14:00:00.000000,Poland,Poland,PL,419.13,472.71,45.8,45.58,entsoe.eu,false,""
2024-08-21T15:00:00.000000,Poland,Poland,PL,428.69,483.35,43.9,43.64,entsoe.eu,false,""
2024-08-21T16:00:00.000000,Poland,Poland,PL,473.13,530.39,37.85,37.34,entsoe.eu,false,""
2024-08-21T17:00:00.000000,Poland,Poland,PL,536.64,598.02,28.76,28.22,entsoe.eu,false,""
2024-08-21T18:00:00.000000,Poland,Poland,PL,556.09,619.68,25.39,24.8,entsoe.eu,false,""
2024-08-21T19:00:00.000000,Poland,Poland,PL,558.97,623.83,24.54,24.08,entsoe.eu,false,""
2024-08-21T20:00:00.000000,Poland,Poland,PL,542.74,608.99,25.96,25.31,entsoe.eu,false,""
2024-08-21T21:00:00.000000,Poland,Poland,PL,530.36,595.64,28.19,27.27,entsoe.eu,false,""
2024-08-21T22:00:00.000000,Poland,Poland,PL,526.7,591.15,29.3,28.28,entsoe.eu,false,""
2024-08-21T23:00:00.000000,Poland,Poland,PL,520.13,584.96,29.78,28.75,entsoe.eu,false,""
2024-08-22T00:00:00.000000,Poland,Poland,PL,516.6,581.49,30.04,29.04,entsoe.eu,false,""
2024-08-22T01:00:00.000000,Poland,Poland,PL,512.53,577.49,30.4,29.32,entsoe.eu,false,""
2024-08-22T02:00:00.000000,Poland,Poland,PL,536.4,602.36,27.78,26.8,entsoe.eu,false,""
2024-08-22T03:00:00.000000,Poland,Poland,PL,547.66,613.86,26.62,25.61,entsoe.eu,false,""
2024-08-22T04:00:00.000000,Poland,Poland,PL,533.7,599.41,27.63,26.7,entsoe.eu,false,""
2024-08-22T05:00:00.000000,Poland,Poland,PL,537.35,602.96,27.72,27.29,entsoe.eu,false,""
2024-08-22T06:00:00.000000,Poland,Poland,PL,515.35,579.86,31.03,30.72,entsoe.eu,false,""
2024-08-22T07:00:00.000000,Poland,Poland,PL,472.41,534.0,37.61,37.3,entsoe.eu,false,""
2024-08-22T08:00:00.000000,Poland,Poland,PL,417.97,477.77,43.99,43.79,entsoe.eu,false,""
2024-08-22T09:00:00.000000,Poland,Poland,PL,403.6,462.29,45.96,45.83,entsoe.eu,false,""
2024-08-22T10:00:00.000000,Poland,Poland,PL,400.14,458.79,46.44,46.42,entsoe.eu,false,""
2024-08-22T11:00:00.000000,Poland,Poland,PL,420.01,479.35,43.94,43.94,entsoe.eu,false,""
2024-08-22T12:00:00.000000,Poland,Poland,PL,445.36,505.94,40.74,40.74,entsoe.eu,false,""
2024-08-22T13:00:00.000000,Poland,Poland,PL,465.15,526.27,38.74,38.63,entsoe.eu,false,""
2024-08-22T14:00:00.000000,Poland,Poland,PL,505.31,568.11,33.64,33.38,entsoe.eu,false,""
2024-08-22T15:00:00.000000,Poland,Poland,PL,548.42,614.67,27.26,26.89,entsoe.eu,false,""
2024-08-22T16:00:00.000000,Poland,Poland,PL,604.05,673.73,19.5,18.94,entsoe.eu,false,""
2024-08-22T17:00:00.000000,Poland,Poland,PL,624.89,695.5,16.19,15.55,entsoe.eu,false,""
2024-08-22T18:00:00.000000,Poland,Poland,PL,614.81,684.68,17.31,16.68,entsoe.eu,false,""
2024-08-22T19:00:00.000000,Poland,Poland,PL,603.26,671.69,19.72,19.12,entsoe.eu,false,""
2024-08-22T20:00:00.000000,Poland,Poland,PL,587.78,654.11,22.91,22.32,entsoe.eu,false,""
2024-08-22T21:00:00.000000,Poland,Poland,PL,554.09,619.43,26.78,26.18,entsoe.eu,false,""
2024-08-22T22:00:00.000000,Poland,Poland,PL,541.66,607.09,27.74,27.06,entsoe.eu,false,""
2024-08-22T23:00:00.000000,Poland,Poland,PL,530.87,594.76,29.49,28.78,entsoe.eu,false,""
2024-08-23T00:00:00.000000,Poland,Poland,PL,519.81,583.37,30.72,30.01,entsoe.eu,false,""
2024-08-23T01:00:00.000000,Poland,Poland,PL,518.05,581.41,31.09,30.32,entsoe.eu,false,""
2024-08-23T02:00:00.000000,Poland,Poland,PL,511.58,574.32,32.02,31.21,entsoe.eu,false,""
2024-08-23T03:00:00.000000,Poland,Poland,PL,512.46,574.82,31.94,31.18,entsoe.eu,false,""
2024-08-23T04:00:00.000000,Poland,Poland,PL,497.66,559.41,33.44,32.76,entsoe.eu,false,""
2024-08-23T05:00:00.000000,Poland,Poland,PL,482.93,544.62,35.13,34.65,entsoe.eu,false,""
2024-08-23T06:00:00.000000,Poland,Poland,PL,454.13,514.52,39.67,39.33,entsoe.eu,false,""
2024-08-23T07:00:00.000000,Poland,Poland,PL,414.58,473.6,44.75,44.6,entsoe.eu,false,""
2024-08-23T08:00:00.000000,Poland,Poland,PL,342.35,397.63,53.96,53.88,entsoe.eu,false,""
2024-08-23T09:00:00.000000,Poland,Poland,PL,307.32,359.68,58.35,58.32,entsoe.eu,false,""
2024-08-23T10:00:00.000000,Poland,Poland,PL,292.4,343.01,60.31,60.31,entsoe.eu,false,""
2024-08-23T11:00:00.000000,Poland,Poland,PL,306.49,356.73,58.88,58.88,entsoe.eu,false,""
2024-08-23T12:00:00.000000,Poland,Poland,PL,303.58,353.4,59.43,59.43,entsoe.eu,false,""
2024-08-23T13:00:00.000000,Poland,Poland,PL,331.77,383.31,55.6,55.6,entsoe.eu,false,""
2024-08-23T14:00:00.000000,Poland,Poland,PL,341.65,394.26,54.22,54.13,entsoe.eu,false,""
2024-08-23T15:00:00.000000,Poland,Poland,PL,424.05,480.87,43.5,43.32,entsoe.eu,false,""
2024-08-23T16:00:00.000000,Poland,Poland,PL,479.84,539.01,36.16,35.8,entsoe.eu,false,""
2024-08-23T17:00:00.000000,Poland,Poland,PL,516.19,576.93,30.98,30.46,entsoe.eu,false,""
2024-08-23T18:00:00.000000,Poland,Poland,PL,511.17,570.92,31.92,31.37,entsoe.eu,false,""
2024-08-23T19:00:00.000000,Poland,Poland,PL,494.0,552.81,34.44,33.9,entsoe.eu,false,""
2024-08-23T20:00:00.000000,Poland,Poland,PL,498.64,556.71,34.75,34.19,entsoe.eu,false,""
2024-08-23T21:00:00.000000,Poland,Poland,PL,509.22,568.58,33.31,32.66,entsoe.eu,false,""
2024-08-23T22:00:00.000000,Poland,Poland,PL,492.98,554.47,34.02,32.9,entsoe.eu,false,""
2024-08-23T23:00:00.000000,Poland,Poland,PL,508.02,570.89,32.13,30.93,entsoe.eu,false,""
2024-08-24T00:00:00.000000,Poland,Poland,PL,536.11,602.53,28.21,26.63,entsoe.eu,false,""
2024-08-24T01:00:00.000000,Poland,Poland,PL,555.67,625.46,24.96,23.08,entsoe.eu,false,""
2024-08-24T02:00:00.000000,Poland,Poland,PL,569.2,641.22,22.77,20.71,entsoe.eu,false,""
2024-08-24T03:00:00.000000,Poland,Poland,PL,586.09,659.26,20.68,18.77,entsoe.eu,false,""
2024-08-24T04:00:00.000000,Poland,Poland,PL,572.99,645.24,22.48,20.92,entsoe.eu,false,""
2024-08-24T05:00:00.000000,Poland,Poland,PL,509.12,576.5,31.79,30.7,entsoe.eu,false,""
2024-08-24T06:00:00.000000,Poland,Poland,PL,454.53,518.64,38.9,38.53,entsoe.eu,false,""
2024-08-24T07:00:00.000000,Poland,Poland,PL,355.89,414.08,52.31,52.1,entsoe.eu,false,""
2024-08-24T08:00:00.000000,Poland,Poland,PL,331.8,388.05,55.4,55.35,entsoe.eu,false,""
2024-08-24T09:00:00.000000,Poland,Poland,PL,318.57,373.76,57.07,57.07,entsoe.eu,false,""
2024-08-24T10:00:00.000000,Poland,Poland,PL,324.73,380.11,56.06,56.06,entsoe.eu,false,""
2024-08-24T11:00:00.000000,Poland,Poland,PL,322.3,378.77,55.38,55.38,entsoe.eu,false,""
2024-08-24T12:00:00.000000,Poland,Poland,PL,320.76,376.96,55.74,55.74,entsoe.eu,false,""
2024-08-24T13:00:00.000000,Poland,Poland,PL,318.63,374.41,56.08,56.08,entsoe.eu,false,""
2024-08-24T14:00:00.000000,Poland,Poland,PL,364.88,423.61,49.71,49.71,entsoe.eu,false,""
2024-08-24T15:00:00.000000,Poland,Poland,PL,429.56,491.84,40.82,40.49,entsoe.eu,false,""
2024-08-24T16:00:00.000000,Poland,Poland,PL,523.19,589.51,28.55,27.97,entsoe.eu,false,""
2024-08-24T17:00:00.000000,Poland,Poland,PL,550.63,617.91,24.36,23.79,entsoe.eu,false,""
2024-08-24T18:00:00.000000,Poland,Poland,PL,518.6,582.48,29.12,28.54,entsoe.eu,false,""
2024-08-24T19:00:00.000000,Poland,Poland,PL,469.1,529.4,36.0,35.41,entsoe.eu,false,""
2024-08-24T20:00:00.000000,Poland,Poland,PL,432.64,491.76,39.86,39.49,entsoe.eu,false,""
2024-08-24T21:00:00.000000,Poland,Poland,PL,392.49,448.6,45.55,45.07,entsoe.eu,false,""
2024-08-24T22:00:00.000000,Poland,Poland,PL,377.03,431.99,46.97,46.54,entsoe.eu,false,""
2024-08-24T23:00:00.000000,Poland,Poland,PL,374.44,427.08,48.81,48.38,entsoe.eu,false,""
2024-08-25T00:00:00.000000,Poland,Poland,PL,381.81,434.53,48.07,47.74,entsoe.eu,false,""
2024-08-25T01:00:00.000000,Poland,Poland,PL,392.83,446.69,46.24,46.04,entsoe.eu,false,""
2024-08-25T02:00:00.000000,Poland,Poland,PL,407.6,463.59,43.53,43.35,entsoe.eu,false,""
2024-08-25T03:00:00.000000,Poland,Poland,PL,416.54,472.2,43.87,43.5,entsoe.eu,false,""
2024-08-25T04:00:00.000000,Poland,Poland,PL,430.11,488.58,41.35,41.07,entsoe.eu,false,""
2024-08-25T05:00:00.000000,Poland,Poland,PL,403.24,460.86,45.19,44.97,entsoe.eu,false,""
2024-08-25T06:00:00.000000,Poland,Poland,PL,374.86,432.34,48.95,48.73,entsoe.eu,false,""
2024-08-25T07:00:00.000000,Poland,Poland,PL,341.49,396.66,53.49,53.45,entsoe.eu,false,""
2024-08-25T08:00:00.000000,Poland,Poland,PL,328.61,381.22,55.64,55.64,entsoe.eu,false,""
2024-08-25T09:00:00.000000,Poland,Poland,PL,316.34,368.47,57.01,57.01,entsoe.eu,false,""
2024-08-25T10:00:00.000000,Poland,Poland,PL,320.21,372.86,56.43,56.43,entsoe.eu,false,""
2024-08-25T11:00:00.000000,Poland,Poland,PL,332.74,385.36,55.11,55.11,entsoe.eu,false,""
2024-08-25T12:00:00.000000,Poland,Poland,PL,333.2,387.15,54.4,54.4,entsoe.eu,false,""
2024-08-25T13:00:00.000000,Poland,Poland,PL,360.16,416.66,50.61,50.58,entsoe.eu,false,""
2024-08-25T14:00:00.000000,Poland,Poland,PL,370.05,425.84,49.59,49.49,entsoe.eu,false,""
2024-08-25T15:00:00.000000,Poland,Poland,PL,425.24,483.78,42.68,42.21,entsoe.eu,false,""
2024-08-25T16:00:00.000000,Poland,Poland,PL,508.23,570.63,32.63,31.75,entsoe.eu,false,""
2024-08-25T17:00:00.000000,Poland,Poland,PL,561.63,626.5,25.47,24.41,entsoe.eu,false,""
2024-08-25T18:00:00.000000,Poland,Poland,PL,576.32,642.11,23.7,21.82,entsoe.eu,false,""
2024-08-25T19:00:00.000000,Poland,Poland,PL,584.45,651.84,22.6,20.58,entsoe.eu,false,""
2024-08-25T20:00:00.000000,Poland,Poland,PL,607.08,678.27,19.0,17.52,entsoe.eu,false,""
2024-08-25T21:00:00.000000,Poland,Poland,PL,608.43,680.42,18.63,17.28,entsoe.eu,false,""
2024-08-25T22:00:00.000000,Poland,Poland,PL,629.11,701.89,16.85,15.91,entsoe.eu,false,""
2024-08-25T23:00:00.000000,Poland,Poland,PL,622.88,696.48,17.14,16.1,entsoe.eu,false,""
2024-08-26T00:00:00.000000,Poland,Poland,PL,618.42,692.16,17.29,16.24,entsoe.eu,false,""
2024-08-26T01:00:00.000000,Poland,Poland,PL,616.46,690.07,17.57,16.55,entsoe.eu,false,""
2024-08-26T02:00:00.000000,Poland,Poland,PL,617.2,691.36,17.03,15.97,entsoe.eu,false,""
2024-08-26T03:00:00.000000,Poland,Poland,PL,617.31,691.12,16.88,15.84,entsoe.eu,false,""
2024-08-26T04:00:00.000000,Poland,Poland,PL,603.15,675.91,17.98,17.02,entsoe.eu,false,""
2024-08-26T05:00:00.000000,Poland,Poland,PL,587.69,657.92,20.84,19.77,entsoe.eu,false,""
2024-08-26T06:00:00.000000,Poland,Poland,PL,550.58,619.29,25.82,24.8,entsoe.eu,false,""
2024-08-26T07:00:00.000000,Poland,Poland,PL,493.59,559.17,33.89,33.01,entsoe.eu,false,""
2024-08-26T08:00:00.000000,Poland,Poland,PL,429.57,491.95,42.33,42.06,entsoe.eu,false,""
2024-08-26T09:00:00.000000,Poland,Poland,PL,384.57,445.06,47.96,47.69,entsoe.eu,false,""
2024-08-26T10:00:00.000000,Poland,Poland,PL,386.95,446.98,47.81,47.09,entsoe.eu,false,""
2024-08-26T11:00:00.000000,Poland,Poland,PL,407.48,467.64,45.46,44.34,entsoe.eu,false,""
2024-08-26T12:00:00.000000,Poland,Poland,PL,405.62,466.18,45.45,44.28,entsoe.eu,false,""
2024-08-26T13:00:00.000000,Poland,Poland,PL,424.66,486.31,43.06,41.76,entsoe.eu,false,""
2024-08-26T14:00:00.000000,Poland,Poland,PL,482.66,547.21,35.47,34.06,entsoe.eu,false,""
2024-08-26T15:00:00.000000,Poland,Poland,PL,553.94,622.86,25.8,25.19,entsoe.eu,false,""
2024-08-26T16:00:00.000000,Poland,Poland,PL,611.36,683.11,17.67,16.95,entsoe.eu,false,""
2024-08-26T17:00:00.000000,Poland,Poland,PL,638.47,710.28,13.84,12.85,entsoe.eu,false,""
2024-08-26T18:00:00.000000,Poland,Poland,PL,639.27,711.01,13.74,12.7,entsoe.eu,false,""
2024-08-26T19:00:00.000000,Poland,Poland,PL,643.11,716.26,12.44,11.61,entsoe.eu,false,""
2024-08-26T20:00:00.000000,Poland,Poland,PL,630.85,707.03,13.02,12.39,entsoe.eu,false,""
2024-08-26T21:00:00.000000,Poland,Poland,PL,621.24,696.75,14.91,14.0,entsoe.eu,false,""
2024-08-26T22:00:00.000000,Poland,Poland,PL,609.2,685.3,15.77,14.73,entsoe.eu,false,""
2024-08-26T23:00:00.000000,Poland,Poland,PL,631.09,702.93,17.26,15.79,entsoe.eu,false,""
2024-08-27T00:00:00.000000,Poland,Poland,PL,637.92,709.33,17.14,15.58,entsoe.eu,false,""
2024-08-27T01:00:00.000000,Poland,Poland,PL,642.89,714.33,16.49,14.97,entsoe.eu,false,""
2024-08-27T02:00:00.000000,Poland,Poland,PL,643.93,716.14,15.89,14.36,entsoe.eu,false,""
2024-08-27T03:00:00.000000,Poland,Poland,PL,641.57,715.44,14.7,13.39,entsoe.eu,false,""
2024-08-27T04:00:00.000000,Poland,Poland,PL,605.45,677.52,19.02,16.89,entsoe.eu,false,""
2024-08-27T05:00:00.000000,Poland,Poland,PL,560.95,630.55,24.65,23.35,entsoe.eu,false,""
2024-08-27T06:00:00.000000,Poland,Poland,PL,492.12,557.88,33.99,33.4,entsoe.eu,false,""
2024-08-27T07:00:00.000000,Poland,Poland,PL,422.99,483.55,44.11,43.69,entsoe.eu,false,""
2024-08-27T08:00:00.000000,Poland,Poland,PL,362.13,419.87,51.41,51.21,entsoe.eu,false,""
2024-08-27T09:00:00.000000,Poland,Poland,PL,324.62,381.02,55.91,55.7,entsoe.eu,false,""
2024-08-27T10:00:00.000000,Poland,Poland,PL,324.27,381.07,55.76,55.65,entsoe.eu,false,""
2024-08-27T11:00:00.000000,Poland,Poland,PL,328.76,386.16,54.95,54.91,entsoe.eu,false,""
2024-08-27T12:00:00.000000,Poland,Poland,PL,333.1,390.93,54.43,54.3,entsoe.eu,false,""
2024-08-27T13:00:00.000000,Poland,Poland,PL,366.83,426.01,50.34,50.05,entsoe.eu,false,""
2024-08-27T14:00:00.000000,Poland,Poland,PL,437.08,499.79,41.04,40.83,entsoe.eu,false,""
2024-08-27T15:00:00.000000,Poland,Poland,PL,525.72,592.17,29.82,29.41,entsoe.eu,false,""
2024-08-27T16:00:00.000000,Poland,Poland,PL,594.57,664.51,20.25,19.39,entsoe.eu,false,""
2024-08-27T17:00:00.000000,Poland,Poland,PL,617.2,687.62,16.78,16.12,entsoe.eu,false,""
2024-08-27T18:00:00.000000,Poland,Poland,PL,586.23,654.54,20.63,19.91,entsoe.eu,false,""
2024-08-27T19:00:00.000000,Poland,Poland,PL,562.91,630.93,23.34,22.8,entsoe.eu,false,""
2024-08-27T20:00:00.000000,Poland,Poland,PL,534.14,599.01,28.3,27.54,entsoe.eu,false,""
2024-08-27T21:00:00.000000,Poland,Poland,PL,516.97,580.09,31.07,30.16,entsoe.eu,false,""
2024-08-27T22:00:00.000000,Poland,Poland,PL,517.11,579.87,31.7,30.54,entsoe.eu,false,""
2024-08-27T23:00:00.000000,Poland,Poland,PL,515.48,578.38,31.8,30.61,entsoe.eu,false,""
2024-08-28T00:00:00.000000,Poland,Poland,PL,511.79,574.32,32.31,31.03,entsoe.eu,false,""
2024-08-28T01:00:00.000000,Poland,Poland,PL,510.71,572.9,32.49,31.19,entsoe.eu,false,""
2024-08-28T02:00:00.000000,Poland,Poland,PL,522.54,585.36,31.02,29.72,entsoe.eu,false,""
2024-08-28T03:00:00.000000,Poland,Poland,PL,542.45,606.39,28.41,27.35,entsoe.eu,false,""
2024-08-28T04:00:00.000000,Poland,Poland,PL,535.07,598.54,29.43,28.37,entsoe.eu,false,""
2024-08-28T05:00:00.000000,Poland,Poland,PL,516.99,580.55,31.41,30.62,entsoe.eu,false,""
2024-08-28T06:00:00.000000,Poland,Poland,PL,480.51,544.43,35.32,34.97,entsoe.eu,false,""
2024-08-28T07:00:00.000000,Poland,Poland,PL,421.4,482.02,43.61,43.41,entsoe.eu,false,""
2024-08-28T08:00:00.000000,Poland,Poland,PL,360.23,417.41,51.51,51.28,entsoe.eu,false,""
2024-08-28T09:00:00.000000,Poland,Poland,PL,322.62,376.93,56.96,56.69,entsoe.eu,false,""
2024-08-28T10:00:00.000000,Poland,Poland,PL,320.36,373.44,57.86,57.71,entsoe.eu,false,""
2024-08-28T11:00:00.000000,Poland,Poland,PL,324.27,377.83,57.17,56.98,entsoe.eu,false,""
2024-08-28T12:00:00.000000,Poland,Poland,PL,349.18,404.7,53.6,53.41,entsoe.eu,false,""
2024-08-28T13:00:00.000000,Poland,Poland,PL,384.48,443.25,48.31,48.01,entsoe.eu,false,""
2024-08-28T14:00:00.000000,Poland,Poland,PL,452.39,513.72,40.1,39.74,entsoe.eu,false,""
2024-08-28T15:00:00.000000,Poland,Poland,PL,537.93,603.97,28.22,27.81,entsoe.eu,false,""
2024-08-28T16:00:00.000000,Poland,Poland,PL,597.03,666.15,19.84,19.11,entsoe.eu,false,""
2024-08-28T17:00:00.000000,Poland,Poland,PL,606.47,674.63,18.55,17.85,entsoe.eu,false,""
2024-08-28T18:00:00.000000,Poland,Poland,PL,576.41,642.1,22.42,21.79,entsoe.eu,false,""
2024-08-28T19:00:00.000000,Poland,Poland,PL,545.22,610.38,26.19,25.45,entsoe.eu,false,""
2024-08-28T20:00:00.000000,Poland,Poland,PL,520.36,583.99,29.98,29.1,entsoe.eu,false,""
2024-08-28T21:00:00.000000,Poland,Poland,PL,515.09,577.13,31.52,30.9,entsoe.eu,false,""
2024-08-28T22:00:00.000000,Poland,Poland,PL,496.75,558.74,33.43,32.95,entsoe.eu,false,""
2024-08-28T23:00:00.000000,Poland,Poland,PL,513.53,576.31,31.34,30.89,entsoe.eu,false,""
2024-08-29T00:00:00.000000,Poland,Poland,PL,517.03,580.79,30.69,30.0,entsoe.eu,false,""
2024-08-29T01:00:00.000000,Poland,Poland,PL,533.72,597.91,29.11,28.35,entsoe.eu,false,""
2024-08-29T02:00:00.000000,Poland,Poland,PL,560.99,625.58,26.49,25.66,entsoe.eu,false,""
2024-08-29T03:00:00.000000,Poland,Poland,PL,574.5,640.45,24.36,23.63,entsoe.eu,false,""
2024-08-29T04:00:00.000000,Poland,Poland,PL,554.72,620.48,25.89,25.03,entsoe.eu,false,""
2024-08-29T05:00:00.000000,Poland,Poland,PL,538.65,602.65,28.69,28.22,entsoe.eu,false,""
2024-08-29T06:00:00.000000,Poland,Poland,PL,501.17,564.49,33.68,33.3,entsoe.eu,false,""
2024-08-29T07:00:00.000000,Poland,Poland,PL,444.72,504.94,41.68,41.34,entsoe.eu,false,""
2024-08-29T08:00:00.000000,Poland,Poland,PL,393.87,452.06,47.47,47.24,entsoe.eu,false,""
2024-08-29T09:00:00.000000,Poland,Poland,PL,359.21,414.74,52.22,52.18,entsoe.eu,false,""
2024-08-29T10:00:00.000000,Poland,Poland,PL,336.42,390.45,55.3,55.14,entsoe.eu,false,""
2024-08-29T11:00:00.000000,Poland,Poland,PL,343.5,398.18,54.34,54.24,entsoe.eu,false,""
2024-08-29T12:00:00.000000,Poland,Poland,PL,364.43,420.83,51.57,51.47,entsoe.eu,false,""
2024-08-29T13:00:00.000000,Poland,Poland,PL,406.59,465.37,46.35,46.21,entsoe.eu,false,""
2024-08-29T14:00:00.000000,Poland,Poland,PL,469.11,531.54,38.2,37.94,entsoe.eu,false,""
2024-08-29T15:00:00.000000,Poland,Poland,PL,557.76,625.07,26.2,25.74,entsoe.eu,false,""
2024-08-29T16:00:00.000000,Poland,Poland,PL,634.08,703.89,16.16,15.43,entsoe.eu,false,""
2024-08-29T17:00:00.000000,Poland,Poland,PL,648.5,719.94,13.09,12.36,entsoe.eu,false,""
2024-08-29T18:00:00.000000,Poland,Poland,PL,638.28,709.66,13.79,13.01,entsoe.eu,false,""
2024-08-29T19:00:00.000000,Poland,Poland,PL,617.65,690.25,15.76,14.85,entsoe.eu,false,""
2024-08-29T20:00:00.000000,Poland,Poland,PL,599.56,672.55,17.66,16.56,entsoe.eu,false,""
2024-08-29T21:00:00.000000,Poland,Poland,PL,600.17,671.73,18.44,17.55,entsoe.eu,false,""
2024-08-29T22:00:00.000000,Poland,Poland,PL,592.85,663.76,20.03,19.05,entsoe.eu,false,""
2024-08-29T23:00:00.000000,Poland,Poland,PL,591.5,662.08,20.29,19.37,entsoe.eu,false,""
2024-08-30T00:00:00.000000,Poland,Poland,PL,593.06,663.43,20.21,19.36,entsoe.eu,false,""
2024-08-30T01:00:00.000000,Poland,Poland,PL,594.69,664.68,20.33,19.43,entsoe.eu,false,""
2024-08-30T02:00:00.000000,Poland,Poland,PL,600.51,672.25,19.14,18.1,entsoe.eu,false,""
2024-08-30T03:00:00.000000,Poland,Poland,PL,613.74,687.43,17.03,15.94,entsoe.eu,false,""
2024-08-30T04:00:00.000000,Poland,Poland,PL,613.76,687.08,16.91,16.01,entsoe.eu,false,""
2024-08-30T05:00:00.000000,Poland,Poland,PL,572.49,642.65,22.85,22.21,entsoe.eu,false,""
2024-08-30T06:00:00.000000,Poland,Poland,PL,507.11,573.15,31.8,31.46,entsoe.eu,false,""
2024-08-30T07:00:00.000000,Poland,Poland,PL,451.22,513.32,39.78,39.65,entsoe.eu,false,""
2024-08-30T08:00:00.000000,Poland,Poland,PL,405.21,464.03,46.1,46.01,entsoe.eu,false,""
2024-08-30T09:00:00.000000,Poland,Poland,PL,364.52,420.68,51.62,51.62,entsoe.eu,false,""
2024-08-30T10:00:00.000000,Poland,Poland,PL,350.42,406.38,53.33,53.27,entsoe.eu,false,""
2024-08-30T11:00:00.000000,Poland,Poland,PL,359.65,417.23,51.74,51.62,entsoe.eu,false,""
2024-08-30T12:00:00.000000,Poland,Poland,PL,403.22,462.27,46.82,46.67,entsoe.eu,false,""
2024-08-30T13:00:00.000000,Poland,Poland,PL,454.33,515.39,40.53,40.35,entsoe.eu,false,""
2024-08-30T14:00:00.000000,Poland,Poland,PL,491.58,554.54,35.68,35.39,entsoe.eu,false,""
2024-08-30T15:00:00.000000,Poland,Poland,PL,552.73,619.24,27.02,26.37,entsoe.eu,false,""
2024-08-30T16:00:00.000000,Poland,Poland,PL,602.12,670.77,20.34,19.06,entsoe.eu,false,""
2024-08-30T17:00:00.000000,Poland,Poland,PL,625.14,694.95,16.71,15.52,entsoe.eu,false,""
2024-08-30T18:00:00.000000,Poland,Poland,PL,622.26,692.32,16.8,15.61,entsoe.eu,false,""
2024-08-30T19:00:00.000000,Poland,Poland,PL,626.1,697.66,16.38,15.35,entsoe.eu,false,""
2024-08-30T20:00:00.000000,Poland,Poland,PL,615.59,687.86,16.93,16.2,entsoe.eu,false,""
2024-08-30T21:00:00.000000,Poland,Poland,PL,614.1,685.23,17.77,17.22,entsoe.eu,false,""
2024-08-30T22:00:00.000000,Poland,Poland,PL,590.37,661.54,20.5,19.65,entsoe.eu,false,""
2024-08-30T23:00:00.000000,Poland,Poland,PL,603.66,674.2,19.75,18.89,entsoe.eu,false,""
2024-08-31T00:00:00.000000,Poland,Poland,PL,600.28,668.5,21.2,20.46,entsoe.eu,false,""
2024-08-31T01:00:00.000000,Poland,Poland,PL,587.85,655.1,23.06,22.18,entsoe.eu,false,""
2024-08-31T02:00:00.000000,Poland,Poland,PL,587.4,654.43,23.42,22.4,entsoe.eu,false,""
2024-08-31T03:00:00.000000,Poland,Poland,PL,598.63,666.89,21.97,20.9,entsoe.eu,false,""
2024-08-31T04:00:00.000000,Poland,Poland,PL,590.15,658.96,22.36,21.46,entsoe.eu,false,""
2024-08-31T05:00:00.000000,Poland,Poland,PL,561.7,629.24,26.18,25.42,entsoe.eu,false,""
2024-08-31T06:00:00.000000,Poland,Poland,PL,511.42,576.57,32.58,32.11,entsoe.eu,false,""
2024-08-31T07:00:00.000000,Poland,Poland,PL,455.42,516.78,40.44,40.14,entsoe.eu,false,""
2024-08-31T08:00:00.000000,Poland,Poland,PL,397.51,456.15,47.62,47.46,entsoe.eu,false,""
2024-08-31T09:00:00.000000,Poland,Poland,PL,366.42,422.97,51.65,51.59,entsoe.eu,false,""
2024-08-31T10:00:00.000000,Poland,Poland,PL,355.17,411.25,53.15,53.12,entsoe.eu,false,""
2024-08-31T11:00:00.000000,Poland,Poland,PL,368.26,425.04,51.39,51.36,entsoe.eu,false,""
2024-08-31T12:00:00.000000,Poland,Poland,PL,380.74,438.05,49.67,49.65,entsoe.eu,false,""
2024-08-31T13:00:00.000000,Poland,Poland,PL,392.08,450.3,48.36,48.33,entsoe.eu,false,""
2024-08-31T14:00:00.000000,Poland,Poland,PL,450.54,511.95,40.72,40.55,entsoe.eu,false,""
2024-08-31T15:00:00.000000,Poland,Poland,PL,520.41,586.02,31.39,30.9,entsoe.eu,false,""
2024-08-31T16:00:00.000000,Poland,Poland,PL,589.84,659.73,21.26,20.46,entsoe.eu,false,""
2024-08-31T17:00:00.000000,Poland,Poland,PL,602.27,671.57,19.55,18.76,entsoe.eu,false,""
2024-08-31T18:00:00.000000,Poland,Poland,PL,596.42,665.59,19.89,19.19,entsoe.eu,false,""
2024-08-31T19:00:00.000000,Poland,Poland,PL,593.56,662.07,21.26,20.62,entsoe.eu,false,""
2024-08-31T20:00:00.000000,Poland,Poland,PL,601.56,672.07,19.41,18.92,entsoe.eu,false,""
2024-08-31T21:00:00.000000,Poland,Poland,PL,598.96,668.2,20.63,20.14,entsoe.eu,false,""
2024-08-31T22:00:00.000000,Poland,Poland,PL,573.87,641.78,24.87,24.03,entsoe.eu,false,""
2024-08-31T23:00:00.000000,Poland,Poland,PL,568.85,637.24,25.4,24.43,entsoe.eu,false,""
2024-09-01T00:00:00.000000,Poland,Poland,PL,564.97,633.62,25.63,24.38,entsoe.eu,false,""
2024-09-01T01:00:00.000000,Poland,Poland,PL,560.86,629.37,26.19,24.8,entsoe.eu,false,""
2024-09-01T02:00:00.000000,Poland,Poland,PL,556.22,624.98,26.53,25.07,entsoe.eu,false,""
2024-09-01T03:00:00.000000,Poland,Poland,PL,569.83,638.87,25.0,23.71,entsoe.eu,false,""
2024-09-01T04:00:00.000000,Poland,Poland,PL,565.15,633.66,25.77,24.64,entsoe.eu,false,""
2024-09-01T05:00:00.000000,Poland,Poland,PL,529.83,596.3,30.59,29.74,entsoe.eu,false,""
2024-09-01T06:00:00.000000,Poland,Poland,PL,455.5,519.59,39.78,39.18,entsoe.eu,false,""
2024-09-01T07:00:00.000000,Poland,Poland,PL,414.07,475.7,44.52,44.42,entsoe.eu,false,""
2024-09-01T08:00:00.000000,Poland,Poland,PL,391.44,451.93,47.12,47.11,entsoe.eu,false,""
2024-09-01T09:00:00.000000,Poland,Poland,PL,376.45,436.01,49.17,49.16,entsoe.eu,false,""
2024-09-01T10:00:00.000000,Poland,Poland,PL,372.08,431.01,49.88,49.87,entsoe.eu,false,""
2024-09-01T11:00:00.000000,Poland,Poland,PL,358.13,416.19,51.94,51.93,entsoe.eu,false,""
2024-09-01T12:00:00.000000,Poland,Poland,PL,359.3,417.92,51.72,51.7,entsoe.eu,false,""
2024-09-01T13:00:00.000000,Poland,Poland,PL,371.06,430.56,50.11,50.08,entsoe.eu,false,""
2024-09-01T14:00:00.000000,Poland,Poland,PL,396.5,458.05,46.56,46.5,entsoe.eu,false,""
2024-09-01T15:00:00.000000,Poland,Poland,PL,489.69,556.17,34.38,33.79,entsoe.eu,false,""
2024-09-01T16:00:00.000000,Poland,Poland,PL,598.62,670.9,19.02,18.43,entsoe.eu,false,""
2024-09-01T17:00:00.000000,Poland,Poland,PL,596.44,665.74,20.16,19.32,entsoe.eu,false,""
2024-09-01T18:00:00.000000,Poland,Poland,PL,580.99,649.15,21.71,21.13,entsoe.eu,false,""
2024-09-01T19:00:00.000000,Poland,Poland,PL,583.77,650.84,22.72,22.18,entsoe.eu,false,""
2024-09-01T20:00:00.000000,Poland,Poland,PL,586.22,654.66,22.13,21.63,entsoe.eu,false,""
2024-09-01T21:00:00.000000,Poland,Poland,PL,588.45,656.95,22.42,21.78,entsoe.eu,false,""
2024-09-01T22:00:00.000000,Poland,Poland,PL,601.09,670.13,21.1,20.48,entsoe.eu,false,""
2024-09-01T23:00:00.000000,Poland,Poland,PL,614.1,683.74,19.75,19.08,entsoe.eu,false,""
2024-09-02T00:00:00.000000,Poland,Poland,PL,626.73,695.64,19.22,18.46,entsoe.eu,false,""
2024-09-02T01:00:00.000000,Poland,Poland,PL,631.37,701.07,18.61,17.56,entsoe.eu,false,""
2024-09-02T02:00:00.000000,Poland,Poland,PL,639.36,709.57,17.48,16.35,entsoe.eu,false,""
2024-09-02T03:00:00.000000,Poland,Poland,PL,638.47,709.12,16.84,15.77,entsoe.eu,false,""
2024-09-02T04:00:00.000000,Poland,Poland,PL,627.7,698.05,17.47,16.57,entsoe.eu,false,""
2024-09-02T05:00:00.000000,Poland,Poland,PL,580.32,647.9,23.78,23.12,entsoe.eu,false,""
2024-09-02T06:00:00.000000,Poland,Poland,PL,524.77,589.56,31.12,30.7,entsoe.eu,false,""
2024-09-02T07:00:00.000000,Poland,Poland,PL,462.08,523.02,39.83,39.68,entsoe.eu,false,""
2024-09-02T08:00:00.000000,Poland,Poland,PL,414.02,471.54,46.41,46.38,entsoe.eu,false,""
2024-09-02T09:00:00.000000,Poland,Poland,PL,352.21,407.53,54.05,54.0,entsoe.eu,false,""
2024-09-02T10:00:00.000000,Poland,Poland,PL,342.16,397.72,55.21,55.12,entsoe.eu,false,""
2024-09-02T11:00:00.000000,Poland,Poland,PL,359.93,416.21,52.87,52.8,entsoe.eu,false,""
2024-09-02T12:00:00.000000,Poland,Poland,PL,379.75,437.47,50.16,50.05,entsoe.eu,false,""
2024-09-02T13:00:00.000000,Poland,Poland,PL,430.81,490.41,43.79,43.67,entsoe.eu,false,""
2024-09-02T14:00:00.000000,Poland,Poland,PL,492.23,555.89,34.95,34.75,entsoe.eu,false,""
2024-09-02T15:00:00.000000,Poland,Poland,PL,577.9,644.55,24.22,23.77,entsoe.eu,false,""
2024-09-02T16:00:00.000000,Poland,Poland,PL,626.73,695.87,16.81,16.19,entsoe.eu,false,""
2024-09-02T17:00:00.000000,Poland,Poland,PL,626.61,695.59,16.4,15.66,entsoe.eu,false,""
2024-09-02T18:00:00.000000,Poland,Poland,PL,596.81,663.07,20.36,19.72,entsoe.eu,false,""
2024-09-02T19:00:00.000000,Poland,Poland,PL,570.59,636.44,23.99,23.31,entsoe.eu,false,""
2024-09-02T20:00:00.000000,Poland,Poland,PL,565.18,630.25,24.97,24.43,entsoe.eu,false,""
2024-09-02T21:00:00.000000,Poland,Poland,PL,563.83,629.05,25.31,24.81,entsoe.eu,false,""
2024-09-02T22:00:00.000000,Poland,Poland,PL,561.88,628.36,24.89,24.29,entsoe.eu,false,""
2024-09-02T23:00:00.000000,Poland,Poland,PL,584.71,651.39,22.49,22.0,entsoe.eu,false,""
2024-09-03T00:00:00.000000,Poland,Poland,PL,584.0,651.13,22.45,21.9,entsoe.eu,false,""
2024-09-03T01:00:00.000000,Poland,Poland,PL,590.13,657.65,21.77,21.13,entsoe.eu,false,""
2024-09-03T02:00:00.000000,Poland,Poland,PL,591.78,659.51,21.66,20.9,entsoe.eu,false,""
2024-09-03T03:00:00.000000,Poland,Poland,PL,594.47,662.31,21.27,20.52,entsoe.eu,false,""
2024-09-03T04:00:00.000000,Poland,Poland,PL,584.33,651.66,22.52,21.73,entsoe.eu,false,""
2024-09-03T05:00:00.000000,Poland,Poland,PL,548.47,614.19,26.88,26.5,entsoe.eu,false,""
2024-09-03T06:00:00.000000,Poland,Poland,PL,504.24,567.36,33.15,33.03,entsoe.eu,false,""
2024-09-03T07:00:00.000000,Poland,Poland,PL,458.34,518.96,39.51,39.51,entsoe.eu,false,""
2024-09-03T08:00:00.000000,Poland,Poland,PL,414.56,472.67,45.3,45.3,entsoe.eu,false,""
2024-09-03T09:00:00.000000,Poland,Poland,PL,360.41,416.3,51.82,51.82,entsoe.eu,false,""
2024-09-03T10:00:00.000000,Poland,Poland,PL,342.77,396.68,54.64,54.64,entsoe.eu,false,""
2024-09-03T11:00:00.000000,Poland,Poland,PL,344.37,398.4,54.45,54.43,entsoe.eu,false,""
2024-09-03T12:00:00.000000,Poland,Poland,PL,373.08,428.26,50.86,50.85,entsoe.eu,false,""
2024-09-03T13:00:00.000000,Poland,Poland,PL,406.5,464.76,45.95,45.86,entsoe.eu,false,""
2024-09-03T14:00:00.000000,Poland,Poland,PL,472.0,534.03,37.48,37.25,entsoe.eu,false,""
2024-09-03T15:00:00.000000,Poland,Poland,PL,555.15,621.97,25.86,25.42,entsoe.eu,false,""
2024-09-03T16:00:00.000000,Poland,Poland,PL,613.14,682.29,17.59,17.14,entsoe.eu,false,""
2024-09-03T17:00:00.000000,Poland,Poland,PL,598.48,665.3,19.17,18.84,entsoe.eu,false,""
2024-09-03T18:00:00.000000,Poland,Poland,PL,549.87,612.82,25.9,25.48,entsoe.eu,false,""
2024-09-03T19:00:00.000000,Poland,Poland,PL,531.11,592.27,29.06,28.74,entsoe.eu,false,""
2024-09-03T20:00:00.000000,Poland,Poland,PL,521.36,580.38,31.06,30.85,entsoe.eu,false,""
2024-09-03T21:00:00.000000,Poland,Poland,PL,511.37,570.37,32.11,31.88,entsoe.eu,false,""
2024-09-03T22:00:00.000000,Poland,Poland,PL,503.85,563.11,32.87,32.53,entsoe.eu,false,""
2024-09-03T23:00:00.000000,Poland,Poland,PL,526.63,586.92,30.14,29.85,entsoe.eu,false,""
2024-09-04T00:00:00.000000,Poland,Poland,PL,540.1,601.16,28.56,28.26,entsoe.eu,false,""
2024-09-04T01:00:00.000000,Poland,Poland,PL,550.62,612.49,27.23,26.93,entsoe.eu,false,""
2024-09-04T02:00:00.000000,Poland,Poland,PL,572.51,635.73,24.51,24.44,entsoe.eu,false,""
2024-09-04T03:00:00.000000,Poland,Poland,PL,576.92,642.2,23.14,22.93,entsoe.eu,false,""
2024-09-04T04:00:00.000000,Poland,Poland,PL,561.12,626.99,24.71,24.26,entsoe.eu,false,""
2024-09-04T05:00:00.000000,Poland,Poland,PL,536.62,600.66,28.16,28.01,entsoe.eu,false,""
2024-09-04T06:00:00.000000,Poland,Poland,PL,496.88,559.61,33.53,33.51,entsoe.eu,false,""
2024-09-04T07:00:00.000000,Poland,Poland,PL,457.41,518.18,39.25,39.25,entsoe.eu,false,""
2024-09-04T08:00:00.000000,Poland,Poland,PL,412.36,470.91,45.11,45.11,entsoe.eu,false,""
2024-09-04T09:00:00.000000,Poland,Poland,PL,347.87,402.72,53.56,53.56,entsoe.eu,false,""
2024-09-04T10:00:00.000000,Poland,Poland,PL,326.15,379.46,56.27,56.27,entsoe.eu,false,""
2024-09-04T11:00:00.000000,Poland,Poland,PL,328.79,382.19,56.09,56.09,entsoe.eu,false,""
2024-09-04T12:00:00.000000,Poland,Poland,PL,345.0,400.36,53.24,53.22,entsoe.eu,false,""
2024-09-04T13:00:00.000000,Poland,Poland,PL,391.15,448.54,47.64,47.51,entsoe.eu,false,""
2024-09-04T14:00:00.000000,Poland,Poland,PL,465.81,526.7,38.07,37.9,entsoe.eu,false,""
2024-09-04T15:00:00.000000,Poland,Poland,PL,533.71,598.91,28.46,28.11,entsoe.eu,false,""
2024-09-04T16:00:00.000000,Poland,Poland,PL,570.0,636.38,22.8,22.4,entsoe.eu,false,""
2024-09-04T17:00:00.000000,Poland,Poland,PL,551.92,616.45,24.57,24.25,entsoe.eu,false,""
2024-09-04T18:00:00.000000,Poland,Poland,PL,520.06,581.12,29.37,29.12,entsoe.eu,false,""
2024-09-04T19:00:00.000000,Poland,Poland,PL,509.61,570.2,31.19,30.92,entsoe.eu,false,""
2024-09-04T20:00:00.000000,Poland,Poland,PL,491.48,549.36,34.83,34.57,entsoe.eu,false,""
2024-09-04T21:00:00.000000,Poland,Poland,PL,491.41,549.03,35.19,34.77,entsoe.eu,false,""
2024-09-04T22:00:00.000000,Poland,Poland,PL,496.24,555.21,34.31,33.68,entsoe.eu,false,""
2024-09-04T23:00:00.000000,Poland,Poland,PL,516.11,575.81,31.88,31.36,entsoe.eu,false,""
2024-09-05T00:00:00.000000,Poland,Poland,PL,502.21,561.87,33.61,32.85,entsoe.eu,false,""
2024-09-05T01:00:00.000000,Poland,Poland,PL,498.25,558.68,33.86,32.93,entsoe.eu,false,""
2024-09-05T02:00:00.000000,Poland,Poland,PL,491.57,552.99,33.9,32.9,entsoe.eu,false,""
2024-09-05T03:00:00.000000,Poland,Poland,PL,504.72,566.29,32.51,31.85,entsoe.eu,false,""
2024-09-05T04:00:00.000000,Poland,Poland,PL,511.55,574.65,30.64,30.17,entsoe.eu,false,""
2024-09-05T05:00:00.000000,Poland,Poland,PL,500.57,562.73,32.72,32.45,entsoe.eu,false,""
2024-09-05T06:00:00.000000,Poland,Poland,PL,469.26,530.28,37.31,37.23,entsoe.eu,false,""
2024-09-05T07:00:00.000000,Poland,Poland,PL,431.74,489.71,43.28,43.27,entsoe.eu,false,""
2024-09-05T08:00:00.000000,Poland,Poland,PL,364.38,418.14,52.58,52.53,entsoe.eu,false,""
2024-09-05T09:00:00.000000,Poland,Poland,PL,304.96,355.03,59.79,59.69,entsoe.eu,false,""
2024-09-05T10:00:00.000000,Poland,Poland,PL,298.18,346.74,60.65,60.65,entsoe.eu,false,""
2024-09-05T11:00:00.000000,Poland,Poland,PL,297.12,345.09,60.82,60.82,entsoe.eu,false,""
2024-09-05T12:00:00.000000,Poland,Poland,PL,298.68,346.72,60.56,60.56,entsoe.eu,false,""
2024-09-05T13:00:00.000000,Poland,Poland,PL,316.5,366.02,58.07,58.07,entsoe.eu,false,""
2024-09-05T14:00:00.000000,Poland,Poland,PL,356.14,408.34,52.74,52.72,entsoe.eu,false,""
2024-09-05T15:00:00.000000,Poland,Poland,PL,453.08,509.46,40.23,40.19,entsoe.eu,false,""
2024-09-05T16:00:00.000000,Poland,Poland,PL,510.45,570.81,31.62,31.39,entsoe.eu,false,""
2024-09-05T17:00:00.000000,Poland,Poland,PL,512.51,572.22,31.02,30.71,entsoe.eu,false,""
2024-09-05T18:00:00.000000,Poland,Poland,PL,489.77,547.01,34.4,34.09,entsoe.eu,false,""
2024-09-05T19:00:00.000000,Poland,Poland,PL,480.78,538.46,35.96,35.61,entsoe.eu,false,""
2024-09-05T20:00:00.000000,Poland,Poland,PL,466.34,521.27,39.33,38.98,entsoe.eu,false,""
2024-09-05T21:00:00.000000,Poland,Poland,PL,457.07,511.98,40.32,39.97,entsoe.eu,false,""
2024-09-05T22:00:00.000000,Poland,Poland,PL,451.71,507.07,40.55,40.13,entsoe.eu,false,""
2024-09-05T23:00:00.000000,Poland,Poland,PL,452.4,508.26,40.51,40.01,entsoe.eu,false,""
2024-09-06T00:00:00.000000,Poland,Poland,PL,464.51,521.19,39.03,38.41,entsoe.eu,false,""
2024-09-06T01:00:00.000000,Poland,Poland,PL,473.21,531.06,37.71,36.98,entsoe.eu,false,""
2024-09-06T02:00:00.000000,Poland,Poland,PL,494.85,553.66,35.06,34.38,entsoe.eu,false,""
2024-09-06T03:00:00.000000,Poland,Poland,PL,518.0,577.63,32.35,31.89,entsoe.eu,false,""
2024-09-06T04:00:00.000000,Poland,Poland,PL,521.42,582.52,31.08,30.56,entsoe.eu,false,""
2024-09-06T05:00:00.000000,Poland,Poland,PL,505.05,565.37,33.61,33.16,entsoe.eu,false,""
2024-09-06T06:00:00.000000,Poland,Poland,PL,472.32,531.37,38.4,38.03,entsoe.eu,false,""
2024-09-06T07:00:00.000000,Poland,Poland,PL,424.98,481.8,44.81,44.65,entsoe.eu,false,""
2024-09-06T08:00:00.000000,Poland,Poland,PL,350.83,404.37,54.0,53.99,entsoe.eu,false,""
2024-09-06T09:00:00.000000,Poland,Poland,PL,283.54,333.83,61.7,61.7,entsoe.eu,false,""
2024-09-06T10:00:00.000000,Poland,Poland,PL,251.98,299.95,65.56,65.56,entsoe.eu,false,""
2024-09-06T11:00:00.000000,Poland,Poland,PL,253.88,301.34,65.47,65.47,entsoe.eu,false,""
2024-09-06T12:00:00.000000,Poland,Poland,PL,286.32,336.13,60.93,60.92,entsoe.eu,false,""
2024-09-06T13:00:00.000000,Poland,Poland,PL,328.16,379.98,55.57,55.54,entsoe.eu,false,""
2024-09-06T14:00:00.000000,Poland,Poland,PL,363.74,417.1,51.11,50.9,entsoe.eu,false,""
2024-09-06T15:00:00.000000,Poland,Poland,PL,440.22,495.73,42.25,41.75,entsoe.eu,false,""
2024-09-06T16:00:00.000000,Poland,Poland,PL,513.3,573.17,32.12,31.49,entsoe.eu,false,""
2024-09-06T17:00:00.000000,Poland,Poland,PL,531.94,592.8,29.01,28.39,entsoe.eu,false,""
2024-09-06T18:00:00.000000,Poland,Poland,PL,495.75,554.1,33.72,33.09,entsoe.eu,false,""
2024-09-06T19:00:00.000000,Poland,Poland,PL,490.36,547.77,35.18,34.62,entsoe.eu,false,""
2024-09-06T20:00:00.000000,Poland,Poland,PL,474.6,532.41,36.73,36.15,entsoe.eu,false,""
2024-09-06T21:00:00.000000,Poland,Poland,PL,478.49,536.12,36.56,36.01,entsoe.eu,false,""
2024-09-06T22:00:00.000000,Poland,Poland,PL,456.37,514.44,38.66,37.85,entsoe.eu,false,""
2024-09-06T23:00:00.000000,Poland,Poland,PL,481.73,540.71,35.54,34.86,entsoe.eu,false,""
2024-09-07T00:00:00.000000,Poland,Poland,PL,492.72,551.99,34.34,33.71,entsoe.eu,false,""
2024-09-07T01:00:00.000000,Poland,Poland,PL,495.34,555.26,33.8,33.13,entsoe.eu,false,""
2024-09-07T02:00:00.000000,Poland,Poland,PL,499.74,560.68,33.15,32.35,entsoe.eu,false,""
2024-09-07T03:00:00.000000,Poland,Poland,PL,495.96,557.91,33.42,32.39,entsoe.eu,false,""
2024-09-07T04:00:00.000000,Poland,Poland,PL,500.97,563.12,32.87,32.04,entsoe.eu,false,""
2024-09-07T05:00:00.000000,Poland,Poland,PL,476.51,538.01,36.24,35.56,entsoe.eu,false,""
2024-09-07T06:00:00.000000,Poland,Poland,PL,444.55,505.34,40.41,40.04,entsoe.eu,false,""
2024-09-07T07:00:00.000000,Poland,Poland,PL,396.3,455.62,46.27,45.96,entsoe.eu,false,""
2024-09-07T08:00:00.000000,Poland,Poland,PL,336.5,393.46,53.49,53.29,entsoe.eu,false,""
2024-09-07T09:00:00.000000,Poland,Poland,PL,313.26,368.13,56.78,56.75,entsoe.eu,false,""
2024-09-07T10:00:00.000000,Poland,Poland,PL,324.7,379.6,55.37,55.37,entsoe.eu,false,""
2024-09-07T11:00:00.000000,Poland,Poland,PL,311.49,365.53,57.0,57.0,entsoe.eu,false,""
2024-09-07T12:00:00.000000,Poland,Poland,PL,330.7,385.85,54.53,54.53,entsoe.eu,false,""
2024-09-07T13:00:00.000000,Poland,Poland,PL,343.18,398.84,53.22,53.2,entsoe.eu,false,""
2024-09-07T14:00:00.000000,Poland,Poland,PL,391.8,450.67,46.96,46.47,entsoe.eu,false,""
2024-09-07T15:00:00.000000,Poland,Poland,PL,477.84,540.46,36.06,35.39,entsoe.eu,false,""
2024-09-07T16:00:00.000000,Poland,Poland,PL,551.73,617.7,26.69,25.71,entsoe.eu,false,""
2024-09-07T17:00:00.000000,Poland,Poland,PL,556.71,621.06,25.69,24.87,entsoe.eu,false,""
2024-09-07T18:00:00.000000,Poland,Poland,PL,512.04,572.59,31.69,30.95,entsoe.eu,false,""
2024-09-07T19:00:00.000000,Poland,Poland,PL,470.54,529.14,36.93,36.23,entsoe.eu,false,""
2024-09-07T20:00:00.000000,Poland,Poland,PL,452.2,510.39,39.2,38.5,entsoe.eu,false,""
2024-09-07T21:00:00.000000,Poland,Poland,PL,465.19,522.46,38.14,37.62,entsoe.eu,false,""
2024-09-07T22:00:00.000000,Poland,Poland,PL,468.51,524.38,38.38,37.86,entsoe.eu,false,""
2024-09-07T23:00:00.000000,Poland,Poland,PL,475.02,532.09,36.91,36.4,entsoe.eu,false,""
2024-09-08T00:00:00.000000,Poland,Poland,PL,484.02,541.43,36.21,35.57,entsoe.eu,false,""
2024-09-08T01:00:00.000000,Poland,Poland,PL,497.61,557.02,33.79,33.14,entsoe.eu,false,""
2024-09-08T02:00:00.000000,Poland,Poland,PL,498.6,558.5,33.66,32.92,entsoe.eu,false,""
2024-09-08T03:00:00.000000,Poland,Poland,PL,498.69,557.97,33.99,33.3,entsoe.eu,false,""
2024-09-08T04:00:00.000000,Poland,Poland,PL,483.2,541.49,35.91,35.44,entsoe.eu,false,""
2024-09-08T05:00:00.000000,Poland,Poland,PL,442.73,499.4,41.47,41.13,entsoe.eu,false,""
2024-09-08T06:00:00.000000,Poland,Poland,PL,407.39,464.51,45.71,45.18,entsoe.eu,false,""
2024-09-08T07:00:00.000000,Poland,Poland,PL,348.49,403.1,53.69,53.1,entsoe.eu,false,""
2024-09-08T08:00:00.000000,Poland,Poland,PL,322.95,376.01,57.0,56.8,entsoe.eu,false,""
2024-09-08T09:00:00.000000,Poland,Poland,PL,309.18,361.38,58.56,58.54,entsoe.eu,false,""
2024-09-08T10:00:00.000000,Poland,Poland,PL,298.82,350.21,59.96,59.96,entsoe.eu,false,""
2024-09-08T11:00:00.000000,Poland,Poland,PL,305.52,356.88,59.2,59.2,entsoe.eu,false,""
2024-09-08T12:00:00.000000,Poland,Poland,PL,329.73,382.44,55.83,55.83,entsoe.eu,false,""
2024-09-08T13:00:00.000000,Poland,Poland,PL,342.96,396.39,54.06,53.99,entsoe.eu,false,""
2024-09-08T14:00:00.000000,Poland,Poland,PL,338.38,390.11,54.98,54.66,entsoe.eu,false,""
2024-09-08T15:00:00.000000,Poland,Poland,PL,415.28,470.98,45.33,44.61,entsoe.eu,false,""
2024-09-08T16:00:00.000000,Poland,Poland,PL,493.86,552.15,35.29,34.43,entsoe.eu,false,""
2024-09-08T17:00:00.000000,Poland,Poland,PL,480.24,535.49,37.57,36.68,entsoe.eu,false,""
2024-09-08T18:00:00.000000,Poland,Poland,PL,452.82,506.56,40.75,39.91,entsoe.eu,false,""
2024-09-08T19:00:00.000000,Poland,Poland,PL,446.4,500.51,41.75,40.95,entsoe.eu,false,""
2024-09-08T20:00:00.000000,Poland,Poland,PL,439.72,492.97,42.66,41.93,entsoe.eu,false,""
2024-09-08T21:00:00.000000,Poland,Poland,PL,437.09,490.17,42.74,42.21,entsoe.eu,false,""
2024-09-08T22:00:00.000000,Poland,Poland,PL,447.15,500.45,41.38,41.06,entsoe.eu,false,""
2024-09-08T23:00:00.000000,Poland,Poland,PL,457.16,511.37,39.92,39.55,entsoe.eu,false,""
2024-09-09T00:00:00.000000,Poland,Poland,PL,460.57,515.24,39.25,38.88,entsoe.eu,false,""
2024-09-09T01:00:00.000000,Poland,Poland,PL,465.16,519.32,39.27,38.89,entsoe.eu,false,""
2024-09-09T02:00:00.000000,Poland,Poland,PL,472.65,527.76,37.98,37.69,entsoe.eu,false,""
2024-09-09T03:00:00.000000,Poland,Poland,PL,473.85,528.82,38.1,37.75,entsoe.eu,false,""
2024-09-09T04:00:00.000000,Poland,Poland,PL,487.49,544.58,35.74,35.34,entsoe.eu,false,""
2024-09-09T05:00:00.000000,Poland,Poland,PL,484.9,541.46,36.36,36.15,entsoe.eu,false,""
2024-09-09T06:00:00.000000,Poland,Poland,PL,462.16,518.49,38.9,38.73,entsoe.eu,false,""
2024-09-09T07:00:00.000000,Poland,Poland,PL,432.08,487.16,42.78,42.64,entsoe.eu,false,""
2024-09-09T08:00:00.000000,Poland,Poland,PL,419.02,472.44,45.26,45.15,entsoe.eu,false,""
2024-09-09T09:00:00.000000,Poland,Poland,PL,412.63,465.67,46.29,46.11,entsoe.eu,false,""
2024-09-09T10:00:00.000000,Poland,Poland,PL,402.64,455.42,47.32,47.11,entsoe.eu,false,""
2024-09-09T11:00:00.000000,Poland,Poland,PL,392.7,444.78,48.71,48.47,entsoe.eu,false,""
2024-09-09T12:00:00.000000,Poland,Poland,PL,416.42,468.35,46.56,46.31,entsoe.eu,false,""
2024-09-09T13:00:00.000000,Poland,Poland,PL,449.93,503.48,42.35,42.04,entsoe.eu,false,""
2024-09-09T14:00:00.000000,Poland,Poland,PL,484.41,540.68,37.21,36.84,entsoe.eu,false,""
2024-09-09T15:00:00.000000,Poland,Poland,PL,507.67,566.58,33.39,32.94,entsoe.eu,false,""
2024-09-09T16:00:00.000000,Poland,Poland,PL,527.18,587.64,30.37,29.87,entsoe.eu,false,""
2024-09-09T17:00:00.000000,Poland,Poland,PL,534.68,594.92,29.37,28.85,entsoe.eu,false,""
2024-09-09T18:00:00.000000,Poland,Poland,PL,539.21,599.67,29.0,28.47,entsoe.eu,false,""
2024-09-09T19:00:00.000000,Poland,Poland,PL,537.01,598.61,29.36,28.77,entsoe.eu,false,""
2024-09-09T20:00:00.000000,Poland,Poland,PL,548.91,611.89,27.39,26.85,entsoe.eu,false,""
2024-09-09T21:00:00.000000,Poland,Poland,PL,548.63,611.88,27.47,26.81,entsoe.eu,false,""
2024-09-09T22:00:00.000000,Poland,Poland,PL,569.24,634.73,24.29,23.42,entsoe.eu,false,""
2024-09-09T23:00:00.000000,Poland,Poland,PL,584.78,649.81,23.26,22.37,entsoe.eu,false,""
2024-09-10T00:00:00.000000,Poland,Poland,PL,595.7,661.38,22.02,21.08,entsoe.eu,false,""
2024-09-10T01:00:00.000000,Poland,Poland,PL,604.17,671.14,20.52,19.55,entsoe.eu,false,""
2024-09-10T02:00:00.000000,Poland,Poland,PL,594.19,662.11,21.07,19.92,entsoe.eu,false,""
2024-09-10T03:00:00.000000,Poland,Poland,PL,597.26,664.58,21.38,20.25,entsoe.eu,false,""
2024-09-10T04:00:00.000000,Poland,Poland,PL,609.04,676.72,19.69,18.81,entsoe.eu,false,""
2024-09-10T05:00:00.000000,Poland,Poland,PL,603.64,670.28,20.84,20.1,entsoe.eu,false,""
2024-09-10T06:00:00.000000,Poland,Poland,PL,579.98,646.26,23.92,23.12,entsoe.eu,false,""
2024-09-10T07:00:00.000000,Poland,Poland,PL,554.25,619.47,27.31,26.78,entsoe.eu,false,""
2024-09-10T08:00:00.000000,Poland,Poland,PL,517.42,581.03,31.99,31.53,entsoe.eu,false,""
2024-09-10T09:00:00.000000,Poland,Poland,PL,502.22,564.63,34.16,33.9,entsoe.eu,false,""
2024-09-10T10:00:00.000000,Poland,Poland,PL,485.05,546.34,36.66,36.4,entsoe.eu,false,""
2024-09-10T11:00:00.000000,Poland,Poland,PL,499.42,560.87,35.16,34.96,entsoe.eu,false,""
2024-09-10T12:00:00.000000,Poland,Poland,PL,504.95,566.47,34.68,34.46,entsoe.eu,false,""
2024-09-10T13:00:00.000000,Poland,Poland,PL,509.45,572.82,32.78,32.61,entsoe.eu,false,""
2024-09-10T14:00:00.000000,Poland,Poland,PL,530.53,594.09,30.73,30.47,entsoe.eu,false,""
2024-09-10T15:00:00.000000,Poland,Poland,PL,558.75,624.24,26.67,26.15,entsoe.eu,false,""
2024-09-10T16:00:00.000000,Poland,Poland,PL,617.79,686.71,17.98,17.43,entsoe.eu,false,""
2024-09-10T17:00:00.000000,Poland,Poland,PL,618.09,686.48,17.77,16.91,entsoe.eu,false,""
2024-09-10T18:00:00.000000,Poland,Poland,PL,605.1,672.19,19.75,18.82,entsoe.eu,false,""
2024-09-10T19:00:00.000000,Poland,Poland,PL,600.82,668.08,20.39,19.76,entsoe.eu,false,""
2024-09-10T20:00:00.000000,Poland,Poland,PL,588.82,656.06,22.38,21.65,entsoe.eu,false,""
2024-09-10T21:00:00.000000,Poland,Poland,PL,582.95,649.64,23.45,22.83,entsoe.eu,false,""
2024-09-10T22:00:00.000000,Poland,Poland,PL,567.24,633.84,24.91,24.33,entsoe.eu,false,""
2024-09-10T23:00:00.000000,Poland,Poland,PL,565.19,630.78,25.68,25.16,entsoe.eu,false,""
2024-09-11T00:00:00.000000,Poland,Poland,PL,550.69,615.57,27.39,26.83,entsoe.eu,false,""
2024-09-11T01:00:00.000000,Poland,Poland,PL,536.13,600.31,29.18,28.53,entsoe.eu,false,""
2024-09-11T02:00:00.000000,Poland,Poland,PL,543.21,607.27,28.54,27.88,entsoe.eu,false,""
2024-09-11T03:00:00.000000,Poland,Poland,PL,538.11,601.64,29.22,28.6,entsoe.eu,false,""
2024-09-11T04:00:00.000000,Poland,Poland,PL,537.72,601.62,28.53,28.02,entsoe.eu,false,""
2024-09-11T05:00:00.000000,Poland,Poland,PL,525.92,589.37,29.92,29.54,entsoe.eu,false,""
2024-09-11T06:00:00.000000,Poland,Poland,PL,496.23,558.37,34.1,33.81,entsoe.eu,false,""
2024-09-11T07:00:00.000000,Poland,Poland,PL,443.57,501.8,41.93,41.72,entsoe.eu,false,""
2024-09-11T08:00:00.000000,Poland,Poland,PL,387.31,442.51,48.84,48.73,entsoe.eu,false,""
2024-09-11T09:00:00.000000,Poland,Poland,PL,340.38,393.63,54.08,53.89,entsoe.eu,false,""
2024-09-11T10:00:00.000000,Poland,Poland,PL,349.89,403.14,52.6,52.51,entsoe.eu,false,""
2024-09-11T11:00:00.000000,Poland,Poland,PL,358.04,411.95,51.38,51.29,entsoe.eu,false,""
2024-09-11T12:00:00.000000,Poland,Poland,PL,365.51,418.63,51.46,51.32,entsoe.eu,false,""
2024-09-11T13:00:00.000000,Poland,Poland,PL,393.54,449.21,47.78,47.53,entsoe.eu,false,""
2024-09-11T14:00:00.000000,Poland,Poland,PL,466.76,527.96,37.46,37.03,entsoe.eu,false,""
2024-09-11T15:00:00.000000,Poland,Poland,PL,532.46,598.82,27.8,27.22,entsoe.eu,false,""
2024-09-11T16:00:00.000000,Poland,Poland,PL,600.6,670.25,19.14,18.49,entsoe.eu,false,""
2024-09-11T17:00:00.000000,Poland,Poland,PL,619.67,690.38,16.42,15.7,entsoe.eu,false,""
2024-09-11T18:00:00.000000,Poland,Poland,PL,620.53,690.6,16.66,15.98,entsoe.eu,false,""
2024-09-11T19:00:00.000000,Poland,Poland,PL,624.84,697.6,15.87,15.09,entsoe.eu,false,""
2024-09-11T20:00:00.000000,Poland,Poland,PL,617.87,690.87,16.85,15.93,entsoe.eu,false,""
2024-09-11T21:00:00.000000,Poland,Poland,PL,629.66,702.77,15.96,15.0,entsoe.eu,false,""
2024-09-11T22:00:00.000000,Poland,Poland,PL,620.66,694.53,16.96,15.73,entsoe.eu,false,""
2024-09-11T23:00:00.000000,Poland,Poland,PL,639.88,714.18,14.84,13.69,entsoe.eu,false,""
2024-09-12T00:00:00.000000,Poland,Poland,PL,640.43,715.35,14.73,13.52,entsoe.eu,false,""
2024-09-12T01:00:00.000000,Poland,Poland,PL,640.99,716.33,14.49,13.03,entsoe.eu,false,""
2024-09-12T02:00:00.000000,Poland,Poland,PL,646.94,722.7,13.65,12.37,entsoe.eu,false,""
2024-09-12T03:00:00.000000,Poland,Poland,PL,651.83,729.36,11.52,10.61,entsoe.eu,false,""
2024-09-12T04:00:00.000000,Poland,Poland,PL,648.05,724.33,12.21,11.06,entsoe.eu,false,""
2024-09-12T05:00:00.000000,Poland,Poland,PL,628.65,701.67,15.57,13.95,entsoe.eu,false,""
2024-09-12T06:00:00.000000,Poland,Poland,PL,596.24,668.2,19.27,18.58,entsoe.eu,false,""
2024-09-12T07:00:00.000000,Poland,Poland,PL,563.21,633.57,23.63,23.18,entsoe.eu,false,""
2024-09-12T08:00:00.000000,Poland,Poland,PL,531.87,599.19,29.0,28.51,entsoe.eu,false,""
2024-09-12T09:00:00.000000,Poland,Poland,PL,522.94,588.6,30.95,30.41,entsoe.eu,false,""
2024-09-12T10:00:00.000000,Poland,Poland,PL,519.1,584.06,31.67,31.15,entsoe.eu,false,""
2024-09-12T11:00:00.000000,Poland,Poland,PL,520.86,586.19,31.27,30.58,entsoe.eu,false,""
2024-09-12T12:00:00.000000,Poland,Poland,PL,539.41,605.83,28.63,28.12,entsoe.eu,false,""
2024-09-12T13:00:00.000000,Poland,Poland,PL,553.85,621.11,26.92,26.33,entsoe.eu,false,""
2024-09-12T14:00:00.000000,Poland,Poland,PL,587.14,656.47,22.44,21.5,entsoe.eu,false,""
2024-09-12T15:00:00.000000,Poland,Poland,PL,609.87,680.58,19.07,16.58,entsoe.eu,false,""
2024-09-12T16:00:00.000000,Poland,Poland,PL,627.21,699.47,15.77,13.94,entsoe.eu,false,""
2024-09-12T17:00:00.000000,Poland,Poland,PL,630.14,702.66,14.77,12.26,entsoe.eu,false,""
2024-09-12T18:00:00.000000,Poland,Poland,PL,632.84,705.07,14.8,11.99,entsoe.eu,false,""
2024-09-12T19:00:00.000000,Poland,Poland,PL,646.58,720.97,12.98,10.76,entsoe.eu,false,""
2024-09-12T20:00:00.000000,Poland,Poland,PL,651.52,727.83,11.42,10.48,entsoe.eu,false,""
2024-09-12T21:00:00.000000,Poland,Poland,PL,657.3,731.9,12.02,11.44,entsoe.eu,false,""
2024-09-12T22:00:00.000000,Poland,Poland,PL,620.34,693.48,16.66,14.08,entsoe.eu,false,""
2024-09-12T23:00:00.000000,Poland,Poland,PL,628.63,701.33,16.4,15.16,entsoe.eu,false,""
2024-09-13T00:00:00.000000,Poland,Poland,PL,625.49,696.95,17.01,15.54,entsoe.eu,false,""
2024-09-13T01:00:00.000000,Poland,Poland,PL,622.39,693.51,17.41,16.65,entsoe.eu,false,""
2024-09-13T02:00:00.000000,Poland,Poland,PL,610.25,681.02,18.99,18.11,entsoe.eu,false,""
2024-09-13T03:00:00.000000,Poland,Poland,PL,592.09,661.77,21.41,20.16,entsoe.eu,false,""
2024-09-13T04:00:00.000000,Poland,Poland,PL,580.1,650.06,21.64,19.89,entsoe.eu,false,""
2024-09-13T05:00:00.000000,Poland,Poland,PL,586.1,654.32,20.87,19.85,entsoe.eu,false,""
2024-09-13T06:00:00.000000,Poland,Poland,PL,562.35,629.18,23.95,22.47,entsoe.eu,false,""
2024-09-13T07:00:00.000000,Poland,Poland,PL,563.35,629.55,24.95,23.64,entsoe.eu,false,""
2024-09-13T08:00:00.000000,Poland,Poland,PL,555.34,620.33,26.57,25.52,entsoe.eu,false,""
2024-09-13T09:00:00.000000,Poland,Poland,PL,530.31,593.74,29.4,28.34,entsoe.eu,false,""
2024-09-13T10:00:00.000000,Poland,Poland,PL,507.09,569.64,32.33,31.26,entsoe.eu,false,""
2024-09-13T11:00:00.000000,Poland,Poland,PL,503.08,565.23,32.59,32.23,entsoe.eu,false,""
2024-09-13T12:00:00.000000,Poland,Poland,PL,498.29,560.9,32.42,32.27,entsoe.eu,false,""
2024-09-13T13:00:00.000000,Poland,Poland,PL,487.05,548.88,34.03,33.83,entsoe.eu,false,""
2024-09-13T14:00:00.000000,Poland,Poland,PL,485.11,546.45,34.34,34.14,entsoe.eu,false,""
2024-09-13T15:00:00.000000,Poland,Poland,PL,515.42,578.66,29.87,29.69,entsoe.eu,false,""
2024-09-13T16:00:00.000000,Poland,Poland,PL,505.56,567.17,31.84,31.43,entsoe.eu,false,""
2024-09-13T17:00:00.000000,Poland,Poland,PL,503.64,564.04,32.05,31.66,entsoe.eu,false,""
2024-09-13T18:00:00.000000,Poland,Poland,PL,523.25,584.36,29.62,29.41,entsoe.eu,false,""
2024-09-13T19:00:00.000000,Poland,Poland,PL,519.4,580.25,30.75,30.61,entsoe.eu,false,""
2024-09-13T20:00:00.000000,Poland,Poland,PL,505.5,565.6,32.7,32.58,entsoe.eu,false,""
2024-09-13T21:00:00.000000,Poland,Poland,PL,483.19,543.25,34.34,34.34,entsoe.eu,false,""
2024-09-13T22:00:00.000000,Poland,Poland,PL,436.7,494.54,39.84,39.67,entsoe.eu,false,""
2024-09-13T23:00:00.000000,Poland,Poland,PL,429.55,487.68,40.07,40.01,entsoe.eu,false,""
2024-09-14T00:00:00.000000,Poland,Poland,PL,422.03,479.34,41.04,40.99,entsoe.eu,false,""
2024-09-14T01:00:00.000000,Poland,Poland,PL,419.11,476.15,41.39,41.38,entsoe.eu,false,""
2024-09-14T02:00:00.000000,Poland,Poland,PL,417.22,474.26,41.45,41.45,entsoe.eu,false,""
2024-09-14T03:00:00.000000,Poland,Poland,PL,415.56,472.21,41.81,41.81,entsoe.eu,false,""
2024-09-14T04:00:00.000000,Poland,Poland,PL,408.89,464.58,43.22,43.14,entsoe.eu,false,""
2024-09-14T05:00:00.000000,Poland,Poland,PL,403.5,459.0,44.11,43.9,entsoe.eu,false,""
2024-09-14T06:00:00.000000,Poland,Poland,PL,373.33,427.06,48.48,48.1,entsoe.eu,false,""
2024-09-14T07:00:00.000000,Poland,Poland,PL,363.64,417.17,49.66,49.26,entsoe.eu,false,""
2024-09-14T08:00:00.000000,Poland,Poland,PL,331.39,383.0,53.99,53.65,entsoe.eu,false,""
2024-09-14T09:00:00.000000,Poland,Poland,PL,313.47,364.07,56.29,56.01,entsoe.eu,false,""
2024-09-14T10:00:00.000000,Poland,Poland,PL,311.2,361.52,56.75,56.58,entsoe.eu,false,""
2024-09-14T11:00:00.000000,Poland,Poland,PL,310.34,360.78,56.85,56.68,entsoe.eu,false,""
2024-09-14T12:00:00.000000,Poland,Poland,PL,308.64,358.66,57.26,57.08,entsoe.eu,false,""
2024-09-14T13:00:00.000000,Poland,Poland,PL,318.35,368.85,55.94,55.71,entsoe.eu,false,""
2024-09-14T14:00:00.000000,Poland,Poland,PL,329.88,380.97,54.52,54.19,entsoe.eu,false,""
2024-09-14T15:00:00.000000,Poland,Poland,PL,358.01,410.49,50.78,50.43,entsoe.eu,false,""
2024-09-14T16:00:00.000000,Poland,Poland,PL,408.49,462.48,44.08,43.93,entsoe.eu,false,""
2024-09-14T17:00:00.000000,Poland,Poland,PL,441.18,496.53,39.42,39.42,entsoe.eu,false,""
2024-09-14T18:00:00.000000,Poland,Poland,PL,442.51,497.43,39.73,39.72,entsoe.eu,false,""
2024-09-14T19:00:00.000000,Poland,Poland,PL,430.51,485.34,41.48,41.37,entsoe.eu,false,""
2024-09-14T20:00:00.000000,Poland,Poland,PL,402.56,456.3,44.76,44.57,entsoe.eu,false,""
2024-09-14T21:00:00.000000,Poland,Poland,PL,394.1,447.88,45.55,45.22,entsoe.eu,false,""
2024-09-14T22:00:00.000000,Poland,Poland,PL,390.34,443.95,45.88,45.52,entsoe.eu,false,""
2024-09-14T23:00:00.000000,Poland,Poland,PL,412.24,468.23,42.57,42.26,entsoe.eu,false,""
2024-09-15T00:00:00.000000,Poland,Poland,PL,413.42,469.71,42.12,42.04,entsoe.eu,false,""
2024-09-15T01:00:00.000000,Poland,Poland,PL,417.05,473.9,41.59,41.4,entsoe.eu,false,""
2024-09-15T02:00:00.000000,Poland,Poland,PL,422.84,479.78,41.08,40.71,entsoe.eu,false,""
2024-09-15T03:00:00.000000,Poland,Poland,PL,416.37,473.05,41.83,41.5,entsoe.eu,false,""
2024-09-15T04:00:00.000000,Poland,Poland,PL,405.68,461.76,43.18,42.9,entsoe.eu,false,""
2024-09-15T05:00:00.000000,Poland,Poland,PL,409.44,465.26,43.16,42.98,entsoe.eu,false,""
2024-09-15T06:00:00.000000,Poland,Poland,PL,370.36,423.21,48.75,48.75,entsoe.eu,false,""
2024-09-15T07:00:00.000000,Poland,Poland,PL,356.48,409.02,50.63,50.63,entsoe.eu,false,""
2024-09-15T08:00:00.000000,Poland,Poland,PL,348.85,401.87,51.51,51.5,entsoe.eu,false,""
2024-09-15T09:00:00.000000,Poland,Poland,PL,341.01,394.7,52.75,52.6,entsoe.eu,false,""
2024-09-15T10:00:00.000000,Poland,Poland,PL,335.03,389.15,53.44,53.32,entsoe.eu,false,""
2024-09-15T11:00:00.000000,Poland,Poland,PL,353.74,409.0,51.32,51.24,entsoe.eu,false,""
2024-09-15T12:00:00.000000,Poland,Poland,PL,395.38,453.45,45.49,45.4,entsoe.eu,false,""
2024-09-15T13:00:00.000000,Poland,Poland,PL,396.25,455.28,45.14,44.89,entsoe.eu,false,""
2024-09-15T14:00:00.000000,Poland,Poland,PL,432.16,492.98,40.57,40.17,entsoe.eu,false,""
2024-09-15T15:00:00.000000,Poland,Poland,PL,497.38,560.99,32.59,32.18,entsoe.eu,false,""
2024-09-15T16:00:00.000000,Poland,Poland,PL,526.41,591.1,28.87,28.43,entsoe.eu,false,""
2024-09-15T17:00:00.000000,Poland,Poland,PL,543.26,607.9,26.55,26.19,entsoe.eu,false,""
2024-09-15T18:00:00.000000,Poland,Poland,PL,546.39,611.53,26.04,25.67,entsoe.eu,false,""
2024-09-15T19:00:00.000000,Poland,Poland,PL,548.73,614.25,26.07,25.62,entsoe.eu,false,""
2024-09-15T20:00:00.000000,Poland,Poland,PL,548.52,615.45,25.82,25.38,entsoe.eu,false,""
2024-09-15T21:00:00.000000,Poland,Poland,PL,551.85,618.56,25.61,25.23,entsoe.eu,false,""
2024-09-15T22:00:00.000000,Poland,Poland,PL,549.05,617.21,25.56,24.78,entsoe.eu,false,""
2024-09-15T23:00:00.000000,Poland,Poland,PL,568.75,637.66,23.11,22.51,entsoe.eu,false,""
2024-09-16T00:00:00.000000,Poland,Poland,PL,575.03,644.88,21.98,21.46,entsoe.eu,false,""
2024-09-16T01:00:00.000000,Poland,Poland,PL,569.21,638.2,22.97,22.47,entsoe.eu,false,""
2024-09-16T02:00:00.000000,Poland,Poland,PL,558.39,625.81,25.03,24.66,entsoe.eu,false,""
2024-09-16T03:00:00.000000,Poland,Poland,PL,547.31,613.88,26.41,25.85,entsoe.eu,false,""
2024-09-16T04:00:00.000000,Poland,Poland,PL,553.52,619.78,25.69,25.07,entsoe.eu,false,""
2024-09-16T05:00:00.000000,Poland,Poland,PL,541.46,605.67,27.79,27.32,entsoe.eu,false,""
2024-09-16T06:00:00.000000,Poland,Poland,PL,513.9,577.14,31.45,31.02,entsoe.eu,false,""
2024-09-16T07:00:00.000000,Poland,Poland,PL,478.75,540.38,36.43,36.14,entsoe.eu,false,""
2024-09-16T08:00:00.000000,Poland,Poland,PL,433.61,492.97,42.48,42.06,entsoe.eu,false,""
2024-09-16T09:00:00.000000,Poland,Poland,PL,393.93,451.43,47.5,47.08,entsoe.eu,false,""
2024-09-16T10:00:00.000000,Poland,Poland,PL,355.1,410.9,52.24,51.91,entsoe.eu,false,""
2024-09-16T11:00:00.000000,Poland,Poland,PL,350.03,405.31,52.91,52.69,entsoe.eu,false,""
2024-09-16T12:00:00.000000,Poland,Poland,PL,355.92,411.26,51.98,51.72,entsoe.eu,false,""
2024-09-16T13:00:00.000000,Poland,Poland,PL,396.47,453.79,46.56,46.21,entsoe.eu,false,""
2024-09-16T14:00:00.000000,Poland,Poland,PL,464.61,525.89,37.37,36.98,entsoe.eu,false,""
2024-09-16T15:00:00.000000,Poland,Poland,PL,526.24,590.95,29.31,28.85,entsoe.eu,false,""
2024-09-16T16:00:00.000000,Poland,Poland,PL,554.25,619.96,25.45,25.04,entsoe.eu,false,""
2024-09-16T17:00:00.000000,Poland,Poland,PL,543.74,608.74,26.05,25.62,entsoe.eu,false,""
2024-09-16T18:00:00.000000,Poland,Poland,PL,525.52,589.08,28.76,28.17,entsoe.eu,false,""
2024-09-16T19:00:00.000000,Poland,Poland,PL,522.33,586.47,29.24,28.67,entsoe.eu,false,""
2024-09-16T20:00:00.000000,Poland,Poland,PL,519.25,582.81,30.26,29.57,entsoe.eu,false,""
2024-09-16T21:00:00.000000,Poland,Poland,PL,507.3,571.3,31.42,30.66,entsoe.eu,false,""
2024-09-16T22:00:00.000000,Poland,Poland,PL,508.78,573.99,30.75,29.91,entsoe.eu,false,""
2024-09-16T23:00:00.000000,Poland,Poland,PL,525.2,591.33,28.49,27.73,entsoe.eu,false,""
2024-09-17T00:00:00.000000,Poland,Poland,PL,531.43,599.06,27.43,26.52,entsoe.eu,false,""
2024-09-17T01:00:00.000000,Poland,Poland,PL,555.43,624.21,24.73,23.89,entsoe.eu,false,""
2024-09-17T02:00:00.000000,Poland,Poland,PL,570.39,639.86,23.0,22.29,entsoe.eu,false,""
2024-09-17T03:00:00.000000,Poland,Poland,PL,579.07,649.71,21.67,20.99,entsoe.eu,false,""
2024-09-17T04:00:00.000000,Poland,Poland,PL,577.98,650.03,20.33,19.66,entsoe.eu,false,""
2024-09-17T05:00:00.000000,Poland,Poland,PL,556.95,625.69,24.37,23.88,entsoe.eu,false,""
2024-09-17T06:00:00.000000,Poland,Poland,PL,517.52,584.15,29.72,29.47,entsoe.eu,false,""
2024-09-17T07:00:00.000000,Poland,Poland,PL,471.38,535.62,36.18,36.03,entsoe.eu,false,""
2024-09-17T08:00:00.000000,Poland,Poland,PL,426.92,488.0,42.8,42.4,entsoe.eu,false,""
2024-09-17T09:00:00.000000,Poland,Poland,PL,375.16,434.51,49.02,48.71,entsoe.eu,false,""
2024-09-17T10:00:00.000000,Poland,Poland,PL,353.63,412.23,51.51,51.41,entsoe.eu,false,""
2024-09-17T11:00:00.000000,Poland,Poland,PL,350.61,407.82,52.85,52.78,entsoe.eu,false,""
2024-09-17T12:00:00.000000,Poland,Poland,PL,358.3,416.08,51.85,51.71,entsoe.eu,false,""
2024-09-17T13:00:00.000000,Poland,Poland,PL,405.04,465.53,45.56,45.35,entsoe.eu,false,""
2024-09-17T14:00:00.000000,Poland,Poland,PL,490.66,555.75,34.04,33.76,entsoe.eu,false,""
2024-09-17T15:00:00.000000,Poland,Poland,PL,566.93,636.37,23.58,23.01,entsoe.eu,false,""
2024-09-17T16:00:00.000000,Poland,Poland,PL,605.69,676.39,18.01,17.36,entsoe.eu,false,""
2024-09-17T17:00:00.000000,Poland,Poland,PL,592.65,662.42,19.32,18.48,entsoe.eu,false,""
2024-09-17T18:00:00.000000,Poland,Poland,PL,582.06,651.44,20.46,19.79,entsoe.eu,false,""
2024-09-17T19:00:00.000000,Poland,Poland,PL,588.53,658.27,20.34,19.8,entsoe.eu,false,""
2024-09-17T20:00:00.000000,Poland,Poland,PL,582.82,652.66,21.13,20.57,entsoe.eu,false,""
2024-09-17T21:00:00.000000,Poland,Poland,PL,596.89,666.98,20.2,19.45,entsoe.eu,false,""
2024-09-17T22:00:00.000000,Poland,Poland,PL,591.8,664.44,19.9,18.87,entsoe.eu,false,""
2024-09-17T23:00:00.000000,Poland,Poland,PL,608.55,682.11,17.94,16.88,entsoe.eu,false,""
2024-09-18T00:00:00.000000,Poland,Poland,PL,619.35,693.64,16.56,15.48,entsoe.eu,false,""
2024-09-18T01:00:00.000000,Poland,Poland,PL,626.68,701.21,15.91,14.58,entsoe.eu,false,""
2024-09-18T02:00:00.000000,Poland,Poland,PL,629.35,704.05,15.81,14.16,entsoe.eu,false,""
2024-09-18T03:00:00.000000,Poland,Poland,PL,622.06,698.35,15.08,13.34,entsoe.eu,false,""
2024-09-18T04:00:00.000000,Poland,Poland,PL,618.31,694.3,14.96,13.39,entsoe.eu,false,""
2024-09-18T05:00:00.000000,Poland,Poland,PL,581.89,654.04,20.55,19.49,entsoe.eu,false,""
2024-09-18T06:00:00.000000,Poland,Poland,PL,523.64,591.89,28.2,28.03,entsoe.eu,false,""
2024-09-18T07:00:00.000000,Poland,Poland,PL,458.87,523.84,37.04,36.92,entsoe.eu,false,""
2024-09-18T08:00:00.000000,Poland,Poland,PL,398.95,460.35,45.53,45.33,entsoe.eu,false,""
2024-09-18T09:00:00.000000,Poland,Poland,PL,357.56,416.88,50.89,50.87,entsoe.eu,false,""
2024-09-18T10:00:00.000000,Poland,Poland,PL,339.41,397.56,53.36,53.36,entsoe.eu,false,""
2024-09-18T11:00:00.000000,Poland,Poland,PL,340.96,399.11,53.18,53.11,entsoe.eu,false,""
2024-09-18T12:00:00.000000,Poland,Poland,PL,356.18,415.27,51.15,51.01,entsoe.eu,false,""
2024-09-18T13:00:00.000000,Poland,Poland,PL,409.78,471.72,43.95,43.75,entsoe.eu,false,""
2024-09-18T14:00:00.000000,Poland,Poland,PL,484.42,549.72,34.23,33.97,entsoe.eu,false,""
2024-09-18T15:00:00.000000,Poland,Poland,PL,544.49,612.74,26.22,25.61,entsoe.eu,false,""
2024-09-18T16:00:00.000000,Poland,Poland,PL,567.94,636.5,22.94,21.73,entsoe.eu,false,""
2024-09-18T17:00:00.000000,Poland,Poland,PL,560.79,628.55,23.4,22.11,entsoe.eu,false,""
2024-09-18T18:00:00.000000,Poland,Poland,PL,558.49,626.71,23.79,22.85,entsoe.eu,false,""
2024-09-18T19:00:00.000000,Poland,Poland,PL,569.96,638.46,23.01,22.19,entsoe.eu,false,""
2024-09-18T20:00:00.000000,Poland,Poland,PL,564.33,633.04,23.57,22.82,entsoe.eu,false,""
2024-09-18T21:00:00.000000,Poland,Poland,PL,569.33,637.6,23.63,22.76,entsoe.eu,false,""
2024-09-18T22:00:00.000000,Poland,Poland,PL,558.97,627.93,24.24,23.02,entsoe.eu,false,""
2024-09-18T23:00:00.000000,Poland,Poland,PL,581.95,652.78,20.99,19.5,entsoe.eu,false,""
2024-09-19T00:00:00.000000,Poland,Poland,PL,604.35,676.66,18.02,16.58,entsoe.eu,false,""
2024-09-19T01:00:00.000000,Poland,Poland,PL,609.1,683.23,16.65,15.39,entsoe.eu,false,""
2024-09-19T02:00:00.000000,Poland,Poland,PL,615.64,689.87,16.11,15.13,entsoe.eu,false,""
2024-09-19T03:00:00.000000,Poland,Poland,PL,610.98,685.17,16.54,15.82,entsoe.eu,false,""
2024-09-19T04:00:00.000000,Poland,Poland,PL,587.14,660.2,19.03,17.67,entsoe.eu,false,""
2024-09-19T05:00:00.000000,Poland,Poland,PL,571.66,641.34,22.35,21.69,entsoe.eu,false,""
2024-09-19T06:00:00.000000,Poland,Poland,PL,528.47,595.36,28.3,27.67,entsoe.eu,false,""
2024-09-19T07:00:00.000000,Poland,Poland,PL,481.85,546.65,34.6,34.06,entsoe.eu,false,""
2024-09-19T08:00:00.000000,Poland,Poland,PL,415.53,478.14,42.55,42.03,entsoe.eu,false,""
2024-09-19T09:00:00.000000,Poland,Poland,PL,369.5,429.33,48.41,47.89,entsoe.eu,false,""
2024-09-19T10:00:00.000000,Poland,Poland,PL,343.59,401.72,51.65,51.63,entsoe.eu,false,""
2024-09-19T11:00:00.000000,Poland,Poland,PL,328.39,383.99,54.7,54.65,entsoe.eu,false,""
2024-09-19T12:00:00.000000,Poland,Poland,PL,332.11,387.58,54.42,54.36,entsoe.eu,false,""
2024-09-19T13:00:00.000000,Poland,Poland,PL,354.87,412.09,51.09,50.97,entsoe.eu,false,""
2024-09-19T14:00:00.000000,Poland,Poland,PL,424.95,485.33,42.11,41.84,entsoe.eu,false,""
2024-09-19T15:00:00.000000,Poland,Poland,PL,516.05,581.96,29.67,29.16,entsoe.eu,false,""
2024-09-19T16:00:00.000000,Poland,Poland,PL,562.01,629.78,23.27,22.31,entsoe.eu,false,""
2024-09-19T17:00:00.000000,Poland,Poland,PL,548.34,614.62,24.71,23.43,entsoe.eu,false,""
2024-09-19T18:00:00.000000,Poland,Poland,PL,532.79,597.35,27.02,26.02,entsoe.eu,false,""
2024-09-19T19:00:00.000000,Poland,Poland,PL,527.16,591.38,29.1,28.1,entsoe.eu,false,""
2024-09-19T20:00:00.000000,Poland,Poland,PL,526.98,591.79,28.86,28.17,entsoe.eu,false,""
2024-09-19T21:00:00.000000,Poland,Poland,PL,517.25,581.79,30.01,29.3,entsoe.eu,false,""
2024-09-19T22:00:00.000000,Poland,Poland,PL,503.82,569.38,30.75,29.69,entsoe.eu,false,""
2024-09-19T23:00:00.000000,Poland,Poland,PL,513.78,580.28,29.15,27.83,entsoe.eu,false,""
2024-09-20T00:00:00.000000,Poland,Poland,PL,527.97,595.28,27.23,25.81,entsoe.eu,false,""
2024-09-20T01:00:00.000000,Poland,Poland,PL,535.19,603.03,26.52,25.08,entsoe.eu,false,""
2024-09-20T02:00:00.000000,Poland,Poland,PL,554.25,622.59,24.65,23.67,entsoe.eu,false,""
2024-09-20T03:00:00.000000,Poland,Poland,PL,558.36,627.73,24.16,23.33,entsoe.eu,false,""
2024-09-20T04:00:00.000000,Poland,Poland,PL,556.63,627.71,22.58,21.83,entsoe.eu,false,""
2024-09-20T05:00:00.000000,Poland,Poland,PL,524.09,591.16,28.28,27.68,entsoe.eu,false,""
2024-09-20T06:00:00.000000,Poland,Poland,PL,449.98,513.11,38.29,37.69,entsoe.eu,false,""
2024-09-20T07:00:00.000000,Poland,Poland,PL,396.39,456.57,46.12,45.46,entsoe.eu,false,""
2024-09-20T08:00:00.000000,Poland,Poland,PL,346.42,404.59,52.41,51.74,entsoe.eu,false,""
2024-09-20T09:00:00.000000,Poland,Poland,PL,305.29,360.54,57.74,57.45,entsoe.eu,false,""
2024-09-20T10:00:00.000000,Poland,Poland,PL,293.19,346.33,59.65,59.65,entsoe.eu,false,""
2024-09-20T11:00:00.000000,Poland,Poland,PL,306.12,361.0,57.4,57.4,entsoe.eu,false,""
2024-09-20T12:00:00.000000,Poland,Poland,PL,329.71,386.63,54.24,54.23,entsoe.eu,false,""
2024-09-20T13:00:00.000000,Poland,Poland,PL,343.05,401.02,52.68,52.61,entsoe.eu,false,""
2024-09-20T14:00:00.000000,Poland,Poland,PL,429.85,492.88,41.01,40.75,entsoe.eu,false,""
2024-09-20T15:00:00.000000,Poland,Poland,PL,522.25,589.17,29.22,28.68,entsoe.eu,false,""
2024-09-20T16:00:00.000000,Poland,Poland,PL,581.73,652.16,20.43,19.12,entsoe.eu,false,""
2024-09-20T17:00:00.000000,Poland,Poland,PL,561.98,630.92,22.66,20.28,entsoe.eu,false,""
2024-09-20T18:00:00.000000,Poland,Poland,PL,557.88,626.06,23.51,22.38,entsoe.eu,false,""
2024-09-20T19:00:00.000000,Poland,Poland,PL,563.47,631.52,24.12,23.03,entsoe.eu,false,""
2024-09-20T20:00:00.000000,Poland,Poland,PL,561.08,628.1,25.61,24.17,entsoe.eu,false,""
2024-09-20T21:00:00.000000,Poland,Poland,PL,557.9,624.51,26.54,24.64,entsoe.eu,false,""
2024-09-20T22:00:00.000000,Poland,Poland,PL,549.59,616.72,27.26,24.51,entsoe.eu,false,""
2024-09-20T23:00:00.000000,Poland,Poland,PL,571.42,640.22,24.4,21.87,entsoe.eu,false,""
2024-09-21T00:00:00.000000,Poland,Poland,PL,590.67,659.66,22.77,19.46,entsoe.eu,false,""
2024-09-21T01:00:00.000000,Poland,Poland,PL,604.92,674.53,21.38,17.55,entsoe.eu,false,""
2024-09-21T02:00:00.000000,Poland,Poland,PL,614.98,685.69,19.95,15.92,entsoe.eu,false,""
2024-09-21T03:00:00.000000,Poland,Poland,PL,621.21,693.27,18.39,14.48,entsoe.eu,false,""
2024-09-21T04:00:00.000000,Poland,Poland,PL,607.8,678.94,20.1,16.19,entsoe.eu,false,""
2024-09-21T05:00:00.000000,Poland,Poland,PL,560.26,628.89,25.91,23.54,entsoe.eu,false,""
2024-09-21T06:00:00.000000,Poland,Poland,PL,483.06,547.31,35.56,34.61,entsoe.eu,false,""
2024-09-21T07:00:00.000000,Poland,Poland,PL,377.56,437.04,49.37,47.93,entsoe.eu,false,""
2024-09-21T08:00:00.000000,Poland,Poland,PL,353.6,411.9,52.11,51.25,entsoe.eu,false,""
2024-09-21T09:00:00.000000,Poland,Poland,PL,333.95,391.39,54.37,53.81,entsoe.eu,false,""
2024-09-21T10:00:00.000000,Poland,Poland,PL,327.84,383.73,55.74,55.53,entsoe.eu,false,""
2024-09-21T11:00:00.000000,Poland,Poland,PL,318.24,373.52,57.04,56.92,entsoe.eu,false,""
2024-09-21T12:00:00.000000,Poland,Poland,PL,345.23,402.9,53.09,53.09,entsoe.eu,false,""
2024-09-21T13:00:00.000000,Poland,Poland,PL,383.37,443.17,48.83,48.82,entsoe.eu,false,""
2024-09-21T14:00:00.000000,Poland,Poland,PL,483.22,547.33,36.19,35.98,entsoe.eu,false,""
2024-09-21T15:00:00.000000,Poland,Poland,PL,520.9,587.3,31.62,28.69,entsoe.eu,false,""
2024-09-21T16:00:00.000000,Poland,Poland,PL,610.02,679.51,19.75,16.95,entsoe.eu,false,""
2024-09-21T17:00:00.000000,Poland,Poland,PL,608.85,677.51,20.03,16.82,entsoe.eu,false,""
2024-09-21T18:00:00.000000,Poland,Poland,PL,588.69,656.42,22.75,19.64,entsoe.eu,false,""
2024-09-21T19:00:00.000000,Poland,Poland,PL,588.72,658.02,22.47,19.16,entsoe.eu,false,""
2024-09-21T20:00:00.000000,Poland,Poland,PL,596.28,666.27,21.79,19.19,entsoe.eu,false,""
2024-09-21T21:00:00.000000,Poland,Poland,PL,599.14,670.03,21.16,19.12,entsoe.eu,false,""
2024-09-21T22:00:00.000000,Poland,Poland,PL,589.19,659.49,22.73,20.28,entsoe.eu,false,""
2024-09-21T23:00:00.000000,Poland,Poland,PL,597.85,668.77,21.1,18.93,entsoe.eu,false,""
2024-09-22T00:00:00.000000,Poland,Poland,PL,607.83,678.95,20.1,17.93,entsoe.eu,false,""
2024-09-22T01:00:00.000000,Poland,Poland,PL,622.91,695.24,17.93,15.86,entsoe.eu,false,""
2024-09-22T02:00:00.000000,Poland,Poland,PL,634.51,708.54,15.69,14.15,entsoe.eu,false,""
2024-09-22T03:00:00.000000,Poland,Poland,PL,634.14,707.19,16.89,14.5,entsoe.eu,false,""
2024-09-22T04:00:00.000000,Poland,Poland,PL,628.92,702.03,16.88,15.27,entsoe.eu,false,""
2024-09-22T05:00:00.000000,Poland,Poland,PL,570.9,639.72,24.6,23.56,entsoe.eu,false,""
2024-09-22T06:00:00.000000,Poland,Poland,PL,446.15,508.68,40.38,39.22,entsoe.eu,false,""
2024-09-22T07:00:00.000000,Poland,Poland,PL,396.02,455.86,46.85,45.59,entsoe.eu,false,""
2024-09-22T08:00:00.000000,Poland,Poland,PL,359.27,415.81,51.53,50.98,entsoe.eu,false,""
2024-09-22T09:00:00.000000,Poland,Poland,PL,359.13,415.8,51.52,51.18,entsoe.eu,false,""
2024-09-22T10:00:00.000000,Poland,Poland,PL,354.86,412.36,52.0,51.98,entsoe.eu,false,""
2024-09-22T11:00:00.000000,Poland,Poland,PL,350.64,408.27,52.41,52.34,entsoe.eu,false,""
2024-09-22T12:00:00.000000,Poland,Poland,PL,377.78,436.65,49.12,49.11,entsoe.eu,false,""
2024-09-22T13:00:00.000000,Poland,Poland,PL,387.6,447.02,48.01,47.78,entsoe.eu,false,""
2024-09-22T14:00:00.000000,Poland,Poland,PL,445.17,508.12,40.3,39.56,entsoe.eu,false,""
2024-09-22T15:00:00.000000,Poland,Poland,PL,533.85,602.04,29.12,26.39,entsoe.eu,false,""
2024-09-22T16:00:00.000000,Poland,Poland,PL,594.41,664.44,21.3,17.02,entsoe.eu,false,""
2024-09-22T17:00:00.000000,Poland,Poland,PL,594.95,664.31,20.74,16.46,entsoe.eu,false,""
2024-09-22T18:00:00.000000,Poland,Poland,PL,581.67,650.07,22.83,19.37,entsoe.eu,false,""
2024-09-22T19:00:00.000000,Poland,Poland,PL,587.18,656.75,22.53,20.33,entsoe.eu,false,""
2024-09-22T20:00:00.000000,Poland,Poland,PL,578.14,647.01,23.72,22.34,entsoe.eu,false,""
2024-09-22T21:00:00.000000,Poland,Poland,PL,571.08,640.0,24.12,22.68,entsoe.eu,false,""
2024-09-22T22:00:00.000000,Poland,Poland,PL,580.97,649.45,22.66,21.24,entsoe.eu,false,""
2024-09-22T23:00:00.000000,Poland,Poland,PL,590.95,659.41,21.43,19.97,entsoe.eu,false,""
2024-09-23T00:00:00.000000,Poland,Poland,PL,599.46,668.89,20.29,18.5,entsoe.eu,false,""
2024-09-23T01:00:00.000000,Poland,Poland,PL,609.52,679.03,19.09,17.76,entsoe.eu,false,""
2024-09-23T02:00:00.000000,Poland,Poland,PL,593.74,662.47,21.58,19.73,entsoe.eu,false,""
2024-09-23T03:00:00.000000,Poland,Poland,PL,610.07,680.1,19.82,18.63,entsoe.eu,false,""
2024-09-23T04:00:00.000000,Poland,Poland,PL,607.06,676.07,20.13,18.34,entsoe.eu,false,""
2024-09-23T05:00:00.000000,Poland,Poland,PL,576.56,644.23,22.66,21.85,entsoe.eu,false,""
2024-09-23T06:00:00.000000,Poland,Poland,PL,512.84,576.71,31.7,30.63,entsoe.eu,false,""
2024-09-23T07:00:00.000000,Poland,Poland,PL,469.84,533.25,36.65,36.19,entsoe.eu,false,""
2024-09-23T08:00:00.000000,Poland,Poland,PL,437.84,498.15,42.24,41.77,entsoe.eu,false,""
2024-09-23T09:00:00.000000,Poland,Poland,PL,408.19,467.61,45.74,45.21,entsoe.eu,false,""
2024-09-23T10:00:00.000000,Poland,Poland,PL,399.64,458.37,46.8,46.44,entsoe.eu,false,""
2024-09-23T11:00:00.000000,Poland,Poland,PL,404.46,463.18,46.2,45.91,entsoe.eu,false,""
2024-09-23T12:00:00.000000,Poland,Poland,PL,428.41,488.41,43.01,42.8,entsoe.eu,false,""
2024-09-23T13:00:00.000000,Poland,Poland,PL,456.2,518.15,39.12,38.13,entsoe.eu,false,""
2024-09-23T14:00:00.000000,Poland,Poland,PL,525.5,592.29,29.83,29.17,entsoe.eu,false,""
2024-09-23T15:00:00.000000,Poland,Poland,PL,595.07,665.75,20.53,19.45,entsoe.eu,false,""
2024-09-23T16:00:00.000000,Poland,Poland,PL,640.09,712.2,14.06,13.27,entsoe.eu,false,""
2024-09-23T17:00:00.000000,Poland,Poland,PL,628.98,699.55,15.63,14.9,entsoe.eu,false,""
2024-09-23T18:00:00.000000,Poland,Poland,PL,599.61,668.8,18.83,18.2,entsoe.eu,false,""
2024-09-23T19:00:00.000000,Poland,Poland,PL,579.06,648.28,21.24,20.62,entsoe.eu,false,""
2024-09-23T20:00:00.000000,Poland,Poland,PL,586.05,653.38,22.1,21.5,entsoe.eu,false,""
2024-09-23T21:00:00.000000,Poland,Poland,PL,581.68,647.9,23.1,22.5,entsoe.eu,false,""
2024-09-23T22:00:00.000000,Poland,Poland,PL,555.11,623.13,24.9,24.05,entsoe.eu,false,""
2024-09-23T23:00:00.000000,Poland,Poland,PL,560.78,628.2,24.95,24.1,entsoe.eu,false,""
2024-09-24T00:00:00.000000,Poland,Poland,PL,569.85,637.65,23.95,23.11,entsoe.eu,false,""
2024-09-24T01:00:00.000000,Poland,Poland,PL,575.56,643.54,23.33,22.47,entsoe.eu,false,""
2024-09-24T02:00:00.000000,Poland,Poland,PL,564.89,632.76,24.88,23.76,entsoe.eu,false,""
2024-09-24T03:00:00.000000,Poland,Poland,PL,574.26,642.91,23.31,22.42,entsoe.eu,false,""
2024-09-24T04:00:00.000000,Poland,Poland,PL,560.82,630.02,23.59,22.65,entsoe.eu,false,""
2024-09-24T05:00:00.000000,Poland,Poland,PL,527.42,592.59,28.56,28.14,entsoe.eu,false,""
2024-09-24T06:00:00.000000,Poland,Poland,PL,471.52,533.1,36.45,36.16,entsoe.eu,false,""
2024-09-24T07:00:00.000000,Poland,Poland,PL,427.92,486.44,43.33,42.91,entsoe.eu,false,""
2024-09-24T08:00:00.000000,Poland,Poland,PL,371.85,428.32,50.33,50.05,entsoe.eu,false,""
2024-09-24T09:00:00.000000,Poland,Poland,PL,337.1,391.59,54.55,54.16,entsoe.eu,false,""
2024-09-24T10:00:00.000000,Poland,Poland,PL,348.54,403.44,52.37,52.21,entsoe.eu,false,""
2024-09-24T11:00:00.000000,Poland,Poland,PL,343.56,397.06,53.21,53.01,entsoe.eu,false,""
2024-09-24T12:00:00.000000,Poland,Poland,PL,369.49,423.86,49.66,49.57,entsoe.eu,false,""
2024-09-24T13:00:00.000000,Poland,Poland,PL,408.21,464.6,44.96,44.75,entsoe.eu,false,""
2024-09-24T14:00:00.000000,Poland,Poland,PL,470.08,530.39,36.8,36.51,entsoe.eu,false,""
2024-09-24T15:00:00.000000,Poland,Poland,PL,504.63,567.43,31.96,31.6,entsoe.eu,false,""
2024-09-24T16:00:00.000000,Poland,Poland,PL,515.81,578.02,30.4,29.89,entsoe.eu,false,""
2024-09-24T17:00:00.000000,Poland,Poland,PL,498.19,558.36,33.22,32.66,entsoe.eu,false,""
2024-09-24T18:00:00.000000,Poland,Poland,PL,481.18,540.95,34.99,34.51,entsoe.eu,false,""
2024-09-24T19:00:00.000000,Poland,Poland,PL,481.07,539.79,36.08,35.6,entsoe.eu,false,""
2024-09-24T20:00:00.000000,Poland,Poland,PL,468.9,527.7,37.47,36.96,entsoe.eu,false,""
2024-09-24T21:00:00.000000,Poland,Poland,PL,458.47,517.85,38.3,37.77,entsoe.eu,false,""
2024-09-24T22:00:00.000000,Poland,Poland,PL,450.61,510.4,39.03,38.53,entsoe.eu,false,""
2024-09-24T23:00:00.000000,Poland,Poland,PL,444.86,505.43,38.98,38.51,entsoe.eu,false,""
2024-09-25T00:00:00.000000,Poland,Poland,PL,441.19,501.69,39.28,38.84,entsoe.eu,false,""
2024-09-25T01:00:00.000000,Poland,Poland,PL,443.15,503.58,39.18,38.67,entsoe.eu,false,""
2024-09-25T02:00:00.000000,Poland,Poland,PL,446.23,507.22,38.8,38.17,entsoe.eu,false,""
2024-09-25T03:00:00.000000,Poland,Poland,PL,461.5,521.7,37.77,37.06,entsoe.eu,false,""
2024-09-25T04:00:00.000000,Poland,Poland,PL,484.71,546.54,34.22,33.59,entsoe.eu,false,""
2024-09-25T05:00:00.000000,Poland,Poland,PL,477.62,537.97,36.05,35.42,entsoe.eu,false,""
2024-09-25T06:00:00.000000,Poland,Poland,PL,458.44,516.84,39.59,39.24,entsoe.eu,false,""
2024-09-25T07:00:00.000000,Poland,Poland,PL,429.51,486.87,43.34,43.17,entsoe.eu,false,""
2024-09-25T08:00:00.000000,Poland,Poland,PL,381.03,436.94,48.98,48.85,entsoe.eu,false,""
2024-09-25T09:00:00.000000,Poland,Poland,PL,365.31,420.6,50.81,50.76,entsoe.eu,false,""
2024-09-25T10:00:00.000000,Poland,Poland,PL,368.79,424.47,50.18,50.17,entsoe.eu,false,""
2024-09-25T11:00:00.000000,Poland,Poland,PL,385.59,442.05,47.54,47.47,entsoe.eu,false,""
2024-09-25T12:00:00.000000,Poland,Poland,PL,418.63,476.32,43.56,43.43,entsoe.eu,false,""
2024-09-25T13:00:00.000000,Poland,Poland,PL,454.35,514.05,39.04,38.79,entsoe.eu,false,""
2024-09-25T14:00:00.000000,Poland,Poland,PL,506.28,569.1,32.56,32.11,entsoe.eu,false,""
2024-09-25T15:00:00.000000,Poland,Poland,PL,558.54,625.88,25.09,24.38,entsoe.eu,false,""
2024-09-25T16:00:00.000000,Poland,Poland,PL,578.25,644.96,22.76,22.13,entsoe.eu,false,""
2024-09-25T17:00:00.000000,Poland,Poland,PL,556.88,621.98,25.33,24.75,entsoe.eu,false,""
2024-09-25T18:00:00.000000,Poland,Poland,PL,535.13,598.8,28.31,27.74,entsoe.eu,false,""
2024-09-25T19:00:00.000000,Poland,Poland,PL,520.66,583.06,30.93,30.24,entsoe.eu,false,""
2024-09-25T20:00:00.000000,Poland,Poland,PL,513.92,575.94,31.97,31.24,entsoe.eu,false,""
2024-09-25T21:00:00.000000,Poland,Poland,PL,506.11,568.0,32.93,32.18,entsoe.eu,false,""
2024-09-25T22:00:00.000000,Poland,Poland,PL,502.61,565.69,32.78,31.96,entsoe.eu,false,""
2024-09-25T23:00:00.000000,Poland,Poland,PL,501.39,565.26,32.21,31.44,entsoe.eu,false,""
2024-09-26T00:00:00.000000,Poland,Poland,PL,495.95,560.47,32.32,31.51,entsoe.eu,false,""
2024-09-26T01:00:00.000000,Poland,Poland,PL,503.18,567.25,32.1,31.23,entsoe.eu,false,""
2024-09-26T02:00:00.000000,Poland,Poland,PL,492.29,555.58,33.58,32.72,entsoe.eu,false,""
2024-09-26T03:00:00.000000,Poland,Poland,PL,499.94,562.41,33.54,32.63,entsoe.eu,false,""
2024-09-26T04:00:00.000000,Poland,Poland,PL,504.91,567.9,32.19,31.38,entsoe.eu,false,""
2024-09-26T05:00:00.000000,Poland,Poland,PL,487.92,549.51,34.32,33.64,entsoe.eu,false,""
2024-09-26T06:00:00.000000,Poland,Poland,PL,478.99,540.34,35.75,35.21,entsoe.eu,false,""
2024-09-26T07:00:00.000000,Poland,Poland,PL,451.48,512.41,39.31,38.73,entsoe.eu,false,""
2024-09-26T08:00:00.000000,Poland,Poland,PL,428.11,487.65,42.19,41.75,entsoe.eu,false,""
2024-09-26T09:00:00.000000,Poland,Poland,PL,401.78,459.16,45.73,45.4,entsoe.eu,false,""
2024-09-26T10:00:00.000000,Poland,Poland,PL,375.36,429.71,49.65,49.28,entsoe.eu,false,""
2024-09-26T11:00:00.000000,Poland,Poland,PL,382.51,436.63,48.51,48.27,entsoe.eu,false,""
2024-09-26T12:00:00.000000,Poland,Poland,PL,385.02,439.07,47.87,47.56,entsoe.eu,false,""
2024-09-26T13:00:00.000000,Poland,Poland,PL,405.22,459.69,45.51,45.24,entsoe.eu,false,""
2024-09-26T14:00:00.000000,Poland,Poland,PL,425.92,481.94,42.76,42.62,entsoe.eu,false,""
2024-09-26T15:00:00.000000,Poland,Poland,PL,446.92,503.27,40.24,39.95,entsoe.eu,false,""
2024-09-26T16:00:00.000000,Poland,Poland,PL,466.34,522.77,37.97,37.6,entsoe.eu,false,""
2024-09-26T17:00:00.000000,Poland,Poland,PL,475.4,533.74,35.78,35.42,entsoe.eu,false,""
2024-09-26T18:00:00.000000,Poland,Poland,PL,462.1,519.57,38.28,37.79,entsoe.eu,false,""
2024-09-26T19:00:00.000000,Poland,Poland,PL,454.21,510.23,39.9,39.43,entsoe.eu,false,""
2024-09-26T20:00:00.000000,Poland,Poland,PL,434.67,491.04,41.51,41.01,entsoe.eu,false,""
2024-09-26T21:00:00.000000,Poland,Poland,PL,403.61,459.79,44.45,43.96,entsoe.eu,false,""
2024-09-26T22:00:00.000000,Poland,Poland,PL,418.78,477.55,41.57,41.07,entsoe.eu,false,""
2024-09-26T23:00:00.000000,Poland,Poland,PL,407.33,465.65,42.85,42.48,entsoe.eu,false,""
2024-09-27T00:00:00.000000,Poland,Poland,PL,399.45,457.62,43.74,43.31,entsoe.eu,false,""
2024-09-27T01:00:00.000000,Poland,Poland,PL,403.25,461.52,43.28,42.74,entsoe.eu,false,""
2024-09-27T02:00:00.000000,Poland,Poland,PL,402.11,458.89,44.07,43.59,entsoe.eu,false,""
2024-09-27T03:00:00.000000,Poland,Poland,PL,383.18,438.23,46.64,46.13,entsoe.eu,false,""
2024-09-27T04:00:00.000000,Poland,Poland,PL,392.2,445.79,46.42,46.06,entsoe.eu,false,""
2024-09-27T05:00:00.000000,Poland,Poland,PL,393.67,446.84,46.63,46.29,entsoe.eu,false,""
2024-09-27T06:00:00.000000,Poland,Poland,PL,345.82,397.11,52.93,52.68,entsoe.eu,false,""
2024-09-27T07:00:00.000000,Poland,Poland,PL,283.35,331.82,60.9,60.68,entsoe.eu,false,""
2024-09-27T08:00:00.000000,Poland,Poland,PL,295.7,345.03,59.1,58.86,entsoe.eu,false,""
2024-09-27T09:00:00.000000,Poland,Poland,PL,304.19,354.86,57.75,57.53,entsoe.eu,false,""
2024-09-27T10:00:00.000000,Poland,Poland,PL,293.9,343.68,59.37,59.33,entsoe.eu,false,""
2024-09-27T11:00:00.000000,Poland,Poland,PL,304.33,354.83,57.79,57.77,entsoe.eu,false,""
2024-09-27T12:00:00.000000,Poland,Poland,PL,304.82,355.28,57.56,57.5,entsoe.eu,false,""
2024-09-27T13:00:00.000000,Poland,Poland,PL,307.22,356.86,57.74,57.63,entsoe.eu,false,""
2024-09-27T14:00:00.000000,Poland,Poland,PL,371.9,425.0,49.33,49.0,entsoe.eu,false,""
2024-09-27T15:00:00.000000,Poland,Poland,PL,451.09,508.44,39.27,38.81,entsoe.eu,false,""
2024-09-27T16:00:00.000000,Poland,Poland,PL,471.88,529.57,36.84,36.23,entsoe.eu,false,""
2024-09-27T17:00:00.000000,Poland,Poland,PL,477.39,535.53,35.6,35.14,entsoe.eu,false,""
2024-09-27T18:00:00.000000,Poland,Poland,PL,448.72,503.16,40.64,40.17,entsoe.eu,false,""
2024-09-27T19:00:00.000000,Poland,Poland,PL,435.22,490.58,42.11,41.62,entsoe.eu,false,""
2024-09-27T20:00:00.000000,Poland,Poland,PL,418.24,473.0,44.12,43.69,entsoe.eu,false,""
2024-09-27T21:00:00.000000,Poland,Poland,PL,396.32,450.3,46.3,45.99,entsoe.eu,false,""
2024-09-27T22:00:00.000000,Poland,Poland,PL,404.8,459.36,44.85,44.68,entsoe.eu,false,""
2024-09-27T23:00:00.000000,Poland,Poland,PL,392.04,445.94,46.31,46.17,entsoe.eu,false,""
2024-09-28T00:00:00.000000,Poland,Poland,PL,394.38,447.29,46.43,46.35,entsoe.eu,false,""
2024-09-28T01:00:00.000000,Poland,Poland,PL,393.91,447.24,46.62,46.42,entsoe.eu,false,""
2024-09-28T02:00:00.000000,Poland,Poland,PL,405.6,461.53,43.83,43.63,entsoe.eu,false,""
2024-09-28T03:00:00.000000,Poland,Poland,PL,408.78,464.73,43.44,43.22,entsoe.eu,false,""
2024-09-28T04:00:00.000000,Poland,Poland,PL,406.16,461.63,44.02,43.79,entsoe.eu,false,""
2024-09-28T05:00:00.000000,Poland,Poland,PL,377.8,431.35,48.23,47.85,entsoe.eu,false,""
2024-09-28T06:00:00.000000,Poland,Poland,PL,343.95,395.28,52.96,52.62,entsoe.eu,false,""
2024-09-28T07:00:00.000000,Poland,Poland,PL,333.97,384.58,54.5,54.17,entsoe.eu,false,""
2024-09-28T08:00:00.000000,Poland,Poland,PL,358.47,411.07,51.11,51.01,entsoe.eu,false,""
2024-09-28T09:00:00.000000,Poland,Poland,PL,370.43,424.45,49.5,49.14,entsoe.eu,false,""
2024-09-28T10:00:00.000000,Poland,Poland,PL,381.91,437.9,48.04,47.58,entsoe.eu,false,""
2024-09-28T11:00:00.000000,Poland,Poland,PL,396.2,453.41,46.25,46.09,entsoe.eu,false,""
2024-09-28T12:00:00.000000,Poland,Poland,PL,410.62,468.28,44.6,44.5,entsoe.eu,false,""
2024-09-28T13:00:00.000000,Poland,Poland,PL,409.51,466.83,44.69,44.56,entsoe.eu,false,""
2024-09-28T14:00:00.000000,Poland,Poland,PL,418.06,476.49,43.62,43.3,entsoe.eu,false,""
2024-09-28T15:00:00.000000,Poland,Poland,PL,492.35,555.34,33.55,33.07,entsoe.eu,false,""
2024-09-28T16:00:00.000000,Poland,Poland,PL,523.93,587.06,29.7,28.53,entsoe.eu,false,""
2024-09-28T17:00:00.000000,Poland,Poland,PL,502.31,562.94,32.69,31.43,entsoe.eu,false,""
2024-09-28T18:00:00.000000,Poland,Poland,PL,488.61,547.75,35.3,34.21,entsoe.eu,false,""
2024-09-28T19:00:00.000000,Poland,Poland,PL,480.4,540.78,35.8,35.12,entsoe.eu,false,""
2024-09-28T20:00:00.000000,Poland,Poland,PL,496.12,557.7,33.3,32.93,entsoe.eu,false,""
2024-09-28T21:00:00.000000,Poland,Poland,PL,486.3,546.6,34.97,34.29,entsoe.eu,false,""
2024-09-28T22:00:00.000000,Poland,Poland,PL,486.25,545.75,35.44,34.95,entsoe.eu,false,""
2024-09-28T23:00:00.000000,Poland,Poland,PL,471.05,530.67,36.95,36.27,entsoe.eu,false,""
2024-09-29T00:00:00.000000,Poland,Poland,PL,476.03,536.34,36.16,35.52,entsoe.eu,false,""
2024-09-29T01:00:00.000000,Poland,Poland,PL,469.85,529.78,36.89,36.25,entsoe.eu,false,""
2024-09-29T02:00:00.000000,Poland,Poland,PL,486.71,547.77,34.81,33.91,entsoe.eu,false,""
2024-09-29T03:00:00.000000,Poland,Poland,PL,494.95,556.53,33.7,32.89,entsoe.eu,false,""
2024-09-29T04:00:00.000000,Poland,Poland,PL,498.63,560.97,32.95,31.82,entsoe.eu,false,""
2024-09-29T05:00:00.000000,Poland,Poland,PL,477.06,538.85,35.72,34.58,entsoe.eu,false,""
2024-09-29T06:00:00.000000,Poland,Poland,PL,436.05,497.9,40.54,39.61,entsoe.eu,false,""
2024-09-29T07:00:00.000000,Poland,Poland,PL,389.71,449.6,47.17,46.57,entsoe.eu,false,""
2024-09-29T08:00:00.000000,Poland,Poland,PL,355.03,413.56,51.48,51.37,entsoe.eu,false,""
2024-09-29T09:00:00.000000,Poland,Poland,PL,365.88,425.1,49.86,49.86,entsoe.eu,false,""
2024-09-29T10:00:00.000000,Poland,Poland,PL,369.81,429.1,49.1,49.1,entsoe.eu,false,""
2024-09-29T11:00:00.000000,Poland,Poland,PL,375.16,434.78,48.4,48.4,entsoe.eu,false,""
2024-09-29T12:00:00.000000,Poland,Poland,PL,389.92,449.86,46.77,46.77,entsoe.eu,false,""
2024-09-29T13:00:00.000000,Poland,Poland,PL,397.01,456.99,46.11,45.77,entsoe.eu,false,""
2024-09-29T14:00:00.000000,Poland,Poland,PL,473.35,537.69,35.71,34.74,entsoe.eu,false,""
2024-09-29T15:00:00.000000,Poland,Poland,PL,537.61,604.95,27.64,23.6,entsoe.eu,false,""
2024-09-29T16:00:00.000000,Poland,Poland,PL,584.53,652.83,21.5,16.51,entsoe.eu,false,""
2024-09-29T17:00:00.000000,Poland,Poland,PL,581.46,648.62,22.54,16.86,entsoe.eu,false,""
2024-09-29T18:00:00.000000,Poland,Poland,PL,565.52,632.18,24.73,18.54,entsoe.eu,false,""
2024-09-29T19:00:00.000000,Poland,Poland,PL,558.78,625.87,26.25,19.39,entsoe.eu,false,""
2024-09-29T20:00:00.000000,Poland,Poland,PL,532.71,599.1,29.37,21.46,entsoe.eu,false,""
2024-09-29T21:00:00.000000,Poland,Poland,PL,551.2,619.87,26.42,20.34,entsoe.eu,false,""
2024-09-29T22:00:00.000000,Poland,Poland,PL,546.43,616.16,26.73,20.96,entsoe.eu,false,""
2024-09-29T23:00:00.000000,Poland,Poland,PL,546.97,616.43,26.63,20.86,entsoe.eu,false,""
2024-09-30T00:00:00.000000,Poland,Poland,PL,548.24,617.51,26.66,21.53,entsoe.eu,false,""
2024-09-30T01:00:00.000000,Poland,Poland,PL,547.86,616.93,26.76,21.9,entsoe.eu,false,""
2024-09-30T02:00:00.000000,Poland,Poland,PL,537.07,605.21,28.34,23.42,entsoe.eu,false,""
2024-09-30T03:00:00.000000,Poland,Poland,PL,582.28,652.97,22.01,20.71,entsoe.eu,false,""
2024-09-30T04:00:00.000000,Poland,Poland,PL,603.44,672.5,20.38,19.28,entsoe.eu,false,""
2024-09-30T05:00:00.000000,Poland,Poland,PL,576.93,643.19,24.26,23.32,entsoe.eu,false,""
2024-09-30T06:00:00.000000,Poland,Poland,PL,497.85,560.45,34.74,33.54,entsoe.eu,false,""
2024-09-30T07:00:00.000000,Poland,Poland,PL,404.19,463.7,46.61,44.82,entsoe.eu,false,""
2024-09-30T08:00:00.000000,Poland,Poland,PL,366.36,424.11,51.31,50.38,entsoe.eu,false,""
2024-09-30T09:00:00.000000,Poland,Poland,PL,350.47,406.95,53.21,52.29,entsoe.eu,false,""
2024-09-30T10:00:00.000000,Poland,Poland,PL,337.79,394.11,54.41,53.84,entsoe.eu,false,""
2024-09-30T11:00:00.000000,Poland,Poland,PL,343.98,400.24,53.81,53.32,entsoe.eu,false,""
2024-09-30T12:00:00.000000,Poland,Poland,PL,368.27,425.71,50.83,50.45,entsoe.eu,false,""
2024-09-30T13:00:00.000000,Poland,Poland,PL,406.88,466.0,46.08,45.79,entsoe.eu,false,""
2024-09-30T14:00:00.000000,Poland,Poland,PL,476.96,538.45,37.26,36.93,entsoe.eu,false,""
2024-09-30T15:00:00.000000,Poland,Poland,PL,555.62,620.16,27.43,26.62,entsoe.eu,false,""
2024-09-30T16:00:00.000000,Poland,Poland,PL,594.51,660.67,21.48,20.94,entsoe.eu,false,""
2024-09-30T17:00:00.000000,Poland,Poland,PL,560.17,622.77,26.3,25.69,entsoe.eu,false,""
2024-09-30T18:00:00.000000,Poland,Poland,PL,523.15,583.3,31.49,30.79,entsoe.eu,false,""
2024-09-30T19:00:00.000000,Poland,Poland,PL,482.89,540.7,36.45,35.5,entsoe.eu,false,""
2024-09-30T20:00:00.000000,Poland,Poland,PL,447.24,503.8,40.45,39.0,entsoe.eu,false,""
2024-09-30T21:00:00.000000,Poland,Poland,PL,438.22,494.87,41.09,39.66,entsoe.eu,false,""
2024-09-30T22:00:00.000000,Poland,Poland,PL,450.74,508.75,39.11,37.89,entsoe.eu,false,""
2024-09-30T23:00:00.000000,Poland,Poland,PL,458.33,517.28,38.11,36.84,entsoe.eu,false,""
2024-10-01T00:00:00.000000,Poland,Poland,PL,468.29,528.19,36.76,35.43,entsoe.eu,false,""
2024-10-01T01:00:00.000000,Poland,Poland,PL,487.96,548.88,34.47,33.13,entsoe.eu,false,""
2024-10-01T02:00:00.000000,Poland,Poland,PL,502.93,564.21,32.93,31.74,entsoe.eu,false,""
2024-10-01T03:00:00.000000,Poland,Poland,PL,525.69,587.99,30.19,29.54,entsoe.eu,false,""
2024-10-01T04:00:00.000000,Poland,Poland,PL,544.75,607.57,28.06,27.37,entsoe.eu,false,""
2024-10-01T05:00:00.000000,Poland,Poland,PL,536.19,598.26,29.61,28.68,entsoe.eu,false,""
2024-10-01T06:00:00.000000,Poland,Poland,PL,502.77,564.43,33.62,32.81,entsoe.eu,false,""
2024-10-01T07:00:00.000000,Poland,Poland,PL,471.17,531.97,37.53,36.53,entsoe.eu,false,""
2024-10-01T08:00:00.000000,Poland,Poland,PL,419.44,477.23,44.53,43.3,entsoe.eu,false,""
2024-10-01T09:00:00.000000,Poland,Poland,PL,375.62,431.08,49.96,48.09,entsoe.eu,false,""
2024-10-01T10:00:00.000000,Poland,Poland,PL,381.32,437.05,49.21,47.27,entsoe.eu,false,""
2024-10-01T11:00:00.000000,Poland,Poland,PL,405.93,463.2,46.01,43.95,entsoe.eu,false,""
2024-10-01T12:00:00.000000,Poland,Poland,PL,454.81,514.75,39.87,38.12,entsoe.eu,false,""
2024-10-01T13:00:00.000000,Poland,Poland,PL,501.76,563.79,34.34,32.37,entsoe.eu,false,""
2024-10-01T14:00:00.000000,Poland,Poland,PL,557.61,622.5,27.23,25.08,entsoe.eu,false,""
2024-10-01T15:00:00.000000,Poland,Poland,PL,599.26,666.31,21.38,18.33,entsoe.eu,false,""
2024-10-01T16:00:00.000000,Poland,Poland,PL,605.72,671.6,20.68,17.3,entsoe.eu,false,""
2024-10-01T17:00:00.000000,Poland,Poland,PL,595.72,660.71,21.87,18.65,entsoe.eu,false,""
2024-10-01T18:00:00.000000,Poland,Poland,PL,595.48,660.29,21.9,19.44,entsoe.eu,false,""
2024-10-01T19:00:00.000000,Poland,Poland,PL,601.56,668.26,21.17,18.33,entsoe.eu,false,""
2024-10-01T20:00:00.000000,Poland,Poland,PL,607.17,674.99,20.28,18.47,entsoe.eu,false,""
2024-10-01T21:00:00.000000,Poland,Poland,PL,594.34,662.95,21.2,18.88,entsoe.eu,false,""
2024-10-01T22:00:00.000000,Poland,Poland,PL,594.51,662.37,21.74,18.41,entsoe.eu,false,""
2024-10-01T23:00:00.000000,Poland,Poland,PL,609.69,678.12,20.05,17.0,entsoe.eu,false,""
2024-10-02T00:00:00.000000,Poland,Poland,PL,610.83,679.44,19.79,16.35,entsoe.eu,false,""
2024-10-02T01:00:00.000000,Poland,Poland,PL,610.78,679.85,19.76,15.56,entsoe.eu,false,""
2024-10-02T02:00:00.000000,Poland,Poland,PL,609.0,678.42,20.09,15.69,entsoe.eu,false,""
2024-10-02T03:00:00.000000,Poland,Poland,PL,615.92,686.01,19.62,15.88,entsoe.eu,false,""
2024-10-02T04:00:00.000000,Poland,Poland,PL,626.03,697.01,17.13,14.51,entsoe.eu,false,""
2024-10-02T05:00:00.000000,Poland,Poland,PL,607.16,675.98,19.69,16.95,entsoe.eu,false,""
2024-10-02T06:00:00.000000,Poland,Poland,PL,568.55,635.08,24.87,21.27,entsoe.eu,false,""
2024-10-02T07:00:00.000000,Poland,Poland,PL,535.64,599.29,30.21,25.75,entsoe.eu,false,""
2024-10-02T08:00:00.000000,Poland,Poland,PL,529.33,592.7,31.25,28.16,entsoe.eu,false,""
2024-10-02T09:00:00.000000,Poland,Poland,PL,528.51,592.04,31.29,28.54,entsoe.eu,false,""
2024-10-02T10:00:00.000000,Poland,Poland,PL,535.65,599.37,30.53,27.54,entsoe.eu,false,""
2024-10-02T11:00:00.000000,Poland,Poland,PL,557.61,622.38,27.72,24.91,entsoe.eu,false,""
2024-10-02T12:00:00.000000,Poland,Poland,PL,586.49,653.52,23.33,20.61,entsoe.eu,false,""
2024-10-02T13:00:00.000000,Poland,Poland,PL,625.25,694.38,18.13,16.34,entsoe.eu,false,""
2024-10-02T14:00:00.000000,Poland,Poland,PL,641.89,712.04,15.92,14.39,entsoe.eu,false,""
2024-10-02T15:00:00.000000,Poland,Poland,PL,650.78,720.17,14.92,13.78,entsoe.eu,false,""
2024-10-02T16:00:00.000000,Poland,Poland,PL,646.13,714.54,15.46,14.0,entsoe.eu,false,""
2024-10-02T17:00:00.000000,Poland,Poland,PL,650.46,718.45,15.0,14.07,entsoe.eu,false,""
2024-10-02T18:00:00.000000,Poland,Poland,PL,634.94,703.25,16.63,15.51,entsoe.eu,false,""
2024-10-02T19:00:00.000000,Poland,Poland,PL,646.35,714.85,16.62,15.1,entsoe.eu,false,""
2024-10-02T20:00:00.000000,Poland,Poland,PL,639.65,708.35,17.35,15.34,entsoe.eu,false,""
2024-10-02T21:00:00.000000,Poland,Poland,PL,641.14,709.56,17.54,15.75,entsoe.eu,false,""
2024-10-02T22:00:00.000000,Poland,Poland,PL,634.06,703.0,17.61,15.57,entsoe.eu,false,""
2024-10-02T23:00:00.000000,Poland,Poland,PL,637.19,706.24,17.18,15.02,entsoe.eu,false,""
2024-10-03T00:00:00.000000,Poland,Poland,PL,639.4,708.42,16.89,14.72,entsoe.eu,false,""
2024-10-03T01:00:00.000000,Poland,Poland,PL,632.77,701.33,17.65,15.5,entsoe.eu,false,""
2024-10-03T02:00:00.000000,Poland,Poland,PL,621.55,689.62,19.19,17.22,entsoe.eu,false,""
2024-10-03T03:00:00.000000,Poland,Poland,PL,604.8,673.12,21.01,19.34,entsoe.eu,false,""
2024-10-03T04:00:00.000000,Poland,Poland,PL,600.19,668.85,20.65,18.87,entsoe.eu,false,""
2024-10-03T05:00:00.000000,Poland,Poland,PL,595.54,662.38,21.81,19.4,entsoe.eu,false,""
2024-10-03T06:00:00.000000,Poland,Poland,PL,574.35,640.03,24.48,21.31,entsoe.eu,false,""
2024-10-03T07:00:00.000000,Poland,Poland,PL,556.12,620.87,26.88,23.03,entsoe.eu,false,""
2024-10-03T08:00:00.000000,Poland,Poland,PL,551.36,615.39,27.83,24.44,entsoe.eu,false,""
2024-10-03T09:00:00.000000,Poland,Poland,PL,542.11,606.32,28.33,25.18,entsoe.eu,false,""
2024-10-03T10:00:00.000000,Poland,Poland,PL,537.68,601.88,28.75,25.84,entsoe.eu,false,""
2024-10-03T11:00:00.000000,Poland,Poland,PL,542.77,607.04,28.22,25.2,entsoe.eu,false,""
2024-10-03T12:00:00.000000,Poland,Poland,PL,556.84,622.1,26.34,23.68,entsoe.eu,false,""
2024-10-03T13:00:00.000000,Poland,Poland,PL,565.83,631.08,25.72,22.9,entsoe.eu,false,""
2024-10-03T14:00:00.000000,Poland,Poland,PL,592.65,659.54,22.21,19.64,entsoe.eu,false,""
2024-10-03T15:00:00.000000,Poland,Poland,PL,612.16,679.48,19.79,16.87,entsoe.eu,false,""
2024-10-03T16:00:00.000000,Poland,Poland,PL,624.35,691.07,18.16,15.07,entsoe.eu,false,""
2024-10-03T17:00:00.000000,Poland,Poland,PL,620.11,686.67,18.58,14.93,entsoe.eu,false,""
2024-10-03T18:00:00.000000,Poland,Poland,PL,619.9,687.75,18.37,15.01,entsoe.eu,false,""
2024-10-03T19:00:00.000000,Poland,Poland,PL,632.07,701.78,17.04,14.26,entsoe.eu,false,""
2024-10-03T20:00:00.000000,Poland,Poland,PL,630.82,699.69,17.64,14.25,entsoe.eu,false,""
2024-10-03T21:00:00.000000,Poland,Poland,PL,633.74,703.05,17.34,14.56,entsoe.eu,false,""
2024-10-03T22:00:00.000000,Poland,Poland,PL,629.53,699.0,17.35,14.4,entsoe.eu,false,""
2024-10-03T23:00:00.000000,Poland,Poland,PL,634.16,703.35,16.75,13.95,entsoe.eu,false,""
2024-10-04T00:00:00.000000,Poland,Poland,PL,628.69,697.38,17.35,14.35,entsoe.eu,false,""
2024-10-04T01:00:00.000000,Poland,Poland,PL,624.86,693.17,17.84,14.99,entsoe.eu,false,""
2024-10-04T02:00:00.000000,Poland,Poland,PL,626.5,695.0,17.75,14.85,entsoe.eu,false,""
2024-10-04T03:00:00.000000,Poland,Poland,PL,614.88,683.4,19.86,15.92,entsoe.eu,false,""
2024-10-04T04:00:00.000000,Poland,Poland,PL,605.1,674.09,20.12,15.42,entsoe.eu,false,""
2024-10-04T05:00:00.000000,Poland,Poland,PL,601.57,669.41,20.7,16.03,entsoe.eu,false,""
2024-10-04T06:00:00.000000,Poland,Poland,PL,584.94,651.81,22.71,17.4,entsoe.eu,false,""
2024-10-04T07:00:00.000000,Poland,Poland,PL,567.48,633.91,25.02,20.06,entsoe.eu,false,""
2024-10-04T08:00:00.000000,Poland,Poland,PL,557.47,623.59,26.37,22.57,entsoe.eu,false,""
2024-10-04T09:00:00.000000,Poland,Poland,PL,544.55,609.64,28.12,24.95,entsoe.eu,false,""
2024-10-04T10:00:00.000000,Poland,Poland,PL,534.08,598.51,29.31,26.49,entsoe.eu,false,""
2024-10-04T11:00:00.000000,Poland,Poland,PL,530.18,594.26,29.72,26.08,entsoe.eu,false,""
2024-10-04T12:00:00.000000,Poland,Poland,PL,541.96,606.92,28.16,24.64,entsoe.eu,false,""
2024-10-04T13:00:00.000000,Poland,Poland,PL,552.1,617.71,26.88,22.57,entsoe.eu,false,""
2024-10-04T14:00:00.000000,Poland,Poland,PL,567.41,634.19,24.6,19.92,entsoe.eu,false,""
2024-10-04T15:00:00.000000,Poland,Poland,PL,590.81,659.59,20.26,17.27,entsoe.eu,false,""
2024-10-04T16:00:00.000000,Poland,Poland,PL,585.34,653.27,20.75,16.93,entsoe.eu,false,""
2024-10-04T17:00:00.000000,Poland,Poland,PL,582.7,650.34,21.13,16.99,entsoe.eu,false,""
2024-10-04T18:00:00.000000,Poland,Poland,PL,598.99,668.02,19.24,15.8,entsoe.eu,false,""
2024-10-04T19:00:00.000000,Poland,Poland,PL,618.44,689.58,16.9,14.33,entsoe.eu,false,""
2024-10-04T20:00:00.000000,Poland,Poland,PL,617.37,688.39,16.69,14.39,entsoe.eu,false,""
2024-10-04T21:00:00.000000,Poland,Poland,PL,622.58,694.12,15.68,13.89,entsoe.eu,false,""
2024-10-04T22:00:00.000000,Poland,Poland,PL,608.68,679.64,17.49,14.1,entsoe.eu,false,""
2024-10-04T23:00:00.000000,Poland,Poland,PL,618.16,689.72,16.34,13.41,entsoe.eu,false,""
2024-10-05T00:00:00.000000,Poland,Poland,PL,615.37,686.58,16.86,13.43,entsoe.eu,false,""
2024-10-05T01:00:00.000000,Poland,Poland,PL,611.72,682.82,17.26,13.44,entsoe.eu,false,""
2024-10-05T02:00:00.000000,Poland,Poland,PL,613.96,685.37,16.89,13.15,entsoe.eu,false,""
2024-10-05T03:00:00.000000,Poland,Poland,PL,625.31,696.92,15.29,12.83,entsoe.eu,false,""
2024-10-05T04:00:00.000000,Poland,Poland,PL,623.33,695.29,16.2,13.71,entsoe.eu,false,""
2024-10-05T05:00:00.000000,Poland,Poland,PL,599.6,671.7,18.66,15.79,entsoe.eu,false,""
2024-10-05T06:00:00.000000,Poland,Poland,PL,583.65,653.62,21.63,18.33,entsoe.eu,false,""
2024-10-05T07:00:00.000000,Poland,Poland,PL,550.07,618.75,25.68,21.76,entsoe.eu,false,""
2024-10-05T08:00:00.000000,Poland,Poland,PL,528.95,596.31,29.18,25.31,entsoe.eu,false,""
2024-10-05T09:00:00.000000,Poland,Poland,PL,520.63,588.38,29.71,27.43,entsoe.eu,false,""
2024-10-05T10:00:00.000000,Poland,Poland,PL,514.88,582.77,30.63,28.85,entsoe.eu,false,""
2024-10-05T11:00:00.000000,Poland,Poland,PL,516.46,584.84,30.39,27.93,entsoe.eu,false,""
2024-10-05T12:00:00.000000,Poland,Poland,PL,529.08,598.28,28.8,25.99,entsoe.eu,false,""
2024-10-05T13:00:00.000000,Poland,Poland,PL,555.05,626.15,24.96,21.76,entsoe.eu,false,""
2024-10-05T14:00:00.000000,Poland,Poland,PL,566.8,637.5,24.07,19.31,entsoe.eu,false,""
2024-10-05T15:00:00.000000,Poland,Poland,PL,593.74,665.16,20.57,16.06,entsoe.eu,false,""
2024-10-05T16:00:00.000000,Poland,Poland,PL,586.67,657.65,20.54,15.37,entsoe.eu,false,""
2024-10-05T17:00:00.000000,Poland,Poland,PL,586.31,657.59,20.25,15.1,entsoe.eu,false,""
2024-10-05T18:00:00.000000,Poland,Poland,PL,593.94,666.24,19.72,13.94,entsoe.eu,false,""
2024-10-05T19:00:00.000000,Poland,Poland,PL,602.02,674.87,19.18,13.58,entsoe.eu,false,""
2024-10-05T20:00:00.000000,Poland,Poland,PL,613.57,685.93,18.59,12.81,entsoe.eu,false,""
2024-10-05T21:00:00.000000,Poland,Poland,PL,618.11,691.66,17.53,12.46,entsoe.eu,false,""
2024-10-05T22:00:00.000000,Poland,Poland,PL,614.98,689.35,17.15,12.89,entsoe.eu,false,""
2024-10-05T23:00:00.000000,Poland,Poland,PL,634.2,709.76,14.45,11.96,entsoe.eu,false,""
2024-10-06T00:00:00.000000,Poland,Poland,PL,645.1,721.59,12.65,10.61,entsoe.eu,false,""
2024-10-06T01:00:00.000000,Poland,Poland,PL,646.8,723.76,12.2,10.11,entsoe.eu,false,""
2024-10-06T02:00:00.000000,Poland,Poland,PL,652.21,729.65,11.65,9.66,entsoe.eu,false,""
2024-10-06T03:00:00.000000,Poland,Poland,PL,648.94,726.68,12.32,10.5,entsoe.eu,false,""
2024-10-06T04:00:00.000000,Poland,Poland,PL,649.23,726.47,12.78,11.26,entsoe.eu,false,""
2024-10-06T05:00:00.000000,Poland,Poland,PL,628.88,704.89,15.52,13.75,entsoe.eu,false,""
2024-10-06T06:00:00.000000,Poland,Poland,PL,598.37,671.81,19.77,17.89,entsoe.eu,false,""
2024-10-06T07:00:00.000000,Poland,Poland,PL,564.25,635.24,24.08,22.18,entsoe.eu,false,""
2024-10-06T08:00:00.000000,Poland,Poland,PL,524.11,593.26,29.11,27.59,entsoe.eu,false,""
2024-10-06T09:00:00.000000,Poland,Poland,PL,481.9,549.51,34.28,31.9,entsoe.eu,false,""
2024-10-06T10:00:00.000000,Poland,Poland,PL,504.19,572.25,31.89,30.19,entsoe.eu,false,""
2024-10-06T11:00:00.000000,Poland,Poland,PL,546.97,615.86,26.86,24.34,entsoe.eu,false,""
2024-10-06T12:00:00.000000,Poland,Poland,PL,550.64,620.13,26.28,23.16,entsoe.eu,false,""
2024-10-06T13:00:00.000000,Poland,Poland,PL,577.4,648.15,22.87,19.24,entsoe.eu,false,""
2024-10-06T14:00:00.000000,Poland,Poland,PL,584.36,655.31,22.18,17.26,entsoe.eu,false,""
2024-10-06T15:00:00.000000,Poland,Poland,PL,621.05,692.34,17.77,12.81,entsoe.eu,false,""
2024-10-06T16:00:00.000000,Poland,Poland,PL,634.16,705.43,15.71,12.06,entsoe.eu,false,""
2024-10-06T17:00:00.000000,Poland,Poland,PL,633.57,705.51,15.8,12.6,entsoe.eu,false,""
2024-10-06T18:00:00.000000,Poland,Poland,PL,627.75,700.29,16.44,13.52,entsoe.eu,false,""
2024-10-06T19:00:00.000000,Poland,Poland,PL,635.42,709.9,15.39,12.22,entsoe.eu,false,""
2024-10-06T20:00:00.000000,Poland,Poland,PL,626.23,700.47,16.66,12.66,entsoe.eu,false,""
2024-10-06T21:00:00.000000,Poland,Poland,PL,613.35,687.99,17.76,12.79,entsoe.eu,false,""
2024-10-06T22:00:00.000000,Poland,Poland,PL,616.53,692.44,16.97,13.49,entsoe.eu,false,""
2024-10-06T23:00:00.000000,Poland,Poland,PL,627.59,704.11,15.44,12.5,entsoe.eu,false,""
2024-10-07T00:00:00.000000,Poland,Poland,PL,623.49,699.87,15.88,12.87,entsoe.eu,false,""
2024-10-07T01:00:00.000000,Poland,Poland,PL,618.64,695.08,16.17,13.25,entsoe.eu,false,""
2024-10-07T02:00:00.000000,Poland,Poland,PL,605.47,681.77,17.29,14.27,entsoe.eu,false,""
2024-10-07T03:00:00.000000,Poland,Poland,PL,605.3,680.5,17.62,14.61,entsoe.eu,false,""
2024-10-07T04:00:00.000000,Poland,Poland,PL,613.84,686.16,17.08,14.05,entsoe.eu,false,""
2024-10-07T05:00:00.000000,Poland,Poland,PL,608.56,678.65,18.03,15.45,entsoe.eu,false,""
2024-10-07T06:00:00.000000,Poland,Poland,PL,556.44,624.31,24.77,20.34,entsoe.eu,false,""
2024-10-07T07:00:00.000000,Poland,Poland,PL,507.57,574.28,30.99,28.07,entsoe.eu,false,""
2024-10-07T08:00:00.000000,Poland,Poland,PL,458.65,522.64,37.38,35.61,entsoe.eu,false,""
2024-10-07T09:00:00.000000,Poland,Poland,PL,416.66,478.32,42.95,41.04,entsoe.eu,false,""
2024-10-07T10:00:00.000000,Poland,Poland,PL,419.99,481.11,42.9,41.3,entsoe.eu,false,""
2024-10-07T11:00:00.000000,Poland,Poland,PL,420.21,481.41,42.79,41.21,entsoe.eu,false,""
2024-10-07T12:00:00.000000,Poland,Poland,PL,426.26,487.95,41.86,40.52,entsoe.eu,false,""
2024-10-07T13:00:00.000000,Poland,Poland,PL,460.23,524.29,37.49,35.26,entsoe.eu,false,""
2024-10-07T14:00:00.000000,Poland,Poland,PL,538.46,606.11,27.71,25.12,entsoe.eu,false,""
2024-10-07T15:00:00.000000,Poland,Poland,PL,593.61,663.94,19.8,16.01,entsoe.eu,false,""
2024-10-07T16:00:00.000000,Poland,Poland,PL,609.39,680.34,17.16,14.64,entsoe.eu,false,""
2024-10-07T17:00:00.000000,Poland,Poland,PL,571.64,639.64,22.51,19.12,entsoe.eu,false,""
2024-10-07T18:00:00.000000,Poland,Poland,PL,564.13,631.62,24.26,20.29,entsoe.eu,false,""
2024-10-07T19:00:00.000000,Poland,Poland,PL,583.19,653.28,20.87,18.65,entsoe.eu,false,""
2024-10-07T20:00:00.000000,Poland,Poland,PL,592.1,662.26,20.06,18.33,entsoe.eu,false,""
2024-10-07T21:00:00.000000,Poland,Poland,PL,596.07,665.94,20.11,18.13,entsoe.eu,false,""
2024-10-07T22:00:00.000000,Poland,Poland,PL,591.18,662.27,19.98,18.29,entsoe.eu,false,""
2024-10-07T23:00:00.000000,Poland,Poland,PL,588.31,659.05,20.43,18.54,entsoe.eu,false,""
2024-10-08T00:00:00.000000,Poland,Poland,PL,591.35,662.3,20.17,18.01,entsoe.eu,false,""
2024-10-08T01:00:00.000000,Poland,Poland,PL,594.16,665.34,19.99,17.87,entsoe.eu,false,""
2024-10-08T02:00:00.000000,Poland,Poland,PL,598.29,669.77,19.54,17.88,entsoe.eu,false,""
2024-10-08T03:00:00.000000,Poland,Poland,PL,597.55,667.97,20.08,18.26,entsoe.eu,false,""
2024-10-08T04:00:00.000000,Poland,Poland,PL,580.11,648.8,21.88,19.17,entsoe.eu,false,""
2024-10-08T05:00:00.000000,Poland,Poland,PL,566.65,634.35,23.5,21.59,entsoe.eu,false,""
2024-10-08T06:00:00.000000,Poland,Poland,PL,515.78,581.54,29.95,28.43,entsoe.eu,false,""
2024-10-08T07:00:00.000000,Poland,Poland,PL,471.19,534.8,36.04,34.75,entsoe.eu,false,""
2024-10-08T08:00:00.000000,Poland,Poland,PL,408.41,468.34,45.04,43.65,entsoe.eu,false,""
2024-10-08T09:00:00.000000,Poland,Poland,PL,375.26,433.38,49.34,48.08,entsoe.eu,false,""
2024-10-08T10:00:00.000000,Poland,Poland,PL,353.05,410.18,52.04,50.97,entsoe.eu,false,""
2024-10-08T11:00:00.000000,Poland,Poland,PL,344.85,402.32,52.44,51.7,entsoe.eu,false,""
2024-10-08T12:00:00.000000,Poland,Poland,PL,361.59,418.87,50.87,50.12,entsoe.eu,false,""
2024-10-08T13:00:00.000000,Poland,Poland,PL,413.4,472.73,44.59,44.08,entsoe.eu,false,""
2024-10-08T14:00:00.000000,Poland,Poland,PL,500.95,564.11,33.52,33.1,entsoe.eu,false,""
2024-10-08T15:00:00.000000,Poland,Poland,PL,559.57,626.13,24.87,24.33,entsoe.eu,false,""
2024-10-08T16:00:00.000000,Poland,Poland,PL,553.33,619.95,24.16,23.74,entsoe.eu,false,""
2024-10-08T17:00:00.000000,Poland,Poland,PL,523.1,586.77,28.81,27.95,entsoe.eu,false,""
2024-10-08T18:00:00.000000,Poland,Poland,PL,520.07,584.17,29.29,28.01,entsoe.eu,false,""
2024-10-08T19:00:00.000000,Poland,Poland,PL,529.27,593.35,28.61,27.49,entsoe.eu,false,""
2024-10-08T20:00:00.000000,Poland,Poland,PL,521.84,585.7,29.32,27.89,entsoe.eu,false,""
2024-10-08T21:00:00.000000,Poland,Poland,PL,516.55,581.0,29.55,28.05,entsoe.eu,false,""
2024-10-08T22:00:00.000000,Poland,Poland,PL,532.52,597.06,28.08,26.69,entsoe.eu,false,""
2024-10-08T23:00:00.000000,Poland,Poland,PL,537.59,602.09,27.79,26.3,entsoe.eu,false,""
2024-10-09T00:00:00.000000,Poland,Poland,PL,546.17,611.01,27.01,25.41,entsoe.eu,false,""
2024-10-09T01:00:00.000000,Poland,Poland,PL,544.45,609.02,27.19,25.67,entsoe.eu,false,""
2024-10-09T02:00:00.000000,Poland,Poland,PL,534.95,598.3,28.81,27.53,entsoe.eu,false,""
2024-10-09T03:00:00.000000,Poland,Poland,PL,546.64,610.13,27.7,26.7,entsoe.eu,false,""
2024-10-09T04:00:00.000000,Poland,Poland,PL,538.23,602.6,27.76,26.71,entsoe.eu,false,""
2024-10-09T05:00:00.000000,Poland,Poland,PL,519.51,582.13,30.58,28.72,entsoe.eu,false,""
2024-10-09T06:00:00.000000,Poland,Poland,PL,510.1,572.8,31.58,29.45,entsoe.eu,false,""
2024-10-09T07:00:00.000000,Poland,Poland,PL,514.78,576.73,32.09,30.08,entsoe.eu,false,""
2024-10-09T08:00:00.000000,Poland,Poland,PL,502.0,563.68,33.95,32.4,entsoe.eu,false,""
2024-10-09T09:00:00.000000,Poland,Poland,PL,488.24,549.41,35.68,34.16,entsoe.eu,false,""
2024-10-09T10:00:00.000000,Poland,Poland,PL,473.36,534.43,37.45,36.04,entsoe.eu,false,""
2024-10-09T11:00:00.000000,Poland,Poland,PL,473.34,534.36,37.75,36.42,entsoe.eu,false,""
2024-10-09T12:00:00.000000,Poland,Poland,PL,471.96,531.95,38.64,37.38,entsoe.eu,false,""
2024-10-09T13:00:00.000000,Poland,Poland,PL,463.83,523.63,39.75,37.18,entsoe.eu,false,""
2024-10-09T14:00:00.000000,Poland,Poland,PL,537.34,600.89,30.06,27.18,entsoe.eu,false,""
2024-10-09T15:00:00.000000,Poland,Poland,PL,588.37,654.77,22.42,20.62,entsoe.eu,false,""
2024-10-09T16:00:00.000000,Poland,Poland,PL,568.84,632.88,24.85,23.2,entsoe.eu,false,""
2024-10-09T17:00:00.000000,Poland,Poland,PL,540.36,602.84,28.39,26.77,entsoe.eu,false,""
2024-10-09T18:00:00.000000,Poland,Poland,PL,535.69,597.49,29.4,28.26,entsoe.eu,false,""
2024-10-09T19:00:00.000000,Poland,Poland,PL,536.26,597.58,29.81,28.8,entsoe.eu,false,""
2024-10-09T20:00:00.000000,Poland,Poland,PL,538.97,601.42,28.18,27.36,entsoe.eu,false,""
2024-10-09T21:00:00.000000,Poland,Poland,PL,528.69,591.33,28.89,28.3,entsoe.eu,false,""
2024-10-09T22:00:00.000000,Poland,Poland,PL,486.87,548.14,33.91,32.65,entsoe.eu,false,""
2024-10-09T23:00:00.000000,Poland,Poland,PL,465.66,526.34,35.91,34.56,entsoe.eu,false,""
2024-10-10T00:00:00.000000,Poland,Poland,PL,461.82,521.78,36.47,34.97,entsoe.eu,false,""
2024-10-10T01:00:00.000000,Poland,Poland,PL,449.03,507.53,38.5,37.22,entsoe.eu,false,""
2024-10-10T02:00:00.000000,Poland,Poland,PL,431.56,488.35,41.38,40.29,entsoe.eu,false,""
2024-10-10T03:00:00.000000,Poland,Poland,PL,420.37,477.3,42.78,42.39,entsoe.eu,false,""
2024-10-10T04:00:00.000000,Poland,Poland,PL,449.96,508.3,39.21,38.79,entsoe.eu,false,""
2024-10-10T05:00:00.000000,Poland,Poland,PL,446.39,504.0,40.03,39.74,entsoe.eu,false,""
2024-10-10T06:00:00.000000,Poland,Poland,PL,398.17,453.19,46.6,46.26,entsoe.eu,false,""
2024-10-10T07:00:00.000000,Poland,Poland,PL,337.8,390.21,54.35,53.88,entsoe.eu,false,""
2024-10-10T08:00:00.000000,Poland,Poland,PL,304.34,355.62,58.35,57.9,entsoe.eu,false,""
2024-10-10T09:00:00.000000,Poland,Poland,PL,298.25,349.38,58.63,58.26,entsoe.eu,false,""
2024-10-10T10:00:00.000000,Poland,Poland,PL,293.86,344.04,59.13,58.95,entsoe.eu,false,""
2024-10-10T11:00:00.000000,Poland,Poland,PL,291.75,340.77,59.74,59.63,entsoe.eu,false,""
2024-10-10T12:00:00.000000,Poland,Poland,PL,306.88,356.58,57.69,57.52,entsoe.eu,false,""
2024-10-10T13:00:00.000000,Poland,Poland,PL,341.71,393.42,53.16,52.96,entsoe.eu,false,""
2024-10-10T14:00:00.000000,Poland,Poland,PL,415.18,470.66,43.86,43.58,entsoe.eu,false,""
2024-10-10T15:00:00.000000,Poland,Poland,PL,458.26,514.97,39.22,38.83,entsoe.eu,false,""
2024-10-10T16:00:00.000000,Poland,Poland,PL,486.09,543.71,35.81,35.32,entsoe.eu,false,""
2024-10-10T17:00:00.000000,Poland,Poland,PL,516.8,576.3,31.9,31.57,entsoe.eu,false,""
2024-10-10T18:00:00.000000,Poland,Poland,PL,526.5,587.03,31.01,30.64,entsoe.eu,false,""
2024-10-10T19:00:00.000000,Poland,Poland,PL,532.68,594.16,30.52,30.14,entsoe.eu,false,""
2024-10-10T20:00:00.000000,Poland,Poland,PL,527.58,589.73,30.5,30.21,entsoe.eu,false,""
2024-10-10T21:00:00.000000,Poland,Poland,PL,513.79,575.87,31.78,31.58,entsoe.eu,false,""
2024-10-10T22:00:00.000000,Poland,Poland,PL,493.47,554.05,35.15,34.74,entsoe.eu,false,""
2024-10-10T23:00:00.000000,Poland,Poland,PL,497.1,558.32,34.5,34.05,entsoe.eu,false,""
2024-10-11T00:00:00.000000,Poland,Poland,PL,510.23,572.74,32.19,31.71,entsoe.eu,false,""
2024-10-11T01:00:00.000000,Poland,Poland,PL,526.26,590.38,29.78,29.49,entsoe.eu,false,""
2024-10-11T02:00:00.000000,Poland,Poland,PL,527.61,591.26,30.13,29.75,entsoe.eu,false,""
2024-10-11T03:00:00.000000,Poland,Poland,PL,537.61,601.81,29.12,28.61,entsoe.eu,false,""
2024-10-11T04:00:00.000000,Poland,Poland,PL,543.39,607.97,28.45,27.27,entsoe.eu,false,""
2024-10-11T05:00:00.000000,Poland,Poland,PL,556.15,621.35,26.37,25.82,entsoe.eu,false,""
2024-10-11T06:00:00.000000,Poland,Poland,PL,539.08,602.91,28.69,28.35,entsoe.eu,false,""
2024-10-11T07:00:00.000000,Poland,Poland,PL,492.4,552.3,35.28,34.33,entsoe.eu,false,""
2024-10-11T08:00:00.000000,Poland,Poland,PL,464.85,524.63,38.03,37.73,entsoe.eu,false,""
2024-10-11T09:00:00.000000,Poland,Poland,PL,420.82,478.08,43.91,43.72,entsoe.eu,false,""
2024-10-11T10:00:00.000000,Poland,Poland,PL,399.96,455.69,46.89,46.73,entsoe.eu,false,""
2024-10-11T11:00:00.000000,Poland,Poland,PL,389.37,444.63,48.3,48.18,entsoe.eu,false,""
2024-10-11T12:00:00.000000,Poland,Poland,PL,395.71,451.3,47.46,47.25,entsoe.eu,false,""
2024-10-11T13:00:00.000000,Poland,Poland,PL,447.84,505.74,40.83,40.43,entsoe.eu,false,""
2024-10-11T14:00:00.000000,Poland,Poland,PL,530.38,593.77,29.23,28.84,entsoe.eu,false,""
2024-10-11T15:00:00.000000,Poland,Poland,PL,583.93,649.45,22.72,21.62,entsoe.eu,false,""
2024-10-11T16:00:00.000000,Poland,Poland,PL,604.72,671.15,19.21,17.99,entsoe.eu,false,""
2024-10-11T17:00:00.000000,Poland,Poland,PL,586.82,652.49,21.25,20.21,entsoe.eu,false,""
2024-10-11T18:00:00.000000,Poland,Poland,PL,583.21,647.9,22.92,21.67,entsoe.eu,false,""
2024-10-11T19:00:00.000000,Poland,Poland,PL,578.25,643.64,23.62,22.37,entsoe.eu,false,""
2024-10-11T20:00:00.000000,Poland,Poland,PL,579.59,643.79,24.54,23.1,entsoe.eu,false,""
2024-10-11T21:00:00.000000,Poland,Poland,PL,583.24,647.62,24.18,22.93,entsoe.eu,false,""
2024-10-11T22:00:00.000000,Poland,Poland,PL,577.45,642.64,24.52,22.6,entsoe.eu,false,""
2024-10-11T23:00:00.000000,Poland,Poland,PL,589.77,655.54,22.82,20.58,entsoe.eu,false,""
2024-10-12T00:00:00.000000,Poland,Poland,PL,586.54,653.78,22.95,20.0,entsoe.eu,false,""
2024-10-12T01:00:00.000000,Poland,Poland,PL,610.2,678.86,20.1,17.41,entsoe.eu,false,""
2024-10-12T02:00:00.000000,Poland,Poland,PL,608.44,677.72,20.51,16.93,entsoe.eu,false,""
2024-10-12T03:00:00.000000,Poland,Poland,PL,620.06,689.7,19.55,15.74,entsoe.eu,false,""
2024-10-12T04:00:00.000000,Poland,Poland,PL,613.36,683.04,20.35,16.06,entsoe.eu,false,""
2024-10-12T05:00:00.000000,Poland,Poland,PL,582.28,650.84,24.71,20.66,entsoe.eu,false,""
2024-10-12T06:00:00.000000,Poland,Poland,PL,522.26,588.71,31.53,30.64,entsoe.eu,false,""
2024-10-12T07:00:00.000000,Poland,Poland,PL,436.62,499.01,42.38,42.29,entsoe.eu,false,""
2024-10-12T08:00:00.000000,Poland,Poland,PL,359.35,418.59,51.96,51.93,entsoe.eu,false,""
2024-10-12T09:00:00.000000,Poland,Poland,PL,333.46,390.62,55.42,55.33,entsoe.eu,false,""
2024-10-12T10:00:00.000000,Poland,Poland,PL,377.66,436.91,49.54,49.28,entsoe.eu,false,""
2024-10-12T11:00:00.000000,Poland,Poland,PL,392.58,452.51,47.57,46.64,entsoe.eu,false,""
2024-10-12T12:00:00.000000,Poland,Poland,PL,402.72,463.36,46.1,45.18,entsoe.eu,false,""
2024-10-12T13:00:00.000000,Poland,Poland,PL,441.22,503.46,41.58,41.02,entsoe.eu,false,""
2024-10-12T14:00:00.000000,Poland,Poland,PL,511.92,577.59,32.69,31.58,entsoe.eu,false,""
2024-10-12T15:00:00.000000,Poland,Poland,PL,559.61,626.38,26.14,23.81,entsoe.eu,false,""
2024-10-12T16:00:00.000000,Poland,Poland,PL,530.91,593.15,30.29,27.76,entsoe.eu,false,""
2024-10-12T17:00:00.000000,Poland,Poland,PL,498.81,558.31,34.5,32.78,entsoe.eu,false,""
2024-10-12T18:00:00.000000,Poland,Poland,PL,474.03,533.66,37.43,36.28,entsoe.eu,false,""
2024-10-12T19:00:00.000000,Poland,Poland,PL,474.42,533.79,37.28,36.99,entsoe.eu,false,""
2024-10-12T20:00:00.000000,Poland,Poland,PL,439.5,496.96,41.73,41.28,entsoe.eu,false,""
2024-10-12T21:00:00.000000,Poland,Poland,PL,442.92,499.92,41.37,41.19,entsoe.eu,false,""
2024-10-12T22:00:00.000000,Poland,Poland,PL,459.84,517.61,39.07,39.0,entsoe.eu,false,""
2024-10-12T23:00:00.000000,Poland,Poland,PL,496.93,557.22,34.4,34.31,entsoe.eu,false,""
2024-10-13T00:00:00.000000,Poland,Poland,PL,490.41,551.26,34.62,34.6,entsoe.eu,false,""
2024-10-13T01:00:00.000000,Poland,Poland,PL,490.6,551.73,34.62,34.6,entsoe.eu,false,""
2024-10-13T02:00:00.000000,Poland,Poland,PL,488.71,549.97,34.99,34.96,entsoe.eu,false,""
2024-10-13T03:00:00.000000,Poland,Poland,PL,480.69,540.73,36.19,36.18,entsoe.eu,false,""
2024-10-13T04:00:00.000000,Poland,Poland,PL,432.4,488.11,43.16,43.16,entsoe.eu,false,""
2024-10-13T05:00:00.000000,Poland,Poland,PL,391.58,444.16,48.54,48.53,entsoe.eu,false,""
2024-10-13T06:00:00.000000,Poland,Poland,PL,371.15,422.18,51.0,50.99,entsoe.eu,false,""
2024-10-13T07:00:00.000000,Poland,Poland,PL,348.59,398.55,54.18,54.18,entsoe.eu,false,""
2024-10-13T08:00:00.000000,Poland,Poland,PL,352.79,402.84,53.65,53.65,entsoe.eu,false,""
2024-10-13T09:00:00.000000,Poland,Poland,PL,354.99,404.9,53.46,53.46,entsoe.eu,false,""
2024-10-13T10:00:00.000000,Poland,Poland,PL,386.48,439.0,48.97,48.97,entsoe.eu,false,""
2024-10-13T11:00:00.000000,Poland,Poland,PL,387.69,440.56,48.65,48.65,entsoe.eu,false,""
2024-10-13T12:00:00.000000,Poland,Poland,PL,389.94,442.58,48.79,48.79,entsoe.eu,false,""
2024-10-13T13:00:00.000000,Poland,Poland,PL,387.37,440.14,48.73,48.73,entsoe.eu,false,""
2024-10-13T14:00:00.000000,Poland,Poland,PL,387.63,438.77,48.96,48.93,entsoe.eu,false,""
2024-10-13T15:00:00.000000,Poland,Poland,PL,393.62,445.08,48.14,48.05,entsoe.eu,false,""
2024-10-13T16:00:00.000000,Poland,Poland,PL,400.22,451.92,47.12,46.95,entsoe.eu,false,""
2024-10-13T17:00:00.000000,Poland,Poland,PL,404.51,456.56,46.36,46.23,entsoe.eu,false,""
2024-10-13T18:00:00.000000,Poland,Poland,PL,399.73,451.21,47.78,47.57,entsoe.eu,false,""
2024-10-13T19:00:00.000000,Poland,Poland,PL,393.52,444.42,48.93,48.74,entsoe.eu,false,""
2024-10-13T20:00:00.000000,Poland,Poland,PL,388.47,439.37,49.14,49.01,entsoe.eu,false,""
2024-10-13T21:00:00.000000,Poland,Poland,PL,379.09,429.04,50.45,50.32,entsoe.eu,false,""
2024-10-13T22:00:00.000000,Poland,Poland,PL,386.17,436.03,49.82,49.61,entsoe.eu,false,""
2024-10-13T23:00:00.000000,Poland,Poland,PL,402.35,454.3,46.88,46.66,entsoe.eu,false,""
2024-10-14T00:00:00.000000,Poland,Poland,PL,388.72,438.52,49.19,48.88,entsoe.eu,false,""
2024-10-14T01:00:00.000000,Poland,Poland,PL,392.97,442.9,48.73,48.44,entsoe.eu,false,""
2024-10-14T02:00:00.000000,Poland,Poland,PL,406.91,457.72,47.17,47.04,entsoe.eu,false,""
2024-10-14T03:00:00.000000,Poland,Poland,PL,428.74,481.93,44.42,44.02,entsoe.eu,false,""
2024-10-14T04:00:00.000000,Poland,Poland,PL,472.31,528.22,39.29,38.64,entsoe.eu,false,""
2024-10-14T05:00:00.000000,Poland,Poland,PL,495.31,552.13,36.52,36.04,entsoe.eu,false,""
2024-10-14T06:00:00.000000,Poland,Poland,PL,486.74,542.41,38.04,37.55,entsoe.eu,false,""
2024-10-14T07:00:00.000000,Poland,Poland,PL,435.67,488.69,44.57,43.33,entsoe.eu,false,""
2024-10-14T08:00:00.000000,Poland,Poland,PL,412.24,464.24,47.46,45.73,entsoe.eu,false,""
2024-10-14T09:00:00.000000,Poland,Poland,PL,419.86,472.92,46.33,45.13,entsoe.eu,false,""
2024-10-14T10:00:00.000000,Poland,Poland,PL,403.96,456.64,48.25,46.6,entsoe.eu,false,""
2024-10-14T11:00:00.000000,Poland,Poland,PL,417.02,471.75,45.71,44.63,entsoe.eu,false,""
2024-10-14T12:00:00.000000,Poland,Poland,PL,451.23,507.89,41.38,40.69,entsoe.eu,false,""
2024-10-14T13:00:00.000000,Poland,Poland,PL,510.97,571.0,34.16,33.9,entsoe.eu,false,""
2024-10-14T14:00:00.000000,Poland,Poland,PL,571.75,636.51,25.82,25.26,entsoe.eu,false,""
2024-10-14T15:00:00.000000,Poland,Poland,PL,616.74,684.75,18.99,18.56,entsoe.eu,false,""
2024-10-14T16:00:00.000000,Poland,Poland,PL,635.08,702.67,16.78,16.32,entsoe.eu,false,""
2024-10-14T17:00:00.000000,Poland,Poland,PL,627.24,694.48,17.82,17.15,entsoe.eu,false,""
2024-10-14T18:00:00.000000,Poland,Poland,PL,611.34,679.39,19.53,18.72,entsoe.eu,false,""
2024-10-14T19:00:00.000000,Poland,Poland,PL,617.65,687.03,19.1,18.21,entsoe.eu,false,""
2024-10-14T20:00:00.000000,Poland,Poland,PL,626.14,694.94,19.0,18.25,entsoe.eu,false,""
2024-10-14T21:00:00.000000,Poland,Poland,PL,631.98,700.48,18.78,17.79,entsoe.eu,false,""
2024-10-14T22:00:00.000000,Poland,Poland,PL,622.69,692.03,19.34,18.07,entsoe.eu,false,""
2024-10-14T23:00:00.000000,Poland,Poland,PL,628.94,698.24,18.51,17.55,entsoe.eu,false,""
2024-10-15T00:00:00.000000,Poland,Poland,PL,622.1,691.47,19.24,18.2,entsoe.eu,false,""
2024-10-15T01:00:00.000000,Poland,Poland,PL,619.38,688.85,19.53,18.44,entsoe.eu,false,""
2024-10-15T02:00:00.000000,Poland,Poland,PL,623.53,693.77,18.92,17.74,entsoe.eu,false,""
2024-10-15T03:00:00.000000,Poland,Poland,PL,614.24,684.25,20.5,18.27,entsoe.eu,false,""
2024-10-15T04:00:00.000000,Poland,Poland,PL,612.21,682.59,19.5,16.77,entsoe.eu,false,""
2024-10-15T05:00:00.000000,Poland,Poland,PL,605.06,674.01,20.25,16.99,entsoe.eu,false,""
2024-10-15T06:00:00.000000,Poland,Poland,PL,572.59,639.72,24.41,21.09,entsoe.eu,false,""
2024-10-15T07:00:00.000000,Poland,Poland,PL,519.23,584.88,31.33,28.68,entsoe.eu,false,""
2024-10-15T08:00:00.000000,Poland,Poland,PL,487.26,550.46,36.16,34.66,entsoe.eu,false,""
2024-10-15T09:00:00.000000,Poland,Poland,PL,472.15,534.5,38.1,36.83,entsoe.eu,false,""
2024-10-15T10:00:00.000000,Poland,Poland,PL,474.05,536.54,37.92,36.77,entsoe.eu,false,""
2024-10-15T11:00:00.000000,Poland,Poland,PL,497.07,561.5,34.34,33.36,entsoe.eu,false,""
2024-10-15T12:00:00.000000,Poland,Poland,PL,519.42,584.81,31.58,30.73,entsoe.eu,false,""
2024-10-15T13:00:00.000000,Poland,Poland,PL,536.86,602.74,29.79,27.49,entsoe.eu,false,""
2024-10-15T14:00:00.000000,Poland,Poland,PL,595.36,664.09,22.41,20.08,entsoe.eu,false,""
2024-10-15T15:00:00.000000,Poland,Poland,PL,645.2,716.91,14.83,12.64,entsoe.eu,false,""
2024-10-15T16:00:00.000000,Poland,Poland,PL,640.44,710.87,15.81,12.54,entsoe.eu,false,""
2024-10-15T17:00:00.000000,Poland,Poland,PL,632.76,702.98,16.53,13.8,entsoe.eu,false,""
2024-10-15T18:00:00.000000,Poland,Poland,PL,640.6,711.55,15.48,13.3,entsoe.eu,false,""
2024-10-15T19:00:00.000000,Poland,Poland,PL,638.3,710.82,15.79,13.62,entsoe.eu,false,""
2024-10-15T20:00:00.000000,Poland,Poland,PL,631.95,705.04,16.34,14.07,entsoe.eu,false,""
2024-10-15T21:00:00.000000,Poland,Poland,PL,627.07,699.11,17.92,15.92,entsoe.eu,false,""
2024-10-15T22:00:00.000000,Poland,Poland,PL,624.58,697.07,17.78,16.01,entsoe.eu,false,""
2024-10-15T23:00:00.000000,Poland,Poland,PL,621.92,694.3,18.09,16.65,entsoe.eu,false,""
2024-10-16T00:00:00.000000,Poland,Poland,PL,614.99,686.74,18.97,17.73,entsoe.eu,false,""
2024-10-16T01:00:00.000000,Poland,Poland,PL,599.95,670.74,20.82,19.67,entsoe.eu,false,""
2024-10-16T02:00:00.000000,Poland,Poland,PL,582.36,652.07,22.94,21.67,entsoe.eu,false,""
2024-10-16T03:00:00.000000,Poland,Poland,PL,590.98,660.8,21.32,20.68,entsoe.eu,false,""
2024-10-16T04:00:00.000000,Poland,Poland,PL,590.19,658.55,21.78,21.08,entsoe.eu,false,""
2024-10-16T05:00:00.000000,Poland,Poland,PL,573.18,638.92,24.68,23.83,entsoe.eu,false,""
2024-10-16T06:00:00.000000,Poland,Poland,PL,516.53,580.13,31.52,30.93,entsoe.eu,false,""
2024-10-16T07:00:00.000000,Poland,Poland,PL,435.35,495.34,42.33,41.64,entsoe.eu,false,""
2024-10-16T08:00:00.000000,Poland,Poland,PL,401.95,460.85,46.33,45.58,entsoe.eu,false,""
2024-10-16T09:00:00.000000,Poland,Poland,PL,357.5,412.89,52.71,52.16,entsoe.eu,false,""
2024-10-16T10:00:00.000000,Poland,Poland,PL,342.48,396.08,54.94,54.85,entsoe.eu,false,""
2024-10-16T11:00:00.000000,Poland,Poland,PL,332.17,384.9,56.09,56.01,entsoe.eu,false,""
2024-10-16T12:00:00.000000,Poland,Poland,PL,349.77,403.13,53.82,53.81,entsoe.eu,false,""
2024-10-16T13:00:00.000000,Poland,Poland,PL,391.59,447.08,48.55,48.43,entsoe.eu,false,""
2024-10-16T14:00:00.000000,Poland,Poland,PL,481.02,541.61,36.55,36.23,entsoe.eu,false,""
2024-10-16T15:00:00.000000,Poland,Poland,PL,547.82,610.93,27.66,27.33,entsoe.eu,false,""
2024-10-16T16:00:00.000000,Poland,Poland,PL,527.58,588.47,29.98,29.64,entsoe.eu,false,""
2024-10-16T17:00:00.000000,Poland,Poland,PL,493.51,552.3,34.1,33.83,entsoe.eu,false,""
2024-10-16T18:00:00.000000,Poland,Poland,PL,480.35,537.5,36.66,36.34,entsoe.eu,false,""
2024-10-16T19:00:00.000000,Poland,Poland,PL,455.04,510.48,40.29,39.93,entsoe.eu,false,""
2024-10-16T20:00:00.000000,Poland,Poland,PL,418.23,472.73,44.17,43.63,entsoe.eu,false,""
2024-10-16T21:00:00.000000,Poland,Poland,PL,398.7,453.53,45.85,45.56,entsoe.eu,false,""
2024-10-16T22:00:00.000000,Poland,Poland,PL,392.56,446.9,46.41,46.18,entsoe.eu,false,""
2024-10-16T23:00:00.000000,Poland,Poland,PL,390.87,444.39,46.77,46.46,entsoe.eu,false,""
2024-10-17T00:00:00.000000,Poland,Poland,PL,394.81,448.33,46.14,45.85,entsoe.eu,false,""
2024-10-17T01:00:00.000000,Poland,Poland,PL,390.26,442.59,47.5,47.12,entsoe.eu,false,""
2024-10-17T02:00:00.000000,Poland,Poland,PL,397.1,450.13,46.53,46.22,entsoe.eu,false,""
2024-10-17T03:00:00.000000,Poland,Poland,PL,404.04,457.51,45.64,45.18,entsoe.eu,false,""
2024-10-17T04:00:00.000000,Poland,Poland,PL,438.48,493.82,41.36,40.93,entsoe.eu,false,""
2024-10-17T05:00:00.000000,Poland,Poland,PL,439.78,494.88,41.57,41.13,entsoe.eu,false,""
2024-10-17T06:00:00.000000,Poland,Poland,PL,394.55,447.68,47.47,47.06,entsoe.eu,false,""
2024-10-17T07:00:00.000000,Poland,Poland,PL,329.0,379.27,56.21,55.64,entsoe.eu,false,""
2024-10-17T08:00:00.000000,Poland,Poland,PL,278.03,326.46,62.49,61.81,entsoe.eu,false,""
2024-10-17T09:00:00.000000,Poland,Poland,PL,284.98,334.97,61.21,60.47,entsoe.eu,false,""
2024-10-17T10:00:00.000000,Poland,Poland,PL,299.23,348.78,60.01,59.46,entsoe.eu,false,""
2024-10-17T11:00:00.000000,Poland,Poland,PL,272.37,320.14,63.46,63.07,entsoe.eu,false,""
2024-10-17T12:00:00.000000,Poland,Poland,PL,277.64,325.04,63.03,62.98,entsoe.eu,false,""
2024-10-17T13:00:00.000000,Poland,Poland,PL,333.16,383.17,55.8,55.73,entsoe.eu,false,""
2024-10-17T14:00:00.000000,Poland,Poland,PL,435.89,491.59,42.1,42.04,entsoe.eu,false,""
2024-10-17T15:00:00.000000,Poland,Poland,PL,501.31,560.35,33.15,33.03,entsoe.eu,false,""
2024-10-17T16:00:00.000000,Poland,Poland,PL,497.63,555.82,33.72,33.59,entsoe.eu,false,""
2024-10-17T17:00:00.000000,Poland,Poland,PL,483.27,540.13,35.92,35.78,entsoe.eu,false,""
2024-10-17T18:00:00.000000,Poland,Poland,PL,476.85,533.49,37.28,36.72,entsoe.eu,false,""
2024-10-17T19:00:00.000000,Poland,Poland,PL,483.33,539.77,36.44,35.83,entsoe.eu,false,""
2024-10-17T20:00:00.000000,Poland,Poland,PL,487.78,545.19,35.41,34.99,entsoe.eu,false,""
2024-10-17T21:00:00.000000,Poland,Poland,PL,470.93,528.76,36.86,36.09,entsoe.eu,false,""
2024-10-17T22:00:00.000000,Poland,Poland,PL,474.62,532.18,37.01,36.04,entsoe.eu,false,""
2024-10-17T23:00:00.000000,Poland,Poland,PL,474.07,531.8,37.08,35.94,entsoe.eu,false,""
2024-10-18T00:00:00.000000,Poland,Poland,PL,480.71,539.28,36.2,35.25,entsoe.eu,false,""
2024-10-18T01:00:00.000000,Poland,Poland,PL,487.36,546.61,35.15,34.19,entsoe.eu,false,""
2024-10-18T02:00:00.000000,Poland,Poland,PL,492.12,551.86,34.52,33.59,entsoe.eu,false,""
2024-10-18T03:00:00.000000,Poland,Poland,PL,515.82,575.74,32.67,32.27,entsoe.eu,false,""
2024-10-18T04:00:00.000000,Poland,Poland,PL,525.93,587.44,31.57,30.99,entsoe.eu,false,""
2024-10-18T05:00:00.000000,Poland,Poland,PL,524.84,585.38,31.86,31.0,entsoe.eu,false,""
2024-10-18T06:00:00.000000,Poland,Poland,PL,486.47,545.11,36.88,36.31,entsoe.eu,false,""
2024-10-18T07:00:00.000000,Poland,Poland,PL,446.41,503.91,42.21,41.71,entsoe.eu,false,""
2024-10-18T08:00:00.000000,Poland,Poland,PL,405.17,462.39,47.01,46.61,entsoe.eu,false,""
2024-10-18T09:00:00.000000,Poland,Poland,PL,367.61,422.87,51.73,51.28,entsoe.eu,false,""
2024-10-18T10:00:00.000000,Poland,Poland,PL,338.21,391.98,55.41,54.73,entsoe.eu,false,""
2024-10-18T11:00:00.000000,Poland,Poland,PL,336.39,389.65,55.75,55.45,entsoe.eu,false,""
2024-10-18T12:00:00.000000,Poland,Poland,PL,356.2,410.32,52.91,52.91,entsoe.eu,false,""
2024-10-18T13:00:00.000000,Poland,Poland,PL,430.52,486.84,44.03,44.02,entsoe.eu,false,""
2024-10-18T14:00:00.000000,Poland,Poland,PL,498.64,558.92,35.03,34.63,entsoe.eu,false,""
2024-10-18T15:00:00.000000,Poland,Poland,PL,541.85,603.28,29.16,28.79,entsoe.eu,false,""
2024-10-18T16:00:00.000000,Poland,Poland,PL,518.86,578.42,31.88,31.52,entsoe.eu,false,""
2024-10-18T17:00:00.000000,Poland,Poland,PL,495.7,553.67,35.05,34.65,entsoe.eu,false,""
2024-10-18T18:00:00.000000,Poland,Poland,PL,489.07,546.79,36.13,35.75,entsoe.eu,false,""
2024-10-18T19:00:00.000000,Poland,Poland,PL,489.9,547.78,35.87,35.62,entsoe.eu,false,""
2024-10-18T20:00:00.000000,Poland,Poland,PL,495.0,553.75,34.43,34.36,entsoe.eu,false,""
2024-10-18T21:00:00.000000,Poland,Poland,PL,489.17,547.98,35.06,35.02,entsoe.eu,false,""
2024-10-18T22:00:00.000000,Poland,Poland,PL,472.18,530.35,37.22,37.09,entsoe.eu,false,""
2024-10-18T23:00:00.000000,Poland,Poland,PL,466.08,523.86,37.56,37.44,entsoe.eu,false,""
2024-10-19T00:00:00.000000,Poland,Poland,PL,462.72,519.8,38.34,38.03,entsoe.eu,false,""
2024-10-19T01:00:00.000000,Poland,Poland,PL,457.07,515.12,38.14,37.85,entsoe.eu,false,""
2024-10-19T02:00:00.000000,Poland,Poland,PL,454.76,511.32,39.56,39.3,entsoe.eu,false,""
2024-10-19T03:00:00.000000,Poland,Poland,PL,454.34,512.61,39.21,38.87,entsoe.eu,false,""
2024-10-19T04:00:00.000000,Poland,Poland,PL,461.62,520.84,38.37,37.96,entsoe.eu,false,""
2024-10-19T05:00:00.000000,Poland,Poland,PL,463.1,522.36,38.03,37.74,entsoe.eu,false,""
2024-10-19T06:00:00.000000,Poland,Poland,PL,422.44,479.18,43.53,43.31,entsoe.eu,false,""
2024-10-19T07:00:00.000000,Poland,Poland,PL,379.06,434.08,48.95,48.55,entsoe.eu,false,""
2024-10-19T08:00:00.000000,Poland,Poland,PL,341.1,395.84,53.78,53.49,entsoe.eu,false,""
2024-10-19T09:00:00.000000,Poland,Poland,PL,330.53,384.82,55.41,55.2,entsoe.eu,false,""
2024-10-19T10:00:00.000000,Poland,Poland,PL,329.84,384.88,55.02,55.02,entsoe.eu,false,""
2024-10-19T11:00:00.000000,Poland,Poland,PL,315.37,368.74,57.45,57.32,entsoe.eu,false,""
2024-10-19T12:00:00.000000,Poland,Poland,PL,332.72,387.22,54.8,54.79,entsoe.eu,false,""
2024-10-19T13:00:00.000000,Poland,Poland,PL,394.08,451.68,46.74,46.69,entsoe.eu,false,""
2024-10-19T14:00:00.000000,Poland,Poland,PL,489.25,551.69,35.03,34.58,entsoe.eu,false,""
2024-10-19T15:00:00.000000,Poland,Poland,PL,500.39,561.51,33.98,33.32,entsoe.eu,false,""
2024-10-19T16:00:00.000000,Poland,Poland,PL,473.88,532.18,37.14,36.51,entsoe.eu,false,""
2024-10-19T17:00:00.000000,Poland,Poland,PL,453.24,510.33,40.01,39.3,entsoe.eu,false,""
2024-10-19T18:00:00.000000,Poland,Poland,PL,460.67,518.68,39.4,38.67,entsoe.eu,false,""
2024-10-19T19:00:00.000000,Poland,Poland,PL,457.7,516.67,39.54,38.86,entsoe.eu,false,""
2024-10-19T20:00:00.000000,Poland,Poland,PL,466.74,525.88,38.26,37.74,entsoe.eu,false,""
2024-10-19T21:00:00.000000,Poland,Poland,PL,457.41,516.84,38.84,38.33,entsoe.eu,false,""
2024-10-19T22:00:00.000000,Poland,Poland,PL,474.31,534.65,36.48,35.79,entsoe.eu,false,""
2024-10-19T23:00:00.000000,Poland,Poland,PL,463.67,524.76,37.15,36.43,entsoe.eu,false,""
2024-10-20T00:00:00.000000,Poland,Poland,PL,468.32,530.25,36.24,35.51,entsoe.eu,false,""
2024-10-20T01:00:00.000000,Poland,Poland,PL,478.39,541.02,34.98,34.21,entsoe.eu,false,""
2024-10-20T02:00:00.000000,Poland,Poland,PL,485.19,548.49,34.19,33.42,entsoe.eu,false,""
2024-10-20T03:00:00.000000,Poland,Poland,PL,482.05,545.64,34.78,33.92,entsoe.eu,false,""
2024-10-20T04:00:00.000000,Poland,Poland,PL,495.42,559.19,33.43,32.81,entsoe.eu,false,""
2024-10-20T05:00:00.000000,Poland,Poland,PL,482.85,545.69,35.22,34.6,entsoe.eu,false,""
2024-10-20T06:00:00.000000,Poland,Poland,PL,434.84,494.77,41.81,41.13,entsoe.eu,false,""
2024-10-20T07:00:00.000000,Poland,Poland,PL,386.42,445.32,47.62,46.72,entsoe.eu,false,""
2024-10-20T08:00:00.000000,Poland,Poland,PL,368.89,427.54,50.0,49.42,entsoe.eu,false,""
2024-10-20T09:00:00.000000,Poland,Poland,PL,379.11,438.77,48.62,48.01,entsoe.eu,false,""
2024-10-20T10:00:00.000000,Poland,Poland,PL,388.7,450.03,46.52,46.34,entsoe.eu,false,""
2024-10-20T11:00:00.000000,Poland,Poland,PL,398.53,460.26,45.2,44.95,entsoe.eu,false,""
2024-10-20T12:00:00.000000,Poland,Poland,PL,386.52,447.53,46.65,46.47,entsoe.eu,false,""
2024-10-20T13:00:00.000000,Poland,Poland,PL,416.06,477.71,43.59,43.3,entsoe.eu,false,""
2024-10-20T14:00:00.000000,Poland,Poland,PL,486.54,551.13,34.48,33.98,entsoe.eu,false,""
2024-10-20T15:00:00.000000,Poland,Poland,PL,492.8,554.49,34.21,33.54,entsoe.eu,false,""
2024-10-20T16:00:00.000000,Poland,Poland,PL,453.06,510.56,39.33,38.86,entsoe.eu,false,""
2024-10-20T17:00:00.000000,Poland,Poland,PL,427.69,483.75,42.52,42.05,entsoe.eu,false,""
2024-10-20T18:00:00.000000,Poland,Poland,PL,432.99,489.78,42.05,41.65,entsoe.eu,false,""
2024-10-20T19:00:00.000000,Poland,Poland,PL,431.85,489.21,41.66,41.29,entsoe.eu,false,""
2024-10-20T20:00:00.000000,Poland,Poland,PL,417.99,475.11,43.04,42.61,entsoe.eu,false,""
2024-10-20T21:00:00.000000,Poland,Poland,PL,414.45,472.62,42.85,42.53,entsoe.eu,false,""
2024-10-20T22:00:00.000000,Poland,Poland,PL,416.8,474.88,43.08,42.84,entsoe.eu,false,""
2024-10-20T23:00:00.000000,Poland,Poland,PL,407.08,464.47,44.37,43.97,entsoe.eu,false,""
2024-10-21T00:00:00.000000,Poland,Poland,PL,417.58,476.29,42.5,42.13,entsoe.eu,false,""
2024-10-21T01:00:00.000000,Poland,Poland,PL,427.03,485.81,41.81,41.37,entsoe.eu,false,""
2024-10-21T02:00:00.000000,Poland,Poland,PL,438.36,497.79,40.71,40.15,entsoe.eu,false,""
2024-10-21T03:00:00.000000,Poland,Poland,PL,464.11,524.61,37.84,37.4,entsoe.eu,false,""
2024-10-21T04:00:00.000000,Poland,Poland,PL,504.44,567.47,32.04,31.64,entsoe.eu,false,""
2024-10-21T05:00:00.000000,Poland,Poland,PL,514.96,577.27,31.35,30.96,entsoe.eu,false,""
2024-10-21T06:00:00.000000,Poland,Poland,PL,480.67,540.93,36.37,36.04,entsoe.eu,false,""
2024-10-21T07:00:00.000000,Poland,Poland,PL,464.23,523.78,38.96,38.7,entsoe.eu,false,""
2024-10-21T08:00:00.000000,Poland,Poland,PL,446.22,505.75,41.16,40.58,entsoe.eu,false,""
2024-10-21T09:00:00.000000,Poland,Poland,PL,438.91,499.17,41.62,40.95,entsoe.eu,false,""
2024-10-21T10:00:00.000000,Poland,Poland,PL,432.74,492.8,42.44,41.67,entsoe.eu,false,""
2024-10-21T11:00:00.000000,Poland,Poland,PL,443.8,505.17,40.91,39.66,entsoe.eu,false,""
2024-10-21T12:00:00.000000,Poland,Poland,PL,507.11,571.35,33.04,32.07,entsoe.eu,false,""
2024-10-21T13:00:00.000000,Poland,Poland,PL,556.49,623.27,27.02,25.97,entsoe.eu,false,""
2024-10-21T14:00:00.000000,Poland,Poland,PL,603.12,673.02,20.03,18.89,entsoe.eu,false,""
2024-10-21T15:00:00.000000,Poland,Poland,PL,607.92,677.76,19.17,17.64,entsoe.eu,false,""
2024-10-21T16:00:00.000000,Poland,Poland,PL,610.61,679.57,18.75,17.36,entsoe.eu,false,""
2024-10-21T17:00:00.000000,Poland,Poland,PL,604.17,672.88,19.48,18.15,entsoe.eu,false,""
2024-10-21T18:00:00.000000,Poland,Poland,PL,601.9,671.02,19.78,18.5,entsoe.eu,false,""
2024-10-21T19:00:00.000000,Poland,Poland,PL,608.52,678.56,19.54,18.04,entsoe.eu,false,""
2024-10-21T20:00:00.000000,Poland,Poland,PL,609.25,678.81,20.3,18.76,entsoe.eu,false,""
2024-10-21T21:00:00.000000,Poland,Poland,PL,620.26,691.21,18.43,17.13,entsoe.eu,false,""
2024-10-21T22:00:00.000000,Poland,Poland,PL,614.86,686.38,19.66,17.1,entsoe.eu,false,""
2024-10-21T23:00:00.000000,Poland,Poland,PL,642.11,714.71,16.06,14.45,entsoe.eu,false,""
2024-10-22T00:00:00.000000,Poland,Poland,PL,636.89,709.71,16.6,15.03,entsoe.eu,false,""
2024-10-22T01:00:00.000000,Poland,Poland,PL,631.02,703.32,17.47,15.91,entsoe.eu,false,""
2024-10-22T02:00:00.000000,Poland,Poland,PL,624.41,695.72,18.48,17.27,entsoe.eu,false,""
2024-10-22T03:00:00.000000,Poland,Poland,PL,622.98,694.45,17.9,17.23,entsoe.eu,false,""
2024-10-22T04:00:00.000000,Poland,Poland,PL,606.61,677.99,18.68,17.94,entsoe.eu,false,""
2024-10-22T05:00:00.000000,Poland,Poland,PL,582.1,650.49,21.94,20.94,entsoe.eu,false,""
2024-10-22T06:00:00.000000,Poland,Poland,PL,535.46,600.36,28.58,27.86,entsoe.eu,false,""
2024-10-22T07:00:00.000000,Poland,Poland,PL,472.77,533.51,37.92,37.03,entsoe.eu,false,""
2024-10-22T08:00:00.000000,Poland,Poland,PL,417.49,475.57,44.98,44.15,entsoe.eu,false,""
2024-10-22T09:00:00.000000,Poland,Poland,PL,370.19,426.33,50.74,49.98,entsoe.eu,false,""
2024-10-22T10:00:00.000000,Poland,Poland,PL,352.63,407.33,52.94,52.27,entsoe.eu,false,""
2024-10-22T11:00:00.000000,Poland,Poland,PL,359.36,413.84,52.05,51.54,entsoe.eu,false,""
2024-10-22T12:00:00.000000,Poland,Poland,PL,379.86,435.15,49.44,49.27,entsoe.eu,false,""
2024-10-22T13:00:00.000000,Poland,Poland,PL,440.61,498.57,41.77,41.51,entsoe.eu,false,""
2024-10-22T14:00:00.000000,Poland,Poland,PL,515.42,577.49,31.83,31.46,entsoe.eu,false,""
2024-10-22T15:00:00.000000,Poland,Poland,PL,539.05,602.68,28.09,27.63,entsoe.eu,false,""
2024-10-22T16:00:00.000000,Poland,Poland,PL,527.46,589.78,29.18,28.78,entsoe.eu,false,""
2024-10-22T17:00:00.000000,Poland,Poland,PL,507.19,567.98,32.07,31.67,entsoe.eu,false,""
2024-10-22T18:00:00.000000,Poland,Poland,PL,526.11,587.74,30.54,30.06,entsoe.eu,false,""
2024-10-22T19:00:00.000000,Poland,Poland,PL,520.28,582.13,31.36,30.87,entsoe.eu,false,""
2024-10-22T20:00:00.000000,Poland,Poland,PL,522.2,583.72,31.45,31.04,entsoe.eu,false,""
2024-10-22T21:00:00.000000,Poland,Poland,PL,516.57,578.35,31.81,31.43,entsoe.eu,false,""
2024-10-22T22:00:00.000000,Poland,Poland,PL,512.44,574.65,32.71,31.91,entsoe.eu,false,""
2024-10-22T23:00:00.000000,Poland,Poland,PL,516.06,578.98,32.0,31.19,entsoe.eu,false,""
2024-10-23T00:00:00.000000,Poland,Poland,PL,527.1,590.98,30.29,29.56,entsoe.eu,false,""
2024-10-23T01:00:00.000000,Poland,Poland,PL,543.19,607.47,28.55,27.9,entsoe.eu,false,""
2024-10-23T02:00:00.000000,Poland,Poland,PL,553.35,618.49,27.17,26.53,entsoe.eu,false,""
2024-10-23T03:00:00.000000,Poland,Poland,PL,565.94,633.16,24.85,24.15,entsoe.eu,false,""
2024-10-23T04:00:00.000000,Poland,Poland,PL,574.19,643.74,22.39,21.65,entsoe.eu,false,""
2024-10-23T05:00:00.000000,Poland,Poland,PL,566.09,634.13,23.64,22.01,entsoe.eu,false,""
2024-10-23T06:00:00.000000,Poland,Poland,PL,554.46,620.87,25.83,24.25,entsoe.eu,false,""
2024-10-23T07:00:00.000000,Poland,Poland,PL,526.71,592.48,29.43,28.41,entsoe.eu,false,""
2024-10-23T08:00:00.000000,Poland,Poland,PL,484.91,546.94,36.1,34.86,entsoe.eu,false,""
2024-10-23T09:00:00.000000,Poland,Poland,PL,454.74,515.41,39.8,38.81,entsoe.eu,false,""
2024-10-23T10:00:00.000000,Poland,Poland,PL,431.46,490.84,43.16,42.22,entsoe.eu,false,""
2024-10-23T11:00:00.000000,Poland,Poland,PL,443.16,503.19,41.65,40.94,entsoe.eu,false,""
2024-10-23T12:00:00.000000,Poland,Poland,PL,465.78,528.02,38.32,37.74,entsoe.eu,false,""
2024-10-23T13:00:00.000000,Poland,Poland,PL,515.7,581.07,31.9,31.3,entsoe.eu,false,""
2024-10-23T14:00:00.000000,Poland,Poland,PL,593.56,665.27,20.42,19.53,entsoe.eu,false,""
2024-10-23T15:00:00.000000,Poland,Poland,PL,621.41,695.06,15.8,14.07,entsoe.eu,false,""
2024-10-23T16:00:00.000000,Poland,Poland,PL,610.89,683.19,16.59,14.59,entsoe.eu,false,""
2024-10-23T17:00:00.000000,Poland,Poland,PL,587.54,659.1,19.23,17.2,entsoe.eu,false,""
2024-10-23T18:00:00.000000,Poland,Poland,PL,595.1,667.55,18.43,16.98,entsoe.eu,false,""
2024-10-23T19:00:00.000000,Poland,Poland,PL,600.29,673.08,18.57,17.23,entsoe.eu,false,""
2024-10-23T20:00:00.000000,Poland,Poland,PL,611.38,682.1,19.12,17.23,entsoe.eu,false,""
2024-10-23T21:00:00.000000,Poland,Poland,PL,617.61,688.31,18.85,17.31,entsoe.eu,false,""
2024-10-23T22:00:00.000000,Poland,Poland,PL,603.19,674.52,20.38,17.96,entsoe.eu,false,""
2024-10-23T23:00:00.000000,Poland,Poland,PL,612.8,684.72,19.01,17.13,entsoe.eu,false,""
2024-10-24T00:00:00.000000,Poland,Poland,PL,618.74,691.57,18.23,16.36,entsoe.eu,false,""
2024-10-24T01:00:00.000000,Poland,Poland,PL,624.31,697.8,17.5,15.47,entsoe.eu,false,""
2024-10-24T02:00:00.000000,Poland,Poland,PL,627.14,701.39,16.77,14.95,entsoe.eu,false,""
2024-10-24T03:00:00.000000,Poland,Poland,PL,646.5,720.8,14.7,13.23,entsoe.eu,false,""
2024-10-24T04:00:00.000000,Poland,Poland,PL,633.68,708.54,14.94,12.94,entsoe.eu,false,""
2024-10-24T05:00:00.000000,Poland,Poland,PL,623.38,696.73,15.9,13.8,entsoe.eu,false,""
2024-10-24T06:00:00.000000,Poland,Poland,PL,578.67,649.34,21.94,19.32,entsoe.eu,false,""
2024-10-24T07:00:00.000000,Poland,Poland,PL,532.61,601.12,27.88,26.11,entsoe.eu,false,""
2024-10-24T08:00:00.000000,Poland,Poland,PL,509.79,575.76,31.76,30.36,entsoe.eu,false,""
2024-10-24T09:00:00.000000,Poland,Poland,PL,479.84,543.91,36.08,34.96,entsoe.eu,false,""
2024-10-24T10:00:00.000000,Poland,Poland,PL,446.72,508.56,40.86,39.83,entsoe.eu,false,""
2024-10-24T11:00:00.000000,Poland,Poland,PL,420.88,482.07,44.29,43.31,entsoe.eu,false,""
2024-10-24T12:00:00.000000,Poland,Poland,PL,448.35,510.99,40.87,40.15,entsoe.eu,false,""
2024-10-24T13:00:00.000000,Poland,Poland,PL,514.47,580.43,32.26,31.66,entsoe.eu,false,""
2024-10-24T14:00:00.000000,Poland,Poland,PL,595.42,666.39,20.98,19.43,entsoe.eu,false,""
2024-10-24T15:00:00.000000,Poland,Poland,PL,631.2,705.13,14.46,13.24,entsoe.eu,false,""
2024-10-24T16:00:00.000000,Poland,Poland,PL,606.2,677.73,17.5,16.07,entsoe.eu,false,""
2024-10-24T17:00:00.000000,Poland,Poland,PL,586.49,656.86,20.05,18.77,entsoe.eu,false,""
2024-10-24T18:00:00.000000,Poland,Poland,PL,584.9,655.57,20.49,19.55,entsoe.eu,false,""
2024-10-24T19:00:00.000000,Poland,Poland,PL,588.02,658.59,20.54,19.97,entsoe.eu,false,""
2024-10-24T20:00:00.000000,Poland,Poland,PL,587.99,655.76,22.7,22.17,entsoe.eu,false,""
2024-10-24T21:00:00.000000,Poland,Poland,PL,576.07,642.59,24.49,24.01,entsoe.eu,false,""
2024-10-24T22:00:00.000000,Poland,Poland,PL,552.31,618.28,27.09,26.31,entsoe.eu,false,""
2024-10-24T23:00:00.000000,Poland,Poland,PL,557.06,623.05,26.32,25.66,entsoe.eu,false,""
2024-10-25T00:00:00.000000,Poland,Poland,PL,556.7,622.97,26.23,25.49,entsoe.eu,false,""
2024-10-25T01:00:00.000000,Poland,Poland,PL,571.99,639.08,24.53,23.75,entsoe.eu,false,""
2024-10-25T02:00:00.000000,Poland,Poland,PL,584.85,653.19,22.77,22.16,entsoe.eu,false,""
2024-10-25T03:00:00.000000,Poland,Poland,PL,579.57,648.49,23.26,22.58,entsoe.eu,false,""
2024-10-25T04:00:00.000000,Poland,Poland,PL,571.2,640.4,23.45,21.98,entsoe.eu,false,""
2024-10-25T05:00:00.000000,Poland,Poland,PL,566.42,633.58,24.19,22.85,entsoe.eu,false,""
2024-10-25T06:00:00.000000,Poland,Poland,PL,538.4,603.32,28.39,27.01,entsoe.eu,false,""
2024-10-25T07:00:00.000000,Poland,Poland,PL,501.16,565.27,33.11,32.25,entsoe.eu,false,""
2024-10-25T08:00:00.000000,Poland,Poland,PL,475.44,538.34,36.67,35.88,entsoe.eu,false,""
2024-10-25T09:00:00.000000,Poland,Poland,PL,450.82,512.53,40.16,39.52,entsoe.eu,false,""
2024-10-25T10:00:00.000000,Poland,Poland,PL,437.23,498.43,41.94,41.32,entsoe.eu,false,""
2024-10-25T11:00:00.000000,Poland,Poland,PL,434.14,495.05,42.72,42.22,entsoe.eu,false,""
2024-10-25T12:00:00.000000,Poland,Poland,PL,461.12,523.85,39.36,39.02,entsoe.eu,false,""
2024-10-25T13:00:00.000000,Poland,Poland,PL,521.33,588.2,31.14,30.76,entsoe.eu,false,""
2024-10-25T14:00:00.000000,Poland,Poland,PL,597.99,668.9,20.63,19.26,entsoe.eu,false,""
2024-10-25T15:00:00.000000,Poland,Poland,PL,609.18,679.7,19.2,17.04,entsoe.eu,false,""
2024-10-25T16:00:00.000000,Poland,Poland,PL,594.31,662.73,20.84,18.9,entsoe.eu,false,""
2024-10-25T17:00:00.000000,Poland,Poland,PL,592.37,659.17,22.07,20.28,entsoe.eu,false,""
2024-10-25T18:00:00.000000,Poland,Poland,PL,593.45,662.23,20.93,19.59,entsoe.eu,false,""
2024-10-25T19:00:00.000000,Poland,Poland,PL,602.35,672.24,19.92,19.0,entsoe.eu,false,""
2024-10-25T20:00:00.000000,Poland,Poland,PL,599.54,669.64,20.63,19.6,entsoe.eu,false,""
2024-10-25T21:00:00.000000,Poland,Poland,PL,608.96,679.69,19.35,18.51,entsoe.eu,false,""
2024-10-25T22:00:00.000000,Poland,Poland,PL,601.94,673.64,19.76,18.42,entsoe.eu,false,""
2024-10-25T23:00:00.000000,Poland,Poland,PL,610.77,683.83,18.41,17.04,entsoe.eu,false,""
2024-10-26T00:00:00.000000,Poland,Poland,PL,620.6,694.33,17.43,15.9,entsoe.eu,false,""
2024-10-26T01:00:00.000000,Poland,Poland,PL,633.49,707.63,16.18,14.7,entsoe.eu,false,""
2024-10-26T02:00:00.000000,Poland,Poland,PL,640.34,716.08,15.06,13.76,entsoe.eu,false,""
2024-10-26T03:00:00.000000,Poland,Poland,PL,647.56,723.57,14.33,13.2,entsoe.eu,false,""
2024-10-26T04:00:00.000000,Poland,Poland,PL,642.51,719.46,14.43,13.25,entsoe.eu,false,""
2024-10-26T05:00:00.000000,Poland,Poland,PL,629.61,705.67,15.73,14.28,entsoe.eu,false,""
2024-10-26T06:00:00.000000,Poland,Poland,PL,583.78,655.74,21.23,19.1,entsoe.eu,false,""
2024-10-26T07:00:00.000000,Poland,Poland,PL,523.79,591.73,29.25,27.14,entsoe.eu,false,""
2024-10-26T08:00:00.000000,Poland,Poland,PL,477.88,542.44,36.38,34.44,entsoe.eu,false,""
2024-10-26T09:00:00.000000,Poland,Poland,PL,451.14,514.62,40.28,38.85,entsoe.eu,false,""
2024-10-26T10:00:00.000000,Poland,Poland,PL,438.0,501.94,41.22,40.02,entsoe.eu,false,""
2024-10-26T11:00:00.000000,Poland,Poland,PL,442.64,506.41,41.06,39.92,entsoe.eu,false,""
2024-10-26T12:00:00.000000,Poland,Poland,PL,484.09,550.46,35.36,34.58,entsoe.eu,false,""
2024-10-26T13:00:00.000000,Poland,Poland,PL,547.21,617.58,27.22,26.3,entsoe.eu,false,""
2024-10-26T14:00:00.000000,Poland,Poland,PL,627.93,703.02,16.49,14.6,entsoe.eu,false,""
2024-10-26T15:00:00.000000,Poland,Poland,PL,649.5,724.65,13.7,10.37,entsoe.eu,false,""
2024-10-26T16:00:00.000000,Poland,Poland,PL,642.67,716.53,14.56,11.42,entsoe.eu,false,""
2024-10-26T17:00:00.000000,Poland,Poland,PL,636.48,710.32,15.03,12.69,entsoe.eu,false,""
2024-10-26T18:00:00.000000,Poland,Poland,PL,641.2,716.21,14.93,12.67,entsoe.eu,false,""
2024-10-26T19:00:00.000000,Poland,Poland,PL,638.16,713.81,15.13,13.34,entsoe.eu,false,""
2024-10-26T20:00:00.000000,Poland,Poland,PL,640.55,715.45,15.61,13.86,entsoe.eu,false,""
2024-10-26T21:00:00.000000,Poland,Poland,PL,629.22,703.15,17.62,15.18,entsoe.eu,false,""
2024-10-26T22:00:00.000000,Poland,Poland,PL,620.28,694.06,18.45,15.43,entsoe.eu,false,""
2024-10-26T23:00:00.000000,Poland,Poland,PL,634.89,710.67,15.81,13.9,entsoe.eu,false,""
2024-10-27T00:00:00.000000,Poland,Poland,PL,658.9,736.94,12.15,10.92,entsoe.eu,false,""
2024-10-27T01:00:00.000000,Poland,Poland,PL,656.96,734.53,12.51,11.21,entsoe.eu,false,""
2024-10-27T02:00:00.000000,Poland,Poland,PL,625.55,699.78,17.19,15.03,entsoe.eu,false,""
2024-10-27T03:00:00.000000,Poland,Poland,PL,618.37,692.63,18.12,15.72,entsoe.eu,false,""
2024-10-27T04:00:00.000000,Poland,Poland,PL,635.94,709.69,16.75,15.25,entsoe.eu,false,""
2024-10-27T05:00:00.000000,Poland,Poland,PL,634.3,707.02,17.08,15.65,entsoe.eu,false,""
2024-10-27T06:00:00.000000,Poland,Poland,PL,588.16,658.5,22.1,20.61,entsoe.eu,false,""
2024-10-27T07:00:00.000000,Poland,Poland,PL,524.43,590.27,30.21,28.91,entsoe.eu,false,""
2024-10-27T08:00:00.000000,Poland,Poland,PL,447.98,510.26,40.06,38.35,entsoe.eu,false,""
2024-10-27T09:00:00.000000,Poland,Poland,PL,388.75,449.79,46.83,45.03,entsoe.eu,false,""
2024-10-27T10:00:00.000000,Poland,Poland,PL,361.53,421.0,50.75,49.27,entsoe.eu,false,""
2024-10-27T11:00:00.000000,Poland,Poland,PL,377.8,437.6,48.88,47.9,entsoe.eu,false,""
2024-10-27T12:00:00.000000,Poland,Poland,PL,415.3,477.32,43.98,43.18,entsoe.eu,false,""
2024-10-27T13:00:00.000000,Poland,Poland,PL,493.98,560.36,33.89,33.06,entsoe.eu,false,""
2024-10-27T14:00:00.000000,Poland,Poland,PL,578.16,649.31,22.02,21.33,entsoe.eu,false,""
2024-10-27T15:00:00.000000,Poland,Poland,PL,584.77,653.95,22.34,21.08,entsoe.eu,false,""
2024-10-27T16:00:00.000000,Poland,Poland,PL,575.52,642.14,24.38,22.93,entsoe.eu,false,""
2024-10-27T17:00:00.000000,Poland,Poland,PL,573.31,639.67,24.12,23.62,entsoe.eu,false,""
2024-10-27T18:00:00.000000,Poland,Poland,PL,549.54,614.29,27.66,26.97,entsoe.eu,false,""
2024-10-27T19:00:00.000000,Poland,Poland,PL,565.39,631.01,25.73,25.14,entsoe.eu,false,""
2024-10-27T20:00:00.000000,Poland,Poland,PL,564.02,629.49,25.51,25.19,entsoe.eu,false,""
2024-10-27T21:00:00.000000,Poland,Poland,PL,549.7,614.57,27.19,26.86,entsoe.eu,false,""
2024-10-27T22:00:00.000000,Poland,Poland,PL,563.35,629.55,25.04,24.88,entsoe.eu,false,""
2024-10-27T23:00:00.000000,Poland,Poland,PL,561.57,628.41,25.99,25.32,entsoe.eu,false,""
2024-10-28T00:00:00.000000,Poland,Poland,PL,578.44,646.38,24.04,23.24,entsoe.eu,false,""
2024-10-28T01:00:00.000000,Poland,Poland,PL,578.39,647.62,23.61,22.88,entsoe.eu,false,""
2024-10-28T02:00:00.000000,Poland,Poland,PL,584.47,654.91,22.57,21.78,entsoe.eu,false,""
2024-10-28T03:00:00.000000,Poland,Poland,PL,597.32,668.9,20.83,19.96,entsoe.eu,false,""
2024-10-28T04:00:00.000000,Poland,Poland,PL,609.69,682.62,18.8,18.04,entsoe.eu,false,""
2024-10-28T05:00:00.000000,Poland,Poland,PL,615.44,690.82,15.97,15.17,entsoe.eu,false,""
2024-10-28T06:00:00.000000,Poland,Poland,PL,587.65,660.34,19.91,18.67,entsoe.eu,false,""
2024-10-28T07:00:00.000000,Poland,Poland,PL,546.15,616.98,25.36,23.89,entsoe.eu,false,""
2024-10-28T08:00:00.000000,Poland,Poland,PL,521.62,588.8,30.6,29.29,entsoe.eu,false,""
2024-10-28T09:00:00.000000,Poland,Poland,PL,482.95,547.43,36.05,34.65,entsoe.eu,false,""
2024-10-28T10:00:00.000000,Poland,Poland,PL,466.88,529.96,38.06,36.79,entsoe.eu,false,""
2024-10-28T11:00:00.000000,Poland,Poland,PL,471.76,535.07,37.51,36.44,entsoe.eu,false,""
2024-10-28T12:00:00.000000,Poland,Poland,PL,518.23,583.54,31.65,30.92,entsoe.eu,false,""
2024-10-28T13:00:00.000000,Poland,Poland,PL,562.08,630.88,25.2,24.27,entsoe.eu,false,""
2024-10-28T14:00:00.000000,Poland,Poland,PL,616.13,689.21,17.1,15.56,entsoe.eu,false,""
2024-10-28T15:00:00.000000,Poland,Poland,PL,625.18,698.79,15.36,13.95,entsoe.eu,false,""
2024-10-28T16:00:00.000000,Poland,Poland,PL,615.33,686.92,16.53,15.39,entsoe.eu,false,""
2024-10-28T17:00:00.000000,Poland,Poland,PL,597.17,666.89,19.29,17.77,entsoe.eu,false,""
2024-10-28T18:00:00.000000,Poland,Poland,PL,587.79,656.64,20.86,19.68,entsoe.eu,false,""
2024-10-28T19:00:00.000000,Poland,Poland,PL,602.86,673.0,19.1,18.13,entsoe.eu,false,""
2024-10-28T20:00:00.000000,Poland,Poland,PL,617.07,687.13,18.83,17.87,entsoe.eu,false,""
2024-10-28T21:00:00.000000,Poland,Poland,PL,610.17,679.31,20.03,18.68,entsoe.eu,false,""
2024-10-28T22:00:00.000000,Poland,Poland,PL,611.07,680.54,19.78,18.04,entsoe.eu,false,""
2024-10-28T23:00:00.000000,Poland,Poland,PL,597.9,667.89,21.16,18.7,entsoe.eu,false,""
2024-10-29T00:00:00.000000,Poland,Poland,PL,621.35,691.78,18.33,15.99,entsoe.eu,false,""
2024-10-29T01:00:00.000000,Poland,Poland,PL,629.26,699.96,17.35,14.95,entsoe.eu,false,""
2024-10-29T02:00:00.000000,Poland,Poland,PL,636.26,707.51,16.4,13.97,entsoe.eu,false,""
2024-10-29T03:00:00.000000,Poland,Poland,PL,636.63,709.03,16.17,13.99,entsoe.eu,false,""
2024-10-29T04:00:00.000000,Poland,Poland,PL,641.09,714.59,15.4,13.54,entsoe.eu,false,""
2024-10-29T05:00:00.000000,Poland,Poland,PL,636.91,711.74,14.42,12.36,entsoe.eu,false,""
2024-10-29T06:00:00.000000,Poland,Poland,PL,634.87,708.58,15.11,12.76,entsoe.eu,false,""
2024-10-29T07:00:00.000000,Poland,Poland,PL,610.71,683.52,17.78,14.59,entsoe.eu,false,""
2024-10-29T08:00:00.000000,Poland,Poland,PL,590.98,660.5,21.94,17.35,entsoe.eu,false,""
2024-10-29T09:00:00.000000,Poland,Poland,PL,580.29,648.1,24.03,19.41,entsoe.eu,false,""
2024-10-29T10:00:00.000000,Poland,Poland,PL,571.61,638.56,25.2,20.14,entsoe.eu,false,""
2024-10-29T11:00:00.000000,Poland,Poland,PL,567.2,634.91,25.24,20.52,entsoe.eu,false,""
2024-10-29T12:00:00.000000,Poland,Poland,PL,586.05,656.77,21.27,17.98,entsoe.eu,false,""
2024-10-29T13:00:00.000000,Poland,Poland,PL,609.19,680.11,19.59,16.89,entsoe.eu,false,""
2024-10-29T14:00:00.000000,Poland,Poland,PL,629.47,702.56,16.29,14.06,entsoe.eu,false,""
2024-10-29T15:00:00.000000,Poland,Poland,PL,630.45,703.69,15.46,13.82,entsoe.eu,false,""
2024-10-29T16:00:00.000000,Poland,Poland,PL,628.21,701.06,15.1,13.88,entsoe.eu,false,""
2024-10-29T17:00:00.000000,Poland,Poland,PL,620.32,692.9,16.02,14.69,entsoe.eu,false,""
2024-10-29T18:00:00.000000,Poland,Poland,PL,619.15,691.95,16.25,14.99,entsoe.eu,false,""
2024-10-29T19:00:00.000000,Poland,Poland,PL,618.95,692.39,16.19,14.82,entsoe.eu,false,""
2024-10-29T20:00:00.000000,Poland,Poland,PL,620.16,693.25,16.44,15.07,entsoe.eu,false,""
2024-10-29T21:00:00.000000,Poland,Poland,PL,621.29,693.33,17.32,15.87,entsoe.eu,false,""
2024-10-29T22:00:00.000000,Poland,Poland,PL,620.65,691.18,18.44,16.99,entsoe.eu,false,""
2024-10-29T23:00:00.000000,Poland,Poland,PL,596.8,666.82,20.86,18.93,entsoe.eu,false,""
2024-10-30T00:00:00.000000,Poland,Poland,PL,594.3,663.21,21.13,19.41,entsoe.eu,false,""
2024-10-30T01:00:00.000000,Poland,Poland,PL,585.86,653.31,22.44,20.87,entsoe.eu,false,""
2024-10-30T02:00:00.000000,Poland,Poland,PL,579.42,646.33,23.24,21.83,entsoe.eu,false,""
2024-10-30T03:00:00.000000,Poland,Poland,PL,576.14,643.02,23.63,22.45,entsoe.eu,false,""
2024-10-30T04:00:00.000000,Poland,Poland,PL,578.57,646.32,22.72,21.66,entsoe.eu,false,""
2024-10-30T05:00:00.000000,Poland,Poland,PL,562.11,630.04,24.51,23.24,entsoe.eu,false,""
2024-10-30T06:00:00.000000,Poland,Poland,PL,561.18,627.98,24.6,23.62,entsoe.eu,false,""
2024-10-30T07:00:00.000000,Poland,Poland,PL,537.77,603.0,27.44,26.16,entsoe.eu,false,""
2024-10-30T08:00:00.000000,Poland,Poland,PL,530.98,594.98,28.8,27.54,entsoe.eu,false,""
2024-10-30T09:00:00.000000,Poland,Poland,PL,513.91,576.42,31.37,30.13,entsoe.eu,false,""
2024-10-30T10:00:00.000000,Poland,Poland,PL,498.89,559.74,33.83,32.61,entsoe.eu,false,""
2024-10-30T11:00:00.000000,Poland,Poland,PL,492.22,551.8,35.17,34.08,entsoe.eu,false,""
2024-10-30T12:00:00.000000,Poland,Poland,PL,504.22,566.29,32.18,31.31,entsoe.eu,false,""
2024-10-30T13:00:00.000000,Poland,Poland,PL,524.39,588.29,29.15,28.57,entsoe.eu,false,""
2024-10-30T14:00:00.000000,Poland,Poland,PL,531.87,597.3,27.53,26.85,entsoe.eu,false,""
2024-10-30T15:00:00.000000,Poland,Poland,PL,524.33,589.58,28.51,27.53,entsoe.eu,false,""
2024-10-30T16:00:00.000000,Poland,Poland,PL,522.49,586.75,28.49,27.6,entsoe.eu,false,""
2024-10-30T17:00:00.000000,Poland,Poland,PL,527.15,591.6,27.73,26.92,entsoe.eu,false,""
2024-10-30T18:00:00.000000,Poland,Poland,PL,531.31,596.78,27.04,26.16,entsoe.eu,false,""
2024-10-30T19:00:00.000000,Poland,Poland,PL,543.01,609.33,25.95,24.95,entsoe.eu,false,""
2024-10-30T20:00:00.000000,Poland,Poland,PL,547.32,613.74,25.25,24.33,entsoe.eu,false,""
2024-10-30T21:00:00.000000,Poland,Poland,PL,549.6,616.54,25.01,23.91,entsoe.eu,false,""
2024-10-30T22:00:00.000000,Poland,Poland,PL,557.35,624.01,24.66,23.27,entsoe.eu,false,""
2024-10-30T23:00:00.000000,Poland,Poland,PL,561.08,628.31,24.1,22.43,entsoe.eu,false,""
2024-10-31T00:00:00.000000,Poland,Poland,PL,567.94,634.96,23.66,22.11,entsoe.eu,false,""
2024-10-31T01:00:00.000000,Poland,Poland,PL,570.73,637.72,23.53,21.95,entsoe.eu,false,""
2024-10-31T02:00:00.000000,Poland,Poland,PL,574.81,642.22,23.08,21.46,entsoe.eu,false,""
2024-10-31T03:00:00.000000,Poland,Poland,PL,579.76,648.02,22.36,20.97,entsoe.eu,false,""
2024-10-31T04:00:00.000000,Poland,Poland,PL,569.78,638.39,23.5,22.13,entsoe.eu,false,""
2024-10-31T05:00:00.000000,Poland,Poland,PL,560.89,629.82,24.02,22.71,entsoe.eu,false,""
2024-10-31T06:00:00.000000,Poland,Poland,PL,548.21,614.45,26.44,25.26,entsoe.eu,false,""
2024-10-31T07:00:00.000000,Poland,Poland,PL,518.41,583.1,30.4,29.2,entsoe.eu,false,""
2024-10-31T08:00:00.000000,Poland,Poland,PL,508.41,571.58,31.85,30.86,entsoe.eu,false,""
2024-10-31T09:00:00.000000,Poland,Poland,PL,487.42,549.21,34.5,33.57,entsoe.eu,false,""
2024-10-31T10:00:00.000000,Poland,Poland,PL,465.55,525.53,37.68,36.92,entsoe.eu,false,""
2024-10-31T11:00:00.000000,Poland,Poland,PL,454.66,513.15,39.43,38.85,entsoe.eu,false,""
2024-10-31T12:00:00.000000,Poland,Poland,PL,459.8,518.74,38.46,37.88,entsoe.eu,false,""
2024-10-31T13:00:00.000000,Poland,Poland,PL,471.09,530.86,36.89,36.31,entsoe.eu,false,""
2024-10-31T14:00:00.000000,Poland,Poland,PL,494.44,554.82,34.37,33.78,entsoe.eu,false,""
2024-10-31T15:00:00.000000,Poland,Poland,PL,485.56,546.59,34.45,33.91,entsoe.eu,false,""
2024-10-31T16:00:00.000000,Poland,Poland,PL,483.87,545.07,33.66,33.28,entsoe.eu,false,""
2024-10-31T17:00:00.000000,Poland,Poland,PL,475.87,535.04,35.51,35.19,entsoe.eu,false,""
2024-10-31T18:00:00.000000,Poland,Poland,PL,463.42,521.04,37.91,37.63,entsoe.eu,false,""
2024-10-31T19:00:00.000000,Poland,Poland,PL,464.16,521.46,38.13,37.86,entsoe.eu,false,""
2024-10-31T20:00:00.000000,Poland,Poland,PL,448.82,505.42,39.93,39.81,entsoe.eu,false,""
2024-10-31T21:00:00.000000,Poland,Poland,PL,416.06,471.46,43.8,43.68,entsoe.eu,false,""
2024-10-31T22:00:00.000000,Poland,Poland,PL,391.17,446.11,46.34,46.27,entsoe.eu,false,""
2024-10-31T23:00:00.000000,Poland,Poland,PL,388.63,443.95,45.85,45.81,entsoe.eu,false,""
2024-11-01T00:00:00.000000,Poland,Poland,PL,375.98,430.62,46.99,46.93,entsoe.eu,false,""
2024-11-01T01:00:00.000000,Poland,Poland,PL,374.52,428.02,47.53,47.47,entsoe.eu,false,""
2024-11-01T02:00:00.000000,Poland,Poland,PL,375.58,429.22,47.26,47.23,entsoe.eu,false,""
2024-11-01T03:00:00.000000,Poland,Poland,PL,376.09,430.5,46.91,46.85,entsoe.eu,false,""
2024-11-01T04:00:00.000000,Poland,Poland,PL,373.93,428.72,47.19,47.07,entsoe.eu,false,""
2024-11-01T05:00:00.000000,Poland,Poland,PL,365.7,420.25,48.23,48.06,entsoe.eu,false,""
2024-11-01T06:00:00.000000,Poland,Poland,PL,358.8,412.06,49.95,49.8,entsoe.eu,false,""
2024-11-01T07:00:00.000000,Poland,Poland,PL,328.64,380.05,53.92,53.92,entsoe.eu,false,""
2024-11-01T08:00:00.000000,Poland,Poland,PL,323.52,373.64,55.51,55.45,entsoe.eu,false,""
2024-11-01T09:00:00.000000,Poland,Poland,PL,330.08,382.59,54.01,53.85,entsoe.eu,false,""
2024-11-01T10:00:00.000000,Poland,Poland,PL,311.41,362.57,56.98,56.84,entsoe.eu,false,""
2024-11-01T11:00:00.000000,Poland,Poland,PL,320.72,372.34,55.8,55.8,entsoe.eu,false,""
2024-11-01T12:00:00.000000,Poland,Poland,PL,345.36,399.47,51.79,51.79,entsoe.eu,false,""
2024-11-01T13:00:00.000000,Poland,Poland,PL,351.98,404.89,51.12,51.12,entsoe.eu,false,""
2024-11-01T14:00:00.000000,Poland,Poland,PL,405.05,460.18,44.22,44.2,entsoe.eu,false,""
2024-11-01T15:00:00.000000,Poland,Poland,PL,410.97,465.22,44.55,44.33,entsoe.eu,false,""
2024-11-01T16:00:00.000000,Poland,Poland,PL,414.16,467.42,44.6,44.41,entsoe.eu,false,""
2024-11-01T17:00:00.000000,Poland,Poland,PL,406.33,458.82,45.59,45.46,entsoe.eu,false,""
2024-11-01T18:00:00.000000,Poland,Poland,PL,411.17,464.06,44.95,44.83,entsoe.eu,false,""
2024-11-01T19:00:00.000000,Poland,Poland,PL,411.5,464.26,44.98,44.87,entsoe.eu,false,""
2024-11-01T20:00:00.000000,Poland,Poland,PL,400.56,452.93,45.89,45.83,entsoe.eu,false,""
2024-11-01T21:00:00.000000,Poland,Poland,PL,394.53,446.77,46.54,46.51,entsoe.eu,false,""
2024-11-01T22:00:00.000000,Poland,Poland,PL,395.51,448.8,46.22,46.18,entsoe.eu,false,""
2024-11-01T23:00:00.000000,Poland,Poland,PL,393.87,447.8,46.15,45.9,entsoe.eu,false,""
2024-11-02T00:00:00.000000,Poland,Poland,PL,404.54,458.82,45.08,44.67,entsoe.eu,false,""
2024-11-02T01:00:00.000000,Poland,Poland,PL,406.1,460.49,44.82,44.03,entsoe.eu,false,""
2024-11-02T02:00:00.000000,Poland,Poland,PL,410.72,465.73,44.12,43.06,entsoe.eu,false,""
2024-11-02T03:00:00.000000,Poland,Poland,PL,422.24,477.73,42.96,41.86,entsoe.eu,false,""
2024-11-02T04:00:00.000000,Poland,Poland,PL,437.44,494.81,40.74,39.7,entsoe.eu,false,""
2024-11-02T05:00:00.000000,Poland,Poland,PL,447.01,505.86,39.3,38.17,entsoe.eu,false,""
2024-11-02T06:00:00.000000,Poland,Poland,PL,428.9,487.5,41.83,40.39,entsoe.eu,false,""
2024-11-02T07:00:00.000000,Poland,Poland,PL,389.0,446.3,47.24,45.74,entsoe.eu,false,""
2024-11-02T08:00:00.000000,Poland,Poland,PL,335.51,390.76,54.09,52.68,entsoe.eu,false,""
2024-11-02T09:00:00.000000,Poland,Poland,PL,313.36,367.25,56.94,55.64,entsoe.eu,false,""
2024-11-02T10:00:00.000000,Poland,Poland,PL,309.26,363.07,57.48,56.28,entsoe.eu,false,""
2024-11-02T11:00:00.000000,Poland,Poland,PL,308.46,362.16,57.54,56.28,entsoe.eu,false,""
2024-11-02T12:00:00.000000,Poland,Poland,PL,336.41,392.05,53.77,52.76,entsoe.eu,false,""
2024-11-02T13:00:00.000000,Poland,Poland,PL,411.72,472.09,43.33,42.37,entsoe.eu,false,""
2024-11-02T14:00:00.000000,Poland,Poland,PL,516.21,583.34,30.06,28.49,entsoe.eu,false,""
2024-11-02T15:00:00.000000,Poland,Poland,PL,563.73,634.77,23.02,21.35,entsoe.eu,false,""
2024-11-02T16:00:00.000000,Poland,Poland,PL,561.68,630.82,23.38,21.95,entsoe.eu,false,""
2024-11-02T17:00:00.000000,Poland,Poland,PL,561.13,628.62,24.87,23.05,entsoe.eu,false,""
2024-11-02T18:00:00.000000,Poland,Poland,PL,564.76,632.66,24.69,22.39,entsoe.eu,false,""
2024-11-02T19:00:00.000000,Poland,Poland,PL,584.64,655.66,21.98,19.6,entsoe.eu,false,""
2024-11-02T20:00:00.000000,Poland,Poland,PL,602.5,674.99,19.51,16.95,entsoe.eu,false,""
2024-11-02T21:00:00.000000,Poland,Poland,PL,616.13,689.64,17.24,14.69,entsoe.eu,false,""
2024-11-02T22:00:00.000000,Poland,Poland,PL,609.55,682.77,17.91,15.14,entsoe.eu,false,""
2024-11-02T23:00:00.000000,Poland,Poland,PL,583.61,656.48,20.83,17.59,entsoe.eu,false,""
2024-11-03T00:00:00.000000,Poland,Poland,PL,570.13,641.23,22.18,19.6,entsoe.eu,false,""
2024-11-03T01:00:00.000000,Poland,Poland,PL,541.3,610.1,25.99,23.48,entsoe.eu,false,""
2024-11-03T02:00:00.000000,Poland,Poland,PL,522.71,590.25,28.17,25.65,entsoe.eu,false,""
2024-11-03T03:00:00.000000,Poland,Poland,PL,504.34,570.31,30.6,28.79,entsoe.eu,false,""
2024-11-03T04:00:00.000000,Poland,Poland,PL,490.79,555.77,32.28,30.82,entsoe.eu,false,""
2024-11-03T05:00:00.000000,Poland,Poland,PL,474.89,538.09,34.58,33.1,entsoe.eu,false,""
2024-11-03T06:00:00.000000,Poland,Poland,PL,446.66,507.31,38.37,37.07,entsoe.eu,false,""
2024-11-03T07:00:00.000000,Poland,Poland,PL,419.73,478.43,42.51,41.28,entsoe.eu,false,""
2024-11-03T08:00:00.000000,Poland,Poland,PL,397.1,455.02,45.71,44.79,entsoe.eu,false,""
2024-11-03T09:00:00.000000,Poland,Poland,PL,354.46,410.65,51.06,50.33,entsoe.eu,false,""
2024-11-03T10:00:00.000000,Poland,Poland,PL,342.64,399.15,51.87,51.56,entsoe.eu,false,""
2024-11-03T11:00:00.000000,Poland,Poland,PL,321.63,376.15,54.82,54.51,entsoe.eu,false,""
2024-11-03T12:00:00.000000,Poland,Poland,PL,326.3,379.51,54.92,54.55,entsoe.eu,false,""
2024-11-03T13:00:00.000000,Poland,Poland,PL,375.96,431.64,48.45,47.69,entsoe.eu,false,""
2024-11-03T14:00:00.000000,Poland,Poland,PL,458.11,518.72,36.95,36.26,entsoe.eu,false,""
2024-11-03T15:00:00.000000,Poland,Poland,PL,475.66,536.09,35.14,34.49,entsoe.eu,false,""
2024-11-03T16:00:00.000000,Poland,Poland,PL,465.16,523.64,36.93,36.42,entsoe.eu,false,""
2024-11-03T17:00:00.000000,Poland,Poland,PL,464.87,522.51,37.46,36.96,entsoe.eu,false,""
2024-11-03T18:00:00.000000,Poland,Poland,PL,465.88,524.3,37.34,36.73,entsoe.eu,false,""
2024-11-03T19:00:00.000000,Poland,Poland,PL,471.71,530.47,36.6,36.0,entsoe.eu,false,""
2024-11-03T20:00:00.000000,Poland,Poland,PL,479.57,539.1,35.47,34.84,entsoe.eu,false,""
2024-11-03T21:00:00.000000,Poland,Poland,PL,482.6,542.48,35.06,34.26,entsoe.eu,false,""
2024-11-03T22:00:00.000000,Poland,Poland,PL,479.22,539.76,35.07,34.01,entsoe.eu,false,""
2024-11-03T23:00:00.000000,Poland,Poland,PL,489.08,550.32,33.9,32.77,entsoe.eu,false,""
2024-11-04T00:00:00.000000,Poland,Poland,PL,496.76,558.9,32.8,31.61,entsoe.eu,false,""
2024-11-04T01:00:00.000000,Poland,Poland,PL,507.06,569.83,31.57,30.09,entsoe.eu,false,""
2024-11-04T02:00:00.000000,Poland,Poland,PL,520.21,584.61,29.67,28.19,entsoe.eu,false,""
2024-11-04T03:00:00.000000,Poland,Poland,PL,550.25,616.15,26.12,24.84,entsoe.eu,false,""
2024-11-04T04:00:00.000000,Poland,Poland,PL,572.48,640.96,23.16,21.74,entsoe.eu,false,""
2024-11-04T05:00:00.000000,Poland,Poland,PL,584.39,656.21,21.01,19.2,entsoe.eu,false,""
2024-11-04T06:00:00.000000,Poland,Poland,PL,586.44,658.53,20.31,18.08,entsoe.eu,false,""
2024-11-04T07:00:00.000000,Poland,Poland,PL,563.89,633.72,23.73,20.61,entsoe.eu,false,""
2024-11-04T08:00:00.000000,Poland,Poland,PL,543.2,611.15,26.93,23.54,entsoe.eu,false,""
2024-11-04T09:00:00.000000,Poland,Poland,PL,532.75,598.76,29.14,26.54,entsoe.eu,false,""
2024-11-04T10:00:00.000000,Poland,Poland,PL,521.26,586.55,30.83,28.38,entsoe.eu,false,""
2024-11-04T11:00:00.000000,Poland,Poland,PL,523.76,590.07,30.28,27.68,entsoe.eu,false,""
2024-11-04T12:00:00.000000,Poland,Poland,PL,548.18,616.25,27.1,25.27,entsoe.eu,false,""
2024-11-04T13:00:00.000000,Poland,Poland,PL,586.64,658.11,21.34,19.9,entsoe.eu,false,""
2024-11-04T14:00:00.000000,Poland,Poland,PL,638.99,713.1,14.46,12.59,entsoe.eu,false,""
2024-11-04T15:00:00.000000,Poland,Poland,PL,654.76,730.68,11.01,9.66,entsoe.eu,false,""
2024-11-04T16:00:00.000000,Poland,Poland,PL,651.12,726.15,11.43,9.92,entsoe.eu,false,""
2024-11-04T17:00:00.000000,Poland,Poland,PL,642.08,717.18,12.37,10.33,entsoe.eu,false,""
2024-11-04T18:00:00.000000,Poland,Poland,PL,642.57,717.87,12.57,10.45,entsoe.eu,false,""
2024-11-04T19:00:00.000000,Poland,Poland,PL,652.28,729.17,11.22,9.64,entsoe.eu,false,""
2024-11-04T20:00:00.000000,Poland,Poland,PL,654.27,730.88,11.43,9.9,entsoe.eu,false,""
2024-11-04T21:00:00.000000,Poland,Poland,PL,651.72,728.08,12.16,10.54,entsoe.eu,false,""
2024-11-04T22:00:00.000000,Poland,Poland,PL,649.51,724.07,13.92,12.11,entsoe.eu,false,""
2024-11-04T23:00:00.000000,Poland,Poland,PL,639.3,713.58,14.84,12.83,entsoe.eu,false,""
2024-11-05T00:00:00.000000,Poland,Poland,PL,634.19,707.71,15.59,13.66,entsoe.eu,false,""
2024-11-05T01:00:00.000000,Poland,Poland,PL,628.82,701.56,16.26,14.55,entsoe.eu,false,""
2024-11-05T02:00:00.000000,Poland,Poland,PL,623.87,695.88,17.18,15.55,entsoe.eu,false,""
2024-11-05T03:00:00.000000,Poland,Poland,PL,620.64,692.44,17.37,15.87,entsoe.eu,false,""
2024-11-05T04:00:00.000000,Poland,Poland,PL,606.51,679.13,18.73,17.16,entsoe.eu,false,""
2024-11-05T05:00:00.000000,Poland,Poland,PL,601.45,674.98,17.71,16.05,entsoe.eu,false,""
2024-11-05T06:00:00.000000,Poland,Poland,PL,596.33,667.04,19.1,17.6,entsoe.eu,false,""
2024-11-05T07:00:00.000000,Poland,Poland,PL,571.51,640.55,22.47,21.11,entsoe.eu,false,""
2024-11-05T08:00:00.000000,Poland,Poland,PL,548.15,616.9,25.8,24.38,entsoe.eu,false,""
2024-11-05T09:00:00.000000,Poland,Poland,PL,533.34,599.97,28.9,27.57,entsoe.eu,false,""
2024-11-05T10:00:00.000000,Poland,Poland,PL,518.3,583.32,31.54,30.29,entsoe.eu,false,""
2024-11-05T11:00:00.000000,Poland,Poland,PL,523.63,588.61,31.01,29.76,entsoe.eu,false,""
2024-11-05T12:00:00.000000,Poland,Poland,PL,555.15,622.1,26.77,25.6,entsoe.eu,false,""
2024-11-05T13:00:00.000000,Poland,Poland,PL,602.35,675.32,18.39,17.46,entsoe.eu,false,""
2024-11-05T14:00:00.000000,Poland,Poland,PL,653.35,729.42,11.49,10.21,entsoe.eu,false,""
2024-11-05T15:00:00.000000,Poland,Poland,PL,661.24,737.04,10.21,9.0,entsoe.eu,false,""
2024-11-05T16:00:00.000000,Poland,Poland,PL,663.4,737.96,10.24,9.25,entsoe.eu,false,""
2024-11-05T17:00:00.000000,Poland,Poland,PL,655.43,730.39,10.86,9.79,entsoe.eu,false,""
2024-11-05T18:00:00.000000,Poland,Poland,PL,651.1,726.78,11.31,9.92,entsoe.eu,false,""
2024-11-05T19:00:00.000000,Poland,Poland,PL,652.62,729.46,11.34,9.47,entsoe.eu,false,""
2024-11-05T20:00:00.000000,Poland,Poland,PL,662.29,739.11,10.18,8.86,entsoe.eu,false,""
2024-11-05T21:00:00.000000,Poland,Poland,PL,660.69,736.83,11.23,9.59,entsoe.eu,false,""
2024-11-05T22:00:00.000000,Poland,Poland,PL,665.9,741.63,10.65,9.11,entsoe.eu,false,""
2024-11-05T23:00:00.000000,Poland,Poland,PL,667.35,742.51,11.19,9.14,entsoe.eu,false,""
2024-11-06T00:00:00.000000,Poland,Poland,PL,673.48,748.32,10.74,8.63,entsoe.eu,false,""
2024-11-06T01:00:00.000000,Poland,Poland,PL,673.1,747.97,10.76,8.6,entsoe.eu,false,""
2024-11-06T02:00:00.000000,Poland,Poland,PL,677.31,752.87,10.1,8.01,entsoe.eu,false,""
2024-11-06T03:00:00.000000,Poland,Poland,PL,682.63,758.78,9.33,7.56,entsoe.eu,false,""
2024-11-06T04:00:00.000000,Poland,Poland,PL,670.85,749.16,9.01,7.4,entsoe.eu,false,""
2024-11-06T05:00:00.000000,Poland,Poland,PL,662.14,740.33,9.72,8.11,entsoe.eu,false,""
2024-11-06T06:00:00.000000,Poland,Poland,PL,651.91,727.12,11.78,10.63,entsoe.eu,false,""
2024-11-06T07:00:00.000000,Poland,Poland,PL,610.11,682.34,17.43,16.13,entsoe.eu,false,""
2024-11-06T08:00:00.000000,Poland,Poland,PL,583.96,652.77,22.57,21.13,entsoe.eu,false,""
2024-11-06T09:00:00.000000,Poland,Poland,PL,573.51,641.68,24.06,22.97,entsoe.eu,false,""
2024-11-06T10:00:00.000000,Poland,Poland,PL,575.67,644.1,23.44,22.58,entsoe.eu,false,""
2024-11-06T11:00:00.000000,Poland,Poland,PL,576.24,645.74,22.57,21.52,entsoe.eu,false,""
2024-11-06T12:00:00.000000,Poland,Poland,PL,600.82,670.99,19.85,18.49,entsoe.eu,false,""
2024-11-06T13:00:00.000000,Poland,Poland,PL,644.46,718.18,13.14,12.02,entsoe.eu,false,""
2024-11-06T14:00:00.000000,Poland,Poland,PL,680.04,755.3,8.23,7.35,entsoe.eu,false,""
2024-11-06T15:00:00.000000,Poland,Poland,PL,683.36,757.06,9.19,8.13,entsoe.eu,false,""
2024-11-06T16:00:00.000000,Poland,Poland,PL,676.58,750.96,8.92,8.05,entsoe.eu,false,""
2024-11-06T17:00:00.000000,Poland,Poland,PL,672.64,746.64,9.6,8.63,entsoe.eu,false,""
2024-11-06T18:00:00.000000,Poland,Poland,PL,673.78,748.63,9.25,8.15,entsoe.eu,false,""
2024-11-06T19:00:00.000000,Poland,Poland,PL,671.27,748.35,8.86,7.44,entsoe.eu,false,""
2024-11-06T20:00:00.000000,Poland,Poland,PL,678.08,754.68,8.38,7.07,entsoe.eu,false,""
2024-11-06T21:00:00.000000,Poland,Poland,PL,669.62,746.69,9.05,7.57,entsoe.eu,false,""
2024-11-06T22:00:00.000000,Poland,Poland,PL,669.93,746.91,9.77,8.06,entsoe.eu,false,""
2024-11-06T23:00:00.000000,Poland,Poland,PL,664.24,741.09,11.04,8.81,entsoe.eu,false,""
2024-11-07T00:00:00.000000,Poland,Poland,PL,673.58,749.57,10.44,8.4,entsoe.eu,false,""
2024-11-07T01:00:00.000000,Poland,Poland,PL,673.9,749.7,10.61,8.49,entsoe.eu,false,""
2024-11-07T02:00:00.000000,Poland,Poland,PL,676.76,752.57,10.45,8.3,entsoe.eu,false,""
2024-11-07T03:00:00.000000,Poland,Poland,PL,675.38,752.1,10.44,8.61,entsoe.eu,false,""
2024-11-07T04:00:00.000000,Poland,Poland,PL,668.77,746.62,9.57,8.01,entsoe.eu,false,""
2024-11-07T05:00:00.000000,Poland,Poland,PL,660.02,737.84,10.16,8.65,entsoe.eu,false,""
2024-11-07T06:00:00.000000,Poland,Poland,PL,650.97,726.35,11.91,10.27,entsoe.eu,false,""
2024-11-07T07:00:00.000000,Poland,Poland,PL,646.28,720.26,12.69,11.0,entsoe.eu,false,""
2024-11-07T08:00:00.000000,Poland,Poland,PL,635.65,708.65,14.11,11.88,entsoe.eu,false,""
2024-11-07T09:00:00.000000,Poland,Poland,PL,610.13,681.79,17.23,14.16,entsoe.eu,false,""
2024-11-07T10:00:00.000000,Poland,Poland,PL,605.55,676.74,18.02,14.69,entsoe.eu,false,""
2024-11-07T11:00:00.000000,Poland,Poland,PL,624.05,695.88,15.63,13.04,entsoe.eu,false,""
2024-11-07T12:00:00.000000,Poland,Poland,PL,640.12,712.99,13.61,10.85,entsoe.eu,false,""
2024-11-07T13:00:00.000000,Poland,Poland,PL,666.59,741.43,10.28,8.5,entsoe.eu,false,""
2024-11-07T14:00:00.000000,Poland,Poland,PL,677.09,753.59,8.96,7.61,entsoe.eu,false,""
2024-11-07T15:00:00.000000,Poland,Poland,PL,676.68,752.68,8.92,7.68,entsoe.eu,false,""
2024-11-07T16:00:00.000000,Poland,Poland,PL,672.63,748.19,9.35,8.15,entsoe.eu,false,""
2024-11-07T17:00:00.000000,Poland,Poland,PL,668.09,744.21,9.67,8.43,entsoe.eu,false,""
2024-11-07T18:00:00.000000,Poland,Poland,PL,672.82,749.3,9.37,7.97,entsoe.eu,false,""
2024-11-07T19:00:00.000000,Poland,Poland,PL,676.6,754.62,8.57,6.75,entsoe.eu,false,""
2024-11-07T20:00:00.000000,Poland,Poland,PL,682.38,760.64,7.67,6.35,entsoe.eu,false,""
2024-11-07T21:00:00.000000,Poland,Poland,PL,677.1,755.6,8.6,6.96,entsoe.eu,false,""
2024-11-07T22:00:00.000000,Poland,Poland,PL,683.87,760.79,8.97,7.16,entsoe.eu,false,""
2024-11-07T23:00:00.000000,Poland,Poland,PL,676.43,752.87,10.21,7.86,entsoe.eu,false,""
2024-11-08T00:00:00.000000,Poland,Poland,PL,678.34,754.76,9.9,7.58,entsoe.eu,false,""
2024-11-08T01:00:00.000000,Poland,Poland,PL,679.96,756.29,9.78,7.52,entsoe.eu,false,""
2024-11-08T02:00:00.000000,Poland,Poland,PL,678.54,754.91,9.85,7.61,entsoe.eu,false,""
2024-11-08T03:00:00.000000,Poland,Poland,PL,680.36,756.96,9.52,7.75,entsoe.eu,false,""
2024-11-08T04:00:00.000000,Poland,Poland,PL,667.54,746.18,8.68,7.17,entsoe.eu,false,""
2024-11-08T05:00:00.000000,Poland,Poland,PL,667.45,745.22,9.06,7.59,entsoe.eu,false,""
2024-11-08T06:00:00.000000,Poland,Poland,PL,654.75,730.72,10.99,8.99,entsoe.eu,false,""
2024-11-08T07:00:00.000000,Poland,Poland,PL,637.73,711.64,13.63,10.65,entsoe.eu,false,""
2024-11-08T08:00:00.000000,Poland,Poland,PL,629.9,702.81,14.77,11.76,entsoe.eu,false,""
2024-11-08T09:00:00.000000,Poland,Poland,PL,635.68,708.04,14.22,11.55,entsoe.eu,false,""
2024-11-08T10:00:00.000000,Poland,Poland,PL,627.02,699.08,15.51,12.66,entsoe.eu,false,""
2024-11-08T11:00:00.000000,Poland,Poland,PL,620.64,691.99,16.38,13.33,entsoe.eu,false,""
2024-11-08T12:00:00.000000,Poland,Poland,PL,621.34,692.31,16.69,13.77,entsoe.eu,false,""
2024-11-08T13:00:00.000000,Poland,Poland,PL,625.77,697.88,15.61,13.26,entsoe.eu,false,""
2024-11-08T14:00:00.000000,Poland,Poland,PL,625.38,698.8,15.13,13.22,entsoe.eu,false,""
2024-11-08T15:00:00.000000,Poland,Poland,PL,622.86,695.34,15.44,14.0,entsoe.eu,false,""
2024-11-08T16:00:00.000000,Poland,Poland,PL,619.41,691.46,15.97,14.55,entsoe.eu,false,""
2024-11-08T17:00:00.000000,Poland,Poland,PL,624.8,696.87,15.21,14.21,entsoe.eu,false,""
2024-11-08T18:00:00.000000,Poland,Poland,PL,625.46,697.92,15.22,14.2,entsoe.eu,false,""
2024-11-08T19:00:00.000000,Poland,Poland,PL,629.76,702.09,15.51,14.4,entsoe.eu,false,""
2024-11-08T20:00:00.000000,Poland,Poland,PL,633.14,704.95,15.99,14.72,entsoe.eu,false,""
2024-11-08T21:00:00.000000,Poland,Poland,PL,630.06,702.79,15.7,14.29,entsoe.eu,false,""
2024-11-08T22:00:00.000000,Poland,Poland,PL,640.36,712.43,14.96,13.45,entsoe.eu,false,""
2024-11-08T23:00:00.000000,Poland,Poland,PL,624.48,696.75,16.57,14.63,entsoe.eu,false,""
2024-11-09T00:00:00.000000,Poland,Poland,PL,620.22,692.05,17.39,15.52,entsoe.eu,false,""
2024-11-09T01:00:00.000000,Poland,Poland,PL,618.3,690.4,17.17,15.23,entsoe.eu,false,""
2024-11-09T02:00:00.000000,Poland,Poland,PL,617.72,689.84,17.41,15.37,entsoe.eu,false,""
2024-11-09T03:00:00.000000,Poland,Poland,PL,618.46,690.86,17.42,15.18,entsoe.eu,false,""
2024-11-09T04:00:00.000000,Poland,Poland,PL,621.6,694.97,16.67,14.82,entsoe.eu,false,""
2024-11-09T05:00:00.000000,Poland,Poland,PL,618.81,693.04,16.61,14.87,entsoe.eu,false,""
2024-11-09T06:00:00.000000,Poland,Poland,PL,608.7,682.62,17.45,15.45,entsoe.eu,false,""
2024-11-09T07:00:00.000000,Poland,Poland,PL,603.44,677.79,16.97,14.92,entsoe.eu,false,""
2024-11-09T08:00:00.000000,Poland,Poland,PL,611.52,685.62,15.79,13.72,entsoe.eu,false,""
2024-11-09T09:00:00.000000,Poland,Poland,PL,601.34,675.22,17.16,14.71,entsoe.eu,false,""
2024-11-09T10:00:00.000000,Poland,Poland,PL,596.34,670.07,17.92,15.28,entsoe.eu,false,""
2024-11-09T11:00:00.000000,Poland,Poland,PL,605.63,679.85,16.67,14.22,entsoe.eu,false,""
2024-11-09T12:00:00.000000,Poland,Poland,PL,611.54,685.13,17.58,14.69,entsoe.eu,false,""
2024-11-09T13:00:00.000000,Poland,Poland,PL,621.15,697.42,15.37,13.02,entsoe.eu,false,""
2024-11-09T14:00:00.000000,Poland,Poland,PL,634.27,712.33,12.65,11.16,entsoe.eu,false,""
2024-11-09T15:00:00.000000,Poland,Poland,PL,627.48,704.6,13.51,11.99,entsoe.eu,false,""
2024-11-09T16:00:00.000000,Poland,Poland,PL,622.7,698.69,14.15,12.79,entsoe.eu,false,""
2024-11-09T17:00:00.000000,Poland,Poland,PL,622.78,698.94,14.02,12.74,entsoe.eu,false,""
2024-11-09T18:00:00.000000,Poland,Poland,PL,639.4,716.77,12.15,10.86,entsoe.eu,false,""
2024-11-09T19:00:00.000000,Poland,Poland,PL,639.53,718.33,11.99,10.5,entsoe.eu,false,""
2024-11-09T20:00:00.000000,Poland,Poland,PL,645.59,724.35,11.26,9.86,entsoe.eu,false,""
2024-11-09T21:00:00.000000,Poland,Poland,PL,656.7,734.73,9.91,8.69,entsoe.eu,false,""
2024-11-09T22:00:00.000000,Poland,Poland,PL,656.93,733.46,11.09,9.24,entsoe.eu,false,""
2024-11-09T23:00:00.000000,Poland,Poland,PL,646.14,722.96,12.27,9.92,entsoe.eu,false,""
2024-11-10T00:00:00.000000,Poland,Poland,PL,649.53,726.41,11.58,9.27,entsoe.eu,false,""
2024-11-10T01:00:00.000000,Poland,Poland,PL,648.34,725.21,11.66,9.23,entsoe.eu,false,""
2024-11-10T02:00:00.000000,Poland,Poland,PL,649.77,726.66,11.9,9.37,entsoe.eu,false,""
2024-11-10T03:00:00.000000,Poland,Poland,PL,655.17,732.0,11.82,9.28,entsoe.eu,false,""
2024-11-10T04:00:00.000000,Poland,Poland,PL,654.23,732.43,11.21,9.0,entsoe.eu,false,""
2024-11-10T05:00:00.000000,Poland,Poland,PL,654.25,731.93,11.9,9.7,entsoe.eu,false,""
2024-11-10T06:00:00.000000,Poland,Poland,PL,643.86,721.2,12.76,10.56,entsoe.eu,false,""
2024-11-10T07:00:00.000000,Poland,Poland,PL,634.61,711.26,13.23,11.15,entsoe.eu,false,""
2024-11-10T08:00:00.000000,Poland,Poland,PL,626.32,702.08,14.22,12.12,entsoe.eu,false,""
2024-11-10T09:00:00.000000,Poland,Poland,PL,627.06,702.65,13.88,12.26,entsoe.eu,false,""
2024-11-10T10:00:00.000000,Poland,Poland,PL,629.94,705.2,13.63,12.08,entsoe.eu,false,""
2024-11-10T11:00:00.000000,Poland,Poland,PL,634.99,710.37,13.11,11.51,entsoe.eu,false,""
2024-11-10T12:00:00.000000,Poland,Poland,PL,633.93,710.57,12.84,11.26,entsoe.eu,false,""
2024-11-10T13:00:00.000000,Poland,Poland,PL,634.8,711.52,14.28,12.13,entsoe.eu,false,""
2024-11-10T14:00:00.000000,Poland,Poland,PL,638.53,717.82,12.3,10.41,entsoe.eu,false,""
2024-11-10T15:00:00.000000,Poland,Poland,PL,638.68,718.18,11.39,9.79,entsoe.eu,false,""
2024-11-10T16:00:00.000000,Poland,Poland,PL,637.09,715.7,11.68,10.17,entsoe.eu,false,""
2024-11-10T17:00:00.000000,Poland,Poland,PL,629.44,708.15,12.48,10.9,entsoe.eu,false,""
2024-11-10T18:00:00.000000,Poland,Poland,PL,635.48,714.55,11.8,10.24,entsoe.eu,false,""
2024-11-10T19:00:00.000000,Poland,Poland,PL,642.89,722.93,11.12,9.46,entsoe.eu,false,""
2024-11-10T20:00:00.000000,Poland,Poland,PL,647.05,726.32,11.84,9.93,entsoe.eu,false,""
2024-11-10T21:00:00.000000,Poland,Poland,PL,641.85,721.35,11.48,9.32,entsoe.eu,false,""
2024-11-10T22:00:00.000000,Poland,Poland,PL,649.51,728.2,11.1,8.79,entsoe.eu,false,""
2024-11-10T23:00:00.000000,Poland,Poland,PL,635.53,713.76,13.85,10.71,entsoe.eu,false,""
2024-11-11T00:00:00.000000,Poland,Poland,PL,646.0,723.99,12.64,9.75,entsoe.eu,false,""
2024-11-11T01:00:00.000000,Poland,Poland,PL,651.06,729.12,11.88,9.11,entsoe.eu,false,""
2024-11-11T02:00:00.000000,Poland,Poland,PL,652.44,731.11,11.23,8.73,entsoe.eu,false,""
2024-11-11T03:00:00.000000,Poland,Poland,PL,651.18,730.11,11.59,9.56,entsoe.eu,false,""
2024-11-11T04:00:00.000000,Poland,Poland,PL,649.12,728.35,11.72,10.03,entsoe.eu,false,""
2024-11-11T05:00:00.000000,Poland,Poland,PL,653.25,732.94,10.98,9.59,entsoe.eu,false,""
2024-11-11T06:00:00.000000,Poland,Poland,PL,650.09,731.43,9.33,8.51,entsoe.eu,false,""
2024-11-11T07:00:00.000000,Poland,Poland,PL,635.29,713.6,12.35,11.08,entsoe.eu,false,""
2024-11-11T08:00:00.000000,Poland,Poland,PL,630.56,707.1,13.77,12.47,entsoe.eu,false,""
2024-11-11T09:00:00.000000,Poland,Poland,PL,631.05,704.83,15.75,14.45,entsoe.eu,false,""
2024-11-11T10:00:00.000000,Poland,Poland,PL,618.79,692.87,16.68,15.44,entsoe.eu,false,""
2024-11-11T11:00:00.000000,Poland,Poland,PL,619.83,693.76,16.76,15.49,entsoe.eu,false,""
2024-11-11T12:00:00.000000,Poland,Poland,PL,624.96,700.27,15.18,13.84,entsoe.eu,false,""
2024-11-11T13:00:00.000000,Poland,Poland,PL,647.67,724.39,11.96,10.66,entsoe.eu,false,""
2024-11-11T14:00:00.000000,Poland,Poland,PL,658.04,736.18,10.24,8.89,entsoe.eu,false,""
2024-11-11T15:00:00.000000,Poland,Poland,PL,664.77,741.62,10.57,9.2,entsoe.eu,false,""
2024-11-11T16:00:00.000000,Poland,Poland,PL,667.42,743.67,10.41,9.2,entsoe.eu,false,""
2024-11-11T17:00:00.000000,Poland,Poland,PL,667.02,743.3,10.35,9.16,entsoe.eu,false,""
2024-11-11T18:00:00.000000,Poland,Poland,PL,673.1,748.73,10.74,9.31,entsoe.eu,false,""
2024-11-11T19:00:00.000000,Poland,Poland,PL,679.1,755.95,9.58,8.24,entsoe.eu,false,""
2024-11-11T20:00:00.000000,Poland,Poland,PL,685.04,761.18,9.88,8.34,entsoe.eu,false,""
2024-11-11T21:00:00.000000,Poland,Poland,PL,674.45,751.38,10.73,8.99,entsoe.eu,false,""
2024-11-11T22:00:00.000000,Poland,Poland,PL,681.85,759.01,9.7,8.06,entsoe.eu,false,""
2024-11-11T23:00:00.000000,Poland,Poland,PL,666.58,744.87,10.82,8.97,entsoe.eu,false,""
2024-11-12T00:00:00.000000,Poland,Poland,PL,675.3,753.04,10.0,8.14,entsoe.eu,false,""
2024-11-12T01:00:00.000000,Poland,Poland,PL,670.46,748.38,10.46,8.38,entsoe.eu,false,""
2024-11-12T02:00:00.000000,Poland,Poland,PL,674.47,752.3,9.9,7.78,entsoe.eu,false,""
2024-11-12T03:00:00.000000,Poland,Poland,PL,677.12,755.33,9.61,7.9,entsoe.eu,false,""
2024-11-12T04:00:00.000000,Poland,Poland,PL,675.66,754.49,8.85,7.43,entsoe.eu,false,""
2024-11-12T05:00:00.000000,Poland,Poland,PL,668.4,748.22,8.38,7.01,entsoe.eu,false,""
2024-11-12T06:00:00.000000,Poland,Poland,PL,676.6,755.13,8.28,7.14,entsoe.eu,false,""
2024-11-12T07:00:00.000000,Poland,Poland,PL,673.06,750.84,9.0,7.87,entsoe.eu,false,""
2024-11-12T08:00:00.000000,Poland,Poland,PL,674.88,752.06,9.2,8.3,entsoe.eu,false,""
2024-11-12T09:00:00.000000,Poland,Poland,PL,676.21,753.02,9.24,8.42,entsoe.eu,false,""
2024-11-12T10:00:00.000000,Poland,Poland,PL,675.51,751.87,9.53,8.72,entsoe.eu,false,""
2024-11-12T11:00:00.000000,Poland,Poland,PL,676.3,752.72,9.45,8.65,entsoe.eu,false,""
2024-11-12T12:00:00.000000,Poland,Poland,PL,679.92,756.59,8.94,8.03,entsoe.eu,false,""
2024-11-12T13:00:00.000000,Poland,Poland,PL,684.19,761.59,8.17,7.23,entsoe.eu,false,""
2024-11-12T14:00:00.000000,Poland,Poland,PL,688.1,765.72,7.52,6.64,entsoe.eu,false,""
2024-11-12T15:00:00.000000,Poland,Poland,PL,676.34,753.18,8.68,7.68,entsoe.eu,false,""
2024-11-12T16:00:00.000000,Poland,Poland,PL,674.44,750.52,9.17,8.05,entsoe.eu,false,""
2024-11-12T17:00:00.000000,Poland,Poland,PL,670.62,746.9,9.61,8.39,entsoe.eu,false,""
2024-11-12T18:00:00.000000,Poland,Poland,PL,678.24,754.91,8.88,7.82,entsoe.eu,false,""
2024-11-12T19:00:00.000000,Poland,Poland,PL,681.29,758.93,8.29,7.09,entsoe.eu,false,""
2024-11-12T20:00:00.000000,Poland,Poland,PL,684.97,762.76,7.83,6.6,entsoe.eu,false,""
2024-11-12T21:00:00.000000,Poland,Poland,PL,678.1,756.64,8.32,6.96,entsoe.eu,false,""
2024-11-12T22:00:00.000000,Poland,Poland,PL,682.99,760.32,9.23,7.67,entsoe.eu,false,""
2024-11-12T23:00:00.000000,Poland,Poland,PL,680.59,758.0,9.75,8.03,entsoe.eu,false,""
2024-11-13T00:00:00.000000,Poland,Poland,PL,683.85,760.97,9.53,7.84,entsoe.eu,false,""
2024-11-13T01:00:00.000000,Poland,Poland,PL,686.51,763.78,9.25,7.62,entsoe.eu,false,""
2024-11-13T02:00:00.000000,Poland,Poland,PL,685.57,762.63,9.38,7.74,entsoe.eu,false,""
2024-11-13T03:00:00.000000,Poland,Poland,PL,681.57,759.18,9.43,7.83,entsoe.eu,false,""
2024-11-13T04:00:00.000000,Poland,Poland,PL,670.59,749.5,9.32,7.72,entsoe.eu,false,""
2024-11-13T05:00:00.000000,Poland,Poland,PL,669.36,748.19,8.86,7.36,entsoe.eu,false,""
2024-11-13T06:00:00.000000,Poland,Poland,PL,673.84,751.26,8.94,7.68,entsoe.eu,false,""
2024-11-13T07:00:00.000000,Poland,Poland,PL,671.29,747.48,9.69,8.56,entsoe.eu,false,""
2024-11-13T08:00:00.000000,Poland,Poland,PL,663.44,738.94,10.88,9.79,entsoe.eu,false,""
2024-11-13T09:00:00.000000,Poland,Poland,PL,663.79,738.51,11.16,10.17,entsoe.eu,false,""
2024-11-13T10:00:00.000000,Poland,Poland,PL,657.9,732.85,11.86,10.8,entsoe.eu,false,""
2024-11-13T11:00:00.000000,Poland,Poland,PL,656.18,731.46,11.92,10.81,entsoe.eu,false,""
2024-11-13T12:00:00.000000,Poland,Poland,PL,664.37,740.02,10.91,9.78,entsoe.eu,false,""
2024-11-13T13:00:00.000000,Poland,Poland,PL,677.56,753.92,9.18,8.03,entsoe.eu,false,""
2024-11-13T14:00:00.000000,Poland,Poland,PL,682.51,758.93,8.52,7.42,entsoe.eu,false,""
2024-11-13T15:00:00.000000,Poland,Poland,PL,679.66,755.69,8.61,7.55,entsoe.eu,false,""
2024-11-13T16:00:00.000000,Poland,Poland,PL,675.79,751.6,8.96,7.94,entsoe.eu,false,""
2024-11-13T17:00:00.000000,Poland,Poland,PL,672.03,748.24,9.14,8.15,entsoe.eu,false,""
2024-11-13T18:00:00.000000,Poland,Poland,PL,669.87,746.11,9.39,8.4,entsoe.eu,false,""
2024-11-13T19:00:00.000000,Poland,Poland,PL,661.3,737.65,10.61,9.51,entsoe.eu,false,""
2024-11-13T20:00:00.000000,Poland,Poland,PL,654.65,729.48,12.36,11.22,entsoe.eu,false,""
2024-11-13T21:00:00.000000,Poland,Poland,PL,645.68,718.52,14.62,13.13,entsoe.eu,false,""
2024-11-13T22:00:00.000000,Poland,Poland,PL,627.92,700.14,16.7,15.06,entsoe.eu,false,""
2024-11-13T23:00:00.000000,Poland,Poland,PL,610.29,681.39,18.8,17.21,entsoe.eu,false,""
2024-11-14T00:00:00.000000,Poland,Poland,PL,600.54,670.89,20.08,18.59,entsoe.eu,false,""
2024-11-14T01:00:00.000000,Poland,Poland,PL,586.75,656.52,21.68,20.09,entsoe.eu,false,""
2024-11-14T02:00:00.000000,Poland,Poland,PL,584.03,653.33,22.11,20.61,entsoe.eu,false,""
2024-11-14T03:00:00.000000,Poland,Poland,PL,583.45,652.91,22.19,20.85,entsoe.eu,false,""
2024-11-14T04:00:00.000000,Poland,Poland,PL,583.41,652.46,22.26,20.99,entsoe.eu,false,""
2024-11-14T05:00:00.000000,Poland,Poland,PL,577.88,647.98,21.7,20.51,entsoe.eu,false,""
2024-11-14T06:00:00.000000,Poland,Poland,PL,575.02,644.74,21.77,20.76,entsoe.eu,false,""
2024-11-14T07:00:00.000000,Poland,Poland,PL,563.4,631.63,23.65,22.67,entsoe.eu,false,""
2024-11-14T08:00:00.000000,Poland,Poland,PL,556.51,622.09,26.43,25.42,entsoe.eu,false,""
2024-11-14T09:00:00.000000,Poland,Poland,PL,549.2,613.73,27.76,26.72,entsoe.eu,false,""
2024-11-14T10:00:00.000000,Poland,Poland,PL,551.37,615.79,27.59,26.56,entsoe.eu,false,""
2024-11-14T11:00:00.000000,Poland,Poland,PL,557.23,622.39,26.64,25.6,entsoe.eu,false,""
2024-11-14T12:00:00.000000,Poland,Poland,PL,565.75,632.63,24.68,23.64,entsoe.eu,false,""
2024-11-14T13:00:00.000000,Poland,Poland,PL,584.73,651.48,23.17,22.05,entsoe.eu,false,""
2024-11-14T14:00:00.000000,Poland,Poland,PL,591.31,659.15,21.35,20.29,entsoe.eu,false,""
2024-11-14T15:00:00.000000,Poland,Poland,PL,588.94,656.57,21.27,20.26,entsoe.eu,false,""
2024-11-14T16:00:00.000000,Poland,Poland,PL,578.74,646.43,21.68,20.76,entsoe.eu,false,""
2024-11-14T17:00:00.000000,Poland,Poland,PL,583.16,651.74,21.07,20.15,entsoe.eu,false,""
2024-11-14T18:00:00.000000,Poland,Poland,PL,595.89,665.41,19.6,18.65,entsoe.eu,false,""
2024-11-14T19:00:00.000000,Poland,Poland,PL,601.77,672.37,18.8,17.79,entsoe.eu,false,""
2024-11-14T20:00:00.000000,Poland,Poland,PL,604.16,674.07,19.38,18.38,entsoe.eu,false,""
2024-11-14T21:00:00.000000,Poland,Poland,PL,599.19,668.39,20.51,19.52,entsoe.eu,false,""
2024-11-14T22:00:00.000000,Poland,Poland,PL,592.85,662.22,21.34,20.24,entsoe.eu,false,""
2024-11-14T23:00:00.000000,Poland,Poland,PL,592.44,659.71,21.35,20.04,entsoe.eu,false,""
2024-11-15T00:00:00.000000,Poland,Poland,PL,602.88,669.48,20.31,19.14,entsoe.eu,false,""
2024-11-15T01:00:00.000000,Poland,Poland,PL,607.34,673.64,19.74,18.44,entsoe.eu,false,""
2024-11-15T02:00:00.000000,Poland,Poland,PL,611.49,678.15,19.3,18.16,entsoe.eu,false,""
2024-11-15T03:00:00.000000,Poland,Poland,PL,605.47,672.22,19.92,18.72,entsoe.eu,false,""
2024-11-15T04:00:00.000000,Poland,Poland,PL,592.43,659.42,21.32,20.08,entsoe.eu,false,""
2024-11-15T05:00:00.000000,Poland,Poland,PL,603.94,673.0,19.12,17.81,entsoe.eu,false,""
2024-11-15T06:00:00.000000,Poland,Poland,PL,603.26,671.96,19.25,18.18,entsoe.eu,false,""
2024-11-15T07:00:00.000000,Poland,Poland,PL,589.66,656.39,21.92,20.89,entsoe.eu,false,""
2024-11-15T08:00:00.000000,Poland,Poland,PL,572.02,636.12,25.65,24.62,entsoe.eu,false,""
2024-11-15T09:00:00.000000,Poland,Poland,PL,558.2,621.1,27.65,26.73,entsoe.eu,false,""
2024-11-15T10:00:00.000000,Poland,Poland,PL,542.86,604.77,29.5,28.58,entsoe.eu,false,""
2024-11-15T11:00:00.000000,Poland,Poland,PL,552.13,614.34,28.37,27.43,entsoe.eu,false,""
2024-11-15T12:00:00.000000,Poland,Poland,PL,566.22,628.98,26.61,25.65,entsoe.eu,false,""
2024-11-15T13:00:00.000000,Poland,Poland,PL,591.14,655.94,22.66,21.77,entsoe.eu,false,""
2024-11-15T14:00:00.000000,Poland,Poland,PL,603.79,669.51,20.54,19.71,entsoe.eu,false,""
2024-11-15T15:00:00.000000,Poland,Poland,PL,599.94,665.21,21.03,20.19,entsoe.eu,false,""
2024-11-15T16:00:00.000000,Poland,Poland,PL,596.4,660.92,21.15,20.49,entsoe.eu,false,""
2024-11-15T17:00:00.000000,Poland,Poland,PL,592.86,656.58,22.11,21.5,entsoe.eu,false,""
2024-11-15T18:00:00.000000,Poland,Poland,PL,583.58,646.86,23.55,22.95,entsoe.eu,false,""
2024-11-15T19:00:00.000000,Poland,Poland,PL,584.35,647.09,24.16,23.51,entsoe.eu,false,""
2024-11-15T20:00:00.000000,Poland,Poland,PL,574.43,636.51,25.64,24.99,entsoe.eu,false,""
2024-11-15T21:00:00.000000,Poland,Poland,PL,556.83,618.46,27.46,26.68,entsoe.eu,false,""
2024-11-15T22:00:00.000000,Poland,Poland,PL,544.63,606.69,28.04,27.09,entsoe.eu,false,""
2024-11-15T23:00:00.000000,Poland,Poland,PL,521.26,583.96,30.44,29.3,entsoe.eu,false,""
2024-11-16T00:00:00.000000,Poland,Poland,PL,505.09,568.33,32.06,31.13,entsoe.eu,false,""
2024-11-16T01:00:00.000000,Poland,Poland,PL,487.95,550.68,34.43,33.19,entsoe.eu,false,""
2024-11-16T02:00:00.000000,Poland,Poland,PL,474.25,536.46,36.13,35.09,entsoe.eu,false,""
2024-11-16T03:00:00.000000,Poland,Poland,PL,452.72,513.51,38.75,37.45,entsoe.eu,false,""
2024-11-16T04:00:00.000000,Poland,Poland,PL,448.23,508.59,39.29,38.47,entsoe.eu,false,""
2024-11-16T05:00:00.000000,Poland,Poland,PL,454.56,515.07,38.58,38.22,entsoe.eu,false,""
2024-11-16T06:00:00.000000,Poland,Poland,PL,469.35,529.42,37.36,37.11,entsoe.eu,false,""
2024-11-16T07:00:00.000000,Poland,Poland,PL,455.06,514.26,39.29,39.06,entsoe.eu,false,""
2024-11-16T08:00:00.000000,Poland,Poland,PL,431.55,488.98,42.37,42.16,entsoe.eu,false,""
2024-11-16T09:00:00.000000,Poland,Poland,PL,400.31,456.57,46.0,45.88,entsoe.eu,false,""
2024-11-16T10:00:00.000000,Poland,Poland,PL,385.03,440.41,48.04,47.93,entsoe.eu,false,""
2024-11-16T11:00:00.000000,Poland,Poland,PL,394.49,450.35,46.84,46.73,entsoe.eu,false,""
2024-11-16T12:00:00.000000,Poland,Poland,PL,410.01,467.1,44.79,44.65,entsoe.eu,false,""
2024-11-16T13:00:00.000000,Poland,Poland,PL,455.72,514.64,39.23,39.05,entsoe.eu,false,""
2024-11-16T14:00:00.000000,Poland,Poland,PL,491.58,551.85,35.03,34.76,entsoe.eu,false,""
2024-11-16T15:00:00.000000,Poland,Poland,PL,487.98,548.27,35.3,34.98,entsoe.eu,false,""
2024-11-16T16:00:00.000000,Poland,Poland,PL,495.29,555.36,34.53,34.3,entsoe.eu,false,""
2024-11-16T17:00:00.000000,Poland,Poland,PL,500.48,561.06,33.72,33.57,entsoe.eu,false,""
2024-11-16T18:00:00.000000,Poland,Poland,PL,510.15,571.79,32.06,31.93,entsoe.eu,false,""
2024-11-16T19:00:00.000000,Poland,Poland,PL,507.36,568.73,32.7,32.55,entsoe.eu,false,""
2024-11-16T20:00:00.000000,Poland,Poland,PL,503.52,564.99,33.01,32.85,entsoe.eu,false,""
2024-11-16T21:00:00.000000,Poland,Poland,PL,482.4,542.92,35.72,35.4,entsoe.eu,false,""
2024-11-16T22:00:00.000000,Poland,Poland,PL,456.99,515.68,38.94,38.25,entsoe.eu,false,""
2024-11-16T23:00:00.000000,Poland,Poland,PL,449.48,507.94,39.38,38.64,entsoe.eu,false,""
2024-11-17T00:00:00.000000,Poland,Poland,PL,427.09,484.62,42.16,41.25,entsoe.eu,false,""
2024-11-17T01:00:00.000000,Poland,Poland,PL,429.42,487.19,41.98,41.15,entsoe.eu,false,""
2024-11-17T02:00:00.000000,Poland,Poland,PL,430.83,489.1,41.63,40.8,entsoe.eu,false,""
2024-11-17T03:00:00.000000,Poland,Poland,PL,428.41,486.53,41.93,41.23,entsoe.eu,false,""
2024-11-17T04:00:00.000000,Poland,Poland,PL,417.68,474.86,43.4,42.81,entsoe.eu,false,""
2024-11-17T05:00:00.000000,Poland,Poland,PL,418.56,475.79,43.32,42.92,entsoe.eu,false,""
2024-11-17T06:00:00.000000,Poland,Poland,PL,404.78,460.87,45.14,44.41,entsoe.eu,false,""
2024-11-17T07:00:00.000000,Poland,Poland,PL,389.02,444.6,46.94,46.39,entsoe.eu,false,""
2024-11-17T08:00:00.000000,Poland,Poland,PL,381.34,436.02,48.21,47.92,entsoe.eu,false,""
2024-11-17T09:00:00.000000,Poland,Poland,PL,363.73,417.07,50.67,50.2,entsoe.eu,false,""
2024-11-17T10:00:00.000000,Poland,Poland,PL,361.49,414.26,51.27,50.91,entsoe.eu,false,""
2024-11-17T11:00:00.000000,Poland,Poland,PL,384.04,437.03,48.74,48.41,entsoe.eu,false,""
2024-11-17T12:00:00.000000,Poland,Poland,PL,390.78,443.88,48.06,47.92,entsoe.eu,false,""
2024-11-17T13:00:00.000000,Poland,Poland,PL,421.69,476.7,43.77,43.75,entsoe.eu,false,""
2024-11-17T14:00:00.000000,Poland,Poland,PL,429.67,485.76,42.21,42.17,entsoe.eu,false,""
2024-11-17T15:00:00.000000,Poland,Poland,PL,432.5,487.66,42.35,42.31,entsoe.eu,false,""
2024-11-17T16:00:00.000000,Poland,Poland,PL,432.46,488.0,41.56,41.52,entsoe.eu,false,""
2024-11-17T17:00:00.000000,Poland,Poland,PL,430.04,484.9,42.41,42.38,entsoe.eu,false,""
2024-11-17T18:00:00.000000,Poland,Poland,PL,426.32,481.27,43.31,43.27,entsoe.eu,false,""
2024-11-17T19:00:00.000000,Poland,Poland,PL,426.02,481.71,43.07,43.04,entsoe.eu,false,""
2024-11-17T20:00:00.000000,Poland,Poland,PL,414.77,470.05,44.45,44.39,entsoe.eu,false,""
2024-11-17T21:00:00.000000,Poland,Poland,PL,418.28,473.71,43.79,43.55,entsoe.eu,false,""
2024-11-17T22:00:00.000000,Poland,Poland,PL,413.25,468.49,44.6,44.39,entsoe.eu,false,""
2024-11-17T23:00:00.000000,Poland,Poland,PL,399.39,453.72,46.44,46.31,entsoe.eu,false,""
2024-11-18T00:00:00.000000,Poland,Poland,PL,401.45,455.81,46.21,45.96,entsoe.eu,false,""
2024-11-18T01:00:00.000000,Poland,Poland,PL,401.62,455.96,46.22,45.98,entsoe.eu,false,""
2024-11-18T02:00:00.000000,Poland,Poland,PL,407.69,462.56,45.37,45.16,entsoe.eu,false,""
2024-11-18T03:00:00.000000,Poland,Poland,PL,418.77,474.22,43.99,43.82,entsoe.eu,false,""
2024-11-18T04:00:00.000000,Poland,Poland,PL,435.08,491.4,42.04,41.82,entsoe.eu,false,""
2024-11-18T05:00:00.000000,Poland,Poland,PL,477.41,536.58,36.47,36.28,entsoe.eu,false,""
2024-11-18T06:00:00.000000,Poland,Poland,PL,497.89,557.87,33.89,33.68,entsoe.eu,false,""
2024-11-18T07:00:00.000000,Poland,Poland,PL,497.11,557.15,34.27,34.04,entsoe.eu,false,""
2024-11-18T08:00:00.000000,Poland,Poland,PL,490.96,551.12,35.0,34.83,entsoe.eu,false,""
2024-11-18T09:00:00.000000,Poland,Poland,PL,485.14,544.91,35.77,35.47,entsoe.eu,false,""
2024-11-18T10:00:00.000000,Poland,Poland,PL,488.55,548.57,35.22,34.98,entsoe.eu,false,""
2024-11-18T11:00:00.000000,Poland,Poland,PL,492.39,552.59,34.56,34.36,entsoe.eu,false,""
2024-11-18T12:00:00.000000,Poland,Poland,PL,499.07,559.21,34.04,33.98,entsoe.eu,false,""
2024-11-18T13:00:00.000000,Poland,Poland,PL,520.33,581.31,31.31,31.24,entsoe.eu,false,""
2024-11-18T14:00:00.000000,Poland,Poland,PL,530.39,590.68,30.84,30.63,entsoe.eu,false,""
2024-11-18T15:00:00.000000,Poland,Poland,PL,535.76,595.74,30.0,29.76,entsoe.eu,false,""
2024-11-18T16:00:00.000000,Poland,Poland,PL,518.88,577.65,32.2,31.95,entsoe.eu,false,""
2024-11-18T17:00:00.000000,Poland,Poland,PL,515.21,573.57,32.82,32.64,entsoe.eu,false,""
2024-11-18T18:00:00.000000,Poland,Poland,PL,514.46,572.42,33.3,33.08,entsoe.eu,false,""
2024-11-18T19:00:00.000000,Poland,Poland,PL,514.5,574.0,32.93,32.61,entsoe.eu,false,""
2024-11-18T20:00:00.000000,Poland,Poland,PL,509.17,568.11,33.83,33.51,entsoe.eu,false,""
2024-11-18T21:00:00.000000,Poland,Poland,PL,508.66,568.05,33.53,33.23,entsoe.eu,false,""
2024-11-18T22:00:00.000000,Poland,Poland,PL,480.23,538.79,36.85,35.97,entsoe.eu,false,""
2024-11-18T23:00:00.000000,Poland,Poland,PL,477.93,536.27,36.94,35.87,entsoe.eu,false,""
2024-11-19T00:00:00.000000,Poland,Poland,PL,472.7,531.31,37.37,36.29,entsoe.eu,false,""
2024-11-19T01:00:00.000000,Poland,Poland,PL,483.85,543.12,35.98,34.94,entsoe.eu,false,""
2024-11-19T02:00:00.000000,Poland,Poland,PL,499.98,560.06,34.09,33.2,entsoe.eu,false,""
2024-11-19T03:00:00.000000,Poland,Poland,PL,512.17,573.45,32.63,31.89,entsoe.eu,false,""
2024-11-19T04:00:00.000000,Poland,Poland,PL,528.12,590.67,30.64,29.7,entsoe.eu,false,""
2024-11-19T05:00:00.000000,Poland,Poland,PL,534.54,598.02,29.59,28.43,entsoe.eu,false,""
2024-11-19T06:00:00.000000,Poland,Poland,PL,555.5,618.8,27.34,26.4,entsoe.eu,false,""
2024-11-19T07:00:00.000000,Poland,Poland,PL,550.3,615.31,27.01,26.3,entsoe.eu,false,""
2024-11-19T08:00:00.000000,Poland,Poland,PL,550.72,616.24,26.85,26.23,entsoe.eu,false,""
2024-11-19T09:00:00.000000,Poland,Poland,PL,545.09,608.34,29.05,28.03,entsoe.eu,false,""
2024-11-19T10:00:00.000000,Poland,Poland,PL,537.24,600.61,29.44,28.25,entsoe.eu,false,""
2024-11-19T11:00:00.000000,Poland,Poland,PL,538.19,601.71,28.94,27.98,entsoe.eu,false,""
2024-11-19T12:00:00.000000,Poland,Poland,PL,535.49,599.53,28.51,27.88,entsoe.eu,false,""
2024-11-19T13:00:00.000000,Poland,Poland,PL,537.64,601.87,27.9,27.47,entsoe.eu,false,""
2024-11-19T14:00:00.000000,Poland,Poland,PL,530.31,592.6,29.33,28.88,entsoe.eu,false,""
2024-11-19T15:00:00.000000,Poland,Poland,PL,520.86,581.57,30.82,30.37,entsoe.eu,false,""
2024-11-19T16:00:00.000000,Poland,Poland,PL,512.75,573.15,31.5,31.29,entsoe.eu,false,""
2024-11-19T17:00:00.000000,Poland,Poland,PL,516.43,576.5,31.07,30.95,entsoe.eu,false,""
2024-11-19T18:00:00.000000,Poland,Poland,PL,520.41,581.21,30.81,30.64,entsoe.eu,false,""
2024-11-19T19:00:00.000000,Poland,Poland,PL,526.29,586.71,31.03,30.77,entsoe.eu,false,""
2024-11-19T20:00:00.000000,Poland,Poland,PL,521.02,580.29,31.96,31.63,entsoe.eu,false,""
2024-11-19T21:00:00.000000,Poland,Poland,PL,483.89,541.67,36.31,35.39,entsoe.eu,false,""
2024-11-19T22:00:00.000000,Poland,Poland,PL,460.12,516.72,38.97,37.63,entsoe.eu,false,""
2024-11-19T23:00:00.000000,Poland,Poland,PL,451.33,506.4,40.2,38.94,entsoe.eu,false,""
2024-11-20T00:00:00.000000,Poland,Poland,PL,431.39,485.55,42.49,41.1,entsoe.eu,false,""
2024-11-20T01:00:00.000000,Poland,Poland,PL,430.04,484.44,42.58,40.98,entsoe.eu,false,""
2024-11-20T02:00:00.000000,Poland,Poland,PL,440.88,495.68,41.4,39.77,entsoe.eu,false,""
2024-11-20T03:00:00.000000,Poland,Poland,PL,449.08,505.25,40.44,39.04,entsoe.eu,false,""
2024-11-20T04:00:00.000000,Poland,Poland,PL,465.7,524.12,38.12,37.0,entsoe.eu,false,""
2024-11-20T05:00:00.000000,Poland,Poland,PL,496.88,556.65,34.42,33.74,entsoe.eu,false,""
2024-11-20T06:00:00.000000,Poland,Poland,PL,516.08,575.67,32.51,31.77,entsoe.eu,false,""
2024-11-20T07:00:00.000000,Poland,Poland,PL,510.98,569.89,33.28,32.51,entsoe.eu,false,""
2024-11-20T08:00:00.000000,Poland,Poland,PL,501.27,559.17,34.94,34.15,entsoe.eu,false,""
2024-11-20T09:00:00.000000,Poland,Poland,PL,491.05,548.87,36.25,35.42,entsoe.eu,false,""
2024-11-20T10:00:00.000000,Poland,Poland,PL,486.46,544.56,36.47,35.72,entsoe.eu,false,""
2024-11-20T11:00:00.000000,Poland,Poland,PL,506.22,565.59,33.89,33.37,entsoe.eu,false,""
2024-11-20T12:00:00.000000,Poland,Poland,PL,515.38,575.15,33.17,32.6,entsoe.eu,false,""
2024-11-20T13:00:00.000000,Poland,Poland,PL,532.22,593.35,30.86,30.17,entsoe.eu,false,""
2024-11-20T14:00:00.000000,Poland,Poland,PL,541.61,602.84,29.85,28.85,entsoe.eu,false,""
2024-11-20T15:00:00.000000,Poland,Poland,PL,553.12,615.67,27.56,26.78,entsoe.eu,false,""
2024-11-20T16:00:00.000000,Poland,Poland,PL,548.7,610.71,27.92,27.2,entsoe.eu,false,""
2024-11-20T17:00:00.000000,Poland,Poland,PL,543.88,605.29,28.33,27.71,entsoe.eu,false,""
2024-11-20T18:00:00.000000,Poland,Poland,PL,548.58,609.8,28.42,27.71,entsoe.eu,false,""
2024-11-20T19:00:00.000000,Poland,Poland,PL,554.34,616.78,27.68,26.72,entsoe.eu,false,""
2024-11-20T20:00:00.000000,Poland,Poland,PL,567.89,630.92,26.12,25.08,entsoe.eu,false,""
2024-11-20T21:00:00.000000,Poland,Poland,PL,566.27,628.95,26.38,24.86,entsoe.eu,false,""
2024-11-20T22:00:00.000000,Poland,Poland,PL,558.83,622.17,26.87,24.97,entsoe.eu,false,""
2024-11-20T23:00:00.000000,Poland,Poland,PL,537.09,600.44,29.2,27.15,entsoe.eu,false,""
2024-11-21T00:00:00.000000,Poland,Poland,PL,526.22,588.95,30.39,28.48,entsoe.eu,false,""
2024-11-21T01:00:00.000000,Poland,Poland,PL,517.81,580.58,31.21,29.24,entsoe.eu,false,""
2024-11-21T02:00:00.000000,Poland,Poland,PL,515.7,578.18,31.55,29.66,entsoe.eu,false,""
2024-11-21T03:00:00.000000,Poland,Poland,PL,508.8,570.54,32.53,30.84,entsoe.eu,false,""
2024-11-21T04:00:00.000000,Poland,Poland,PL,507.81,568.96,32.92,31.76,entsoe.eu,false,""
2024-11-21T05:00:00.000000,Poland,Poland,PL,538.05,600.92,29.04,28.34,entsoe.eu,false,""
2024-11-21T06:00:00.000000,Poland,Poland,PL,550.7,613.96,27.36,26.82,entsoe.eu,false,""
2024-11-21T07:00:00.000000,Poland,Poland,PL,542.66,605.37,28.33,27.96,entsoe.eu,false,""
2024-11-21T08:00:00.000000,Poland,Poland,PL,514.72,575.64,32.15,31.97,entsoe.eu,false,""
2024-11-21T09:00:00.000000,Poland,Poland,PL,505.53,565.21,33.92,33.73,entsoe.eu,false,""
2024-11-21T10:00:00.000000,Poland,Poland,PL,489.35,548.56,35.74,35.68,entsoe.eu,false,""
2024-11-21T11:00:00.000000,Poland,Poland,PL,487.12,545.66,36.22,36.17,entsoe.eu,false,""
2024-11-21T12:00:00.000000,Poland,Poland,PL,498.06,557.95,34.24,34.15,entsoe.eu,false,""
2024-11-21T13:00:00.000000,Poland,Poland,PL,533.76,596.78,28.97,28.74,entsoe.eu,false,""
2024-11-21T14:00:00.000000,Poland,Poland,PL,551.88,616.21,26.37,26.08,entsoe.eu,false,""
2024-11-21T15:00:00.000000,Poland,Poland,PL,555.86,619.62,26.04,25.71,entsoe.eu,false,""
2024-11-21T16:00:00.000000,Poland,Poland,PL,545.18,608.76,27.1,26.83,entsoe.eu,false,""
2024-11-21T17:00:00.000000,Poland,Poland,PL,553.59,617.06,26.24,26.02,entsoe.eu,false,""
2024-11-21T18:00:00.000000,Poland,Poland,PL,558.14,621.86,25.62,25.41,entsoe.eu,false,""
2024-11-21T19:00:00.000000,Poland,Poland,PL,567.79,632.34,24.57,24.37,entsoe.eu,false,""
2024-11-21T20:00:00.000000,Poland,Poland,PL,560.79,624.5,26.44,26.11,entsoe.eu,false,""
2024-11-21T21:00:00.000000,Poland,Poland,PL,560.25,623.53,26.67,26.1,entsoe.eu,false,""
2024-11-21T22:00:00.000000,Poland,Poland,PL,548.05,611.45,27.82,26.77,entsoe.eu,false,""
2024-11-21T23:00:00.000000,Poland,Poland,PL,551.18,615.42,27.11,25.79,entsoe.eu,false,""
2024-11-22T00:00:00.000000,Poland,Poland,PL,557.36,622.37,26.45,25.16,entsoe.eu,false,""
2024-11-22T01:00:00.000000,Poland,Poland,PL,565.64,631.87,25.4,24.05,entsoe.eu,false,""
2024-11-22T02:00:00.000000,Poland,Poland,PL,564.56,631.07,25.5,23.9,entsoe.eu,false,""
2024-11-22T03:00:00.000000,Poland,Poland,PL,574.55,641.23,24.55,23.2,entsoe.eu,false,""
2024-11-22T04:00:00.000000,Poland,Poland,PL,585.53,652.58,23.29,22.19,entsoe.eu,false,""
2024-11-22T05:00:00.000000,Poland,Poland,PL,586.22,653.34,23.04,21.85,entsoe.eu,false,""
2024-11-22T06:00:00.000000,Poland,Poland,PL,590.91,659.05,21.55,20.48,entsoe.eu,false,""
2024-11-22T07:00:00.000000,Poland,Poland,PL,584.95,652.75,22.46,21.07,entsoe.eu,false,""
2024-11-22T08:00:00.000000,Poland,Poland,PL,569.94,636.6,24.86,23.56,entsoe.eu,false,""
2024-11-22T09:00:00.000000,Poland,Poland,PL,559.03,625.78,26.01,24.79,entsoe.eu,false,""
2024-11-22T10:00:00.000000,Poland,Poland,PL,554.35,621.87,26.07,25.03,entsoe.eu,false,""
2024-11-22T11:00:00.000000,Poland,Poland,PL,561.7,629.74,25.13,24.22,entsoe.eu,false,""
2024-11-22T12:00:00.000000,Poland,Poland,PL,577.71,645.96,23.3,22.22,entsoe.eu,false,""
2024-11-22T13:00:00.000000,Poland,Poland,PL,603.76,673.25,19.93,18.88,entsoe.eu,false,""
2024-11-22T14:00:00.000000,Poland,Poland,PL,605.39,673.91,19.95,18.78,entsoe.eu,false,""
2024-11-22T15:00:00.000000,Poland,Poland,PL,596.57,665.16,20.13,19.34,entsoe.eu,false,""
2024-11-22T16:00:00.000000,Poland,Poland,PL,579.36,645.51,23.05,22.44,entsoe.eu,false,""
2024-11-22T17:00:00.000000,Poland,Poland,PL,576.62,641.98,23.89,23.45,entsoe.eu,false,""
2024-11-22T18:00:00.000000,Poland,Poland,PL,570.96,635.9,24.62,24.0,entsoe.eu,false,""
2024-11-22T19:00:00.000000,Poland,Poland,PL,543.69,606.53,28.57,27.61,entsoe.eu,false,""
2024-11-22T20:00:00.000000,Poland,Poland,PL,522.92,585.04,30.94,30.04,entsoe.eu,false,""
2024-11-22T21:00:00.000000,Poland,Poland,PL,517.27,579.1,31.33,30.46,entsoe.eu,false,""
2024-11-22T22:00:00.000000,Poland,Poland,PL,488.79,549.85,34.52,33.46,entsoe.eu,false,""
2024-11-22T23:00:00.000000,Poland,Poland,PL,490.27,551.15,34.16,32.97,entsoe.eu,false,""
2024-11-23T00:00:00.000000,Poland,Poland,PL,472.11,532.58,36.28,34.8,entsoe.eu,false,""
2024-11-23T01:00:00.000000,Poland,Poland,PL,461.84,520.84,37.98,36.26,entsoe.eu,false,""
2024-11-23T02:00:00.000000,Poland,Poland,PL,460.41,520.28,37.61,36.01,entsoe.eu,false,""
2024-11-23T03:00:00.000000,Poland,Poland,PL,461.56,520.97,38.14,36.85,entsoe.eu,false,""
2024-11-23T04:00:00.000000,Poland,Poland,PL,471.2,530.72,37.25,36.33,entsoe.eu,false,""
2024-11-23T05:00:00.000000,Poland,Poland,PL,472.52,532.47,36.92,36.31,entsoe.eu,false,""
2024-11-23T06:00:00.000000,Poland,Poland,PL,464.23,522.83,38.24,37.62,entsoe.eu,false,""
2024-11-23T07:00:00.000000,Poland,Poland,PL,446.3,503.37,40.75,40.14,entsoe.eu,false,""
2024-11-23T08:00:00.000000,Poland,Poland,PL,418.87,474.44,44.32,43.57,entsoe.eu,false,""
2024-11-23T09:00:00.000000,Poland,Poland,PL,403.37,458.83,45.97,45.17,entsoe.eu,false,""
2024-11-23T10:00:00.000000,Poland,Poland,PL,394.46,449.6,46.99,46.19,entsoe.eu,false,""
2024-11-23T11:00:00.000000,Poland,Poland,PL,390.55,445.44,47.42,46.69,entsoe.eu,false,""
2024-11-23T12:00:00.000000,Poland,Poland,PL,427.7,484.14,42.99,42.28,entsoe.eu,false,""
2024-11-23T13:00:00.000000,Poland,Poland,PL,465.43,523.83,38.25,37.71,entsoe.eu,false,""
2024-11-23T14:00:00.000000,Poland,Poland,PL,486.51,547.04,35.0,34.39,entsoe.eu,false,""
2024-11-23T15:00:00.000000,Poland,Poland,PL,501.65,562.76,33.19,32.57,entsoe.eu,false,""
2024-11-23T16:00:00.000000,Poland,Poland,PL,494.57,555.56,33.67,33.13,entsoe.eu,false,""
2024-11-23T17:00:00.000000,Poland,Poland,PL,497.59,558.97,33.22,32.75,entsoe.eu,false,""
2024-11-23T18:00:00.000000,Poland,Poland,PL,494.94,556.21,33.74,33.24,entsoe.eu,false,""
2024-11-23T19:00:00.000000,Poland,Poland,PL,486.18,546.68,35.19,34.42,entsoe.eu,false,""
2024-11-23T20:00:00.000000,Poland,Poland,PL,476.7,537.95,35.87,34.89,entsoe.eu,false,""
2024-11-23T21:00:00.000000,Poland,Poland,PL,464.41,524.93,37.44,36.29,entsoe.eu,false,""
2024-11-23T22:00:00.000000,Poland,Poland,PL,443.77,502.94,40.16,38.81,entsoe.eu,false,""
2024-11-23T23:00:00.000000,Poland,Poland,PL,435.87,493.49,41.6,40.42,entsoe.eu,false,""
2024-11-24T00:00:00.000000,Poland,Poland,PL,427.22,484.4,42.35,41.67,entsoe.eu,false,""
2024-11-24T01:00:00.000000,Poland,Poland,PL,419.88,476.21,43.48,42.9,entsoe.eu,false,""
2024-11-24T02:00:00.000000,Poland,Poland,PL,420.01,476.13,43.57,42.75,entsoe.eu,false,""
2024-11-24T03:00:00.000000,Poland,Poland,PL,420.47,477.0,43.33,42.78,entsoe.eu,false,""
2024-11-24T04:00:00.000000,Poland,Poland,PL,426.11,483.67,42.19,41.84,entsoe.eu,false,""
2024-11-24T05:00:00.000000,Poland,Poland,PL,417.97,474.89,43.36,42.76,entsoe.eu,false,""
2024-11-24T06:00:00.000000,Poland,Poland,PL,419.23,476.43,42.98,42.44,entsoe.eu,false,""
2024-11-24T07:00:00.000000,Poland,Poland,PL,414.47,472.01,43.43,42.89,entsoe.eu,false,""
2024-11-24T08:00:00.000000,Poland,Poland,PL,421.91,479.71,42.81,42.1,entsoe.eu,false,""
2024-11-24T09:00:00.000000,Poland,Poland,PL,411.16,467.81,44.63,43.56,entsoe.eu,false,""
2024-11-24T10:00:00.000000,Poland,Poland,PL,415.24,471.15,44.83,43.62,entsoe.eu,false,""
2024-11-24T11:00:00.000000,Poland,Poland,PL,435.95,494.02,41.62,40.86,entsoe.eu,false,""
2024-11-24T12:00:00.000000,Poland,Poland,PL,455.73,514.49,39.32,38.61,entsoe.eu,false,""
2024-11-24T13:00:00.000000,Poland,Poland,PL,480.9,541.26,35.85,35.42,entsoe.eu,false,""
2024-11-24T14:00:00.000000,Poland,Poland,PL,475.73,534.44,36.8,36.48,entsoe.eu,false,""
2024-11-24T15:00:00.000000,Poland,Poland,PL,469.11,526.66,37.86,37.62,entsoe.eu,false,""
2024-11-24T16:00:00.000000,Poland,Poland,PL,456.11,512.91,39.36,39.15,entsoe.eu,false,""
2024-11-24T17:00:00.000000,Poland,Poland,PL,445.95,502.41,40.6,40.43,entsoe.eu,false,""
2024-11-24T18:00:00.000000,Poland,Poland,PL,450.2,506.95,40.14,39.96,entsoe.eu,false,""
2024-11-24T19:00:00.000000,Poland,Poland,PL,445.01,501.93,40.73,40.52,entsoe.eu,false,""
2024-11-24T20:00:00.000000,Poland,Poland,PL,419.21,474.71,43.91,43.58,entsoe.eu,false,""
2024-11-24T21:00:00.000000,Poland,Poland,PL,404.69,459.99,45.01,44.41,entsoe.eu,false,""
2024-11-24T22:00:00.000000,Poland,Poland,PL,392.56,447.64,46.36,45.72,entsoe.eu,false,""
2024-11-24T23:00:00.000000,Poland,Poland,PL,399.2,455.38,45.48,44.86,entsoe.eu,false,""
2024-11-25T00:00:00.000000,Poland,Poland,PL,386.72,442.56,46.71,46.1,entsoe.eu,false,""
2024-11-25T01:00:00.000000,Poland,Poland,PL,390.0,445.51,46.36,45.81,entsoe.eu,false,""
2024-11-25T02:00:00.000000,Poland,Poland,PL,396.37,452.49,45.62,45.3,entsoe.eu,false,""
2024-11-25T03:00:00.000000,Poland,Poland,PL,400.19,455.8,45.42,44.92,entsoe.eu,false,""
2024-11-25T04:00:00.000000,Poland,Poland,PL,408.73,464.57,44.31,43.84,entsoe.eu,false,""
2024-11-25T05:00:00.000000,Poland,Poland,PL,432.95,490.35,41.32,41.04,entsoe.eu,false,""
2024-11-25T06:00:00.000000,Poland,Poland,PL,447.76,505.22,39.81,39.58,entsoe.eu,false,""
2024-11-25T07:00:00.000000,Poland,Poland,PL,429.99,486.19,42.45,42.28,entsoe.eu,false,""
2024-11-25T08:00:00.000000,Poland,Poland,PL,404.34,458.84,46.47,46.35,entsoe.eu,false,""
2024-11-25T09:00:00.000000,Poland,Poland,PL,378.06,432.01,49.65,49.54,entsoe.eu,false,""
2024-11-25T10:00:00.000000,Poland,Poland,PL,376.13,430.94,49.66,49.52,entsoe.eu,false,""
2024-11-25T11:00:00.000000,Poland,Poland,PL,388.02,443.26,48.3,48.14,entsoe.eu,false,""
2024-11-25T12:00:00.000000,Poland,Poland,PL,424.82,481.5,43.57,43.44,entsoe.eu,false,""
2024-11-25T13:00:00.000000,Poland,Poland,PL,474.46,532.83,37.26,37.09,entsoe.eu,false,""
2024-11-25T14:00:00.000000,Poland,Poland,PL,481.4,539.37,36.52,36.23,entsoe.eu,false,""
2024-11-25T15:00:00.000000,Poland,Poland,PL,485.48,542.98,35.66,35.39,entsoe.eu,false,""
2024-11-25T16:00:00.000000,Poland,Poland,PL,475.22,532.15,36.95,36.73,entsoe.eu,false,""
2024-11-25T17:00:00.000000,Poland,Poland,PL,480.63,537.86,36.08,35.96,entsoe.eu,false,""
2024-11-25T18:00:00.000000,Poland,Poland,PL,484.39,541.53,36.02,35.88,entsoe.eu,false,""
2024-11-25T19:00:00.000000,Poland,Poland,PL,484.13,541.7,36.21,36.0,entsoe.eu,false,""
2024-11-25T20:00:00.000000,Poland,Poland,PL,472.34,530.16,37.45,36.99,entsoe.eu,false,""
2024-11-25T21:00:00.000000,Poland,Poland,PL,457.76,515.78,39.04,38.3,entsoe.eu,false,""
2024-11-25T22:00:00.000000,Poland,Poland,PL,461.06,519.62,38.76,37.9,entsoe.eu,false,""
2024-11-25T23:00:00.000000,Poland,Poland,PL,477.17,536.1,36.89,35.74,entsoe.eu,false,""
2024-11-26T00:00:00.000000,Poland,Poland,PL,486.54,546.88,35.22,33.97,entsoe.eu,false,""
2024-11-26T01:00:00.000000,Poland,Poland,PL,500.63,561.87,33.8,32.49,entsoe.eu,false,""
2024-11-26T02:00:00.000000,Poland,Poland,PL,519.84,581.81,31.76,30.43,entsoe.eu,false,""
2024-11-26T03:00:00.000000,Poland,Poland,PL,533.82,597.58,29.51,28.12,entsoe.eu,false,""
2024-11-26T04:00:00.000000,Poland,Poland,PL,553.95,618.68,27.09,25.88,entsoe.eu,false,""
2024-11-26T05:00:00.000000,Poland,Poland,PL,579.04,645.9,23.39,22.27,entsoe.eu,false,""
2024-11-26T06:00:00.000000,Poland,Poland,PL,586.17,654.52,21.72,20.67,entsoe.eu,false,""
2024-11-26T07:00:00.000000,Poland,Poland,PL,568.04,635.48,24.2,23.24,entsoe.eu,false,""
2024-11-26T08:00:00.000000,Poland,Poland,PL,546.27,612.29,27.61,26.63,entsoe.eu,false,""
2024-11-26T09:00:00.000000,Poland,Poland,PL,549.98,615.82,27.68,26.74,entsoe.eu,false,""
2024-11-26T10:00:00.000000,Poland,Poland,PL,547.89,614.2,27.59,26.54,entsoe.eu,false,""
2024-11-26T11:00:00.000000,Poland,Poland,PL,570.06,637.53,24.66,23.68,entsoe.eu,false,""
2024-11-26T12:00:00.000000,Poland,Poland,PL,592.93,661.68,21.5,20.58,entsoe.eu,false,""
2024-11-26T13:00:00.000000,Poland,Poland,PL,606.59,676.25,19.39,18.43,entsoe.eu,false,""
2024-11-26T14:00:00.000000,Poland,Poland,PL,619.82,689.93,17.6,16.59,entsoe.eu,false,""
2024-11-26T15:00:00.000000,Poland,Poland,PL,609.37,677.81,19.01,18.07,entsoe.eu,false,""
2024-11-26T16:00:00.000000,Poland,Poland,PL,596.46,663.58,20.67,19.84,entsoe.eu,false,""
2024-11-26T17:00:00.000000,Poland,Poland,PL,591.55,658.55,21.52,20.71,entsoe.eu,false,""
2024-11-26T18:00:00.000000,Poland,Poland,PL,591.26,657.71,21.93,21.17,entsoe.eu,false,""
2024-11-26T19:00:00.000000,Poland,Poland,PL,597.41,665.26,20.84,20.03,entsoe.eu,false,""
2024-11-26T20:00:00.000000,Poland,Poland,PL,599.33,666.9,21.03,20.16,entsoe.eu,false,""
2024-11-26T21:00:00.000000,Poland,Poland,PL,593.67,660.93,21.82,20.81,entsoe.eu,false,""
2024-11-26T22:00:00.000000,Poland,Poland,PL,589.94,657.42,22.46,21.35,entsoe.eu,false,""
2024-11-26T23:00:00.000000,Poland,Poland,PL,584.99,652.4,23.27,22.01,entsoe.eu,false,""
2024-11-27T00:00:00.000000,Poland,Poland,PL,589.18,657.57,22.47,21.16,entsoe.eu,false,""
2024-11-27T01:00:00.000000,Poland,Poland,PL,597.41,666.27,21.43,20.06,entsoe.eu,false,""
2024-11-27T02:00:00.000000,Poland,Poland,PL,603.27,671.96,20.93,19.59,entsoe.eu,false,""
2024-11-27T03:00:00.000000,Poland,Poland,PL,607.92,677.1,20.11,18.81,entsoe.eu,false,""
2024-11-27T04:00:00.000000,Poland,Poland,PL,603.93,673.67,20.15,18.81,entsoe.eu,false,""
2024-11-27T05:00:00.000000,Poland,Poland,PL,610.26,681.41,18.13,16.95,entsoe.eu,false,""
2024-11-27T06:00:00.000000,Poland,Poland,PL,610.02,681.76,17.42,16.37,entsoe.eu,false,""
2024-11-27T07:00:00.000000,Poland,Poland,PL,599.23,670.61,18.72,17.78,entsoe.eu,false,""
2024-11-27T08:00:00.000000,Poland,Poland,PL,586.94,657.35,20.7,19.88,entsoe.eu,false,""
2024-11-27T09:00:00.000000,Poland,Poland,PL,580.8,649.4,22.81,22.02,entsoe.eu,false,""
2024-11-27T10:00:00.000000,Poland,Poland,PL,578.28,645.99,23.88,23.01,entsoe.eu,false,""
2024-11-27T11:00:00.000000,Poland,Poland,PL,579.74,648.79,22.77,21.98,entsoe.eu,false,""
2024-11-27T12:00:00.000000,Poland,Poland,PL,590.76,660.43,21.42,20.55,entsoe.eu,false,""
2024-11-27T13:00:00.000000,Poland,Poland,PL,617.6,689.17,17.49,16.54,entsoe.eu,false,""
2024-11-27T14:00:00.000000,Poland,Poland,PL,631.8,703.48,15.33,14.41,entsoe.eu,false,""
2024-11-27T15:00:00.000000,Poland,Poland,PL,619.64,691.03,16.06,15.16,entsoe.eu,false,""
2024-11-27T16:00:00.000000,Poland,Poland,PL,604.99,675.28,18.05,17.2,entsoe.eu,false,""
2024-11-27T17:00:00.000000,Poland,Poland,PL,596.47,666.41,18.97,18.27,entsoe.eu,false,""
2024-11-27T18:00:00.000000,Poland,Poland,PL,580.85,649.07,21.47,20.77,entsoe.eu,false,""
2024-11-27T19:00:00.000000,Poland,Poland,PL,567.67,634.86,23.32,22.69,entsoe.eu,false,""
2024-11-27T20:00:00.000000,Poland,Poland,PL,541.65,605.34,28.08,27.37,entsoe.eu,false,""
2024-11-27T21:00:00.000000,Poland,Poland,PL,517.52,580.28,30.71,29.85,entsoe.eu,false,""
2024-11-27T22:00:00.000000,Poland,Poland,PL,478.3,538.68,35.84,35.24,entsoe.eu,false,""
2024-11-27T23:00:00.000000,Poland,Poland,PL,455.44,513.29,39.17,38.43,entsoe.eu,false,""
2024-11-28T00:00:00.000000,Poland,Poland,PL,439.07,496.25,41.03,40.73,entsoe.eu,false,""
2024-11-28T01:00:00.000000,Poland,Poland,PL,435.49,492.05,41.53,41.28,entsoe.eu,false,""
2024-11-28T02:00:00.000000,Poland,Poland,PL,431.64,487.68,42.18,41.92,entsoe.eu,false,""
2024-11-28T03:00:00.000000,Poland,Poland,PL,436.37,493.32,41.52,41.16,entsoe.eu,false,""
2024-11-28T04:00:00.000000,Poland,Poland,PL,447.91,505.31,40.18,39.61,entsoe.eu,false,""
2024-11-28T05:00:00.000000,Poland,Poland,PL,481.65,541.58,35.28,34.61,entsoe.eu,false,""
2024-11-28T06:00:00.000000,Poland,Poland,PL,505.1,566.14,32.51,31.91,entsoe.eu,false,""
2024-11-28T07:00:00.000000,Poland,Poland,PL,518.17,580.7,30.19,29.63,entsoe.eu,false,""
2024-11-28T08:00:00.000000,Poland,Poland,PL,521.76,584.66,29.98,29.41,entsoe.eu,false,""
2024-11-28T09:00:00.000000,Poland,Poland,PL,525.07,587.49,30.54,29.92,entsoe.eu,false,""
2024-11-28T10:00:00.000000,Poland,Poland,PL,533.48,598.03,28.58,27.97,entsoe.eu,false,""
2024-11-28T11:00:00.000000,Poland,Poland,PL,539.6,605.75,26.89,26.29,entsoe.eu,false,""
2024-11-28T12:00:00.000000,Poland,Poland,PL,558.94,625.21,25.17,24.56,entsoe.eu,false,""
2024-11-28T13:00:00.000000,Poland,Poland,PL,576.61,644.24,22.5,22.02,entsoe.eu,false,""
2024-11-28T14:00:00.000000,Poland,Poland,PL,585.39,653.34,21.37,20.98,entsoe.eu,false,""
2024-11-28T15:00:00.000000,Poland,Poland,PL,581.82,648.99,21.64,21.33,entsoe.eu,false,""
2024-11-28T16:00:00.000000,Poland,Poland,PL,573.94,641.17,22.2,21.97,entsoe.eu,false,""
2024-11-28T17:00:00.000000,Poland,Poland,PL,572.55,639.87,22.39,22.17,entsoe.eu,false,""
2024-11-28T18:00:00.000000,Poland,Poland,PL,570.14,637.26,22.87,22.76,entsoe.eu,false,""
2024-11-28T19:00:00.000000,Poland,Poland,PL,561.66,628.38,24.16,23.88,entsoe.eu,false,""
2024-11-28T20:00:00.000000,Poland,Poland,PL,577.75,643.9,23.25,22.99,entsoe.eu,false,""
2024-11-28T21:00:00.000000,Poland,Poland,PL,568.52,633.15,25.12,24.42,entsoe.eu,false,""
2024-11-28T22:00:00.000000,Poland,Poland,PL,569.43,632.8,24.31,23.54,entsoe.eu,false,""
2024-11-28T23:00:00.000000,Poland,Poland,PL,563.48,626.07,25.17,24.4,entsoe.eu,false,""
2024-11-29T00:00:00.000000,Poland,Poland,PL,549.8,611.61,26.92,26.08,entsoe.eu,false,""
2024-11-29T01:00:00.000000,Poland,Poland,PL,546.77,608.05,27.59,26.76,entsoe.eu,false,""
2024-11-29T02:00:00.000000,Poland,Poland,PL,537.74,598.76,28.61,27.74,entsoe.eu,false,""
2024-11-29T03:00:00.000000,Poland,Poland,PL,546.16,607.88,27.45,26.62,entsoe.eu,false,""
2024-11-29T04:00:00.000000,Poland,Poland,PL,558.6,620.84,25.92,25.31,entsoe.eu,false,""
2024-11-29T05:00:00.000000,Poland,Poland,PL,580.47,645.96,22.5,22.14,entsoe.eu,false,""
2024-11-29T06:00:00.000000,Poland,Poland,PL,599.12,666.97,19.26,19.0,entsoe.eu,false,""
2024-11-29T07:00:00.000000,Poland,Poland,PL,604.95,674.13,17.91,17.61,entsoe.eu,false,""
2024-11-29T08:00:00.000000,Poland,Poland,PL,600.1,670.08,18.39,18.06,entsoe.eu,false,""
2024-11-29T09:00:00.000000,Poland,Poland,PL,597.15,667.8,18.62,18.36,entsoe.eu,false,""
2024-11-29T10:00:00.000000,Poland,Poland,PL,591.94,663.62,19.41,18.75,entsoe.eu,false,""
2024-11-29T11:00:00.000000,Poland,Poland,PL,590.8,663.13,19.38,18.45,entsoe.eu,false,""
2024-11-29T12:00:00.000000,Poland,Poland,PL,605.15,677.88,18.06,16.61,entsoe.eu,false,""
2024-11-29T13:00:00.000000,Poland,Poland,PL,620.08,693.78,16.21,14.55,entsoe.eu,false,""
2024-11-29T14:00:00.000000,Poland,Poland,PL,629.83,703.59,14.85,13.32,entsoe.eu,false,""
2024-11-29T15:00:00.000000,Poland,Poland,PL,628.26,701.13,15.0,13.46,entsoe.eu,false,""
2024-11-29T16:00:00.000000,Poland,Poland,PL,625.17,697.86,15.34,13.81,entsoe.eu,false,""
2024-11-29T17:00:00.000000,Poland,Poland,PL,637.98,711.64,13.53,12.33,entsoe.eu,false,""
2024-11-29T18:00:00.000000,Poland,Poland,PL,647.21,722.01,12.58,11.32,entsoe.eu,false,""
2024-11-29T19:00:00.000000,Poland,Poland,PL,651.68,727.74,11.64,10.59,entsoe.eu,false,""
2024-11-29T20:00:00.000000,Poland,Poland,PL,650.96,726.77,12.24,11.16,entsoe.eu,false,""
2024-11-29T21:00:00.000000,Poland,Poland,PL,654.24,728.03,13.9,12.7,entsoe.eu,false,""
2024-11-29T22:00:00.000000,Poland,Poland,PL,645.54,719.54,14.91,13.65,entsoe.eu,false,""
2024-11-29T23:00:00.000000,Poland,Poland,PL,625.06,699.99,16.68,15.26,entsoe.eu,false,""
2024-11-30T00:00:00.000000,Poland,Poland,PL,622.63,697.79,16.86,15.56,entsoe.eu,false,""
2024-11-30T01:00:00.000000,Poland,Poland,PL,622.92,698.25,16.8,15.43,entsoe.eu,false,""
2024-11-30T02:00:00.000000,Poland,Poland,PL,624.61,700.47,16.16,14.74,entsoe.eu,false,""
2024-11-30T03:00:00.000000,Poland,Poland,PL,621.58,697.54,16.34,14.92,entsoe.eu,false,""
2024-11-30T04:00:00.000000,Poland,Poland,PL,623.65,699.08,16.35,15.1,entsoe.eu,false,""
2024-11-30T05:00:00.000000,Poland,Poland,PL,626.11,701.13,16.02,14.92,entsoe.eu,false,""
2024-11-30T06:00:00.000000,Poland,Poland,PL,614.14,687.96,17.51,16.53,entsoe.eu,false,""
2024-11-30T07:00:00.000000,Poland,Poland,PL,593.29,664.95,20.52,19.62,entsoe.eu,false,""
2024-11-30T08:00:00.000000,Poland,Poland,PL,559.49,629.37,25.02,24.24,entsoe.eu,false,""
2024-11-30T09:00:00.000000,Poland,Poland,PL,536.77,604.63,28.46,27.73,entsoe.eu,false,""
2024-11-30T10:00:00.000000,Poland,Poland,PL,513.06,578.67,31.95,30.95,entsoe.eu,false,""
2024-11-30T11:00:00.000000,Poland,Poland,PL,493.29,558.48,34.18,32.39,entsoe.eu,false,""
2024-11-30T12:00:00.000000,Poland,Poland,PL,511.96,578.09,31.92,29.22,entsoe.eu,false,""
2024-11-30T13:00:00.000000,Poland,Poland,PL,563.72,632.79,25.43,23.03,entsoe.eu,false,""
2024-11-30T14:00:00.000000,Poland,Poland,PL,587.76,658.38,21.8,18.99,entsoe.eu,false,""
2024-11-30T15:00:00.000000,Poland,Poland,PL,576.48,645.65,23.27,21.71,entsoe.eu,false,""
2024-11-30T16:00:00.000000,Poland,Poland,PL,555.93,623.26,26.09,24.8,entsoe.eu,false,""
2024-11-30T17:00:00.000000,Poland,Poland,PL,548.41,614.64,27.35,26.28,entsoe.eu,false,""
2024-11-30T18:00:00.000000,Poland,Poland,PL,553.53,620.16,26.5,25.77,entsoe.eu,false,""
2024-11-30T19:00:00.000000,Poland,Poland,PL,549.6,615.9,27.07,26.29,entsoe.eu,false,""
2024-11-30T20:00:00.000000,Poland,Poland,PL,546.97,613.11,27.14,26.11,entsoe.eu,false,""
2024-11-30T21:00:00.000000,Poland,Poland,PL,552.09,617.97,26.51,25.39,entsoe.eu,false,""
2024-11-30T22:00:00.000000,Poland,Poland,PL,539.0,605.25,27.55,26.3,entsoe.eu,false,""
2024-11-30T23:00:00.000000,Poland,Poland,PL,532.88,599.71,28.1,26.55,entsoe.eu,false,""
2024-12-01T00:00:00.000000,Poland,Poland,PL,532.15,599.31,28.08,26.47,entsoe.eu,false,""
2024-12-01T01:00:00.000000,Poland,Poland,PL,533.87,601.07,27.86,26.14,entsoe.eu,false,""
2024-12-01T02:00:00.000000,Poland,Poland,PL,528.32,595.16,28.48,26.62,entsoe.eu,false,""
2024-12-01T03:00:00.000000,Poland,Poland,PL,532.44,600.34,27.83,25.94,entsoe.eu,false,""
2024-12-01T04:00:00.000000,Poland,Poland,PL,541.81,609.29,27.0,25.35,entsoe.eu,false,""
2024-12-01T05:00:00.000000,Poland,Poland,PL,530.23,597.73,28.56,26.94,entsoe.eu,false,""
2024-12-01T06:00:00.000000,Poland,Poland,PL,514.66,582.48,30.1,28.45,entsoe.eu,false,""
2024-12-01T07:00:00.000000,Poland,Poland,PL,521.84,589.01,29.83,28.48,entsoe.eu,false,""
2024-12-01T08:00:00.000000,Poland,Poland,PL,505.35,571.61,32.33,31.13,entsoe.eu,false,""
2024-12-01T09:00:00.000000,Poland,Poland,PL,486.86,552.68,34.75,33.62,entsoe.eu,false,""
2024-12-01T10:00:00.000000,Poland,Poland,PL,465.15,531.18,37.27,36.1,entsoe.eu,false,""
2024-12-01T11:00:00.000000,Poland,Poland,PL,481.69,548.66,35.21,34.04,entsoe.eu,false,""
2024-12-01T12:00:00.000000,Poland,Poland,PL,523.6,592.21,30.01,28.75,entsoe.eu,false,""
2024-12-01T13:00:00.000000,Poland,Poland,PL,573.04,643.4,23.65,22.29,entsoe.eu,false,""
2024-12-01T14:00:00.000000,Poland,Poland,PL,585.96,656.6,21.57,20.16,entsoe.eu,false,""
2024-12-01T15:00:00.000000,Poland,Poland,PL,560.84,627.69,25.74,24.28,entsoe.eu,false,""
2024-12-01T16:00:00.000000,Poland,Poland,PL,543.62,608.63,27.97,26.67,entsoe.eu,false,""
2024-12-01T17:00:00.000000,Poland,Poland,PL,540.38,604.72,28.51,27.45,entsoe.eu,false,""
2024-12-01T18:00:00.000000,Poland,Poland,PL,544.64,609.08,28.16,27.54,entsoe.eu,false,""
2024-12-01T19:00:00.000000,Poland,Poland,PL,539.55,604.59,28.56,27.92,entsoe.eu,false,""
2024-12-01T20:00:00.000000,Poland,Poland,PL,544.36,609.82,27.84,27.21,entsoe.eu,false,""
2024-12-01T21:00:00.000000,Poland,Poland,PL,542.16,608.22,27.84,26.99,entsoe.eu,false,""
2024-12-01T22:00:00.000000,Poland,Poland,PL,538.76,605.12,28.01,27.16,entsoe.eu,false,""
2024-12-01T23:00:00.000000,Poland,Poland,PL,534.81,600.97,28.45,27.57,entsoe.eu,false,""
2024-12-02T00:00:00.000000,Poland,Poland,PL,521.37,587.44,29.88,28.9,entsoe.eu,false,""
2024-12-02T01:00:00.000000,Poland,Poland,PL,512.48,577.44,31.45,30.36,entsoe.eu,false,""
2024-12-02T02:00:00.000000,Poland,Poland,PL,506.77,571.46,32.15,31.14,entsoe.eu,false,""
2024-12-02T03:00:00.000000,Poland,Poland,PL,505.71,569.96,32.24,31.27,entsoe.eu,false,""
2024-12-02T04:00:00.000000,Poland,Poland,PL,521.82,586.08,30.43,29.53,entsoe.eu,false,""
2024-12-02T05:00:00.000000,Poland,Poland,PL,532.59,596.48,29.18,28.11,entsoe.eu,false,""
2024-12-02T06:00:00.000000,Poland,Poland,PL,537.74,601.64,28.39,27.42,entsoe.eu,false,""
2024-12-02T07:00:00.000000,Poland,Poland,PL,521.88,584.8,30.66,29.76,entsoe.eu,false,""
2024-12-02T08:00:00.000000,Poland,Poland,PL,491.32,552.12,35.2,34.37,entsoe.eu,false,""
2024-12-02T09:00:00.000000,Poland,Poland,PL,471.87,531.86,38.0,37.17,entsoe.eu,false,""
2024-12-02T10:00:00.000000,Poland,Poland,PL,475.11,535.67,37.64,36.81,entsoe.eu,false,""
2024-12-02T11:00:00.000000,Poland,Poland,PL,494.71,556.65,34.98,34.15,entsoe.eu,false,""
2024-12-02T12:00:00.000000,Poland,Poland,PL,529.83,592.66,31.22,30.25,entsoe.eu,false,""
2024-12-02T13:00:00.000000,Poland,Poland,PL,572.93,638.11,25.21,24.22,entsoe.eu,false,""
2024-12-02T14:00:00.000000,Poland,Poland,PL,572.42,637.3,24.83,23.81,entsoe.eu,false,""
2024-12-02T15:00:00.000000,Poland,Poland,PL,548.34,611.26,27.66,26.67,entsoe.eu,false,""
2024-12-02T16:00:00.000000,Poland,Poland,PL,551.97,614.9,27.03,26.11,entsoe.eu,false,""
2024-12-02T17:00:00.000000,Poland,Poland,PL,557.11,621.53,26.2,25.25,entsoe.eu,false,""
2024-12-02T18:00:00.000000,Poland,Poland,PL,570.25,636.16,24.49,23.55,entsoe.eu,false,""
2024-12-02T19:00:00.000000,Poland,Poland,PL,576.49,642.25,24.13,23.19,entsoe.eu,false,""
2024-12-02T20:00:00.000000,Poland,Poland,PL,583.96,649.95,23.36,22.41,entsoe.eu,false,""
2024-12-02T21:00:00.000000,Poland,Poland,PL,573.87,640.34,24.43,23.4,entsoe.eu,false,""
2024-12-02T22:00:00.000000,Poland,Poland,PL,563.35,629.43,25.75,24.67,entsoe.eu,false,""
2024-12-02T23:00:00.000000,Poland,Poland,PL,559.87,626.75,25.65,24.58,entsoe.eu,false,""
2024-12-03T00:00:00.000000,Poland,Poland,PL,557.84,624.05,26.26,25.13,entsoe.eu,false,""
2024-12-03T01:00:00.000000,Poland,Poland,PL,553.6,619.72,26.74,25.64,entsoe.eu,false,""
2024-12-03T02:00:00.000000,Poland,Poland,PL,560.49,627.18,25.88,24.73,entsoe.eu,false,""
2024-12-03T03:00:00.000000,Poland,Poland,PL,567.6,634.8,24.94,23.8,entsoe.eu,false,""
2024-12-03T04:00:00.000000,Poland,Poland,PL,576.94,644.98,23.53,22.42,entsoe.eu,false,""
2024-12-03T05:00:00.000000,Poland,Poland,PL,590.96,660.05,21.23,20.19,entsoe.eu,false,""
2024-12-03T06:00:00.000000,Poland,Poland,PL,600.75,670.09,19.87,18.97,entsoe.eu,false,""
2024-12-03T07:00:00.000000,Poland,Poland,PL,599.31,668.56,20.23,19.35,entsoe.eu,false,""
2024-12-03T08:00:00.000000,Poland,Poland,PL,590.33,659.54,21.34,20.48,entsoe.eu,false,""
2024-12-03T09:00:00.000000,Poland,Poland,PL,587.93,656.37,22.41,21.57,entsoe.eu,false,""
2024-12-03T10:00:00.000000,Poland,Poland,PL,586.01,654.98,22.55,21.66,entsoe.eu,false,""
2024-12-03T11:00:00.000000,Poland,Poland,PL,598.36,668.4,20.75,19.85,entsoe.eu,false,""
2024-12-03T12:00:00.000000,Poland,Poland,PL,620.6,692.6,17.3,16.36,entsoe.eu,false,""
2024-12-03T13:00:00.000000,Poland,Poland,PL,648.66,721.65,13.83,12.88,entsoe.eu,false,""
2024-12-03T14:00:00.000000,Poland,Poland,PL,652.37,725.45,13.23,12.19,entsoe.eu,false,""
2024-12-03T15:00:00.000000,Poland,Poland,PL,653.01,724.96,13.2,12.25,entsoe.eu,false,""
2024-12-03T16:00:00.000000,Poland,Poland,PL,654.69,726.74,12.94,12.05,entsoe.eu,false,""
2024-12-03T17:00:00.000000,Poland,Poland,PL,652.87,725.11,13.16,12.28,entsoe.eu,false,""
2024-12-03T18:00:00.000000,Poland,Poland,PL,658.1,731.56,12.47,11.54,entsoe.eu,false,""
2024-12-03T19:00:00.000000,Poland,Poland,PL,668.18,742.11,11.34,10.38,entsoe.eu,false,""
2024-12-03T20:00:00.000000,Poland,Poland,PL,675.09,749.47,11.05,10.0,entsoe.eu,false,""
2024-12-03T21:00:00.000000,Poland,Poland,PL,671.33,746.53,11.05,9.99,entsoe.eu,false,""
2024-12-03T22:00:00.000000,Poland,Poland,PL,668.09,743.66,11.36,10.24,entsoe.eu,false,""
2024-12-03T23:00:00.000000,Poland,Poland,PL,667.96,743.23,12.51,11.21,entsoe.eu,false,""
2024-12-04T00:00:00.000000,Poland,Poland,PL,679.95,754.78,11.24,10.06,entsoe.eu,false,""
2024-12-04T01:00:00.000000,Poland,Poland,PL,681.46,756.15,11.14,9.93,entsoe.eu,false,""
2024-12-04T02:00:00.000000,Poland,Poland,PL,677.19,752.06,11.6,10.33,entsoe.eu,false,""
2024-12-04T03:00:00.000000,Poland,Poland,PL,677.05,752.16,11.38,10.14,entsoe.eu,false,""
2024-12-04T04:00:00.000000,Poland,Poland,PL,669.23,744.84,11.76,10.56,entsoe.eu,false,""
2024-12-04T05:00:00.000000,Poland,Poland,PL,672.27,748.02,10.7,9.6,entsoe.eu,false,""
2024-12-04T06:00:00.000000,Poland,Poland,PL,681.36,756.1,10.07,9.18,entsoe.eu,false,""
2024-12-04T07:00:00.000000,Poland,Poland,PL,680.83,754.74,10.47,9.67,entsoe.eu,false,""
2024-12-04T08:00:00.000000,Poland,Poland,PL,665.84,739.78,12.14,11.28,entsoe.eu,false,""
2024-12-04T09:00:00.000000,Poland,Poland,PL,656.01,730.02,13.09,12.19,entsoe.eu,false,""
2024-12-04T10:00:00.000000,Poland,Poland,PL,650.87,725.09,13.47,12.58,entsoe.eu,false,""
2024-12-04T11:00:00.000000,Poland,Poland,PL,652.15,727.08,12.85,12.01,entsoe.eu,false,""
2024-12-04T12:00:00.000000,Poland,Poland,PL,653.74,729.16,12.21,11.31,entsoe.eu,false,""
2024-12-04T13:00:00.000000,Poland,Poland,PL,659.79,735.07,11.18,10.26,entsoe.eu,false,""
2024-12-04T14:00:00.000000,Poland,Poland,PL,666.56,741.32,10.92,9.9,entsoe.eu,false,""
2024-12-04T15:00:00.000000,Poland,Poland,PL,666.53,740.42,11.02,10.12,entsoe.eu,false,""
2024-12-04T16:00:00.000000,Poland,Poland,PL,664.13,738.44,10.92,10.08,entsoe.eu,false,""
2024-12-04T17:00:00.000000,Poland,Poland,PL,672.37,748.2,9.73,8.91,entsoe.eu,false,""
2024-12-04T18:00:00.000000,Poland,Poland,PL,675.5,751.53,9.79,8.86,entsoe.eu,false,""
2024-12-04T19:00:00.000000,Poland,Poland,PL,673.56,749.76,9.97,8.92,entsoe.eu,false,""
2024-12-04T20:00:00.000000,Poland,Poland,PL,677.59,753.43,10.01,8.96,entsoe.eu,false,""
2024-12-04T21:00:00.000000,Poland,Poland,PL,676.3,752.17,10.29,9.16,entsoe.eu,false,""
2024-12-04T22:00:00.000000,Poland,Poland,PL,670.6,745.9,11.71,10.4,entsoe.eu,false,""
2024-12-04T23:00:00.000000,Poland,Poland,PL,661.32,736.78,12.62,11.16,entsoe.eu,false,""
2024-12-05T00:00:00.000000,Poland,Poland,PL,654.15,729.26,13.76,12.19,entsoe.eu,false,""
2024-12-05T01:00:00.000000,Poland,Poland,PL,657.6,732.6,13.31,11.82,entsoe.eu,false,""
2024-12-05T02:00:00.000000,Poland,Poland,PL,655.67,730.6,13.5,11.99,entsoe.eu,false,""
2024-12-05T03:00:00.000000,Poland,Poland,PL,652.6,727.89,13.64,12.15,entsoe.eu,false,""
2024-12-05T04:00:00.000000,Poland,Poland,PL,663.39,738.06,12.72,11.39,entsoe.eu,false,""
2024-12-05T05:00:00.000000,Poland,Poland,PL,659.6,735.65,11.2,10.11,entsoe.eu,false,""
2024-12-05T06:00:00.000000,Poland,Poland,PL,656.73,732.15,11.63,10.59,entsoe.eu,false,""
2024-12-05T07:00:00.000000,Poland,Poland,PL,652.31,726.76,12.47,11.5,entsoe.eu,false,""
2024-12-05T08:00:00.000000,Poland,Poland,PL,629.53,702.64,15.29,14.37,entsoe.eu,false,""
2024-12-05T09:00:00.000000,Poland,Poland,PL,619.12,691.56,17.12,16.24,entsoe.eu,false,""
2024-12-05T10:00:00.000000,Poland,Poland,PL,615.42,688.16,17.22,16.4,entsoe.eu,false,""
2024-12-05T11:00:00.000000,Poland,Poland,PL,613.95,686.46,17.52,16.71,entsoe.eu,false,""
2024-12-05T12:00:00.000000,Poland,Poland,PL,622.76,695.92,16.12,15.32,entsoe.eu,false,""
2024-12-05T13:00:00.000000,Poland,Poland,PL,633.18,706.42,14.54,13.75,entsoe.eu,false,""
2024-12-05T14:00:00.000000,Poland,Poland,PL,624.49,696.48,15.78,14.97,entsoe.eu,false,""
2024-12-05T15:00:00.000000,Poland,Poland,PL,615.96,686.3,16.86,16.15,entsoe.eu,false,""
2024-12-05T16:00:00.000000,Poland,Poland,PL,589.98,658.92,20.21,19.48,entsoe.eu,false,""
2024-12-05T17:00:00.000000,Poland,Poland,PL,577.78,645.63,22.18,21.47,entsoe.eu,false,""
2024-12-05T18:00:00.000000,Poland,Poland,PL,576.89,642.99,23.66,22.94,entsoe.eu,false,""
2024-12-05T19:00:00.000000,Poland,Poland,PL,565.77,630.61,25.47,24.75,entsoe.eu,false,""
2024-12-05T20:00:00.000000,Poland,Poland,PL,552.17,615.36,27.61,26.86,entsoe.eu,false,""
2024-12-05T21:00:00.000000,Poland,Poland,PL,533.67,596.35,29.68,28.97,entsoe.eu,false,""
2024-12-05T22:00:00.000000,Poland,Poland,PL,505.85,567.85,32.59,31.82,entsoe.eu,false,""
2024-12-05T23:00:00.000000,Poland,Poland,PL,481.34,541.45,35.98,35.23,entsoe.eu,false,""
2024-12-06T00:00:00.000000,Poland,Poland,PL,462.28,521.01,38.45,37.76,entsoe.eu,false,""
2024-12-06T01:00:00.000000,Poland,Poland,PL,447.1,504.62,40.38,39.83,entsoe.eu,false,""
2024-12-06T02:00:00.000000,Poland,Poland,PL,439.97,496.47,41.54,41.05,entsoe.eu,false,""
2024-12-06T03:00:00.000000,Poland,Poland,PL,431.95,487.65,42.65,42.2,entsoe.eu,false,""
2024-12-06T04:00:00.000000,Poland,Poland,PL,433.86,489.41,42.42,42.02,entsoe.eu,false,""
2024-12-06T05:00:00.000000,Poland,Poland,PL,459.77,516.83,38.98,38.64,entsoe.eu,false,""
2024-12-06T06:00:00.000000,Poland,Poland,PL,478.45,536.71,36.19,35.95,entsoe.eu,false,""
2024-12-06T07:00:00.000000,Poland,Poland,PL,466.1,524.5,37.26,37.05,entsoe.eu,false,""
2024-12-06T08:00:00.000000,Poland,Poland,PL,456.21,513.84,38.99,38.78,entsoe.eu,false,""
2024-12-06T09:00:00.000000,Poland,Poland,PL,450.29,508.01,39.78,39.45,entsoe.eu,false,""
2024-12-06T10:00:00.000000,Poland,Poland,PL,455.68,514.28,39.11,38.67,entsoe.eu,false,""
2024-12-06T11:00:00.000000,Poland,Poland,PL,493.53,555.52,33.08,32.55,entsoe.eu,false,""
2024-12-06T12:00:00.000000,Poland,Poland,PL,510.95,574.33,30.95,30.31,entsoe.eu,false,""
2024-12-06T13:00:00.000000,Poland,Poland,PL,530.05,595.32,27.83,27.17,entsoe.eu,false,""
2024-12-06T14:00:00.000000,Poland,Poland,PL,532.99,597.32,28.1,27.24,entsoe.eu,false,""
2024-12-06T15:00:00.000000,Poland,Poland,PL,536.14,599.25,28.01,27.17,entsoe.eu,false,""
2024-12-06T16:00:00.000000,Poland,Poland,PL,543.88,609.09,25.93,25.14,entsoe.eu,false,""
2024-12-06T17:00:00.000000,Poland,Poland,PL,559.76,626.91,23.71,22.85,entsoe.eu,false,""
2024-12-06T18:00:00.000000,Poland,Poland,PL,581.64,651.68,20.72,19.76,entsoe.eu,false,""
2024-12-06T19:00:00.000000,Poland,Poland,PL,587.28,658.05,20.22,19.15,entsoe.eu,false,""
2024-12-06T20:00:00.000000,Poland,Poland,PL,601.24,671.25,19.99,18.83,entsoe.eu,false,""
2024-12-06T21:00:00.000000,Poland,Poland,PL,611.57,682.22,18.94,17.75,entsoe.eu,false,""
2024-12-06T22:00:00.000000,Poland,Poland,PL,607.7,679.33,19.26,17.82,entsoe.eu,false,""
2024-12-06T23:00:00.000000,Poland,Poland,PL,604.43,676.32,19.36,17.81,entsoe.eu,false,""
2024-12-07T00:00:00.000000,Poland,Poland,PL,598.54,670.28,20.13,18.49,entsoe.eu,false,""
2024-12-07T01:00:00.000000,Poland,Poland,PL,599.11,670.61,20.26,18.55,entsoe.eu,false,""
2024-12-07T02:00:00.000000,Poland,Poland,PL,592.04,663.0,21.18,19.48,entsoe.eu,false,""
2024-12-07T03:00:00.000000,Poland,Poland,PL,587.26,657.78,21.7,20.04,entsoe.eu,false,""
2024-12-07T04:00:00.000000,Poland,Poland,PL,591.01,661.14,21.5,19.9,entsoe.eu,false,""
2024-12-07T05:00:00.000000,Poland,Poland,PL,594.58,664.48,20.76,19.29,entsoe.eu,false,""
2024-12-07T06:00:00.000000,Poland,Poland,PL,590.04,659.65,21.13,19.83,entsoe.eu,false,""
2024-12-07T07:00:00.000000,Poland,Poland,PL,578.25,646.62,22.92,21.63,entsoe.eu,false,""
2024-12-07T08:00:00.000000,Poland,Poland,PL,564.83,633.03,24.17,23.01,entsoe.eu,false,""
2024-12-07T09:00:00.000000,Poland,Poland,PL,550.16,618.07,25.88,24.71,entsoe.eu,false,""
2024-12-07T10:00:00.000000,Poland,Poland,PL,551.2,618.65,26.09,24.97,entsoe.eu,false,""
2024-12-07T11:00:00.000000,Poland,Poland,PL,552.4,620.54,25.5,24.39,entsoe.eu,false,""
2024-12-07T12:00:00.000000,Poland,Poland,PL,551.89,619.23,25.99,24.83,entsoe.eu,false,""
2024-12-07T13:00:00.000000,Poland,Poland,PL,556.35,623.18,25.45,24.39,entsoe.eu,false,""
2024-12-07T14:00:00.000000,Poland,Poland,PL,558.64,623.82,25.79,24.98,entsoe.eu,false,""
2024-12-07T15:00:00.000000,Poland,Poland,PL,549.13,613.09,27.35,26.55,entsoe.eu,false,""
2024-12-07T16:00:00.000000,Poland,Poland,PL,542.16,605.32,28.38,27.63,entsoe.eu,false,""
2024-12-07T17:00:00.000000,Poland,Poland,PL,536.75,600.86,28.28,27.52,entsoe.eu,false,""
2024-12-07T18:00:00.000000,Poland,Poland,PL,542.25,606.56,27.87,27.06,entsoe.eu,false,""
2024-12-07T19:00:00.000000,Poland,Poland,PL,554.33,619.45,26.57,25.71,entsoe.eu,false,""
2024-12-07T20:00:00.000000,Poland,Poland,PL,559.89,626.14,25.62,24.72,entsoe.eu,false,""
2024-12-07T21:00:00.000000,Poland,Poland,PL,564.79,631.23,25.04,23.93,entsoe.eu,false,""
2024-12-07T22:00:00.000000,Poland,Poland,PL,549.16,616.38,26.54,25.24,entsoe.eu,false,""
2024-12-07T23:00:00.000000,Poland,Poland,PL,548.7,616.59,26.48,25.03,entsoe.eu,false,""
2024-12-08T00:00:00.000000,Poland,Poland,PL,542.85,610.88,27.06,25.56,entsoe.eu,false,""
2024-12-08T01:00:00.000000,Poland,Poland,PL,543.88,612.14,26.82,25.3,entsoe.eu,false,""
2024-12-08T02:00:00.000000,Poland,Poland,PL,545.68,614.34,26.43,24.94,entsoe.eu,false,""
2024-12-08T03:00:00.000000,Poland,Poland,PL,547.87,617.48,25.98,24.34,entsoe.eu,false,""
2024-12-08T04:00:00.000000,Poland,Poland,PL,564.24,634.78,24.07,22.42,entsoe.eu,false,""
2024-12-08T05:00:00.000000,Poland,Poland,PL,578.53,649.79,22.51,20.85,entsoe.eu,false,""
2024-12-08T06:00:00.000000,Poland,Poland,PL,588.4,659.63,21.5,19.92,entsoe.eu,false,""
2024-12-08T07:00:00.000000,Poland,Poland,PL,599.15,670.12,20.23,18.97,entsoe.eu,false,""
2024-12-08T08:00:00.000000,Poland,Poland,PL,583.85,653.93,22.17,21.02,entsoe.eu,false,""
2024-12-08T09:00:00.000000,Poland,Poland,PL,575.8,645.98,23.12,22.0,entsoe.eu,false,""
2024-12-08T10:00:00.000000,Poland,Poland,PL,591.96,662.73,21.1,20.08,entsoe.eu,false,""
2024-12-08T11:00:00.000000,Poland,Poland,PL,597.3,669.0,20.04,19.0,entsoe.eu,false,""
2024-12-08T12:00:00.000000,Poland,Poland,PL,605.29,677.59,19.09,17.94,entsoe.eu,false,""
2024-12-08T13:00:00.000000,Poland,Poland,PL,610.6,684.04,17.91,16.67,entsoe.eu,false,""
2024-12-08T14:00:00.000000,Poland,Poland,PL,605.77,679.54,17.75,16.48,entsoe.eu,false,""
2024-12-08T15:00:00.000000,Poland,Poland,PL,598.87,670.76,18.73,17.57,entsoe.eu,false,""
2024-12-08T16:00:00.000000,Poland,Poland,PL,596.49,667.9,19.1,18.0,entsoe.eu,false,""
2024-12-08T17:00:00.000000,Poland,Poland,PL,597.85,669.04,19.23,18.18,entsoe.eu,false,""
2024-12-08T18:00:00.000000,Poland,Poland,PL,591.97,663.59,19.89,18.83,entsoe.eu,false,""
2024-12-08T19:00:00.000000,Poland,Poland,PL,591.74,663.54,20.11,19.01,entsoe.eu,false,""
2024-12-08T20:00:00.000000,Poland,Poland,PL,591.47,661.53,21.55,20.38,entsoe.eu,false,""
2024-12-08T21:00:00.000000,Poland,Poland,PL,580.86,651.38,22.21,20.99,entsoe.eu,false,""
2024-12-08T22:00:00.000000,Poland,Poland,PL,560.95,630.82,24.63,23.26,entsoe.eu,false,""
2024-12-08T23:00:00.000000,Poland,Poland,PL,551.53,620.52,25.75,24.37,entsoe.eu,false,""
2024-12-09T00:00:00.000000,Poland,Poland,PL,544.21,612.78,26.48,25.04,entsoe.eu,false,""
2024-12-09T01:00:00.000000,Poland,Poland,PL,537.62,604.8,27.72,26.29,entsoe.eu,false,""
2024-12-09T02:00:00.000000,Poland,Poland,PL,529.72,595.41,29.17,27.67,entsoe.eu,false,""
2024-12-09T03:00:00.000000,Poland,Poland,PL,520.45,585.05,30.49,29.22,entsoe.eu,false,""
2024-12-09T04:00:00.000000,Poland,Poland,PL,525.78,590.23,29.84,28.78,entsoe.eu,false,""
2024-12-09T05:00:00.000000,Poland,Poland,PL,560.46,625.43,25.83,25.26,entsoe.eu,false,""
2024-12-09T06:00:00.000000,Poland,Poland,PL,568.31,634.34,24.23,23.98,entsoe.eu,false,""
2024-12-09T07:00:00.000000,Poland,Poland,PL,565.23,630.61,24.66,24.44,entsoe.eu,false,""
2024-12-09T08:00:00.000000,Poland,Poland,PL,557.46,621.34,26.5,26.16,entsoe.eu,false,""
2024-12-09T09:00:00.000000,Poland,Poland,PL,556.83,621.04,26.21,25.97,entsoe.eu,false,""
2024-12-09T10:00:00.000000,Poland,Poland,PL,555.26,618.99,26.32,26.1,entsoe.eu,false,""
2024-12-09T11:00:00.000000,Poland,Poland,PL,559.07,622.76,26.29,26.08,entsoe.eu,false,""
2024-12-09T12:00:00.000000,Poland,Poland,PL,555.94,619.78,26.2,26.01,entsoe.eu,false,""
2024-12-09T13:00:00.000000,Poland,Poland,PL,548.82,611.92,27.15,26.97,entsoe.eu,false,""
2024-12-09T14:00:00.000000,Poland,Poland,PL,541.44,603.01,28.68,28.47,entsoe.eu,false,""
2024-12-09T15:00:00.000000,Poland,Poland,PL,536.19,596.63,29.48,29.29,entsoe.eu,false,""
2024-12-09T16:00:00.000000,Poland,Poland,PL,537.41,599.06,28.53,28.37,entsoe.eu,false,""
2024-12-09T17:00:00.000000,Poland,Poland,PL,541.85,603.4,28.57,28.43,entsoe.eu,false,""
2024-12-09T18:00:00.000000,Poland,Poland,PL,549.17,611.06,28.07,27.95,entsoe.eu,false,""
2024-12-09T19:00:00.000000,Poland,Poland,PL,556.79,619.38,27.23,27.11,entsoe.eu,false,""
2024-12-09T20:00:00.000000,Poland,Poland,PL,560.27,623.12,26.97,26.81,entsoe.eu,false,""
2024-12-09T21:00:00.000000,Poland,Poland,PL,551.88,614.75,27.72,27.22,entsoe.eu,false,""
2024-12-09T22:00:00.000000,Poland,Poland,PL,531.22,594.65,29.59,28.89,entsoe.eu,false,""
2024-12-09T23:00:00.000000,Poland,Poland,PL,522.02,585.7,30.73,29.69,entsoe.eu,false,""
2024-12-10T00:00:00.000000,Poland,Poland,PL,527.66,592.24,29.77,28.67,entsoe.eu,false,""
2024-12-10T01:00:00.000000,Poland,Poland,PL,535.35,600.92,28.61,27.45,entsoe.eu,false,""
2024-12-10T02:00:00.000000,Poland,Poland,PL,546.82,613.18,27.08,25.84,entsoe.eu,false,""
2024-12-10T03:00:00.000000,Poland,Poland,PL,555.28,622.22,26.06,24.79,entsoe.eu,false,""
2024-12-10T04:00:00.000000,Poland,Poland,PL,573.56,641.52,23.77,22.56,entsoe.eu,false,""
2024-12-10T05:00:00.000000,Poland,Poland,PL,606.3,675.82,19.09,18.1,entsoe.eu,false,""
2024-12-10T06:00:00.000000,Poland,Poland,PL,619.13,690.06,16.85,16.12,entsoe.eu,false,""
2024-12-10T07:00:00.000000,Poland,Poland,PL,627.91,699.53,15.57,14.86,entsoe.eu,false,""
2024-12-10T08:00:00.000000,Poland,Poland,PL,640.13,712.62,14.08,13.4,entsoe.eu,false,""
2024-12-10T09:00:00.000000,Poland,Poland,PL,648.67,721.54,13.08,12.36,entsoe.eu,false,""
2024-12-10T10:00:00.000000,Poland,Poland,PL,653.65,726.64,12.29,11.67,entsoe.eu,false,""
2024-12-10T11:00:00.000000,Poland,Poland,PL,655.59,729.24,12.03,11.13,entsoe.eu,false,""
2024-12-10T12:00:00.000000,Poland,Poland,PL,666.45,740.41,10.77,9.87,entsoe.eu,false,""
2024-12-10T13:00:00.000000,Poland,Poland,PL,672.79,747.19,9.93,9.08,entsoe.eu,false,""
2024-12-10T14:00:00.000000,Poland,Poland,PL,670.0,743.02,10.7,9.89,entsoe.eu,false,""
2024-12-10T15:00:00.000000,Poland,Poland,PL,670.98,743.26,11.19,10.37,entsoe.eu,false,""
2024-12-10T16:00:00.000000,Poland,Poland,PL,667.98,741.57,10.53,9.75,entsoe.eu,false,""
2024-12-10T17:00:00.000000,Poland,Poland,PL,675.25,750.4,9.2,8.42,entsoe.eu,false,""
2024-12-10T18:00:00.000000,Poland,Poland,PL,680.49,756.73,8.57,7.62,entsoe.eu,false,""
2024-12-10T19:00:00.000000,Poland,Poland,PL,688.4,765.04,7.63,6.69,entsoe.eu,false,""
2024-12-10T20:00:00.000000,Poland,Poland,PL,693.84,770.63,7.22,6.26,entsoe.eu,false,""
2024-12-10T21:00:00.000000,Poland,Poland,PL,701.66,778.26,6.38,5.48,entsoe.eu,false,""
2024-12-10T22:00:00.000000,Poland,Poland,PL,712.01,787.35,6.72,5.71,entsoe.eu,false,""
2024-12-10T23:00:00.000000,Poland,Poland,PL,699.92,776.05,7.81,6.57,entsoe.eu,false,""
2024-12-11T00:00:00.000000,Poland,Poland,PL,696.63,772.98,8.09,6.86,entsoe.eu,false,""
2024-12-11T01:00:00.000000,Poland,Poland,PL,698.88,774.84,7.97,6.81,entsoe.eu,false,""
2024-12-11T02:00:00.000000,Poland,Poland,PL,694.18,770.42,8.41,7.15,entsoe.eu,false,""
2024-12-11T03:00:00.000000,Poland,Poland,PL,701.3,776.71,7.99,6.8,entsoe.eu,false,""
2024-12-11T04:00:00.000000,Poland,Poland,PL,707.87,782.58,7.45,6.43,entsoe.eu,false,""
2024-12-11T05:00:00.000000,Poland,Poland,PL,694.11,770.39,7.45,6.56,entsoe.eu,false,""
2024-12-11T06:00:00.000000,Poland,Poland,PL,691.92,767.41,7.77,6.93,entsoe.eu,false,""
2024-12-11T07:00:00.000000,Poland,Poland,PL,694.26,769.09,7.74,7.11,entsoe.eu,false,""
2024-12-11T08:00:00.000000,Poland,Poland,PL,692.36,766.9,8.12,7.58,entsoe.eu,false,""
2024-12-11T09:00:00.000000,Poland,Poland,PL,683.87,757.9,9.23,8.6,entsoe.eu,false,""
2024-12-11T10:00:00.000000,Poland,Poland,PL,679.52,752.88,10.19,9.46,entsoe.eu,false,""
2024-12-11T11:00:00.000000,Poland,Poland,PL,677.88,750.72,10.54,9.79,entsoe.eu,false,""
2024-12-11T12:00:00.000000,Poland,Poland,PL,675.43,748.64,10.39,9.62,entsoe.eu,false,""
2024-12-11T13:00:00.000000,Poland,Poland,PL,680.96,753.8,10.07,9.3,entsoe.eu,false,""
2024-12-11T14:00:00.000000,Poland,Poland,PL,675.05,746.58,10.97,10.18,entsoe.eu,false,""
2024-12-11T15:00:00.000000,Poland,Poland,PL,666.4,737.05,11.87,11.14,entsoe.eu,false,""
2024-12-11T16:00:00.000000,Poland,Poland,PL,655.66,726.98,12.4,11.74,entsoe.eu,false,""
2024-12-11T17:00:00.000000,Poland,Poland,PL,665.31,738.17,11.11,10.43,entsoe.eu,false,""
2024-12-11T18:00:00.000000,Poland,Poland,PL,670.6,744.69,10.15,9.44,entsoe.eu,false,""
2024-12-11T19:00:00.000000,Poland,Poland,PL,670.68,744.91,10.25,9.49,entsoe.eu,false,""
2024-12-11T20:00:00.000000,Poland,Poland,PL,679.78,753.38,9.87,9.09,entsoe.eu,false,""
2024-12-11T21:00:00.000000,Poland,Poland,PL,678.56,752.72,9.52,8.74,entsoe.eu,false,""
2024-12-11T22:00:00.000000,Poland,Poland,PL,676.63,750.93,9.77,8.91,entsoe.eu,false,""
2024-12-11T23:00:00.000000,Poland,Poland,PL,670.05,745.04,9.9,9.01,entsoe.eu,false,""
2024-12-12T00:00:00.000000,Poland,Poland,PL,680.84,754.13,10.24,9.23,entsoe.eu,false,""
2024-12-12T01:00:00.000000,Poland,Poland,PL,683.16,756.97,9.82,8.78,entsoe.eu,false,""
2024-12-12T02:00:00.000000,Poland,Poland,PL,688.0,762.16,9.31,8.21,entsoe.eu,false,""
2024-12-12T03:00:00.000000,Poland,Poland,PL,691.0,765.63,8.73,7.73,entsoe.eu,false,""
2024-12-12T04:00:00.000000,Poland,Poland,PL,691.38,767.84,7.17,6.38,entsoe.eu,false,""
2024-12-12T05:00:00.000000,Poland,Poland,PL,695.36,772.01,6.66,5.82,entsoe.eu,false,""
2024-12-12T06:00:00.000000,Poland,Poland,PL,699.54,775.83,6.36,5.62,entsoe.eu,false,""
2024-12-12T07:00:00.000000,Poland,Poland,PL,697.54,772.54,7.21,6.36,entsoe.eu,false,""
2024-12-12T08:00:00.000000,Poland,Poland,PL,686.28,760.02,9.25,8.17,entsoe.eu,false,""
2024-12-12T09:00:00.000000,Poland,Poland,PL,677.23,750.24,10.71,9.63,entsoe.eu,false,""
2024-12-12T10:00:00.000000,Poland,Poland,PL,665.64,738.07,12.1,10.76,entsoe.eu,false,""
2024-12-12T11:00:00.000000,Poland,Poland,PL,666.2,738.73,11.88,10.45,entsoe.eu,false,""
2024-12-12T12:00:00.000000,Poland,Poland,PL,670.9,744.27,10.79,9.68,entsoe.eu,false,""
2024-12-12T13:00:00.000000,Poland,Poland,PL,676.03,749.61,9.99,9.13,entsoe.eu,false,""
2024-12-12T14:00:00.000000,Poland,Poland,PL,676.78,749.15,10.27,9.58,entsoe.eu,false,""
2024-12-12T15:00:00.000000,Poland,Poland,PL,663.87,734.6,11.95,11.36,entsoe.eu,false,""
2024-12-12T16:00:00.000000,Poland,Poland,PL,650.78,721.26,13.2,12.47,entsoe.eu,false,""
2024-12-12T17:00:00.000000,Poland,Poland,PL,652.78,724.59,12.76,12.19,entsoe.eu,false,""
2024-12-12T18:00:00.000000,Poland,Poland,PL,658.45,730.48,12.54,11.85,entsoe.eu,false,""
2024-12-12T19:00:00.000000,Poland,Poland,PL,660.13,732.73,12.28,11.48,entsoe.eu,false,""
2024-12-12T20:00:00.000000,Poland,Poland,PL,671.03,743.42,11.31,10.53,entsoe.eu,false,""
2024-12-12T21:00:00.000000,Poland,Poland,PL,672.96,747.01,9.97,9.19,entsoe.eu,false,""
2024-12-12T22:00:00.000000,Poland,Poland,PL,675.95,750.6,9.35,8.53,entsoe.eu,false,""
2024-12-12T23:00:00.000000,Poland,Poland,PL,671.63,746.87,9.78,8.87,entsoe.eu,false,""
2024-12-13T00:00:00.000000,Poland,Poland,PL,678.95,753.75,9.55,8.6,entsoe.eu,false,""
2024-12-13T01:00:00.000000,Poland,Poland,PL,687.07,761.87,9.11,8.09,entsoe.eu,false,""
2024-12-13T02:00:00.000000,Poland,Poland,PL,692.9,768.15,8.62,7.51,entsoe.eu,false,""
2024-12-13T03:00:00.000000,Poland,Poland,PL,690.09,766.28,8.46,7.29,entsoe.eu,false,""
2024-12-13T04:00:00.000000,Poland,Poland,PL,677.89,755.95,8.26,7.17,entsoe.eu,false,""
2024-12-13T05:00:00.000000,Poland,Poland,PL,677.52,755.12,8.48,7.45,entsoe.eu,false,""
2024-12-13T06:00:00.000000,Poland,Poland,PL,678.68,754.33,8.99,8.2,entsoe.eu,false,""
2024-12-13T07:00:00.000000,Poland,Poland,PL,661.0,734.64,11.5,10.61,entsoe.eu,false,""
2024-12-13T08:00:00.000000,Poland,Poland,PL,636.99,707.9,15.45,14.66,entsoe.eu,false,""
2024-12-13T09:00:00.000000,Poland,Poland,PL,617.59,685.91,19.37,18.42,entsoe.eu,false,""
2024-12-13T10:00:00.000000,Poland,Poland,PL,603.89,671.87,21.03,20.28,entsoe.eu,false,""
2024-12-13T11:00:00.000000,Poland,Poland,PL,606.72,675.72,20.26,19.52,entsoe.eu,false,""
2024-12-13T12:00:00.000000,Poland,Poland,PL,636.59,707.28,16.1,15.39,entsoe.eu,false,""
2024-12-13T13:00:00.000000,Poland,Poland,PL,667.09,739.24,12.02,11.3,entsoe.eu,false,""
2024-12-13T14:00:00.000000,Poland,Poland,PL,672.49,744.47,11.34,10.62,entsoe.eu,false,""
2024-12-13T15:00:00.000000,Poland,Poland,PL,659.83,729.82,13.38,12.66,entsoe.eu,false,""
2024-12-13T16:00:00.000000,Poland,Poland,PL,637.74,707.48,15.42,14.76,entsoe.eu,false,""
2024-12-13T17:00:00.000000,Poland,Poland,PL,626.65,694.53,17.78,17.1,entsoe.eu,false,""
2024-12-13T18:00:00.000000,Poland,Poland,PL,614.46,681.57,19.34,18.67,entsoe.eu,false,""
2024-12-13T19:00:00.000000,Poland,Poland,PL,608.29,674.24,20.65,19.96,entsoe.eu,false,""
2024-12-13T20:00:00.000000,Poland,Poland,PL,603.06,668.51,21.04,20.4,entsoe.eu,false,""
2024-12-13T21:00:00.000000,Poland,Poland,PL,595.32,661.02,21.68,20.99,entsoe.eu,false,""
2024-12-13T22:00:00.000000,Poland,Poland,PL,588.73,654.07,22.66,21.93,entsoe.eu,false,""
2024-12-13T23:00:00.000000,Poland,Poland,PL,583.82,648.95,23.64,22.84,entsoe.eu,false,""
2024-12-14T00:00:00.000000,Poland,Poland,PL,592.31,657.57,22.63,21.81,entsoe.eu,false,""
2024-12-14T01:00:00.000000,Poland,Poland,PL,593.45,657.92,21.84,21.02,entsoe.eu,false,""
2024-12-14T02:00:00.000000,Poland,Poland,PL,593.45,658.0,22.25,21.34,entsoe.eu,false,""
2024-12-14T03:00:00.000000,Poland,Poland,PL,576.62,641.94,24.46,23.53,entsoe.eu,false,""
2024-12-14T04:00:00.000000,Poland,Poland,PL,568.81,634.22,25.61,24.68,entsoe.eu,false,""
2024-12-14T05:00:00.000000,Poland,Poland,PL,568.13,634.0,25.56,24.62,entsoe.eu,false,""
2024-12-14T06:00:00.000000,Poland,Poland,PL,563.5,629.56,25.31,24.45,entsoe.eu,false,""
2024-12-14T07:00:00.000000,Poland,Poland,PL,551.76,616.58,26.65,25.85,entsoe.eu,false,""
2024-12-14T08:00:00.000000,Poland,Poland,PL,534.14,598.62,28.3,27.6,entsoe.eu,false,""
2024-12-14T09:00:00.000000,Poland,Poland,PL,520.67,584.05,30.4,29.73,entsoe.eu,false,""
2024-12-14T10:00:00.000000,Poland,Poland,PL,524.5,587.37,30.23,29.69,entsoe.eu,false,""
2024-12-14T11:00:00.000000,Poland,Poland,PL,528.78,592.13,29.67,29.11,entsoe.eu,false,""
2024-12-14T12:00:00.000000,Poland,Poland,PL,529.05,592.18,29.62,29.1,entsoe.eu,false,""
2024-12-14T13:00:00.000000,Poland,Poland,PL,534.01,596.76,29.3,28.87,entsoe.eu,false,""
2024-12-14T14:00:00.000000,Poland,Poland,PL,534.32,596.65,29.3,28.96,entsoe.eu,false,""
2024-12-14T15:00:00.000000,Poland,Poland,PL,536.96,599.47,28.97,28.7,entsoe.eu,false,""
2024-12-14T16:00:00.000000,Poland,Poland,PL,538.85,600.97,28.9,28.77,entsoe.eu,false,""
2024-12-14T17:00:00.000000,Poland,Poland,PL,528.07,589.17,30.54,30.46,entsoe.eu,false,""
2024-12-14T18:00:00.000000,Poland,Poland,PL,510.66,570.46,32.96,32.91,entsoe.eu,false,""
2024-12-14T19:00:00.000000,Poland,Poland,PL,493.44,551.72,35.41,35.39,entsoe.eu,false,""
2024-12-14T20:00:00.000000,Poland,Poland,PL,477.14,534.84,37.05,37.02,entsoe.eu,false,""
2024-12-14T21:00:00.000000,Poland,Poland,PL,461.46,517.91,39.1,39.07,entsoe.eu,false,""
2024-12-14T22:00:00.000000,Poland,Poland,PL,435.62,491.2,41.94,41.91,entsoe.eu,false,""
2024-12-14T23:00:00.000000,Poland,Poland,PL,435.02,491.99,40.87,40.85,entsoe.eu,false,""
2024-12-15T00:00:00.000000,Poland,Poland,PL,422.14,478.97,42.26,42.24,entsoe.eu,false,""
2024-12-15T01:00:00.000000,Poland,Poland,PL,418.35,474.94,42.64,42.61,entsoe.eu,false,""
2024-12-15T02:00:00.000000,Poland,Poland,PL,411.78,467.4,43.7,43.67,entsoe.eu,false,""
2024-12-15T03:00:00.000000,Poland,Poland,PL,410.12,465.32,44.11,44.01,entsoe.eu,false,""
2024-12-15T04:00:00.000000,Poland,Poland,PL,414.14,468.55,44.37,44.24,entsoe.eu,false,""
2024-12-15T05:00:00.000000,Poland,Poland,PL,413.64,467.64,44.5,44.39,entsoe.eu,false,""
2024-12-15T06:00:00.000000,Poland,Poland,PL,406.41,459.71,45.44,45.39,entsoe.eu,false,""
2024-12-15T07:00:00.000000,Poland,Poland,PL,400.01,452.74,46.55,46.52,entsoe.eu,false,""
2024-12-15T08:00:00.000000,Poland,Poland,PL,391.29,443.56,47.98,47.95,entsoe.eu,false,""
2024-12-15T09:00:00.000000,Poland,Poland,PL,378.04,429.57,49.77,49.75,entsoe.eu,false,""
2024-12-15T10:00:00.000000,Poland,Poland,PL,370.93,422.38,50.54,50.53,entsoe.eu,false,""
2024-12-15T11:00:00.000000,Poland,Poland,PL,388.9,441.43,48.19,48.18,entsoe.eu,false,""
2024-12-15T12:00:00.000000,Poland,Poland,PL,405.0,458.15,46.27,46.26,entsoe.eu,false,""
2024-12-15T13:00:00.000000,Poland,Poland,PL,424.94,479.27,43.75,43.63,entsoe.eu,false,""
2024-12-15T14:00:00.000000,Poland,Poland,PL,449.85,505.22,40.55,40.43,entsoe.eu,false,""
2024-12-15T15:00:00.000000,Poland,Poland,PL,459.82,515.03,39.35,39.23,entsoe.eu,false,""
2024-12-15T16:00:00.000000,Poland,Poland,PL,448.26,502.99,40.57,40.46,entsoe.eu,false,""
2024-12-15T17:00:00.000000,Poland,Poland,PL,444.96,500.09,40.74,40.72,entsoe.eu,false,""
2024-12-15T18:00:00.000000,Poland,Poland,PL,436.52,490.72,42.36,42.33,entsoe.eu,false,""
2024-12-15T19:00:00.000000,Poland,Poland,PL,420.46,473.95,44.34,44.32,entsoe.eu,false,""
2024-12-15T20:00:00.000000,Poland,Poland,PL,397.52,450.13,46.9,46.88,entsoe.eu,false,""
2024-12-15T21:00:00.000000,Poland,Poland,PL,389.24,442.07,47.34,47.32,entsoe.eu,false,""
2024-12-15T22:00:00.000000,Poland,Poland,PL,384.47,436.81,48.12,48.11,entsoe.eu,false,""
2024-12-15T23:00:00.000000,Poland,Poland,PL,394.24,446.55,47.31,47.31,entsoe.eu,false,""
2024-12-16T00:00:00.000000,Poland,Poland,PL,390.02,442.54,47.4,47.39,entsoe.eu,false,""
2024-12-16T01:00:00.000000,Poland,Poland,PL,387.91,440.46,47.49,47.49,entsoe.eu,false,""
2024-12-16T02:00:00.000000,Poland,Poland,PL,388.08,440.32,47.72,47.71,entsoe.eu,false,""
2024-12-16T03:00:00.000000,Poland,Poland,PL,395.98,448.74,46.76,46.71,entsoe.eu,false,""
2024-12-16T04:00:00.000000,Poland,Poland,PL,396.5,449.05,46.75,46.74,entsoe.eu,false,""
2024-12-16T05:00:00.000000,Poland,Poland,PL,419.86,473.4,43.81,43.78,entsoe.eu,false,""
2024-12-16T06:00:00.000000,Poland,Poland,PL,449.99,504.26,40.87,40.84,entsoe.eu,false,""
2024-12-16T07:00:00.000000,Poland,Poland,PL,463.55,519.37,38.71,38.68,entsoe.eu,false,""
2024-12-16T08:00:00.000000,Poland,Poland,PL,469.78,525.33,38.3,38.28,entsoe.eu,false,""
2024-12-16T09:00:00.000000,Poland,Poland,PL,455.87,510.82,39.95,39.94,entsoe.eu,false,""
2024-12-16T10:00:00.000000,Poland,Poland,PL,438.69,492.49,42.39,42.37,entsoe.eu,false,""
2024-12-16T11:00:00.000000,Poland,Poland,PL,439.7,493.39,42.37,42.36,entsoe.eu,false,""
2024-12-16T12:00:00.000000,Poland,Poland,PL,438.57,491.91,42.67,42.66,entsoe.eu,false,""
2024-12-16T13:00:00.000000,Poland,Poland,PL,449.7,503.03,41.25,41.23,entsoe.eu,false,""
2024-12-16T14:00:00.000000,Poland,Poland,PL,455.71,509.31,40.33,40.3,entsoe.eu,false,""
2024-12-16T15:00:00.000000,Poland,Poland,PL,459.7,513.14,39.96,39.92,entsoe.eu,false,""
2024-12-16T16:00:00.000000,Poland,Poland,PL,452.2,505.3,41.02,40.99,entsoe.eu,false,""
2024-12-16T17:00:00.000000,Poland,Poland,PL,444.55,497.67,41.82,41.79,entsoe.eu,false,""
2024-12-16T18:00:00.000000,Poland,Poland,PL,455.71,509.69,40.54,40.52,entsoe.eu,false,""
2024-12-16T19:00:00.000000,Poland,Poland,PL,455.32,509.11,40.9,40.87,entsoe.eu,false,""
2024-12-16T20:00:00.000000,Poland,Poland,PL,437.53,490.89,42.84,42.81,entsoe.eu,false,""
2024-12-16T21:00:00.000000,Poland,Poland,PL,414.91,467.37,45.08,45.06,entsoe.eu,false,""
2024-12-16T22:00:00.000000,Poland,Poland,PL,407.83,459.93,46.0,45.98,entsoe.eu,false,""
2024-12-16T23:00:00.000000,Poland,Poland,PL,407.35,459.58,46.07,46.05,entsoe.eu,false,""
2024-12-17T00:00:00.000000,Poland,Poland,PL,412.28,464.94,45.42,45.4,entsoe.eu,false,""
2024-12-17T01:00:00.000000,Poland,Poland,PL,413.72,466.56,45.2,45.18,entsoe.eu,false,""
2024-12-17T02:00:00.000000,Poland,Poland,PL,409.79,462.44,45.7,45.68,entsoe.eu,false,""
2024-12-17T03:00:00.000000,Poland,Poland,PL,409.25,462.34,45.45,45.42,entsoe.eu,false,""
2024-12-17T04:00:00.000000,Poland,Poland,PL,411.45,464.04,45.69,45.66,entsoe.eu,false,""
2024-12-17T05:00:00.000000,Poland,Poland,PL,433.68,487.55,42.82,42.8,entsoe.eu,false,""
2024-12-17T06:00:00.000000,Poland,Poland,PL,447.91,502.14,41.4,41.36,entsoe.eu,false,""
2024-12-17T07:00:00.000000,Poland,Poland,PL,465.41,520.72,38.79,38.77,entsoe.eu,false,""
2024-12-17T08:00:00.000000,Poland,Poland,PL,461.41,516.34,39.54,39.53,entsoe.eu,false,""
2024-12-17T09:00:00.000000,Poland,Poland,PL,458.08,512.08,40.42,40.41,entsoe.eu,false,""
2024-12-17T10:00:00.000000,Poland,Poland,PL,449.87,503.58,41.48,41.45,entsoe.eu,false,""
2024-12-17T11:00:00.000000,Poland,Poland,PL,447.55,501.43,41.66,41.6,entsoe.eu,false,""
2024-12-17T12:00:00.000000,Poland,Poland,PL,462.39,517.19,39.76,39.62,entsoe.eu,false,""
2024-12-17T13:00:00.000000,Poland,Poland,PL,489.04,545.83,35.99,35.77,entsoe.eu,false,""
2024-12-17T14:00:00.000000,Poland,Poland,PL,503.22,560.98,34.13,33.78,entsoe.eu,false,""
2024-12-17T15:00:00.000000,Poland,Poland,PL,498.26,554.97,34.78,34.44,entsoe.eu,false,""
2024-12-17T16:00:00.000000,Poland,Poland,PL,508.64,565.85,33.49,33.22,entsoe.eu,false,""
2024-12-17T17:00:00.000000,Poland,Poland,PL,510.53,568.32,33.06,32.84,entsoe.eu,false,""
2024-12-17T18:00:00.000000,Poland,Poland,PL,513.47,572.65,32.76,32.37,entsoe.eu,false,""
2024-12-17T19:00:00.000000,Poland,Poland,PL,518.82,578.99,32.05,31.5,entsoe.eu,false,""
2024-12-17T20:00:00.000000,Poland,Poland,PL,511.68,571.39,33.26,32.53,entsoe.eu,false,""
2024-12-17T21:00:00.000000,Poland,Poland,PL,512.19,572.35,33.12,32.07,entsoe.eu,false,""
2024-12-17T22:00:00.000000,Poland,Poland,PL,496.12,557.0,34.31,33.11,entsoe.eu,false,""
2024-12-17T23:00:00.000000,Poland,Poland,PL,495.89,556.27,34.34,32.98,entsoe.eu,false,""
2024-12-18T00:00:00.000000,Poland,Poland,PL,497.12,558.74,33.83,32.33,entsoe.eu,false,""
2024-12-18T01:00:00.000000,Poland,Poland,PL,504.27,566.79,32.73,31.11,entsoe.eu,false,""
2024-12-18T02:00:00.000000,Poland,Poland,PL,526.15,589.74,30.13,28.51,entsoe.eu,false,""
2024-12-18T03:00:00.000000,Poland,Poland,PL,537.43,601.0,29.1,27.51,entsoe.eu,false,""
2024-12-18T04:00:00.000000,Poland,Poland,PL,564.44,628.96,25.86,24.43,entsoe.eu,false,""
2024-12-18T05:00:00.000000,Poland,Poland,PL,568.56,633.74,24.75,23.54,entsoe.eu,false,""
2024-12-18T06:00:00.000000,Poland,Poland,PL,571.12,635.27,24.72,23.77,entsoe.eu,false,""
2024-12-18T07:00:00.000000,Poland,Poland,PL,545.48,608.31,27.86,27.0,entsoe.eu,false,""
2024-12-18T08:00:00.000000,Poland,Poland,PL,522.73,583.44,31.62,31.02,entsoe.eu,false,""
2024-12-18T09:00:00.000000,Poland,Poland,PL,501.87,562.15,34.44,33.99,entsoe.eu,false,""
2024-12-18T10:00:00.000000,Poland,Poland,PL,498.44,558.22,35.08,34.76,entsoe.eu,false,""
2024-12-18T11:00:00.000000,Poland,Poland,PL,491.58,550.57,35.94,35.66,entsoe.eu,false,""
2024-12-18T12:00:00.000000,Poland,Poland,PL,489.36,547.9,36.12,35.87,entsoe.eu,false,""
2024-12-18T13:00:00.000000,Poland,Poland,PL,491.42,549.63,35.75,35.53,entsoe.eu,false,""
2024-12-18T14:00:00.000000,Poland,Poland,PL,504.23,562.63,33.97,33.78,entsoe.eu,false,""
2024-12-18T15:00:00.000000,Poland,Poland,PL,485.99,542.38,36.57,36.38,entsoe.eu,false,""
2024-12-18T16:00:00.000000,Poland,Poland,PL,466.7,522.06,38.86,38.7,entsoe.eu,false,""
2024-12-18T17:00:00.000000,Poland,Poland,PL,461.25,516.06,39.58,39.47,entsoe.eu,false,""
2024-12-18T18:00:00.000000,Poland,Poland,PL,457.04,511.08,40.07,39.95,entsoe.eu,false,""
2024-12-18T19:00:00.000000,Poland,Poland,PL,446.1,499.02,41.63,41.44,entsoe.eu,false,""
2024-12-18T20:00:00.000000,Poland,Poland,PL,443.26,495.68,42.04,41.88,entsoe.eu,false,""
2024-12-18T21:00:00.000000,Poland,Poland,PL,421.6,473.78,44.24,44.06,entsoe.eu,false,""
2024-12-18T22:00:00.000000,Poland,Poland,PL,401.55,453.57,46.22,46.03,entsoe.eu,false,""
2024-12-18T23:00:00.000000,Poland,Poland,PL,404.24,456.89,45.69,45.46,entsoe.eu,false,""
2024-12-19T00:00:00.000000,Poland,Poland,PL,412.57,467.27,43.65,43.38,entsoe.eu,false,""
2024-12-19T01:00:00.000000,Poland,Poland,PL,417.07,471.83,43.16,42.91,entsoe.eu,false,""
2024-12-19T02:00:00.000000,Poland,Poland,PL,426.62,482.34,41.73,41.49,entsoe.eu,false,""
2024-12-19T03:00:00.000000,Poland,Poland,PL,422.34,477.02,42.98,42.71,entsoe.eu,false,""
2024-12-19T04:00:00.000000,Poland,Poland,PL,422.17,477.79,42.9,42.6,entsoe.eu,false,""
2024-12-19T05:00:00.000000,Poland,Poland,PL,436.7,491.49,41.9,41.56,entsoe.eu,false,""
2024-12-19T06:00:00.000000,Poland,Poland,PL,446.11,500.25,41.21,40.92,entsoe.eu,false,""
2024-12-19T07:00:00.000000,Poland,Poland,PL,446.06,500.0,41.43,41.28,entsoe.eu,false,""
2024-12-19T08:00:00.000000,Poland,Poland,PL,426.64,479.96,43.84,43.74,entsoe.eu,false,""
2024-12-19T09:00:00.000000,Poland,Poland,PL,400.02,451.98,47.39,47.28,entsoe.eu,false,""
2024-12-19T10:00:00.000000,Poland,Poland,PL,397.65,449.83,47.4,47.29,entsoe.eu,false,""
2024-12-19T11:00:00.000000,Poland,Poland,PL,422.04,474.92,44.49,44.4,entsoe.eu,false,""
2024-12-19T12:00:00.000000,Poland,Poland,PL,451.33,505.15,41.01,40.91,entsoe.eu,false,""
2024-12-19T13:00:00.000000,Poland,Poland,PL,461.4,515.64,39.75,39.57,entsoe.eu,false,""
2024-12-19T14:00:00.000000,Poland,Poland,PL,463.77,518.5,39.08,38.57,entsoe.eu,false,""
2024-12-19T15:00:00.000000,Poland,Poland,PL,453.24,506.97,40.5,39.84,entsoe.eu,false,""
2024-12-19T16:00:00.000000,Poland,Poland,PL,461.82,516.08,39.31,38.73,entsoe.eu,false,""
2024-12-19T17:00:00.000000,Poland,Poland,PL,464.88,519.48,38.91,38.41,entsoe.eu,false,""
2024-12-19T18:00:00.000000,Poland,Poland,PL,463.48,518.43,39.04,38.61,entsoe.eu,false,""
2024-12-19T19:00:00.000000,Poland,Poland,PL,451.14,505.58,40.71,40.21,entsoe.eu,false,""
2024-12-19T20:00:00.000000,Poland,Poland,PL,453.43,507.9,40.61,40.13,entsoe.eu,false,""
2024-12-19T21:00:00.000000,Poland,Poland,PL,442.35,496.48,41.51,41.08,entsoe.eu,false,""
2024-12-19T22:00:00.000000,Poland,Poland,PL,429.51,483.75,42.64,42.51,entsoe.eu,false,""
2024-12-19T23:00:00.000000,Poland,Poland,PL,431.28,485.03,42.87,42.85,entsoe.eu,false,""
2024-12-20T00:00:00.000000,Poland,Poland,PL,430.64,484.67,42.78,42.76,entsoe.eu,false,""
2024-12-20T01:00:00.000000,Poland,Poland,PL,432.55,486.42,42.67,42.65,entsoe.eu,false,""
2024-12-20T02:00:00.000000,Poland,Poland,PL,429.07,482.55,43.08,43.06,entsoe.eu,false,""
2024-12-20T03:00:00.000000,Poland,Poland,PL,423.39,476.43,43.82,43.68,entsoe.eu,false,""
2024-12-20T04:00:00.000000,Poland,Poland,PL,423.17,475.97,43.91,43.69,entsoe.eu,false,""
2024-12-20T05:00:00.000000,Poland,Poland,PL,441.12,494.77,41.89,41.76,entsoe.eu,false,""
2024-12-20T06:00:00.000000,Poland,Poland,PL,467.96,523.55,38.06,38.04,entsoe.eu,false,""
2024-12-20T07:00:00.000000,Poland,Poland,PL,466.22,520.99,38.98,38.96,entsoe.eu,false,""
2024-12-20T08:00:00.000000,Poland,Poland,PL,450.51,504.92,40.78,40.76,entsoe.eu,false,""
2024-12-20T09:00:00.000000,Poland,Poland,PL,431.03,484.2,43.41,43.4,entsoe.eu,false,""
2024-12-20T10:00:00.000000,Poland,Poland,PL,421.92,474.86,44.39,44.38,entsoe.eu,false,""
2024-12-20T11:00:00.000000,Poland,Poland,PL,421.67,474.7,44.49,44.48,entsoe.eu,false,""
2024-12-20T12:00:00.000000,Poland,Poland,PL,440.06,493.96,42.23,42.19,entsoe.eu,false,""
2024-12-20T13:00:00.000000,Poland,Poland,PL,460.05,515.17,39.46,39.28,entsoe.eu,false,""
2024-12-20T14:00:00.000000,Poland,Poland,PL,476.36,532.48,37.19,36.86,entsoe.eu,false,""
2024-12-20T15:00:00.000000,Poland,Poland,PL,479.66,535.74,36.49,36.07,entsoe.eu,false,""
2024-12-20T16:00:00.000000,Poland,Poland,PL,475.84,531.39,36.99,36.6,entsoe.eu,false,""
2024-12-20T17:00:00.000000,Poland,Poland,PL,475.87,531.16,37.5,37.09,entsoe.eu,false,""
2024-12-20T18:00:00.000000,Poland,Poland,PL,479.45,536.23,36.76,36.31,entsoe.eu,false,""
2024-12-20T19:00:00.000000,Poland,Poland,PL,469.85,526.15,38.1,37.46,entsoe.eu,false,""
2024-12-20T20:00:00.000000,Poland,Poland,PL,467.24,523.56,38.38,37.56,entsoe.eu,false,""
2024-12-20T21:00:00.000000,Poland,Poland,PL,462.71,519.87,38.52,37.63,entsoe.eu,false,""
2024-12-20T22:00:00.000000,Poland,Poland,PL,460.58,517.18,39.0,38.18,entsoe.eu,false,""
2024-12-20T23:00:00.000000,Poland,Poland,PL,464.26,521.5,38.37,37.44,entsoe.eu,false,""
2024-12-21T00:00:00.000000,Poland,Poland,PL,455.91,513.49,39.19,38.24,entsoe.eu,false,""
2024-12-21T01:00:00.000000,Poland,Poland,PL,450.92,508.36,39.72,38.79,entsoe.eu,false,""
2024-12-21T02:00:00.000000,Poland,Poland,PL,450.18,507.21,39.83,38.88,entsoe.eu,false,""
2024-12-21T03:00:00.000000,Poland,Poland,PL,448.93,505.81,40.08,39.16,entsoe.eu,false,""
2024-12-21T04:00:00.000000,Poland,Poland,PL,453.34,510.83,39.56,38.65,entsoe.eu,false,""
2024-12-21T05:00:00.000000,Poland,Poland,PL,460.28,517.4,39.05,38.18,entsoe.eu,false,""
2024-12-21T06:00:00.000000,Poland,Poland,PL,453.85,510.9,39.57,38.7,entsoe.eu,false,""
2024-12-21T07:00:00.000000,Poland,Poland,PL,434.87,490.97,42.02,41.16,entsoe.eu,false,""
2024-12-21T08:00:00.000000,Poland,Poland,PL,410.42,465.39,45.15,44.36,entsoe.eu,false,""
2024-12-21T09:00:00.000000,Poland,Poland,PL,384.45,438.63,48.28,47.54,entsoe.eu,false,""
2024-12-21T10:00:00.000000,Poland,Poland,PL,380.87,435.01,48.73,48.02,entsoe.eu,false,""
2024-12-21T11:00:00.000000,Poland,Poland,PL,389.48,443.71,47.75,47.08,entsoe.eu,false,""
2024-12-21T12:00:00.000000,Poland,Poland,PL,418.01,473.49,44.07,43.33,entsoe.eu,false,""
2024-12-21T13:00:00.000000,Poland,Poland,PL,441.16,497.46,41.1,40.28,entsoe.eu,false,""
2024-12-21T14:00:00.000000,Poland,Poland,PL,452.35,507.91,39.74,38.92,entsoe.eu,false,""
2024-12-21T15:00:00.000000,Poland,Poland,PL,445.57,499.63,40.98,40.19,entsoe.eu,false,""
2024-12-21T16:00:00.000000,Poland,Poland,PL,437.69,491.37,42.03,41.26,entsoe.eu,false,""
2024-12-21T17:00:00.000000,Poland,Poland,PL,439.22,493.64,41.74,41.12,entsoe.eu,false,""
2024-12-21T18:00:00.000000,Poland,Poland,PL,445.29,499.82,41.25,40.76,entsoe.eu,false,""
2024-12-21T19:00:00.000000,Poland,Poland,PL,434.93,488.85,42.61,42.25,entsoe.eu,false,""
2024-12-21T20:00:00.000000,Poland,Poland,PL,422.4,475.68,44.03,43.86,entsoe.eu,false,""
2024-12-21T21:00:00.000000,Poland,Poland,PL,406.23,459.32,45.44,45.3,entsoe.eu,false,""
2024-12-21T22:00:00.000000,Poland,Poland,PL,401.65,454.65,45.94,45.82,entsoe.eu,false,""
2024-12-21T23:00:00.000000,Poland,Poland,PL,430.98,486.3,42.06,41.92,entsoe.eu,false,""
2024-12-22T00:00:00.000000,Poland,Poland,PL,429.05,484.59,41.99,41.82,entsoe.eu,false,""
2024-12-22T01:00:00.000000,Poland,Poland,PL,425.35,480.54,42.52,42.36,entsoe.eu,false,""
2024-12-22T02:00:00.000000,Poland,Poland,PL,418.19,472.96,43.14,42.98,entsoe.eu,false,""
2024-12-22T03:00:00.000000,Poland,Poland,PL,417.55,472.15,43.49,43.28,entsoe.eu,false,""
2024-12-22T04:00:00.000000,Poland,Poland,PL,425.27,480.44,42.65,42.44,entsoe.eu,false,""
2024-12-22T05:00:00.000000,Poland,Poland,PL,438.8,495.58,40.68,40.34,entsoe.eu,false,""
2024-12-22T06:00:00.000000,Poland,Poland,PL,429.63,486.0,41.75,41.05,entsoe.eu,false,""
2024-12-22T07:00:00.000000,Poland,Poland,PL,414.1,469.35,43.93,42.99,entsoe.eu,false,""
2024-12-22T08:00:00.000000,Poland,Poland,PL,388.0,440.94,47.81,46.65,entsoe.eu,false,""
2024-12-22T09:00:00.000000,Poland,Poland,PL,390.06,443.22,47.67,46.48,entsoe.eu,false,""
2024-12-22T10:00:00.000000,Poland,Poland,PL,413.3,467.96,44.83,43.64,entsoe.eu,false,""
2024-12-22T11:00:00.000000,Poland,Poland,PL,436.57,493.0,41.75,40.56,entsoe.eu,false,""
2024-12-22T12:00:00.000000,Poland,Poland,PL,480.77,540.21,35.91,34.73,entsoe.eu,false,""
2024-12-22T13:00:00.000000,Poland,Poland,PL,506.33,567.03,32.62,31.43,entsoe.eu,false,""
2024-12-22T14:00:00.000000,Poland,Poland,PL,522.17,584.61,30.54,29.21,entsoe.eu,false,""
2024-12-22T15:00:00.000000,Poland,Poland,PL,526.01,587.26,29.95,28.71,entsoe.eu,false,""
2024-12-22T16:00:00.000000,Poland,Poland,PL,514.03,574.61,31.39,30.14,entsoe.eu,false,""
2024-12-22T17:00:00.000000,Poland,Poland,PL,522.99,584.0,30.31,29.12,entsoe.eu,false,""
2024-12-22T18:00:00.000000,Poland,Poland,PL,529.88,592.24,29.41,28.17,entsoe.eu,false,""
2024-12-22T19:00:00.000000,Poland,Poland,PL,543.67,607.77,27.77,26.47,entsoe.eu,false,""
2024-12-22T20:00:00.000000,Poland,Poland,PL,545.68,610.25,27.56,26.17,entsoe.eu,false,""
2024-12-22T21:00:00.000000,Poland,Poland,PL,550.26,615.08,27.06,25.66,entsoe.eu,false,""
2024-12-22T22:00:00.000000,Poland,Poland,PL,544.69,609.18,27.97,26.48,entsoe.eu,false,""
2024-12-22T23:00:00.000000,Poland,Poland,PL,536.61,600.69,29.16,27.42,entsoe.eu,false,""
2024-12-23T00:00:00.000000,Poland,Poland,PL,533.3,597.76,29.38,27.5,entsoe.eu,false,""
2024-12-23T01:00:00.000000,Poland,Poland,PL,541.32,606.4,28.29,26.39,entsoe.eu,false,""
2024-12-23T02:00:00.000000,Poland,Poland,PL,545.44,610.88,27.77,26.02,entsoe.eu,false,""
2024-12-23T03:00:00.000000,Poland,Poland,PL,550.53,616.58,27.27,25.69,entsoe.eu,false,""
2024-12-23T04:00:00.000000,Poland,Poland,PL,561.82,629.03,25.68,24.32,entsoe.eu,false,""
2024-12-23T05:00:00.000000,Poland,Poland,PL,585.82,652.71,23.21,21.88,entsoe.eu,false,""
2024-12-23T06:00:00.000000,Poland,Poland,PL,596.59,663.95,21.62,20.52,entsoe.eu,false,""
2024-12-23T07:00:00.000000,Poland,Poland,PL,604.44,671.86,20.69,19.73,entsoe.eu,false,""
2024-12-23T08:00:00.000000,Poland,Poland,PL,603.03,670.09,21.14,20.21,entsoe.eu,false,""
2024-12-23T09:00:00.000000,Poland,Poland,PL,591.23,657.59,22.72,21.82,entsoe.eu,false,""
2024-12-23T10:00:00.000000,Poland,Poland,PL,579.25,645.29,24.12,23.27,entsoe.eu,false,""
2024-12-23T11:00:00.000000,Poland,Poland,PL,581.91,648.37,23.61,22.77,entsoe.eu,false,""
2024-12-23T12:00:00.000000,Poland,Poland,PL,590.77,658.38,21.88,21.0,entsoe.eu,false,""
2024-12-23T13:00:00.000000,Poland,Poland,PL,604.25,672.44,20.18,19.25,entsoe.eu,false,""
2024-12-23T14:00:00.000000,Poland,Poland,PL,608.39,675.18,20.1,19.23,entsoe.eu,false,""
2024-12-23T15:00:00.000000,Poland,Poland,PL,598.18,663.65,21.46,20.6,entsoe.eu,false,""
2024-12-23T16:00:00.000000,Poland,Poland,PL,601.11,666.71,21.05,20.22,entsoe.eu,false,""
2024-12-23T17:00:00.000000,Poland,Poland,PL,606.06,673.4,19.76,18.93,entsoe.eu,false,""
2024-12-23T18:00:00.000000,Poland,Poland,PL,615.29,685.02,18.12,17.26,entsoe.eu,false,""
2024-12-23T19:00:00.000000,Poland,Poland,PL,627.6,697.93,17.09,16.22,entsoe.eu,false,""
2024-12-23T20:00:00.000000,Poland,Poland,PL,644.64,715.98,14.89,13.94,entsoe.eu,false,""
2024-12-23T21:00:00.000000,Poland,Poland,PL,646.31,717.84,15.06,13.98,entsoe.eu,false,""
2024-12-23T22:00:00.000000,Poland,Poland,PL,647.56,720.06,14.45,13.27,entsoe.eu,false,""
2024-12-23T23:00:00.000000,Poland,Poland,PL,634.73,708.6,15.24,13.96,entsoe.eu,false,""
2024-12-24T00:00:00.000000,Poland,Poland,PL,640.04,715.29,14.05,12.52,entsoe.eu,false,""
2024-12-24T01:00:00.000000,Poland,Poland,PL,648.82,724.69,12.65,10.96,entsoe.eu,false,""
2024-12-24T02:00:00.000000,Poland,Poland,PL,650.43,726.76,12.34,10.67,entsoe.eu,false,""
2024-12-24T03:00:00.000000,Poland,Poland,PL,651.53,727.89,12.27,10.6,entsoe.eu,false,""
2024-12-24T04:00:00.000000,Poland,Poland,PL,657.66,733.6,12.06,10.57,entsoe.eu,false,""
2024-12-24T05:00:00.000000,Poland,Poland,PL,657.83,733.55,12.48,10.99,entsoe.eu,false,""
2024-12-24T06:00:00.000000,Poland,Poland,PL,681.15,756.1,9.83,8.63,entsoe.eu,false,""
2024-12-24T07:00:00.000000,Poland,Poland,PL,677.69,751.84,10.46,9.35,entsoe.eu,false,""
2024-12-24T08:00:00.000000,Poland,Poland,PL,669.63,742.83,11.8,10.78,entsoe.eu,false,""
2024-12-24T09:00:00.000000,Poland,Poland,PL,656.76,729.84,13.07,12.11,entsoe.eu,false,""
2024-12-24T10:00:00.000000,Poland,Poland,PL,653.85,726.69,13.55,12.6,entsoe.eu,false,""
2024-12-24T11:00:00.000000,Poland,Poland,PL,656.55,729.45,13.42,12.47,entsoe.eu,false,""
2024-12-24T12:00:00.000000,Poland,Poland,PL,664.01,737.22,12.71,11.67,entsoe.eu,false,""
2024-12-24T13:00:00.000000,Poland,Poland,PL,661.32,735.06,13.08,11.87,entsoe.eu,false,""
2024-12-24T14:00:00.000000,Poland,Poland,PL,668.07,741.38,12.49,11.28,entsoe.eu,false,""
2024-12-24T15:00:00.000000,Poland,Poland,PL,663.86,736.76,12.73,11.52,entsoe.eu,false,""
2024-12-24T16:00:00.000000,Poland,Poland,PL,680.61,753.48,10.99,9.95,entsoe.eu,false,""
2024-12-24T17:00:00.000000,Poland,Poland,PL,690.55,763.81,9.32,8.37,entsoe.eu,false,""
2024-12-24T18:00:00.000000,Poland,Poland,PL,696.27,770.06,8.8,7.83,entsoe.eu,false,""
2024-12-24T19:00:00.000000,Poland,Poland,PL,690.17,763.91,9.66,8.67,entsoe.eu,false,""
2024-12-24T20:00:00.000000,Poland,Poland,PL,685.71,759.41,10.09,9.11,entsoe.eu,false,""
2024-12-24T21:00:00.000000,Poland,Poland,PL,676.25,749.94,11.11,10.07,entsoe.eu,false,""
2024-12-24T22:00:00.000000,Poland,Poland,PL,654.52,728.63,13.34,12.16,entsoe.eu,false,""
2024-12-24T23:00:00.000000,Poland,Poland,PL,621.95,696.98,16.54,14.96,entsoe.eu,false,""
2024-12-25T00:00:00.000000,Poland,Poland,PL,615.19,690.01,16.98,15.26,entsoe.eu,false,""
2024-12-25T01:00:00.000000,Poland,Poland,PL,614.97,687.95,18.04,16.17,entsoe.eu,false,""
2024-12-25T02:00:00.000000,Poland,Poland,PL,612.11,684.5,18.39,16.42,entsoe.eu,false,""
2024-12-25T03:00:00.000000,Poland,Poland,PL,603.78,675.59,19.31,17.3,entsoe.eu,false,""
2024-12-25T04:00:00.000000,Poland,Poland,PL,598.37,669.7,19.88,18.34,entsoe.eu,false,""
2024-12-25T05:00:00.000000,Poland,Poland,PL,589.58,661.35,21.11,19.53,entsoe.eu,false,""
2024-12-25T06:00:00.000000,Poland,Poland,PL,583.86,655.06,21.63,20.19,entsoe.eu,false,""
2024-12-25T07:00:00.000000,Poland,Poland,PL,577.24,647.18,22.87,21.51,entsoe.eu,false,""
2024-12-25T08:00:00.000000,Poland,Poland,PL,559.93,627.63,25.23,24.14,entsoe.eu,false,""
2024-12-25T09:00:00.000000,Poland,Poland,PL,511.23,577.84,30.93,29.83,entsoe.eu,false,""
2024-12-25T10:00:00.000000,Poland,Poland,PL,482.27,547.38,34.72,33.67,entsoe.eu,false,""
2024-12-25T11:00:00.000000,Poland,Poland,PL,473.6,539.09,35.47,34.4,entsoe.eu,false,""
2024-12-25T12:00:00.000000,Poland,Poland,PL,528.79,596.31,28.81,27.72,entsoe.eu,false,""
2024-12-25T13:00:00.000000,Poland,Poland,PL,593.76,664.04,20.48,19.4,entsoe.eu,false,""
2024-12-25T14:00:00.000000,Poland,Poland,PL,617.07,687.5,17.47,16.41,entsoe.eu,false,""
2024-12-25T15:00:00.000000,Poland,Poland,PL,598.18,666.2,20.0,19.0,entsoe.eu,false,""
2024-12-25T16:00:00.000000,Poland,Poland,PL,575.53,641.37,23.07,22.08,entsoe.eu,false,""
2024-12-25T17:00:00.000000,Poland,Poland,PL,568.18,633.39,23.94,22.97,entsoe.eu,false,""
2024-12-25T18:00:00.000000,Poland,Poland,PL,570.7,637.3,23.51,22.49,entsoe.eu,false,""
2024-12-25T19:00:00.000000,Poland,Poland,PL,581.0,647.95,22.49,21.42,entsoe.eu,false,""
2024-12-25T20:00:00.000000,Poland,Poland,PL,585.9,653.72,21.66,20.53,entsoe.eu,false,""
2024-12-25T21:00:00.000000,Poland,Poland,PL,591.65,660.01,20.89,19.78,entsoe.eu,false,""
2024-12-25T22:00:00.000000,Poland,Poland,PL,582.95,652.21,21.38,20.08,entsoe.eu,false,""
2024-12-25T23:00:00.000000,Poland,Poland,PL,585.73,655.9,20.77,19.41,entsoe.eu,false,""
2024-12-26T00:00:00.000000,Poland,Poland,PL,585.52,656.2,20.58,19.24,entsoe.eu,false,""
2024-12-26T01:00:00.000000,Poland,Poland,PL,590.29,660.7,20.46,18.89,entsoe.eu,false,""
2024-12-26T02:00:00.000000,Poland,Poland,PL,596.18,667.35,19.63,17.95,entsoe.eu,false,""
2024-12-26T03:00:00.000000,Poland,Poland,PL,603.16,674.68,18.75,17.13,entsoe.eu,false,""
2024-12-26T04:00:00.000000,Poland,Poland,PL,607.21,679.2,17.99,16.61,entsoe.eu,false,""
2024-12-26T05:00:00.000000,Poland,Poland,PL,615.18,686.44,17.54,16.42,entsoe.eu,false,""
2024-12-26T06:00:00.000000,Poland,Poland,PL,622.05,693.24,16.79,15.69,entsoe.eu,false,""
2024-12-26T07:00:00.000000,Poland,Poland,PL,605.15,675.73,18.71,17.65,entsoe.eu,false,""
2024-12-26T08:00:00.000000,Poland,Poland,PL,570.29,639.08,23.41,22.41,entsoe.eu,false,""
2024-12-26T09:00:00.000000,Poland,Poland,PL,547.05,614.15,27.04,26.11,entsoe.eu,false,""
2024-12-26T10:00:00.000000,Poland,Poland,PL,535.29,602.62,28.29,27.35,entsoe.eu,false,""
2024-12-26T11:00:00.000000,Poland,Poland,PL,554.27,622.83,25.81,24.82,entsoe.eu,false,""
2024-12-26T12:00:00.000000,Poland,Poland,PL,584.15,654.63,21.81,20.79,entsoe.eu,false,""
2024-12-26T13:00:00.000000,Poland,Poland,PL,631.56,703.64,16.0,14.97,entsoe.eu,false,""
2024-12-26T14:00:00.000000,Poland,Poland,PL,653.45,726.76,12.8,11.77,entsoe.eu,false,""
2024-12-26T15:00:00.000000,Poland,Poland,PL,653.54,726.22,13.22,12.04,entsoe.eu,false,""
2024-12-26T16:00:00.000000,Poland,Poland,PL,648.02,720.04,13.82,12.69,entsoe.eu,false,""
2024-12-26T17:00:00.000000,Poland,Poland,PL,646.82,718.9,13.73,12.61,entsoe.eu,false,""
2024-12-26T18:00:00.000000,Poland,Poland,PL,649.01,721.76,13.56,12.38,entsoe.eu,false,""
2024-12-26T19:00:00.000000,Poland,Poland,PL,657.04,730.98,12.94,11.63,entsoe.eu,false,""
2024-12-26T20:00:00.000000,Poland,Poland,PL,664.31,738.74,11.91,10.57,entsoe.eu,false,""
2024-12-26T21:00:00.000000,Poland,Poland,PL,668.66,743.82,10.74,9.5,entsoe.eu,false,""
2024-12-26T22:00:00.000000,Poland,Poland,PL,668.73,743.33,10.91,9.27,entsoe.eu,false,""
2024-12-26T23:00:00.000000,Poland,Poland,PL,661.79,735.91,11.08,8.63,entsoe.eu,false,""
2024-12-27T00:00:00.000000,Poland,Poland,PL,666.16,739.41,10.72,8.06,entsoe.eu,false,""
2024-12-27T01:00:00.000000,Poland,Poland,PL,666.97,741.15,10.43,8.23,entsoe.eu,false,""
2024-12-27T02:00:00.000000,Poland,Poland,PL,678.77,753.02,9.29,7.36,entsoe.eu,false,""
2024-12-27T03:00:00.000000,Poland,Poland,PL,684.9,759.13,8.76,7.07,entsoe.eu,false,""
2024-12-27T04:00:00.000000,Poland,Poland,PL,687.72,762.33,8.77,7.22,entsoe.eu,false,""
2024-12-27T05:00:00.000000,Poland,Poland,PL,686.05,761.19,9.09,7.5,entsoe.eu,false,""
2024-12-27T06:00:00.000000,Poland,Poland,PL,686.98,761.78,8.93,7.4,entsoe.eu,false,""
2024-12-27T07:00:00.000000,Poland,Poland,PL,674.31,747.64,10.55,9.24,entsoe.eu,false,""
2024-12-27T08:00:00.000000,Poland,Poland,PL,660.83,731.71,13.06,11.96,entsoe.eu,false,""
2024-12-27T09:00:00.000000,Poland,Poland,PL,626.52,697.83,15.91,14.87,entsoe.eu,false,""
2024-12-27T10:00:00.000000,Poland,Poland,PL,608.51,679.27,18.51,17.26,entsoe.eu,false,""
2024-12-27T11:00:00.000000,Poland,Poland,PL,622.64,693.41,17.18,15.91,entsoe.eu,false,""
2024-12-27T12:00:00.000000,Poland,Poland,PL,629.23,701.25,16.26,14.46,entsoe.eu,false,""
2024-12-27T13:00:00.000000,Poland,Poland,PL,661.8,735.85,11.41,10.1,entsoe.eu,false,""
2024-12-27T14:00:00.000000,Poland,Poland,PL,680.94,755.85,8.55,7.2,entsoe.eu,false,""
2024-12-27T15:00:00.000000,Poland,Poland,PL,679.16,752.61,8.57,7.33,entsoe.eu,false,""
2024-12-27T16:00:00.000000,Poland,Poland,PL,685.86,757.62,8.71,7.55,entsoe.eu,false,""
2024-12-27T17:00:00.000000,Poland,Poland,PL,690.18,761.72,8.15,7.14,entsoe.eu,false,""
2024-12-27T18:00:00.000000,Poland,Poland,PL,692.18,765.3,7.24,6.15,entsoe.eu,false,""
2024-12-27T19:00:00.000000,Poland,Poland,PL,696.44,772.28,6.21,5.03,entsoe.eu,false,""
2024-12-27T20:00:00.000000,Poland,Poland,PL,707.54,782.27,5.94,4.78,entsoe.eu,false,""
2024-12-27T21:00:00.000000,Poland,Poland,PL,703.42,778.72,5.67,4.56,entsoe.eu,false,""
2024-12-27T22:00:00.000000,Poland,Poland,PL,705.18,780.03,5.99,4.79,entsoe.eu,false,""
2024-12-27T23:00:00.000000,Poland,Poland,PL,703.66,778.47,6.31,5.04,entsoe.eu,false,""
2024-12-28T00:00:00.000000,Poland,Poland,PL,704.23,779.18,5.98,4.76,entsoe.eu,false,""
2024-12-28T01:00:00.000000,Poland,Poland,PL,707.4,781.86,6.06,4.82,entsoe.eu,false,""
2024-12-28T02:00:00.000000,Poland,Poland,PL,705.32,779.84,6.34,5.06,entsoe.eu,false,""
2024-12-28T03:00:00.000000,Poland,Poland,PL,705.14,779.68,6.35,5.07,entsoe.eu,false,""
2024-12-28T04:00:00.000000,Poland,Poland,PL,706.99,781.47,6.34,5.03,entsoe.eu,false,""
2024-12-28T05:00:00.000000,Poland,Poland,PL,706.1,780.73,6.2,4.95,entsoe.eu,false,""
2024-12-28T06:00:00.000000,Poland,Poland,PL,698.56,773.56,6.83,5.56,entsoe.eu,false,""
2024-12-28T07:00:00.000000,Poland,Poland,PL,683.44,758.49,7.65,6.57,entsoe.eu,false,""
2024-12-28T08:00:00.000000,Poland,Poland,PL,664.41,738.43,10.08,9.11,entsoe.eu,false,""
2024-12-28T09:00:00.000000,Poland,Poland,PL,642.16,713.1,14.46,13.51,entsoe.eu,false,""
2024-12-28T10:00:00.000000,Poland,Poland,PL,634.29,704.62,16.04,15.02,entsoe.eu,false,""
2024-12-28T11:00:00.000000,Poland,Poland,PL,628.69,699.19,16.68,15.65,entsoe.eu,false,""
2024-12-28T12:00:00.000000,Poland,Poland,PL,642.43,713.96,14.96,13.89,entsoe.eu,false,""
2024-12-28T13:00:00.000000,Poland,Poland,PL,666.94,740.18,11.5,10.32,entsoe.eu,false,""
2024-12-28T14:00:00.000000,Poland,Poland,PL,678.76,754.81,7.91,6.71,entsoe.eu,false,""
2024-12-28T15:00:00.000000,Poland,Poland,PL,675.15,750.51,8.63,7.32,entsoe.eu,false,""
2024-12-28T16:00:00.000000,Poland,Poland,PL,675.97,751.34,8.09,7.02,entsoe.eu,false,""
2024-12-28T17:00:00.000000,Poland,Poland,PL,681.04,756.77,7.4,6.44,entsoe.eu,false,""
2024-12-28T18:00:00.000000,Poland,Poland,PL,681.93,757.76,7.6,6.6,entsoe.eu,false,""
2024-12-28T19:00:00.000000,Poland,Poland,PL,678.29,754.1,8.13,7.09,entsoe.eu,false,""
2024-12-28T20:00:00.000000,Poland,Poland,PL,685.82,759.38,9.57,8.38,entsoe.eu,false,""
2024-12-28T21:00:00.000000,Poland,Poland,PL,683.26,756.4,9.48,8.47,entsoe.eu,false,""
2024-12-28T22:00:00.000000,Poland,Poland,PL,687.31,759.53,9.15,8.19,entsoe.eu,false,""
2024-12-28T23:00:00.000000,Poland,Poland,PL,650.67,723.6,12.99,11.8,entsoe.eu,false,""
2024-12-29T00:00:00.000000,Poland,Poland,PL,649.54,721.76,13.09,11.97,entsoe.eu,false,""
2024-12-29T01:00:00.000000,Poland,Poland,PL,642.64,713.74,14.48,13.32,entsoe.eu,false,""
2024-12-29T02:00:00.000000,Poland,Poland,PL,623.2,694.39,16.72,15.47,entsoe.eu,false,""
2024-12-29T03:00:00.000000,Poland,Poland,PL,610.16,681.09,18.32,16.97,entsoe.eu,false,""
2024-12-29T04:00:00.000000,Poland,Poland,PL,596.23,666.37,20.34,18.94,entsoe.eu,false,""
2024-12-29T05:00:00.000000,Poland,Poland,PL,594.01,663.54,20.78,19.47,entsoe.eu,false,""
2024-12-29T06:00:00.000000,Poland,Poland,PL,584.67,653.41,22.05,20.8,entsoe.eu,false,""
2024-12-29T07:00:00.000000,Poland,Poland,PL,566.3,633.19,24.54,23.42,entsoe.eu,false,""
2024-12-29T08:00:00.000000,Poland,Poland,PL,536.92,601.81,28.32,27.37,entsoe.eu,false,""
2024-12-29T09:00:00.000000,Poland,Poland,PL,499.36,562.35,33.2,32.33,entsoe.eu,false,""
2024-12-29T10:00:00.000000,Poland,Poland,PL,484.68,547.67,34.73,33.88,entsoe.eu,false,""
2024-12-29T11:00:00.000000,Poland,Poland,PL,505.02,568.6,32.36,31.57,entsoe.eu,false,""
2024-12-29T12:00:00.000000,Poland,Poland,PL,534.41,599.3,28.89,28.11,entsoe.eu,false,""
2024-12-29T13:00:00.000000,Poland,Poland,PL,568.23,634.8,24.41,23.55,entsoe.eu,false,""
2024-12-29T14:00:00.000000,Poland,Poland,PL,587.3,654.55,21.62,20.7,entsoe.eu,false,""
2024-12-29T15:00:00.000000,Poland,Poland,PL,577.14,643.24,22.75,21.83,entsoe.eu,false,""
2024-12-29T16:00:00.000000,Poland,Poland,PL,567.19,632.1,23.9,23.13,entsoe.eu,false,""
2024-12-29T17:00:00.000000,Poland,Poland,PL,575.47,640.24,23.31,22.62,entsoe.eu,false,""
2024-12-29T18:00:00.000000,Poland,Poland,PL,572.05,636.17,24.49,23.82,entsoe.eu,false,""
2024-12-29T19:00:00.000000,Poland,Poland,PL,566.39,630.0,25.57,24.85,entsoe.eu,false,""
2024-12-29T20:00:00.000000,Poland,Poland,PL,553.8,616.95,26.8,26.12,entsoe.eu,false,""
2024-12-29T21:00:00.000000,Poland,Poland,PL,542.77,605.5,27.89,27.26,entsoe.eu,false,""
2024-12-29T22:00:00.000000,Poland,Poland,PL,514.27,575.83,31.26,30.57,entsoe.eu,false,""
2024-12-29T23:00:00.000000,Poland,Poland,PL,490.79,551.34,33.98,33.35,entsoe.eu,false,""
2024-12-30T00:00:00.000000,Poland,Poland,PL,482.25,542.38,34.99,34.73,entsoe.eu,false,""
2024-12-30T01:00:00.000000,Poland,Poland,PL,476.72,536.54,35.44,35.15,entsoe.eu,false,""
2024-12-30T02:00:00.000000,Poland,Poland,PL,474.87,534.16,35.66,35.37,entsoe.eu,false,""
2024-12-30T03:00:00.000000,Poland,Poland,PL,468.36,526.81,36.82,36.6,entsoe.eu,false,""
2024-12-30T04:00:00.000000,Poland,Poland,PL,457.74,515.37,38.26,38.07,entsoe.eu,false,""
2024-12-30T05:00:00.000000,Poland,Poland,PL,456.75,513.53,39.04,38.51,entsoe.eu,false,""
2024-12-30T06:00:00.000000,Poland,Poland,PL,469.26,525.81,37.9,37.36,entsoe.eu,false,""
2024-12-30T07:00:00.000000,Poland,Poland,PL,461.67,517.18,38.89,38.36,entsoe.eu,false,""
2024-12-30T08:00:00.000000,Poland,Poland,PL,455.91,510.53,39.89,39.37,entsoe.eu,false,""
2024-12-30T09:00:00.000000,Poland,Poland,PL,436.27,489.57,42.57,42.02,entsoe.eu,false,""
2024-12-30T10:00:00.000000,Poland,Poland,PL,422.14,475.61,44.31,43.79,entsoe.eu,false,""
2024-12-30T11:00:00.000000,Poland,Poland,PL,417.14,470.79,44.59,44.07,entsoe.eu,false,""
2024-12-30T12:00:00.000000,Poland,Poland,PL,434.48,489.05,42.46,42.08,entsoe.eu,false,""
2024-12-30T13:00:00.000000,Poland,Poland,PL,461.61,516.76,39.21,38.62,entsoe.eu,false,""
2024-12-30T14:00:00.000000,Poland,Poland,PL,479.27,534.94,37.11,36.49,entsoe.eu,false,""
2024-12-30T15:00:00.000000,Poland,Poland,PL,483.82,539.1,36.71,36.1,entsoe.eu,false,""
2024-12-30T16:00:00.000000,Poland,Poland,PL,486.25,541.51,36.49,35.9,entsoe.eu,false,""
2024-12-30T17:00:00.000000,Poland,Poland,PL,492.26,548.26,35.45,34.95,entsoe.eu,false,""
2024-12-30T18:00:00.000000,Poland,Poland,PL,487.97,544.01,36.0,35.52,entsoe.eu,false,""
2024-12-30T19:00:00.000000,Poland,Poland,PL,473.71,530.04,37.44,37.04,entsoe.eu,false,""
2024-12-30T20:00:00.000000,Poland,Poland,PL,457.48,512.32,39.4,39.01,entsoe.eu,false,""
2024-12-30T21:00:00.000000,Poland,Poland,PL,444.97,499.26,40.77,40.5,entsoe.eu,false,""
2024-12-30T22:00:00.000000,Poland,Poland,PL,428.5,483.48,42.21,42.17,entsoe.eu,false,""
2024-12-30T23:00:00.000000,Poland,Poland,PL,433.16,489.92,41.36,41.31,entsoe.eu,false,""
2024-12-31T00:00:00.000000,Poland,Poland,PL,454.29,513.25,38.18,38.13,entsoe.eu,false,""
2024-12-31T01:00:00.000000,Poland,Poland,PL,452.19,510.24,38.84,38.78,entsoe.eu,false,""
2024-12-31T02:00:00.000000,Poland,Poland,PL,446.76,504.48,39.5,39.24,entsoe.eu,false,""
2024-12-31T03:00:00.000000,Poland,Poland,PL,447.18,504.94,39.51,38.86,entsoe.eu,false,""
2024-12-31T04:00:00.000000,Poland,Poland,PL,416.77,472.45,43.43,42.8,entsoe.eu,false,""
2024-12-31T05:00:00.000000,Poland,Poland,PL,416.8,472.55,43.55,42.75,entsoe.eu,false,""
2024-12-31T06:00:00.000000,Poland,Poland,PL,442.92,499.5,40.38,39.69,entsoe.eu,false,""
2024-12-31T07:00:00.000000,Poland,Poland,PL,446.41,503.08,39.99,39.22,entsoe.eu,false,""
2024-12-31T08:00:00.000000,Poland,Poland,PL,428.28,484.28,42.42,41.68,entsoe.eu,false,""
2024-12-31T09:00:00.000000,Poland,Poland,PL,396.58,450.9,46.88,46.12,entsoe.eu,false,""
2024-12-31T10:00:00.000000,Poland,Poland,PL,384.73,439.14,48.31,47.55,entsoe.eu,false,""
2024-12-31T11:00:00.000000,Poland,Poland,PL,400.48,455.98,46.31,45.54,entsoe.eu,false,""
2024-12-31T12:00:00.000000,Poland,Poland,PL,433.21,490.85,42.22,41.47,entsoe.eu,false,""
2024-12-31T13:00:00.000000,Poland,Poland,PL,493.91,555.17,34.11,33.37,entsoe.eu,false,""
2024-12-31T14:00:00.000000,Poland,Poland,PL,522.86,584.57,30.3,29.51,entsoe.eu,false,""
2024-12-31T15:00:00.000000,Poland,Poland,PL,512.12,571.43,31.5,30.79,entsoe.eu,false,""
2024-12-31T16:00:00.000000,Poland,Poland,PL,483.28,540.26,35.57,34.87,entsoe.eu,false,""
2024-12-31T17:00:00.000000,Poland,Poland,PL,475.73,531.48,36.91,36.29,entsoe.eu,false,""
2024-12-31T18:00:00.000000,Poland,Poland,PL,447.46,503.24,40.39,39.81,entsoe.eu,false,""
2024-12-31T19:00:00.000000,Poland,Poland,PL,426.95,482.01,42.6,42.13,entsoe.eu,false,""
2024-12-31T20:00:00.000000,Poland,Poland,PL,413.94,468.88,43.65,43.49,entsoe.eu,false,""
2024-12-31T21:00:00.000000,Poland,Poland,PL,406.7,461.18,44.62,44.46,entsoe.eu,false,""
2024-12-31T22:00:00.000000,Poland,Poland,PL,399.48,453.48,45.62,45.41,entsoe.eu,false,""
2024-12-31T23:00:00.000000,Poland,Poland,PL,403.17,457.82,44.94,44.81,entsoe.eu,false,""
