Datetime (UTC),Country,Zone name,Zone id,Carbon intensity gCO₂eq/kWh (direct),Carbon intensity gCO₂eq/kWh (Life cycle),Carbon-free energy percentage (CFE%),Renewable energy percentage (RE%),Data source,Data estimated,Data estimation method
2024-01-01T00:00:00.000000,Spain,Spain,ES,97.63,133.19,79.6,43.25,entsoe.eu,false,""
2024-01-01T01:00:00.000000,Spain,Spain,ES,98.56,134.49,79.36,42.35,entsoe.eu,false,""
2024-01-01T02:00:00.000000,Spain,Spain,ES,104.42,141.79,78.05,40.08,entsoe.eu,false,""
2024-01-01T03:00:00.000000,Spain,Spain,ES,104.81,142.17,78.06,39.41,entsoe.eu,false,""
2024-01-01T04:00:00.000000,Spain,Spain,ES,108.22,146.74,77.08,38.3,entsoe.eu,false,""
2024-01-01T05:00:00.000000,Spain,Spain,ES,108.86,147.34,77.05,38.29,entsoe.eu,false,""
2024-01-01T06:00:00.000000,Spain,Spain,ES,104.56,142.05,77.96,39.82,entsoe.eu,false,""
2024-01-01T07:00:00.000000,Spain,Spain,ES,102.42,139.24,78.48,40.8,entsoe.eu,false,""
2024-01-01T08:00:00.000000,Spain,Spain,ES,102.34,139.92,78.2,42.48,entsoe.eu,false,""
2024-01-01T09:00:00.000000,Spain,Spain,ES,81.93,115.78,82.95,49.26,entsoe.eu,false,""
2024-01-01T10:00:00.000000,Spain,Spain,ES,64.83,95.95,86.88,56.65,entsoe.eu,false,""
2024-01-01T11:00:00.000000,Spain,Spain,ES,57.33,87.32,88.56,61.06,entsoe.eu,false,""
2024-01-01T12:00:00.000000,Spain,Spain,ES,53.52,83.02,89.34,62.7,entsoe.eu,false,""
2024-01-01T13:00:00.000000,Spain,Spain,ES,55.78,86.0,88.77,64.57,entsoe.eu,false,""
2024-01-01T14:00:00.000000,Spain,Spain,ES,55.16,85.44,88.88,66.22,entsoe.eu,false,""
2024-01-01T15:00:00.000000,Spain,Spain,ES,57.48,87.5,88.42,63.27,entsoe.eu,false,""
2024-01-01T16:00:00.000000,Spain,Spain,ES,75.45,107.7,84.19,52.5,entsoe.eu,false,""
2024-01-01T17:00:00.000000,Spain,Spain,ES,75.72,105.79,84.36,50.45,entsoe.eu,false,""
2024-01-01T18:00:00.000000,Spain,Spain,ES,67.5,94.69,86.39,53.94,entsoe.eu,false,""
2024-01-01T19:00:00.000000,Spain,Spain,ES,64.11,90.3,87.17,55.53,entsoe.eu,false,""
2024-01-01T20:00:00.000000,Spain,Spain,ES,67.09,93.93,86.45,54.9,entsoe.eu,false,""
2024-01-01T21:00:00.000000,Spain,Spain,ES,65.27,91.8,86.96,54.32,entsoe.eu,false,""
2024-01-01T22:00:00.000000,Spain,Spain,ES,69.63,97.73,86.01,52.42,entsoe.eu,false,""
2024-01-01T23:00:00.000000,Spain,Spain,ES,73.36,103.09,85.06,51.56,entsoe.eu,false,""
2024-01-02T00:00:00.000000,Spain,Spain,ES,74.55,104.65,84.7,51.52,entsoe.eu,false,""
2024-01-02T01:00:00.000000,Spain,Spain,ES,77.73,108.97,83.8,50.76,entsoe.eu,false,""
2024-01-02T02:00:00.000000,Spain,Spain,ES,74.94,105.57,84.5,51.18,entsoe.eu,false,""
2024-01-02T03:00:00.000000,Spain,Spain,ES,74.78,105.35,84.55,50.64,entsoe.eu,false,""
2024-01-02T04:00:00.000000,Spain,Spain,ES,78.72,110.26,83.63,49.84,entsoe.eu,false,""
2024-01-02T05:00:00.000000,Spain,Spain,ES,77.35,108.4,84.01,50.98,entsoe.eu,false,""
2024-01-02T06:00:00.000000,Spain,Spain,ES,76.56,107.37,84.15,52.61,entsoe.eu,false,""
2024-01-02T07:00:00.000000,Spain,Spain,ES,69.87,98.76,85.83,55.7,entsoe.eu,false,""
2024-01-02T08:00:00.000000,Spain,Spain,ES,61.96,88.84,87.81,60.46,entsoe.eu,false,""
2024-01-02T09:00:00.000000,Spain,Spain,ES,49.81,75.31,90.62,66.12,entsoe.eu,false,""
2024-01-02T10:00:00.000000,Spain,Spain,ES,48.0,74.09,91.0,68.43,entsoe.eu,false,""
2024-01-02T11:00:00.000000,Spain,Spain,ES,49.28,76.09,90.58,68.3,entsoe.eu,false,""
2024-01-02T12:00:00.000000,Spain,Spain,ES,47.41,73.45,91.15,68.99,entsoe.eu,false,""
2024-01-02T13:00:00.000000,Spain,Spain,ES,47.47,73.61,90.98,69.5,entsoe.eu,false,""
2024-01-02T14:00:00.000000,Spain,Spain,ES,44.81,70.24,91.66,70.96,entsoe.eu,false,""
2024-01-02T15:00:00.000000,Spain,Spain,ES,48.0,73.36,90.93,68.08,entsoe.eu,false,""
2024-01-02T16:00:00.000000,Spain,Spain,ES,61.65,88.74,87.81,64.83,entsoe.eu,false,""
2024-01-02T17:00:00.000000,Spain,Spain,ES,66.68,94.12,86.57,63.74,entsoe.eu,false,""
2024-01-02T18:00:00.000000,Spain,Spain,ES,63.83,90.39,87.28,64.77,entsoe.eu,false,""
2024-01-02T19:00:00.000000,Spain,Spain,ES,58.98,84.47,88.35,63.59,entsoe.eu,false,""
2024-01-02T20:00:00.000000,Spain,Spain,ES,59.34,85.05,88.14,63.23,entsoe.eu,false,""
2024-01-02T21:00:00.000000,Spain,Spain,ES,56.7,82.11,88.81,63.17,entsoe.eu,false,""
2024-01-02T22:00:00.000000,Spain,Spain,ES,54.0,78.83,89.51,62.35,entsoe.eu,false,""
2024-01-02T23:00:00.000000,Spain,Spain,ES,54.93,79.91,89.34,61.17,entsoe.eu,false,""
2024-01-03T00:00:00.000000,Spain,Spain,ES,54.01,78.88,89.58,60.66,entsoe.eu,false,""
2024-01-03T01:00:00.000000,Spain,Spain,ES,54.78,79.88,89.46,60.39,entsoe.eu,false,""
2024-01-03T02:00:00.000000,Spain,Spain,ES,54.53,79.47,89.54,59.55,entsoe.eu,false,""
2024-01-03T03:00:00.000000,Spain,Spain,ES,55.2,80.26,89.45,59.52,entsoe.eu,false,""
2024-01-03T04:00:00.000000,Spain,Spain,ES,55.34,80.32,89.43,58.94,entsoe.eu,false,""
2024-01-03T05:00:00.000000,Spain,Spain,ES,59.18,84.89,88.64,59.06,entsoe.eu,false,""
2024-01-03T06:00:00.000000,Spain,Spain,ES,61.23,87.57,88.12,59.2,entsoe.eu,false,""
2024-01-03T07:00:00.000000,Spain,Spain,ES,56.75,81.96,89.16,60.43,entsoe.eu,false,""
2024-01-03T08:00:00.000000,Spain,Spain,ES,57.09,82.28,89.11,61.79,entsoe.eu,false,""
2024-01-03T09:00:00.000000,Spain,Spain,ES,51.9,76.38,90.35,63.69,entsoe.eu,false,""
2024-01-03T10:00:00.000000,Spain,Spain,ES,49.61,74.02,91.19,65.07,entsoe.eu,false,""
2024-01-03T11:00:00.000000,Spain,Spain,ES,49.1,74.05,91.41,65.6,entsoe.eu,false,""
2024-01-03T12:00:00.000000,Spain,Spain,ES,50.43,76.16,90.94,65.68,entsoe.eu,false,""
2024-01-03T13:00:00.000000,Spain,Spain,ES,55.18,81.72,89.77,64.9,entsoe.eu,false,""
2024-01-03T14:00:00.000000,Spain,Spain,ES,62.16,90.19,88.03,62.79,entsoe.eu,false,""
2024-01-03T15:00:00.000000,Spain,Spain,ES,75.56,106.52,84.7,57.61,entsoe.eu,false,""
2024-01-03T16:00:00.000000,Spain,Spain,ES,92.52,126.95,80.55,52.5,entsoe.eu,false,""
2024-01-03T17:00:00.000000,Spain,Spain,ES,99.32,134.65,78.99,51.13,entsoe.eu,false,""
2024-01-03T18:00:00.000000,Spain,Spain,ES,98.73,133.94,79.03,51.6,entsoe.eu,false,""
2024-01-03T19:00:00.000000,Spain,Spain,ES,94.77,129.09,79.87,52.59,entsoe.eu,false,""
2024-01-03T20:00:00.000000,Spain,Spain,ES,93.62,128.02,80.05,52.98,entsoe.eu,false,""
2024-01-03T21:00:00.000000,Spain,Spain,ES,90.07,124.03,80.86,53.13,entsoe.eu,false,""
2024-01-03T22:00:00.000000,Spain,Spain,ES,86.82,119.82,81.88,52.21,entsoe.eu,false,""
2024-01-03T23:00:00.000000,Spain,Spain,ES,84.98,117.33,82.72,50.85,entsoe.eu,false,""
2024-01-04T00:00:00.000000,Spain,Spain,ES,84.07,115.83,83.4,49.75,entsoe.eu,false,""
2024-01-04T01:00:00.000000,Spain,Spain,ES,84.35,116.02,83.57,48.69,entsoe.eu,false,""
2024-01-04T02:00:00.000000,Spain,Spain,ES,85.97,117.63,83.38,47.88,entsoe.eu,false,""
2024-01-04T03:00:00.000000,Spain,Spain,ES,83.77,115.07,83.73,46.74,entsoe.eu,false,""
2024-01-04T04:00:00.000000,Spain,Spain,ES,86.26,118.08,83.23,46.68,entsoe.eu,false,""
2024-01-04T05:00:00.000000,Spain,Spain,ES,87.95,120.25,82.76,46.88,entsoe.eu,false,""
2024-01-04T06:00:00.000000,Spain,Spain,ES,84.03,115.82,83.2,49.07,entsoe.eu,false,""
2024-01-04T07:00:00.000000,Spain,Spain,ES,82.15,113.51,83.18,51.94,entsoe.eu,false,""
2024-01-04T08:00:00.000000,Spain,Spain,ES,86.26,118.89,82.07,52.74,entsoe.eu,false,""
2024-01-04T09:00:00.000000,Spain,Spain,ES,86.47,119.34,82.28,53.0,entsoe.eu,false,""
2024-01-04T10:00:00.000000,Spain,Spain,ES,86.85,119.74,82.5,53.49,entsoe.eu,false,""
2024-01-04T11:00:00.000000,Spain,Spain,ES,83.96,116.38,83.42,54.39,entsoe.eu,false,""
2024-01-04T12:00:00.000000,Spain,Spain,ES,86.09,119.51,82.64,53.53,entsoe.eu,false,""
2024-01-04T13:00:00.000000,Spain,Spain,ES,87.83,121.71,82.06,53.39,entsoe.eu,false,""
2024-01-04T14:00:00.000000,Spain,Spain,ES,92.5,127.45,80.98,53.24,entsoe.eu,false,""
2024-01-04T15:00:00.000000,Spain,Spain,ES,98.53,134.73,79.48,51.07,entsoe.eu,false,""
2024-01-04T16:00:00.000000,Spain,Spain,ES,103.04,139.89,78.25,48.08,entsoe.eu,false,""
2024-01-04T17:00:00.000000,Spain,Spain,ES,112.09,150.68,75.99,45.77,entsoe.eu,false,""
2024-01-04T18:00:00.000000,Spain,Spain,ES,108.47,146.26,76.61,47.4,entsoe.eu,false,""
2024-01-04T19:00:00.000000,Spain,Spain,ES,110.67,149.17,76.0,47.03,entsoe.eu,false,""
2024-01-04T20:00:00.000000,Spain,Spain,ES,111.93,151.21,75.66,46.82,entsoe.eu,false,""
2024-01-04T21:00:00.000000,Spain,Spain,ES,107.31,145.7,76.95,46.25,entsoe.eu,false,""
2024-01-04T22:00:00.000000,Spain,Spain,ES,103.44,140.73,78.18,45.02,entsoe.eu,false,""
2024-01-04T23:00:00.000000,Spain,Spain,ES,105.4,142.49,78.34,43.53,entsoe.eu,false,""
2024-01-05T00:00:00.000000,Spain,Spain,ES,93.92,128.43,81.07,46.87,entsoe.eu,false,""
2024-01-05T01:00:00.000000,Spain,Spain,ES,96.53,131.67,80.51,47.49,entsoe.eu,false,""
2024-01-05T02:00:00.000000,Spain,Spain,ES,100.12,136.34,79.57,46.36,entsoe.eu,false,""
2024-01-05T03:00:00.000000,Spain,Spain,ES,92.58,126.6,81.45,47.92,entsoe.eu,false,""
2024-01-05T04:00:00.000000,Spain,Spain,ES,92.1,126.4,81.37,50.84,entsoe.eu,false,""
2024-01-05T05:00:00.000000,Spain,Spain,ES,88.63,121.71,82.3,53.63,entsoe.eu,false,""
2024-01-05T06:00:00.000000,Spain,Spain,ES,80.1,111.91,83.81,57.82,entsoe.eu,false,""
2024-01-05T07:00:00.000000,Spain,Spain,ES,70.91,100.55,85.74,61.09,entsoe.eu,false,""
2024-01-05T08:00:00.000000,Spain,Spain,ES,66.51,95.41,86.78,63.78,entsoe.eu,false,""
2024-01-05T09:00:00.000000,Spain,Spain,ES,56.5,84.2,89.41,67.83,entsoe.eu,false,""
2024-01-05T10:00:00.000000,Spain,Spain,ES,49.96,76.8,91.01,70.95,entsoe.eu,false,""
2024-01-05T11:00:00.000000,Spain,Spain,ES,46.91,72.9,91.81,72.58,entsoe.eu,false,""
2024-01-05T12:00:00.000000,Spain,Spain,ES,42.88,67.87,92.6,73.9,entsoe.eu,false,""
2024-01-05T13:00:00.000000,Spain,Spain,ES,43.32,68.36,92.47,74.31,entsoe.eu,false,""
2024-01-05T14:00:00.000000,Spain,Spain,ES,41.49,66.24,92.66,74.32,entsoe.eu,false,""
2024-01-05T15:00:00.000000,Spain,Spain,ES,44.5,69.76,91.78,72.85,entsoe.eu,false,""
2024-01-05T16:00:00.000000,Spain,Spain,ES,53.87,80.42,89.48,68.92,entsoe.eu,false,""
2024-01-05T17:00:00.000000,Spain,Spain,ES,62.79,89.98,87.34,65.69,entsoe.eu,false,""
2024-01-05T18:00:00.000000,Spain,Spain,ES,63.28,90.39,87.19,65.08,entsoe.eu,false,""
2024-01-05T19:00:00.000000,Spain,Spain,ES,66.59,94.19,86.4,64.28,entsoe.eu,false,""
2024-01-05T20:00:00.000000,Spain,Spain,ES,70.97,99.81,85.32,63.24,entsoe.eu,false,""
2024-01-05T21:00:00.000000,Spain,Spain,ES,66.86,94.87,86.36,63.62,entsoe.eu,false,""
2024-01-05T22:00:00.000000,Spain,Spain,ES,68.76,97.44,86.07,62.68,entsoe.eu,false,""
2024-01-05T23:00:00.000000,Spain,Spain,ES,69.19,97.62,86.3,62.52,entsoe.eu,false,""
2024-01-06T00:00:00.000000,Spain,Spain,ES,70.01,98.66,86.28,62.44,entsoe.eu,false,""
2024-01-06T01:00:00.000000,Spain,Spain,ES,67.48,95.55,86.87,62.44,entsoe.eu,false,""
2024-01-06T02:00:00.000000,Spain,Spain,ES,68.32,96.65,86.68,61.91,entsoe.eu,false,""
2024-01-06T03:00:00.000000,Spain,Spain,ES,68.6,96.89,86.57,61.66,entsoe.eu,false,""
2024-01-06T04:00:00.000000,Spain,Spain,ES,69.9,98.23,86.4,61.25,entsoe.eu,false,""
2024-01-06T05:00:00.000000,Spain,Spain,ES,69.78,98.18,86.35,60.95,entsoe.eu,false,""
2024-01-06T06:00:00.000000,Spain,Spain,ES,72.14,101.17,85.79,60.07,entsoe.eu,false,""
2024-01-06T07:00:00.000000,Spain,Spain,ES,72.86,102.25,85.59,59.53,entsoe.eu,false,""
2024-01-06T08:00:00.000000,Spain,Spain,ES,64.88,93.73,87.02,62.57,entsoe.eu,false,""
2024-01-06T09:00:00.000000,Spain,Spain,ES,44.48,70.72,91.57,69.94,entsoe.eu,false,""
2024-01-06T10:00:00.000000,Spain,Spain,ES,36.75,61.86,93.32,73.35,entsoe.eu,false,""
2024-01-06T11:00:00.000000,Spain,Spain,ES,37.17,62.54,93.17,73.58,entsoe.eu,false,""
2024-01-06T12:00:00.000000,Spain,Spain,ES,37.95,63.54,92.99,73.35,entsoe.eu,false,""
2024-01-06T13:00:00.000000,Spain,Spain,ES,39.37,65.19,92.68,72.74,entsoe.eu,false,""
2024-01-06T14:00:00.000000,Spain,Spain,ES,39.36,65.03,92.69,72.61,entsoe.eu,false,""
2024-01-06T15:00:00.000000,Spain,Spain,ES,45.23,71.52,91.34,70.62,entsoe.eu,false,""
2024-01-06T16:00:00.000000,Spain,Spain,ES,66.95,96.72,86.45,63.34,entsoe.eu,false,""
2024-01-06T17:00:00.000000,Spain,Spain,ES,83.02,114.54,82.9,58.85,entsoe.eu,false,""
2024-01-06T18:00:00.000000,Spain,Spain,ES,86.26,118.86,81.93,58.1,entsoe.eu,false,""
2024-01-06T19:00:00.000000,Spain,Spain,ES,81.3,112.64,83.1,59.37,entsoe.eu,false,""
2024-01-06T20:00:00.000000,Spain,Spain,ES,75.66,105.55,84.53,60.31,entsoe.eu,false,""
2024-01-06T21:00:00.000000,Spain,Spain,ES,76.37,106.25,84.54,60.1,entsoe.eu,false,""
2024-01-06T22:00:00.000000,Spain,Spain,ES,75.03,104.72,84.73,60.24,entsoe.eu,false,""
2024-01-06T23:00:00.000000,Spain,Spain,ES,79.17,109.68,84.39,58.46,entsoe.eu,false,""
2024-01-07T00:00:00.000000,Spain,Spain,ES,84.17,116.02,83.52,56.9,entsoe.eu,false,""
2024-01-07T01:00:00.000000,Spain,Spain,ES,82.89,114.61,83.78,56.52,entsoe.eu,false,""
2024-01-07T02:00:00.000000,Spain,Spain,ES,84.29,115.74,83.71,56.19,entsoe.eu,false,""
2024-01-07T03:00:00.000000,Spain,Spain,ES,86.12,118.19,83.14,55.79,entsoe.eu,false,""
2024-01-07T04:00:00.000000,Spain,Spain,ES,85.95,117.9,83.23,55.86,entsoe.eu,false,""
2024-01-07T05:00:00.000000,Spain,Spain,ES,84.6,116.49,83.51,56.02,entsoe.eu,false,""
2024-01-07T06:00:00.000000,Spain,Spain,ES,83.13,115.0,83.63,56.45,entsoe.eu,false,""
2024-01-07T07:00:00.000000,Spain,Spain,ES,83.65,115.97,83.34,56.18,entsoe.eu,false,""
2024-01-07T08:00:00.000000,Spain,Spain,ES,80.36,113.53,83.58,58.08,entsoe.eu,false,""
2024-01-07T09:00:00.000000,Spain,Spain,ES,55.16,84.42,89.26,66.7,entsoe.eu,false,""
2024-01-07T10:00:00.000000,Spain,Spain,ES,44.69,72.25,91.71,70.51,entsoe.eu,false,""
2024-01-07T11:00:00.000000,Spain,Spain,ES,41.75,68.99,92.31,71.67,entsoe.eu,false,""
2024-01-07T12:00:00.000000,Spain,Spain,ES,41.18,68.21,92.34,72.37,entsoe.eu,false,""
2024-01-07T13:00:00.000000,Spain,Spain,ES,40.72,67.67,92.43,72.85,entsoe.eu,false,""
2024-01-07T14:00:00.000000,Spain,Spain,ES,43.02,70.37,92.02,72.39,entsoe.eu,false,""
2024-01-07T15:00:00.000000,Spain,Spain,ES,54.49,83.98,89.38,69.4,entsoe.eu,false,""
2024-01-07T16:00:00.000000,Spain,Spain,ES,76.65,109.49,84.44,62.76,entsoe.eu,false,""
2024-01-07T17:00:00.000000,Spain,Spain,ES,85.2,118.28,82.32,58.73,entsoe.eu,false,""
2024-01-07T18:00:00.000000,Spain,Spain,ES,84.37,116.81,82.47,58.97,entsoe.eu,false,""
2024-01-07T19:00:00.000000,Spain,Spain,ES,81.1,112.9,83.14,58.61,entsoe.eu,false,""
2024-01-07T20:00:00.000000,Spain,Spain,ES,72.96,102.74,85.01,58.46,entsoe.eu,false,""
2024-01-07T21:00:00.000000,Spain,Spain,ES,72.43,102.15,85.32,57.85,entsoe.eu,false,""
2024-01-07T22:00:00.000000,Spain,Spain,ES,79.47,110.9,83.82,57.21,entsoe.eu,false,""
2024-01-07T23:00:00.000000,Spain,Spain,ES,86.78,120.12,82.33,55.6,entsoe.eu,false,""
2024-01-08T00:00:00.000000,Spain,Spain,ES,91.23,125.09,81.78,55.18,entsoe.eu,false,""
2024-01-08T01:00:00.000000,Spain,Spain,ES,90.63,124.87,81.64,55.18,entsoe.eu,false,""
2024-01-08T02:00:00.000000,Spain,Spain,ES,89.53,123.14,82.16,55.32,entsoe.eu,false,""
2024-01-08T03:00:00.000000,Spain,Spain,ES,93.79,128.9,80.91,54.24,entsoe.eu,false,""
2024-01-08T04:00:00.000000,Spain,Spain,ES,98.44,134.37,79.91,53.25,entsoe.eu,false,""
2024-01-08T05:00:00.000000,Spain,Spain,ES,101.43,138.4,78.96,53.88,entsoe.eu,false,""
2024-01-08T06:00:00.000000,Spain,Spain,ES,109.83,149.16,76.28,53.12,entsoe.eu,false,""
2024-01-08T07:00:00.000000,Spain,Spain,ES,122.43,164.6,73.14,51.15,entsoe.eu,false,""
2024-01-08T08:00:00.000000,Spain,Spain,ES,116.22,157.79,74.5,53.51,entsoe.eu,false,""
2024-01-08T09:00:00.000000,Spain,Spain,ES,96.94,135.83,78.88,59.42,entsoe.eu,false,""
2024-01-08T10:00:00.000000,Spain,Spain,ES,87.66,124.91,81.08,62.08,entsoe.eu,false,""
2024-01-08T11:00:00.000000,Spain,Spain,ES,87.95,125.59,80.99,62.07,entsoe.eu,false,""
2024-01-08T12:00:00.000000,Spain,Spain,ES,85.63,122.72,81.65,62.48,entsoe.eu,false,""
2024-01-08T13:00:00.000000,Spain,Spain,ES,90.55,128.87,80.66,61.44,entsoe.eu,false,""
2024-01-08T14:00:00.000000,Spain,Spain,ES,102.82,142.67,78.43,58.92,entsoe.eu,false,""
2024-01-08T15:00:00.000000,Spain,Spain,ES,126.96,171.65,72.92,52.81,entsoe.eu,false,""
2024-01-08T16:00:00.000000,Spain,Spain,ES,157.63,207.51,66.23,44.89,entsoe.eu,false,""
2024-01-08T17:00:00.000000,Spain,Spain,ES,168.74,220.53,63.73,41.41,entsoe.eu,false,""
2024-01-08T18:00:00.000000,Spain,Spain,ES,165.17,215.7,64.62,41.79,entsoe.eu,false,""
2024-01-08T19:00:00.000000,Spain,Spain,ES,164.88,215.15,64.71,41.44,entsoe.eu,false,""
2024-01-08T20:00:00.000000,Spain,Spain,ES,168.73,220.1,63.73,40.12,entsoe.eu,false,""
2024-01-08T21:00:00.000000,Spain,Spain,ES,172.35,225.21,62.82,37.44,entsoe.eu,false,""
2024-01-08T22:00:00.000000,Spain,Spain,ES,167.87,219.81,64.06,37.09,entsoe.eu,false,""
2024-01-08T23:00:00.000000,Spain,Spain,ES,167.2,219.47,64.33,34.75,entsoe.eu,false,""
2024-01-09T00:00:00.000000,Spain,Spain,ES,170.95,223.72,63.93,33.01,entsoe.eu,false,""
2024-01-09T01:00:00.000000,Spain,Spain,ES,173.97,227.34,63.5,31.42,entsoe.eu,false,""
2024-01-09T02:00:00.000000,Spain,Spain,ES,178.19,232.15,62.78,29.6,entsoe.eu,false,""
2024-01-09T03:00:00.000000,Spain,Spain,ES,181.04,235.63,62.2,28.33,entsoe.eu,false,""
2024-01-09T04:00:00.000000,Spain,Spain,ES,182.04,237.38,61.66,27.9,entsoe.eu,false,""
2024-01-09T05:00:00.000000,Spain,Spain,ES,191.25,250.1,58.72,28.54,entsoe.eu,false,""
2024-01-09T06:00:00.000000,Spain,Spain,ES,209.58,273.47,53.46,29.12,entsoe.eu,false,""
2024-01-09T07:00:00.000000,Spain,Spain,ES,213.95,277.76,52.61,30.66,entsoe.eu,false,""
2024-01-09T08:00:00.000000,Spain,Spain,ES,211.29,274.41,53.4,31.59,entsoe.eu,false,""
2024-01-09T09:00:00.000000,Spain,Spain,ES,192.19,251.43,58.05,36.84,entsoe.eu,false,""
2024-01-09T10:00:00.000000,Spain,Spain,ES,182.35,241.13,59.7,39.16,entsoe.eu,false,""
2024-01-09T11:00:00.000000,Spain,Spain,ES,181.19,240.12,59.78,39.19,entsoe.eu,false,""
2024-01-09T12:00:00.000000,Spain,Spain,ES,181.21,240.13,59.79,38.19,entsoe.eu,false,""
2024-01-09T13:00:00.000000,Spain,Spain,ES,187.06,247.16,58.35,37.63,entsoe.eu,false,""
2024-01-09T14:00:00.000000,Spain,Spain,ES,200.4,263.22,55.31,35.02,entsoe.eu,false,""
2024-01-09T15:00:00.000000,Spain,Spain,ES,213.32,277.96,52.74,31.85,entsoe.eu,false,""
2024-01-09T16:00:00.000000,Spain,Spain,ES,221.92,287.29,51.18,29.7,entsoe.eu,false,""
2024-01-09T17:00:00.000000,Spain,Spain,ES,222.75,287.7,50.99,29.81,entsoe.eu,false,""
2024-01-09T18:00:00.000000,Spain,Spain,ES,223.2,288.32,50.75,29.77,entsoe.eu,false,""
2024-01-09T19:00:00.000000,Spain,Spain,ES,215.44,278.82,52.47,29.89,entsoe.eu,false,""
2024-01-09T20:00:00.000000,Spain,Spain,ES,212.5,275.69,52.95,29.27,entsoe.eu,false,""
2024-01-09T21:00:00.000000,Spain,Spain,ES,213.37,277.39,52.72,28.88,entsoe.eu,false,""
2024-01-09T22:00:00.000000,Spain,Spain,ES,207.83,271.05,54.12,29.89,entsoe.eu,false,""
2024-01-09T23:00:00.000000,Spain,Spain,ES,187.28,244.43,59.78,31.81,entsoe.eu,false,""
2024-01-10T00:00:00.000000,Spain,Spain,ES,179.93,234.54,62.29,32.86,entsoe.eu,false,""
2024-01-10T01:00:00.000000,Spain,Spain,ES,183.0,238.3,61.87,32.31,entsoe.eu,false,""
2024-01-10T02:00:00.000000,Spain,Spain,ES,179.08,233.69,62.63,32.81,entsoe.eu,false,""
2024-01-10T03:00:00.000000,Spain,Spain,ES,173.75,226.41,64.16,33.74,entsoe.eu,false,""
2024-01-10T04:00:00.000000,Spain,Spain,ES,182.25,238.27,61.55,33.13,entsoe.eu,false,""
2024-01-10T05:00:00.000000,Spain,Spain,ES,188.06,246.65,59.27,33.74,entsoe.eu,false,""
2024-01-10T06:00:00.000000,Spain,Spain,ES,190.7,249.69,58.14,35.21,entsoe.eu,false,""
2024-01-10T07:00:00.000000,Spain,Spain,ES,190.5,249.36,57.69,36.26,entsoe.eu,false,""
2024-01-10T08:00:00.000000,Spain,Spain,ES,183.58,240.75,59.36,38.33,entsoe.eu,false,""
2024-01-10T09:00:00.000000,Spain,Spain,ES,174.9,230.89,61.24,40.87,entsoe.eu,false,""
2024-01-10T10:00:00.000000,Spain,Spain,ES,166.89,221.45,63.19,43.23,entsoe.eu,false,""
2024-01-10T11:00:00.000000,Spain,Spain,ES,165.16,219.15,64.0,44.2,entsoe.eu,false,""
2024-01-10T12:00:00.000000,Spain,Spain,ES,159.52,212.03,65.3,45.57,entsoe.eu,false,""
2024-01-10T13:00:00.000000,Spain,Spain,ES,155.98,207.51,66.13,46.21,entsoe.eu,false,""
2024-01-10T14:00:00.000000,Spain,Spain,ES,156.39,208.15,66.07,46.19,entsoe.eu,false,""
2024-01-10T15:00:00.000000,Spain,Spain,ES,163.16,216.49,64.45,44.35,entsoe.eu,false,""
2024-01-10T16:00:00.000000,Spain,Spain,ES,179.95,236.99,60.42,39.89,entsoe.eu,false,""
2024-01-10T17:00:00.000000,Spain,Spain,ES,190.87,249.88,57.7,37.42,entsoe.eu,false,""
2024-01-10T18:00:00.000000,Spain,Spain,ES,192.23,250.52,57.63,37.52,entsoe.eu,false,""
2024-01-10T19:00:00.000000,Spain,Spain,ES,189.37,246.71,58.36,38.34,entsoe.eu,false,""
2024-01-10T20:00:00.000000,Spain,Spain,ES,188.0,245.19,58.62,38.43,entsoe.eu,false,""
2024-01-10T21:00:00.000000,Spain,Spain,ES,178.18,233.33,61.1,39.76,entsoe.eu,false,""
2024-01-10T22:00:00.000000,Spain,Spain,ES,167.52,219.81,64.2,41.12,entsoe.eu,false,""
2024-01-10T23:00:00.000000,Spain,Spain,ES,150.48,197.86,68.88,44.02,entsoe.eu,false,""
2024-01-11T00:00:00.000000,Spain,Spain,ES,141.13,185.18,71.91,46.23,entsoe.eu,false,""
2024-01-11T01:00:00.000000,Spain,Spain,ES,138.14,182.44,71.91,46.49,entsoe.eu,false,""
2024-01-11T02:00:00.000000,Spain,Spain,ES,142.65,188.34,70.7,45.21,entsoe.eu,false,""
2024-01-11T03:00:00.000000,Spain,Spain,ES,144.39,190.27,70.45,44.69,entsoe.eu,false,""
2024-01-11T04:00:00.000000,Spain,Spain,ES,146.67,193.1,69.93,44.21,entsoe.eu,false,""
2024-01-11T05:00:00.000000,Spain,Spain,ES,157.05,206.07,67.41,42.37,entsoe.eu,false,""
2024-01-11T06:00:00.000000,Spain,Spain,ES,165.66,217.77,64.62,42.26,entsoe.eu,false,""
2024-01-11T07:00:00.000000,Spain,Spain,ES,169.52,221.88,63.54,42.56,entsoe.eu,false,""
2024-01-11T08:00:00.000000,Spain,Spain,ES,163.01,214.46,64.8,44.3,entsoe.eu,false,""
2024-01-11T09:00:00.000000,Spain,Spain,ES,147.33,195.98,68.55,48.45,entsoe.eu,false,""
2024-01-11T10:00:00.000000,Spain,Spain,ES,134.56,181.0,71.49,51.73,entsoe.eu,false,""
2024-01-11T11:00:00.000000,Spain,Spain,ES,126.9,172.01,73.33,53.41,entsoe.eu,false,""
2024-01-11T12:00:00.000000,Spain,Spain,ES,124.66,169.25,74.02,54.2,entsoe.eu,false,""
2024-01-11T13:00:00.000000,Spain,Spain,ES,121.46,165.55,74.82,55.13,entsoe.eu,false,""
2024-01-11T14:00:00.000000,Spain,Spain,ES,124.19,169.09,74.1,54.8,entsoe.eu,false,""
2024-01-11T15:00:00.000000,Spain,Spain,ES,133.23,180.11,71.89,52.61,entsoe.eu,false,""
2024-01-11T16:00:00.000000,Spain,Spain,ES,162.39,215.82,64.52,44.55,entsoe.eu,false,""
2024-01-11T17:00:00.000000,Spain,Spain,ES,180.96,237.61,59.82,39.84,entsoe.eu,false,""
2024-01-11T18:00:00.000000,Spain,Spain,ES,179.51,235.04,60.29,40.54,entsoe.eu,false,""
2024-01-11T19:00:00.000000,Spain,Spain,ES,178.63,233.62,60.66,40.24,entsoe.eu,false,""
2024-01-11T20:00:00.000000,Spain,Spain,ES,178.78,234.09,60.67,39.58,entsoe.eu,false,""
2024-01-11T21:00:00.000000,Spain,Spain,ES,171.36,224.83,62.65,41.45,entsoe.eu,false,""
2024-01-11T22:00:00.000000,Spain,Spain,ES,157.97,208.29,66.25,43.63,entsoe.eu,false,""
2024-01-11T23:00:00.000000,Spain,Spain,ES,151.27,199.89,68.4,42.93,entsoe.eu,false,""
2024-01-12T00:00:00.000000,Spain,Spain,ES,155.55,204.05,68.26,41.86,entsoe.eu,false,""
2024-01-12T01:00:00.000000,Spain,Spain,ES,158.27,206.93,67.98,40.83,entsoe.eu,false,""
2024-01-12T02:00:00.000000,Spain,Spain,ES,158.52,207.26,67.98,40.49,entsoe.eu,false,""
2024-01-12T03:00:00.000000,Spain,Spain,ES,159.89,208.88,67.77,40.07,entsoe.eu,false,""
2024-01-12T04:00:00.000000,Spain,Spain,ES,164.35,214.8,66.5,39.25,entsoe.eu,false,""
2024-01-12T05:00:00.000000,Spain,Spain,ES,162.81,213.48,66.25,40.84,entsoe.eu,false,""
2024-01-12T06:00:00.000000,Spain,Spain,ES,161.54,211.98,65.93,43.3,entsoe.eu,false,""
2024-01-12T07:00:00.000000,Spain,Spain,ES,159.01,208.76,66.06,45.22,entsoe.eu,false,""
2024-01-12T08:00:00.000000,Spain,Spain,ES,152.68,201.74,67.27,46.92,entsoe.eu,false,""
2024-01-12T09:00:00.000000,Spain,Spain,ES,127.08,172.29,73.27,53.74,entsoe.eu,false,""
2024-01-12T10:00:00.000000,Spain,Spain,ES,115.06,158.78,76.01,56.39,entsoe.eu,false,""
2024-01-12T11:00:00.000000,Spain,Spain,ES,115.95,160.38,75.63,55.89,entsoe.eu,false,""
2024-01-12T12:00:00.000000,Spain,Spain,ES,117.78,162.56,75.39,55.24,entsoe.eu,false,""
2024-01-12T13:00:00.000000,Spain,Spain,ES,117.55,161.81,75.94,55.4,entsoe.eu,false,""
2024-01-12T14:00:00.000000,Spain,Spain,ES,117.45,162.53,75.44,55.04,entsoe.eu,false,""
2024-01-12T15:00:00.000000,Spain,Spain,ES,126.77,173.89,73.1,52.99,entsoe.eu,false,""
2024-01-12T16:00:00.000000,Spain,Spain,ES,155.67,208.54,66.03,46.28,entsoe.eu,false,""
2024-01-12T17:00:00.000000,Spain,Spain,ES,169.46,223.25,62.79,42.05,entsoe.eu,false,""
2024-01-12T18:00:00.000000,Spain,Spain,ES,173.74,228.49,61.55,41.33,entsoe.eu,false,""
2024-01-12T19:00:00.000000,Spain,Spain,ES,177.77,233.74,60.59,40.37,entsoe.eu,false,""
2024-01-12T20:00:00.000000,Spain,Spain,ES,177.48,233.71,60.75,39.69,entsoe.eu,false,""
2024-01-12T21:00:00.000000,Spain,Spain,ES,165.41,218.75,63.86,42.16,entsoe.eu,false,""
2024-01-12T22:00:00.000000,Spain,Spain,ES,147.13,195.86,68.65,45.16,entsoe.eu,false,""
2024-01-12T23:00:00.000000,Spain,Spain,ES,127.94,170.58,74.18,48.43,entsoe.eu,false,""
2024-01-13T00:00:00.000000,Spain,Spain,ES,119.83,159.63,76.68,50.35,entsoe.eu,false,""
2024-01-13T01:00:00.000000,Spain,Spain,ES,112.55,151.83,77.81,50.75,entsoe.eu,false,""
2024-01-13T02:00:00.000000,Spain,Spain,ES,107.0,146.21,78.4,49.91,entsoe.eu,false,""
2024-01-13T03:00:00.000000,Spain,Spain,ES,106.65,145.53,78.57,49.77,entsoe.eu,false,""
2024-01-13T04:00:00.000000,Spain,Spain,ES,102.63,140.47,79.5,50.85,entsoe.eu,false,""
2024-01-13T05:00:00.000000,Spain,Spain,ES,104.0,142.64,78.92,51.06,entsoe.eu,false,""
2024-01-13T06:00:00.000000,Spain,Spain,ES,105.59,144.66,78.33,52.03,entsoe.eu,false,""
2024-01-13T07:00:00.000000,Spain,Spain,ES,102.62,141.34,78.66,53.53,entsoe.eu,false,""
2024-01-13T08:00:00.000000,Spain,Spain,ES,96.27,134.28,79.6,56.16,entsoe.eu,false,""
2024-01-13T09:00:00.000000,Spain,Spain,ES,88.7,126.14,81.14,59.12,entsoe.eu,false,""
2024-01-13T10:00:00.000000,Spain,Spain,ES,79.49,115.25,83.3,61.71,entsoe.eu,false,""
2024-01-13T11:00:00.000000,Spain,Spain,ES,70.53,104.16,85.64,63.6,entsoe.eu,false,""
2024-01-13T12:00:00.000000,Spain,Spain,ES,74.28,108.18,85.1,62.97,entsoe.eu,false,""
2024-01-13T13:00:00.000000,Spain,Spain,ES,78.68,113.8,84.04,61.84,entsoe.eu,false,""
2024-01-13T14:00:00.000000,Spain,Spain,ES,90.75,128.04,80.96,57.98,entsoe.eu,false,""
2024-01-13T15:00:00.000000,Spain,Spain,ES,110.47,152.34,76.14,52.91,entsoe.eu,false,""
2024-01-13T16:00:00.000000,Spain,Spain,ES,117.79,160.86,74.17,50.73,entsoe.eu,false,""
2024-01-13T17:00:00.000000,Spain,Spain,ES,122.63,165.72,73.02,49.77,entsoe.eu,false,""
2024-01-13T18:00:00.000000,Spain,Spain,ES,122.75,165.6,72.9,50.0,entsoe.eu,false,""
2024-01-13T19:00:00.000000,Spain,Spain,ES,119.8,161.83,73.66,50.6,entsoe.eu,false,""
2024-01-13T20:00:00.000000,Spain,Spain,ES,118.94,161.08,73.86,50.4,entsoe.eu,false,""
2024-01-13T21:00:00.000000,Spain,Spain,ES,116.64,158.56,74.49,50.6,entsoe.eu,false,""
2024-01-13T22:00:00.000000,Spain,Spain,ES,108.36,148.23,76.68,51.39,entsoe.eu,false,""
2024-01-13T23:00:00.000000,Spain,Spain,ES,109.24,148.19,77.47,50.85,entsoe.eu,false,""
2024-01-14T00:00:00.000000,Spain,Spain,ES,105.29,143.11,78.57,51.2,entsoe.eu,false,""
2024-01-14T01:00:00.000000,Spain,Spain,ES,102.96,140.0,79.3,51.08,entsoe.eu,false,""
2024-01-14T02:00:00.000000,Spain,Spain,ES,100.14,136.5,79.99,51.28,entsoe.eu,false,""
2024-01-14T03:00:00.000000,Spain,Spain,ES,99.42,135.52,80.22,51.53,entsoe.eu,false,""
2024-01-14T04:00:00.000000,Spain,Spain,ES,92.84,127.24,81.67,53.4,entsoe.eu,false,""
2024-01-14T05:00:00.000000,Spain,Spain,ES,92.46,126.81,81.64,54.03,entsoe.eu,false,""
2024-01-14T06:00:00.000000,Spain,Spain,ES,90.67,124.83,81.93,54.64,entsoe.eu,false,""
2024-01-14T07:00:00.000000,Spain,Spain,ES,92.83,127.76,81.38,54.37,entsoe.eu,false,""
2024-01-14T08:00:00.000000,Spain,Spain,ES,80.5,113.29,84.05,58.33,entsoe.eu,false,""
2024-01-14T09:00:00.000000,Spain,Spain,ES,72.97,105.02,85.66,62.84,entsoe.eu,false,""
2024-01-14T10:00:00.000000,Spain,Spain,ES,63.61,93.95,87.53,67.03,entsoe.eu,false,""
2024-01-14T11:00:00.000000,Spain,Spain,ES,59.25,89.47,88.44,68.57,entsoe.eu,false,""
2024-01-14T12:00:00.000000,Spain,Spain,ES,56.53,86.31,88.99,70.27,entsoe.eu,false,""
2024-01-14T13:00:00.000000,Spain,Spain,ES,54.6,83.38,89.52,71.53,entsoe.eu,false,""
2024-01-14T14:00:00.000000,Spain,Spain,ES,57.04,85.84,89.15,70.75,entsoe.eu,false,""
2024-01-14T15:00:00.000000,Spain,Spain,ES,64.16,94.25,87.4,68.81,entsoe.eu,false,""
2024-01-14T16:00:00.000000,Spain,Spain,ES,77.42,109.98,84.31,65.02,entsoe.eu,false,""
2024-01-14T17:00:00.000000,Spain,Spain,ES,82.1,115.21,83.06,63.37,entsoe.eu,false,""
2024-01-14T18:00:00.000000,Spain,Spain,ES,83.68,117.14,82.51,63.24,entsoe.eu,false,""
2024-01-14T19:00:00.000000,Spain,Spain,ES,82.77,115.73,82.73,63.22,entsoe.eu,false,""
2024-01-14T20:00:00.000000,Spain,Spain,ES,81.01,113.33,83.31,62.88,entsoe.eu,false,""
2024-01-14T21:00:00.000000,Spain,Spain,ES,79.67,111.85,83.71,62.83,entsoe.eu,false,""
2024-01-14T22:00:00.000000,Spain,Spain,ES,80.86,113.36,83.62,62.03,entsoe.eu,false,""
2024-01-14T23:00:00.000000,Spain,Spain,ES,94.94,130.24,80.88,59.21,entsoe.eu,false,""
2024-01-15T00:00:00.000000,Spain,Spain,ES,97.79,133.67,80.46,58.18,entsoe.eu,false,""
2024-01-15T01:00:00.000000,Spain,Spain,ES,98.4,134.07,80.54,57.81,entsoe.eu,false,""
2024-01-15T02:00:00.000000,Spain,Spain,ES,98.17,134.3,80.42,56.94,entsoe.eu,false,""
2024-01-15T03:00:00.000000,Spain,Spain,ES,98.52,134.66,80.3,56.87,entsoe.eu,false,""
2024-01-15T04:00:00.000000,Spain,Spain,ES,98.83,135.2,80.26,57.08,entsoe.eu,false,""
2024-01-15T05:00:00.000000,Spain,Spain,ES,98.36,135.25,80.0,58.33,entsoe.eu,false,""
2024-01-15T06:00:00.000000,Spain,Spain,ES,101.13,138.6,78.98,59.01,entsoe.eu,false,""
2024-01-15T07:00:00.000000,Spain,Spain,ES,99.54,136.23,79.17,59.96,entsoe.eu,false,""
2024-01-15T08:00:00.000000,Spain,Spain,ES,102.86,141.04,78.04,59.16,entsoe.eu,false,""
2024-01-15T09:00:00.000000,Spain,Spain,ES,96.94,134.08,79.61,60.19,entsoe.eu,false,""
2024-01-15T10:00:00.000000,Spain,Spain,ES,95.34,132.17,80.3,60.79,entsoe.eu,false,""
2024-01-15T11:00:00.000000,Spain,Spain,ES,85.14,119.45,82.75,61.51,entsoe.eu,false,""
2024-01-15T12:00:00.000000,Spain,Spain,ES,76.49,109.02,84.52,62.88,entsoe.eu,false,""
2024-01-15T13:00:00.000000,Spain,Spain,ES,82.63,116.66,83.1,62.4,entsoe.eu,false,""
2024-01-15T14:00:00.000000,Spain,Spain,ES,88.66,124.21,81.59,62.67,entsoe.eu,false,""
2024-01-15T15:00:00.000000,Spain,Spain,ES,100.07,138.44,78.6,60.31,entsoe.eu,false,""
2024-01-15T16:00:00.000000,Spain,Spain,ES,107.62,147.24,76.78,58.43,entsoe.eu,false,""
2024-01-15T17:00:00.000000,Spain,Spain,ES,114.37,154.85,75.28,56.92,entsoe.eu,false,""
2024-01-15T18:00:00.000000,Spain,Spain,ES,118.44,159.63,74.36,56.06,entsoe.eu,false,""
2024-01-15T19:00:00.000000,Spain,Spain,ES,118.37,159.59,74.37,55.24,entsoe.eu,false,""
2024-01-15T20:00:00.000000,Spain,Spain,ES,113.59,153.63,75.58,55.52,entsoe.eu,false,""
2024-01-15T21:00:00.000000,Spain,Spain,ES,104.81,143.28,77.68,57.82,entsoe.eu,false,""
2024-01-15T22:00:00.000000,Spain,Spain,ES,96.78,133.77,79.68,58.79,entsoe.eu,false,""
2024-01-15T23:00:00.000000,Spain,Spain,ES,92.89,128.65,80.86,59.53,entsoe.eu,false,""
2024-01-16T00:00:00.000000,Spain,Spain,ES,97.29,134.05,80.0,58.3,entsoe.eu,false,""
2024-01-16T01:00:00.000000,Spain,Spain,ES,97.66,133.99,80.23,58.2,entsoe.eu,false,""
2024-01-16T02:00:00.000000,Spain,Spain,ES,99.62,136.69,79.72,57.67,entsoe.eu,false,""
2024-01-16T03:00:00.000000,Spain,Spain,ES,95.41,132.08,80.46,58.34,entsoe.eu,false,""
2024-01-16T04:00:00.000000,Spain,Spain,ES,96.11,133.37,80.08,58.38,entsoe.eu,false,""
2024-01-16T05:00:00.000000,Spain,Spain,ES,98.66,137.07,79.05,58.2,entsoe.eu,false,""
2024-01-16T06:00:00.000000,Spain,Spain,ES,107.99,148.32,76.82,57.54,entsoe.eu,false,""
2024-01-16T07:00:00.000000,Spain,Spain,ES,104.27,142.57,77.79,58.77,entsoe.eu,false,""
2024-01-16T08:00:00.000000,Spain,Spain,ES,93.67,130.09,79.96,60.98,entsoe.eu,false,""
2024-01-16T09:00:00.000000,Spain,Spain,ES,81.72,115.98,83.02,64.82,entsoe.eu,false,""
2024-01-16T10:00:00.000000,Spain,Spain,ES,75.29,108.39,84.85,67.08,entsoe.eu,false,""
2024-01-16T11:00:00.000000,Spain,Spain,ES,67.04,98.33,86.81,69.46,entsoe.eu,false,""
2024-01-16T12:00:00.000000,Spain,Spain,ES,63.52,94.29,87.4,69.69,entsoe.eu,false,""
2024-01-16T13:00:00.000000,Spain,Spain,ES,62.88,93.54,87.23,69.5,entsoe.eu,false,""
2024-01-16T14:00:00.000000,Spain,Spain,ES,63.94,94.46,87.03,68.92,entsoe.eu,false,""
2024-01-16T15:00:00.000000,Spain,Spain,ES,70.48,101.61,85.57,66.64,entsoe.eu,false,""
2024-01-16T16:00:00.000000,Spain,Spain,ES,70.35,101.06,85.6,66.76,entsoe.eu,false,""
2024-01-16T17:00:00.000000,Spain,Spain,ES,67.02,96.71,86.3,67.97,entsoe.eu,false,""
2024-01-16T18:00:00.000000,Spain,Spain,ES,66.81,96.64,86.16,68.82,entsoe.eu,false,""
2024-01-16T19:00:00.000000,Spain,Spain,ES,65.62,95.01,86.41,69.38,entsoe.eu,false,""
2024-01-16T20:00:00.000000,Spain,Spain,ES,64.83,94.05,86.66,69.17,entsoe.eu,false,""
2024-01-16T21:00:00.000000,Spain,Spain,ES,61.4,89.43,87.78,68.15,entsoe.eu,false,""
2024-01-16T22:00:00.000000,Spain,Spain,ES,61.57,89.26,87.98,66.75,entsoe.eu,false,""
2024-01-16T23:00:00.000000,Spain,Spain,ES,53.92,79.47,89.69,68.36,entsoe.eu,false,""
2024-01-17T00:00:00.000000,Spain,Spain,ES,55.74,81.82,89.19,67.84,entsoe.eu,false,""
2024-01-17T01:00:00.000000,Spain,Spain,ES,55.62,81.46,89.34,67.19,entsoe.eu,false,""
2024-01-17T02:00:00.000000,Spain,Spain,ES,53.8,78.73,90.04,67.61,entsoe.eu,false,""
2024-01-17T03:00:00.000000,Spain,Spain,ES,54.41,79.57,89.85,67.63,entsoe.eu,false,""
2024-01-17T04:00:00.000000,Spain,Spain,ES,54.13,79.36,89.79,67.84,entsoe.eu,false,""
2024-01-17T05:00:00.000000,Spain,Spain,ES,54.75,80.44,89.44,68.29,entsoe.eu,false,""
2024-01-17T06:00:00.000000,Spain,Spain,ES,51.21,76.03,90.04,70.24,entsoe.eu,false,""
2024-01-17T07:00:00.000000,Spain,Spain,ES,48.94,73.3,90.38,71.11,entsoe.eu,false,""
2024-01-17T08:00:00.000000,Spain,Spain,ES,44.34,67.58,91.67,72.16,entsoe.eu,false,""
2024-01-17T09:00:00.000000,Spain,Spain,ES,40.24,62.77,92.94,73.92,entsoe.eu,false,""
2024-01-17T10:00:00.000000,Spain,Spain,ES,40.75,63.64,93.05,74.67,entsoe.eu,false,""
2024-01-17T11:00:00.000000,Spain,Spain,ES,39.37,62.34,93.21,75.21,entsoe.eu,false,""
2024-01-17T12:00:00.000000,Spain,Spain,ES,37.22,60.39,93.33,76.78,entsoe.eu,false,""
2024-01-17T13:00:00.000000,Spain,Spain,ES,36.67,59.74,93.57,78.45,entsoe.eu,false,""
2024-01-17T14:00:00.000000,Spain,Spain,ES,37.41,60.14,93.58,78.06,entsoe.eu,false,""
2024-01-17T15:00:00.000000,Spain,Spain,ES,42.04,65.59,92.66,76.95,entsoe.eu,false,""
2024-01-17T16:00:00.000000,Spain,Spain,ES,49.63,74.31,90.93,74.49,entsoe.eu,false,""
2024-01-17T17:00:00.000000,Spain,Spain,ES,50.92,75.1,90.52,73.81,entsoe.eu,false,""
2024-01-17T18:00:00.000000,Spain,Spain,ES,54.29,79.16,89.66,73.44,entsoe.eu,false,""
2024-01-17T19:00:00.000000,Spain,Spain,ES,55.43,80.61,89.29,73.26,entsoe.eu,false,""
2024-01-17T20:00:00.000000,Spain,Spain,ES,55.57,80.84,89.24,72.95,entsoe.eu,false,""
2024-01-17T21:00:00.000000,Spain,Spain,ES,49.91,74.05,90.65,73.32,entsoe.eu,false,""
2024-01-17T22:00:00.000000,Spain,Spain,ES,45.75,68.95,91.5,73.25,entsoe.eu,false,""
2024-01-17T23:00:00.000000,Spain,Spain,ES,50.69,74.96,90.45,71.29,entsoe.eu,false,""
2024-01-18T00:00:00.000000,Spain,Spain,ES,50.73,75.06,90.46,70.39,entsoe.eu,false,""
2024-01-18T01:00:00.000000,Spain,Spain,ES,53.49,78.55,89.95,69.15,entsoe.eu,false,""
2024-01-18T02:00:00.000000,Spain,Spain,ES,55.11,80.51,89.7,68.49,entsoe.eu,false,""
2024-01-18T03:00:00.000000,Spain,Spain,ES,55.7,81.19,89.59,68.26,entsoe.eu,false,""
2024-01-18T04:00:00.000000,Spain,Spain,ES,55.9,81.5,89.42,68.28,entsoe.eu,false,""
2024-01-18T05:00:00.000000,Spain,Spain,ES,54.63,79.8,89.61,69.47,entsoe.eu,false,""
2024-01-18T06:00:00.000000,Spain,Spain,ES,53.67,78.94,89.64,71.16,entsoe.eu,false,""
2024-01-18T07:00:00.000000,Spain,Spain,ES,54.37,80.16,89.31,71.41,entsoe.eu,false,""
2024-01-18T08:00:00.000000,Spain,Spain,ES,53.18,78.73,89.68,71.81,entsoe.eu,false,""
2024-01-18T09:00:00.000000,Spain,Spain,ES,46.28,71.06,91.61,73.98,entsoe.eu,false,""
2024-01-18T10:00:00.000000,Spain,Spain,ES,47.1,72.12,91.82,74.49,entsoe.eu,false,""
2024-01-18T11:00:00.000000,Spain,Spain,ES,45.55,70.46,92.01,74.84,entsoe.eu,false,""
2024-01-18T12:00:00.000000,Spain,Spain,ES,45.08,70.4,91.79,74.95,entsoe.eu,false,""
2024-01-18T13:00:00.000000,Spain,Spain,ES,45.65,71.04,91.69,74.93,entsoe.eu,false,""
2024-01-18T14:00:00.000000,Spain,Spain,ES,53.62,80.57,89.93,72.56,entsoe.eu,false,""
2024-01-18T15:00:00.000000,Spain,Spain,ES,70.4,101.06,85.93,68.09,entsoe.eu,false,""
2024-01-18T16:00:00.000000,Spain,Spain,ES,101.08,138.17,78.7,60.22,entsoe.eu,false,""
2024-01-18T17:00:00.000000,Spain,Spain,ES,117.24,157.27,74.93,55.49,entsoe.eu,false,""
2024-01-18T18:00:00.000000,Spain,Spain,ES,119.36,160.03,74.23,52.68,entsoe.eu,false,""
2024-01-18T19:00:00.000000,Spain,Spain,ES,121.11,162.55,73.52,50.18,entsoe.eu,false,""
2024-01-18T20:00:00.000000,Spain,Spain,ES,122.63,164.45,73.13,48.89,entsoe.eu,false,""
2024-01-18T21:00:00.000000,Spain,Spain,ES,111.97,151.02,76.01,49.9,entsoe.eu,false,""
2024-01-18T22:00:00.000000,Spain,Spain,ES,105.84,143.34,77.86,52.63,entsoe.eu,false,""
2024-01-18T23:00:00.000000,Spain,Spain,ES,94.9,129.92,80.58,53.97,entsoe.eu,false,""
2024-01-19T00:00:00.000000,Spain,Spain,ES,89.62,123.13,82.22,55.4,entsoe.eu,false,""
2024-01-19T01:00:00.000000,Spain,Spain,ES,92.76,126.88,81.77,55.56,entsoe.eu,false,""
2024-01-19T02:00:00.000000,Spain,Spain,ES,89.67,123.05,82.43,56.66,entsoe.eu,false,""
2024-01-19T03:00:00.000000,Spain,Spain,ES,85.99,118.31,83.3,57.89,entsoe.eu,false,""
2024-01-19T04:00:00.000000,Spain,Spain,ES,76.7,106.96,85.26,60.5,entsoe.eu,false,""
2024-01-19T05:00:00.000000,Spain,Spain,ES,73.29,103.1,85.73,62.48,entsoe.eu,false,""
2024-01-19T06:00:00.000000,Spain,Spain,ES,67.2,95.58,86.88,65.09,entsoe.eu,false,""
2024-01-19T07:00:00.000000,Spain,Spain,ES,67.91,96.5,86.64,65.86,entsoe.eu,false,""
2024-01-19T08:00:00.000000,Spain,Spain,ES,65.74,94.05,86.86,66.24,entsoe.eu,false,""
2024-01-19T09:00:00.000000,Spain,Spain,ES,67.61,96.22,86.52,66.1,entsoe.eu,false,""
2024-01-19T10:00:00.000000,Spain,Spain,ES,65.8,93.34,87.42,67.09,entsoe.eu,false,""
2024-01-19T11:00:00.000000,Spain,Spain,ES,62.22,89.44,88.13,68.04,entsoe.eu,false,""
2024-01-19T12:00:00.000000,Spain,Spain,ES,58.93,86.06,88.7,69.0,entsoe.eu,false,""
2024-01-19T13:00:00.000000,Spain,Spain,ES,61.41,89.51,88.27,68.82,entsoe.eu,false,""
2024-01-19T14:00:00.000000,Spain,Spain,ES,61.83,89.68,88.23,68.22,entsoe.eu,false,""
2024-01-19T15:00:00.000000,Spain,Spain,ES,64.58,93.26,87.58,67.48,entsoe.eu,false,""
2024-01-19T16:00:00.000000,Spain,Spain,ES,76.85,108.17,84.51,64.04,entsoe.eu,false,""
2024-01-19T17:00:00.000000,Spain,Spain,ES,87.01,119.7,82.24,61.59,entsoe.eu,false,""
2024-01-19T18:00:00.000000,Spain,Spain,ES,89.19,122.3,81.47,60.74,entsoe.eu,false,""
2024-01-19T19:00:00.000000,Spain,Spain,ES,86.84,119.58,81.93,60.23,entsoe.eu,false,""
2024-01-19T20:00:00.000000,Spain,Spain,ES,87.48,121.12,81.45,59.59,entsoe.eu,false,""
2024-01-19T21:00:00.000000,Spain,Spain,ES,83.61,115.71,82.78,60.34,entsoe.eu,false,""
2024-01-19T22:00:00.000000,Spain,Spain,ES,74.6,104.72,85.06,61.57,entsoe.eu,false,""
2024-01-19T23:00:00.000000,Spain,Spain,ES,77.17,107.33,84.94,61.11,entsoe.eu,false,""
2024-01-20T00:00:00.000000,Spain,Spain,ES,78.75,109.31,84.67,60.15,entsoe.eu,false,""
2024-01-20T01:00:00.000000,Spain,Spain,ES,85.32,117.42,83.29,58.06,entsoe.eu,false,""
2024-01-20T02:00:00.000000,Spain,Spain,ES,88.0,120.64,82.78,56.55,entsoe.eu,false,""
2024-01-20T03:00:00.000000,Spain,Spain,ES,91.37,124.99,82.12,55.39,entsoe.eu,false,""
2024-01-20T04:00:00.000000,Spain,Spain,ES,94.11,128.84,81.39,54.55,entsoe.eu,false,""
2024-01-20T05:00:00.000000,Spain,Spain,ES,98.94,135.02,80.2,53.52,entsoe.eu,false,""
2024-01-20T06:00:00.000000,Spain,Spain,ES,115.36,155.75,76.29,49.14,entsoe.eu,false,""
2024-01-20T07:00:00.000000,Spain,Spain,ES,107.14,145.39,78.11,48.2,entsoe.eu,false,""
2024-01-20T08:00:00.000000,Spain,Spain,ES,92.43,127.4,81.3,52.22,entsoe.eu,false,""
2024-01-20T09:00:00.000000,Spain,Spain,ES,77.16,111.55,84.43,59.72,entsoe.eu,false,""
2024-01-20T10:00:00.000000,Spain,Spain,ES,64.56,97.24,87.4,63.36,entsoe.eu,false,""
2024-01-20T11:00:00.000000,Spain,Spain,ES,60.24,91.58,88.84,64.65,entsoe.eu,false,""
2024-01-20T12:00:00.000000,Spain,Spain,ES,60.0,91.63,88.52,63.83,entsoe.eu,false,""
2024-01-20T13:00:00.000000,Spain,Spain,ES,62.21,94.35,87.93,63.8,entsoe.eu,false,""
2024-01-20T14:00:00.000000,Spain,Spain,ES,61.99,93.88,88.0,63.96,entsoe.eu,false,""
2024-01-20T15:00:00.000000,Spain,Spain,ES,74.4,108.84,84.99,61.06,entsoe.eu,false,""
2024-01-20T16:00:00.000000,Spain,Spain,ES,98.31,137.07,79.5,54.99,entsoe.eu,false,""
2024-01-20T17:00:00.000000,Spain,Spain,ES,114.12,154.27,75.7,49.83,entsoe.eu,false,""
2024-01-20T18:00:00.000000,Spain,Spain,ES,110.1,149.11,76.1,49.49,entsoe.eu,false,""
2024-01-20T19:00:00.000000,Spain,Spain,ES,107.08,145.31,76.76,49.1,entsoe.eu,false,""
2024-01-20T20:00:00.000000,Spain,Spain,ES,104.9,142.49,77.36,49.29,entsoe.eu,false,""
2024-01-20T21:00:00.000000,Spain,Spain,ES,102.04,138.75,78.35,50.49,entsoe.eu,false,""
2024-01-20T22:00:00.000000,Spain,Spain,ES,104.92,142.04,78.23,49.94,entsoe.eu,false,""
2024-01-20T23:00:00.000000,Spain,Spain,ES,103.65,140.21,78.83,49.22,entsoe.eu,false,""
2024-01-21T00:00:00.000000,Spain,Spain,ES,100.39,136.07,79.79,49.06,entsoe.eu,false,""
2024-01-21T01:00:00.000000,Spain,Spain,ES,100.52,136.5,79.66,48.43,entsoe.eu,false,""
2024-01-21T02:00:00.000000,Spain,Spain,ES,101.05,137.35,79.48,47.6,entsoe.eu,false,""
2024-01-21T03:00:00.000000,Spain,Spain,ES,105.06,142.12,78.67,46.4,entsoe.eu,false,""
2024-01-21T04:00:00.000000,Spain,Spain,ES,103.27,139.81,79.17,46.5,entsoe.eu,false,""
2024-01-21T05:00:00.000000,Spain,Spain,ES,102.04,138.11,79.54,46.44,entsoe.eu,false,""
2024-01-21T06:00:00.000000,Spain,Spain,ES,102.47,138.88,79.28,46.78,entsoe.eu,false,""
2024-01-21T07:00:00.000000,Spain,Spain,ES,98.79,134.21,80.13,47.85,entsoe.eu,false,""
2024-01-21T08:00:00.000000,Spain,Spain,ES,96.46,132.96,80.17,51.18,entsoe.eu,false,""
2024-01-21T09:00:00.000000,Spain,Spain,ES,70.73,103.09,85.92,61.19,entsoe.eu,false,""
2024-01-21T10:00:00.000000,Spain,Spain,ES,57.6,88.3,88.7,65.94,entsoe.eu,false,""
2024-01-21T11:00:00.000000,Spain,Spain,ES,57.1,88.07,88.74,66.95,entsoe.eu,false,""
2024-01-21T12:00:00.000000,Spain,Spain,ES,55.01,85.76,89.09,67.28,entsoe.eu,false,""
2024-01-21T13:00:00.000000,Spain,Spain,ES,54.75,85.69,89.1,67.63,entsoe.eu,false,""
2024-01-21T14:00:00.000000,Spain,Spain,ES,54.65,84.91,89.45,67.61,entsoe.eu,false,""
2024-01-21T15:00:00.000000,Spain,Spain,ES,58.99,90.06,88.44,65.48,entsoe.eu,false,""
2024-01-21T16:00:00.000000,Spain,Spain,ES,83.73,119.31,82.7,58.09,entsoe.eu,false,""
2024-01-21T17:00:00.000000,Spain,Spain,ES,100.94,138.12,78.81,50.75,entsoe.eu,false,""
2024-01-21T18:00:00.000000,Spain,Spain,ES,92.03,126.81,80.42,51.06,entsoe.eu,false,""
2024-01-21T19:00:00.000000,Spain,Spain,ES,90.7,124.93,80.67,51.46,entsoe.eu,false,""
2024-01-21T20:00:00.000000,Spain,Spain,ES,91.12,125.09,80.77,52.2,entsoe.eu,false,""
2024-01-21T21:00:00.000000,Spain,Spain,ES,95.88,130.64,80.03,50.94,entsoe.eu,false,""
2024-01-21T22:00:00.000000,Spain,Spain,ES,98.99,135.04,79.33,50.45,entsoe.eu,false,""
2024-01-21T23:00:00.000000,Spain,Spain,ES,86.48,119.76,82.09,52.0,entsoe.eu,false,""
2024-01-22T00:00:00.000000,Spain,Spain,ES,80.55,112.6,83.36,52.7,entsoe.eu,false,""
2024-01-22T01:00:00.000000,Spain,Spain,ES,81.82,114.2,83.05,52.3,entsoe.eu,false,""
2024-01-22T02:00:00.000000,Spain,Spain,ES,78.97,110.46,83.8,53.05,entsoe.eu,false,""
2024-01-22T03:00:00.000000,Spain,Spain,ES,77.95,109.2,84.0,53.39,entsoe.eu,false,""
2024-01-22T04:00:00.000000,Spain,Spain,ES,78.82,110.34,83.7,53.67,entsoe.eu,false,""
2024-01-22T05:00:00.000000,Spain,Spain,ES,83.72,115.8,82.91,54.19,entsoe.eu,false,""
2024-01-22T06:00:00.000000,Spain,Spain,ES,87.41,120.69,81.97,56.56,entsoe.eu,false,""
2024-01-22T07:00:00.000000,Spain,Spain,ES,79.74,111.43,83.36,59.0,entsoe.eu,false,""
2024-01-22T08:00:00.000000,Spain,Spain,ES,75.05,106.34,84.38,61.9,entsoe.eu,false,""
2024-01-22T09:00:00.000000,Spain,Spain,ES,61.66,91.49,87.67,67.27,entsoe.eu,false,""
2024-01-22T10:00:00.000000,Spain,Spain,ES,53.19,81.57,89.96,70.13,entsoe.eu,false,""
2024-01-22T11:00:00.000000,Spain,Spain,ES,50.44,78.25,90.86,71.37,entsoe.eu,false,""
2024-01-22T12:00:00.000000,Spain,Spain,ES,49.85,77.63,90.94,71.69,entsoe.eu,false,""
2024-01-22T13:00:00.000000,Spain,Spain,ES,51.35,80.0,90.33,71.08,entsoe.eu,false,""
2024-01-22T14:00:00.000000,Spain,Spain,ES,55.02,84.32,89.44,70.11,entsoe.eu,false,""
2024-01-22T15:00:00.000000,Spain,Spain,ES,71.88,104.54,85.93,65.92,entsoe.eu,false,""
2024-01-22T16:00:00.000000,Spain,Spain,ES,88.07,124.02,81.67,60.14,entsoe.eu,false,""
2024-01-22T17:00:00.000000,Spain,Spain,ES,102.09,140.06,78.02,54.81,entsoe.eu,false,""
2024-01-22T18:00:00.000000,Spain,Spain,ES,103.58,140.07,78.15,53.68,entsoe.eu,false,""
2024-01-22T19:00:00.000000,Spain,Spain,ES,104.59,140.77,78.21,53.4,entsoe.eu,false,""
2024-01-22T20:00:00.000000,Spain,Spain,ES,103.97,139.76,78.61,53.72,entsoe.eu,false,""
2024-01-22T21:00:00.000000,Spain,Spain,ES,101.16,136.56,79.43,53.25,entsoe.eu,false,""
2024-01-22T22:00:00.000000,Spain,Spain,ES,104.67,140.96,78.83,52.04,entsoe.eu,false,""
2024-01-22T23:00:00.000000,Spain,Spain,ES,106.48,142.92,78.78,50.96,entsoe.eu,false,""
2024-01-23T00:00:00.000000,Spain,Spain,ES,101.74,136.21,80.25,51.13,entsoe.eu,false,""
2024-01-23T01:00:00.000000,Spain,Spain,ES,100.34,134.43,80.74,50.62,entsoe.eu,false,""
2024-01-23T02:00:00.000000,Spain,Spain,ES,102.85,137.77,80.14,49.8,entsoe.eu,false,""
2024-01-23T03:00:00.000000,Spain,Spain,ES,105.59,141.74,79.33,48.54,entsoe.eu,false,""
2024-01-23T04:00:00.000000,Spain,Spain,ES,107.17,144.06,78.85,47.83,entsoe.eu,false,""
2024-01-23T05:00:00.000000,Spain,Spain,ES,116.42,155.23,76.83,48.58,entsoe.eu,false,""
2024-01-23T06:00:00.000000,Spain,Spain,ES,121.83,162.57,74.8,49.38,entsoe.eu,false,""
2024-01-23T07:00:00.000000,Spain,Spain,ES,121.69,162.64,74.37,50.8,entsoe.eu,false,""
2024-01-23T08:00:00.000000,Spain,Spain,ES,117.68,158.75,75.17,52.7,entsoe.eu,false,""
2024-01-23T09:00:00.000000,Spain,Spain,ES,97.87,136.59,80.09,59.91,entsoe.eu,false,""
2024-01-23T10:00:00.000000,Spain,Spain,ES,89.19,126.37,82.38,63.54,entsoe.eu,false,""
2024-01-23T11:00:00.000000,Spain,Spain,ES,85.49,121.58,83.63,64.58,entsoe.eu,false,""
2024-01-23T12:00:00.000000,Spain,Spain,ES,84.88,120.97,83.6,64.45,entsoe.eu,false,""
2024-01-23T13:00:00.000000,Spain,Spain,ES,82.13,117.99,83.98,64.5,entsoe.eu,false,""
2024-01-23T14:00:00.000000,Spain,Spain,ES,84.66,121.02,83.46,63.21,entsoe.eu,false,""
2024-01-23T15:00:00.000000,Spain,Spain,ES,95.1,134.11,80.77,59.94,entsoe.eu,false,""
2024-01-23T16:00:00.000000,Spain,Spain,ES,121.48,165.26,74.77,51.48,entsoe.eu,false,""
2024-01-23T17:00:00.000000,Spain,Spain,ES,149.93,198.36,67.97,43.75,entsoe.eu,false,""
2024-01-23T18:00:00.000000,Spain,Spain,ES,149.78,197.18,67.8,43.77,entsoe.eu,false,""
2024-01-23T19:00:00.000000,Spain,Spain,ES,146.79,192.95,68.53,43.83,entsoe.eu,false,""
2024-01-23T20:00:00.000000,Spain,Spain,ES,147.57,194.09,68.23,43.53,entsoe.eu,false,""
2024-01-23T21:00:00.000000,Spain,Spain,ES,145.17,191.81,68.88,42.61,entsoe.eu,false,""
2024-01-23T22:00:00.000000,Spain,Spain,ES,134.8,179.0,71.6,42.87,entsoe.eu,false,""
2024-01-23T23:00:00.000000,Spain,Spain,ES,128.14,169.78,74.04,42.65,entsoe.eu,false,""
2024-01-24T00:00:00.000000,Spain,Spain,ES,118.95,158.14,76.43,42.16,entsoe.eu,false,""
2024-01-24T01:00:00.000000,Spain,Spain,ES,119.68,158.65,76.5,41.08,entsoe.eu,false,""
2024-01-24T02:00:00.000000,Spain,Spain,ES,118.74,157.8,76.57,40.53,entsoe.eu,false,""
2024-01-24T03:00:00.000000,Spain,Spain,ES,119.76,159.16,76.3,40.04,entsoe.eu,false,""
2024-01-24T04:00:00.000000,Spain,Spain,ES,118.5,158.02,76.38,40.28,entsoe.eu,false,""
2024-01-24T05:00:00.000000,Spain,Spain,ES,125.79,167.47,74.42,40.6,entsoe.eu,false,""
2024-01-24T06:00:00.000000,Spain,Spain,ES,121.87,162.75,74.73,44.91,entsoe.eu,false,""
2024-01-24T07:00:00.000000,Spain,Spain,ES,117.63,156.88,75.35,47.62,entsoe.eu,false,""
2024-01-24T08:00:00.000000,Spain,Spain,ES,113.26,152.5,76.69,49.51,entsoe.eu,false,""
2024-01-24T09:00:00.000000,Spain,Spain,ES,93.24,129.93,81.86,56.29,entsoe.eu,false,""
2024-01-24T10:00:00.000000,Spain,Spain,ES,84.65,119.93,84.27,61.99,entsoe.eu,false,""
2024-01-24T11:00:00.000000,Spain,Spain,ES,84.44,119.61,84.58,62.52,entsoe.eu,false,""
2024-01-24T12:00:00.000000,Spain,Spain,ES,81.83,116.71,85.0,63.24,entsoe.eu,false,""
2024-01-24T13:00:00.000000,Spain,Spain,ES,79.66,114.35,85.42,63.88,entsoe.eu,false,""
2024-01-24T14:00:00.000000,Spain,Spain,ES,81.46,116.57,84.97,63.73,entsoe.eu,false,""
2024-01-24T15:00:00.000000,Spain,Spain,ES,91.38,128.84,82.43,60.48,entsoe.eu,false,""
2024-01-24T16:00:00.000000,Spain,Spain,ES,123.8,167.68,74.64,49.63,entsoe.eu,false,""
2024-01-24T17:00:00.000000,Spain,Spain,ES,153.96,202.45,67.45,42.66,entsoe.eu,false,""
2024-01-24T18:00:00.000000,Spain,Spain,ES,148.85,195.25,68.44,43.18,entsoe.eu,false,""
2024-01-24T19:00:00.000000,Spain,Spain,ES,141.22,185.55,70.12,43.62,entsoe.eu,false,""
2024-01-24T20:00:00.000000,Spain,Spain,ES,138.78,182.57,70.76,43.78,entsoe.eu,false,""
2024-01-24T21:00:00.000000,Spain,Spain,ES,128.71,170.52,73.22,45.07,entsoe.eu,false,""
2024-01-24T22:00:00.000000,Spain,Spain,ES,127.09,168.75,73.71,44.85,entsoe.eu,false,""
2024-01-24T23:00:00.000000,Spain,Spain,ES,115.91,153.88,77.03,44.45,entsoe.eu,false,""
2024-01-25T00:00:00.000000,Spain,Spain,ES,114.65,152.11,77.7,44.21,entsoe.eu,false,""
2024-01-25T01:00:00.000000,Spain,Spain,ES,116.68,154.6,77.32,44.57,entsoe.eu,false,""
2024-01-25T02:00:00.000000,Spain,Spain,ES,119.76,158.55,76.64,44.66,entsoe.eu,false,""
2024-01-25T03:00:00.000000,Spain,Spain,ES,114.4,151.61,77.95,44.94,entsoe.eu,false,""
2024-01-25T04:00:00.000000,Spain,Spain,ES,115.69,153.76,77.45,45.76,entsoe.eu,false,""
2024-01-25T05:00:00.000000,Spain,Spain,ES,135.28,178.18,72.69,44.4,entsoe.eu,false,""
2024-01-25T06:00:00.000000,Spain,Spain,ES,136.56,180.05,71.63,46.93,entsoe.eu,false,""
2024-01-25T07:00:00.000000,Spain,Spain,ES,138.54,182.98,70.58,46.55,entsoe.eu,false,""
2024-01-25T08:00:00.000000,Spain,Spain,ES,129.84,173.05,72.65,49.98,entsoe.eu,false,""
2024-01-25T09:00:00.000000,Spain,Spain,ES,105.31,144.35,78.78,57.54,entsoe.eu,false,""
2024-01-25T10:00:00.000000,Spain,Spain,ES,98.04,135.81,80.78,60.64,entsoe.eu,false,""
2024-01-25T11:00:00.000000,Spain,Spain,ES,94.2,132.0,82.02,62.16,entsoe.eu,false,""
2024-01-25T12:00:00.000000,Spain,Spain,ES,90.36,127.52,82.77,62.6,entsoe.eu,false,""
2024-01-25T13:00:00.000000,Spain,Spain,ES,88.57,125.56,83.05,62.79,entsoe.eu,false,""
2024-01-25T14:00:00.000000,Spain,Spain,ES,90.78,128.26,82.55,62.2,entsoe.eu,false,""
2024-01-25T15:00:00.000000,Spain,Spain,ES,104.4,145.1,79.15,58.43,entsoe.eu,false,""
2024-01-25T16:00:00.000000,Spain,Spain,ES,126.22,171.17,73.68,50.46,entsoe.eu,false,""
2024-01-25T17:00:00.000000,Spain,Spain,ES,145.44,191.72,69.26,42.72,entsoe.eu,false,""
2024-01-25T18:00:00.000000,Spain,Spain,ES,147.47,193.38,68.65,40.9,entsoe.eu,false,""
2024-01-25T19:00:00.000000,Spain,Spain,ES,145.72,191.04,69.03,40.75,entsoe.eu,false,""
2024-01-25T20:00:00.000000,Spain,Spain,ES,147.17,193.02,68.73,40.45,entsoe.eu,false,""
2024-01-25T21:00:00.000000,Spain,Spain,ES,141.49,186.34,70.02,39.74,entsoe.eu,false,""
2024-01-25T22:00:00.000000,Spain,Spain,ES,136.61,180.52,71.33,39.47,entsoe.eu,false,""
2024-01-25T23:00:00.000000,Spain,Spain,ES,122.39,162.1,75.23,41.09,entsoe.eu,false,""
2024-01-26T00:00:00.000000,Spain,Spain,ES,116.63,153.71,77.49,40.94,entsoe.eu,false,""
2024-01-26T01:00:00.000000,Spain,Spain,ES,117.88,155.55,77.45,39.13,entsoe.eu,false,""
2024-01-26T02:00:00.000000,Spain,Spain,ES,116.23,154.0,77.67,38.77,entsoe.eu,false,""
2024-01-26T03:00:00.000000,Spain,Spain,ES,117.58,155.56,77.41,38.39,entsoe.eu,false,""
2024-01-26T04:00:00.000000,Spain,Spain,ES,116.38,154.56,77.38,38.76,entsoe.eu,false,""
2024-01-26T05:00:00.000000,Spain,Spain,ES,122.77,162.31,75.79,40.98,entsoe.eu,false,""
2024-01-26T06:00:00.000000,Spain,Spain,ES,121.11,160.29,75.37,44.17,entsoe.eu,false,""
2024-01-26T07:00:00.000000,Spain,Spain,ES,119.34,158.08,75.29,45.67,entsoe.eu,false,""
2024-01-26T08:00:00.000000,Spain,Spain,ES,116.11,154.82,76.28,47.92,entsoe.eu,false,""
2024-01-26T09:00:00.000000,Spain,Spain,ES,93.23,129.68,81.47,57.04,entsoe.eu,false,""
2024-01-26T10:00:00.000000,Spain,Spain,ES,79.58,115.0,84.3,61.66,entsoe.eu,false,""
2024-01-26T11:00:00.000000,Spain,Spain,ES,76.77,111.53,85.4,63.11,entsoe.eu,false,""
2024-01-26T12:00:00.000000,Spain,Spain,ES,76.81,112.03,85.2,62.4,entsoe.eu,false,""
2024-01-26T13:00:00.000000,Spain,Spain,ES,76.64,112.42,84.94,62.34,entsoe.eu,false,""
2024-01-26T14:00:00.000000,Spain,Spain,ES,80.54,117.68,83.71,61.63,entsoe.eu,false,""
2024-01-26T15:00:00.000000,Spain,Spain,ES,96.27,136.37,80.05,57.55,entsoe.eu,false,""
2024-01-26T16:00:00.000000,Spain,Spain,ES,119.1,163.22,74.3,49.82,entsoe.eu,false,""
2024-01-26T17:00:00.000000,Spain,Spain,ES,125.62,168.39,72.77,44.16,entsoe.eu,false,""
2024-01-26T18:00:00.000000,Spain,Spain,ES,124.45,166.16,72.92,43.53,entsoe.eu,false,""
2024-01-26T19:00:00.000000,Spain,Spain,ES,128.27,170.8,71.96,42.48,entsoe.eu,false,""
2024-01-26T20:00:00.000000,Spain,Spain,ES,121.16,162.14,73.54,42.96,entsoe.eu,false,""
2024-01-26T21:00:00.000000,Spain,Spain,ES,117.3,157.1,74.48,42.5,entsoe.eu,false,""
2024-01-26T22:00:00.000000,Spain,Spain,ES,114.9,153.86,75.16,42.84,entsoe.eu,false,""
2024-01-26T23:00:00.000000,Spain,Spain,ES,117.21,157.16,74.92,40.6,entsoe.eu,false,""
2024-01-27T00:00:00.000000,Spain,Spain,ES,109.86,149.42,76.84,40.98,entsoe.eu,false,""
2024-01-27T01:00:00.000000,Spain,Spain,ES,111.41,150.25,77.26,41.07,entsoe.eu,false,""
2024-01-27T02:00:00.000000,Spain,Spain,ES,109.73,148.78,77.4,39.45,entsoe.eu,false,""
2024-01-27T03:00:00.000000,Spain,Spain,ES,113.42,152.94,76.86,39.33,entsoe.eu,false,""
2024-01-27T04:00:00.000000,Spain,Spain,ES,114.45,154.52,76.47,40.48,entsoe.eu,false,""
2024-01-27T05:00:00.000000,Spain,Spain,ES,113.11,153.56,76.4,42.05,entsoe.eu,false,""
2024-01-27T06:00:00.000000,Spain,Spain,ES,115.04,156.12,75.81,44.98,entsoe.eu,false,""
2024-01-27T07:00:00.000000,Spain,Spain,ES,106.45,145.91,77.48,48.94,entsoe.eu,false,""
2024-01-27T08:00:00.000000,Spain,Spain,ES,91.92,128.34,80.94,55.18,entsoe.eu,false,""
2024-01-27T09:00:00.000000,Spain,Spain,ES,74.49,108.67,85.43,61.78,entsoe.eu,false,""
2024-01-27T10:00:00.000000,Spain,Spain,ES,66.37,99.36,87.76,65.06,entsoe.eu,false,""
2024-01-27T11:00:00.000000,Spain,Spain,ES,61.42,93.05,89.04,66.78,entsoe.eu,false,""
2024-01-27T12:00:00.000000,Spain,Spain,ES,63.5,94.35,88.87,66.88,entsoe.eu,false,""
2024-01-27T13:00:00.000000,Spain,Spain,ES,62.55,93.52,88.8,66.93,entsoe.eu,false,""
2024-01-27T14:00:00.000000,Spain,Spain,ES,61.38,92.46,88.73,66.48,entsoe.eu,false,""
2024-01-27T15:00:00.000000,Spain,Spain,ES,71.61,105.94,86.0,62.64,entsoe.eu,false,""
2024-01-27T16:00:00.000000,Spain,Spain,ES,91.13,129.95,80.78,56.4,entsoe.eu,false,""
2024-01-27T17:00:00.000000,Spain,Spain,ES,100.46,138.28,78.51,52.36,entsoe.eu,false,""
2024-01-27T18:00:00.000000,Spain,Spain,ES,100.73,137.5,78.35,49.72,entsoe.eu,false,""
2024-01-27T19:00:00.000000,Spain,Spain,ES,98.15,134.1,78.91,48.63,entsoe.eu,false,""
2024-01-27T20:00:00.000000,Spain,Spain,ES,96.66,132.32,79.24,48.32,entsoe.eu,false,""
2024-01-27T21:00:00.000000,Spain,Spain,ES,92.43,126.89,80.31,50.11,entsoe.eu,false,""
2024-01-27T22:00:00.000000,Spain,Spain,ES,92.78,127.32,80.4,51.77,entsoe.eu,false,""
2024-01-27T23:00:00.000000,Spain,Spain,ES,95.13,130.39,79.98,51.5,entsoe.eu,false,""
2024-01-28T00:00:00.000000,Spain,Spain,ES,92.9,128.16,80.64,52.17,entsoe.eu,false,""
2024-01-28T01:00:00.000000,Spain,Spain,ES,98.82,134.95,79.64,51.21,entsoe.eu,false,""
2024-01-28T02:00:00.000000,Spain,Spain,ES,102.5,139.3,78.95,50.12,entsoe.eu,false,""
2024-01-28T03:00:00.000000,Spain,Spain,ES,103.16,140.12,78.78,49.55,entsoe.eu,false,""
2024-01-28T04:00:00.000000,Spain,Spain,ES,103.98,141.4,78.53,48.77,entsoe.eu,false,""
2024-01-28T05:00:00.000000,Spain,Spain,ES,104.9,142.17,78.45,48.88,entsoe.eu,false,""
2024-01-28T06:00:00.000000,Spain,Spain,ES,100.21,136.19,79.55,50.55,entsoe.eu,false,""
2024-01-28T07:00:00.000000,Spain,Spain,ES,95.34,130.47,80.57,52.75,entsoe.eu,false,""
2024-01-28T08:00:00.000000,Spain,Spain,ES,78.68,111.59,84.04,58.22,entsoe.eu,false,""
2024-01-28T09:00:00.000000,Spain,Spain,ES,58.66,88.99,88.58,64.84,entsoe.eu,false,""
2024-01-28T10:00:00.000000,Spain,Spain,ES,53.49,84.13,89.36,67.11,entsoe.eu,false,""
2024-01-28T11:00:00.000000,Spain,Spain,ES,49.84,79.68,90.19,68.23,entsoe.eu,false,""
2024-01-28T12:00:00.000000,Spain,Spain,ES,50.89,81.03,89.94,68.03,entsoe.eu,false,""
2024-01-28T13:00:00.000000,Spain,Spain,ES,50.72,80.8,89.95,67.95,entsoe.eu,false,""
2024-01-28T14:00:00.000000,Spain,Spain,ES,53.21,83.68,89.44,66.81,entsoe.eu,false,""
2024-01-28T15:00:00.000000,Spain,Spain,ES,59.91,91.35,88.01,63.69,entsoe.eu,false,""
2024-01-28T16:00:00.000000,Spain,Spain,ES,76.46,110.38,84.21,57.27,entsoe.eu,false,""
2024-01-28T17:00:00.000000,Spain,Spain,ES,84.84,118.55,82.23,55.1,entsoe.eu,false,""
2024-01-28T18:00:00.000000,Spain,Spain,ES,80.62,112.58,83.15,56.76,entsoe.eu,false,""
2024-01-28T19:00:00.000000,Spain,Spain,ES,76.96,107.77,83.95,55.56,entsoe.eu,false,""
2024-01-28T20:00:00.000000,Spain,Spain,ES,76.58,107.18,84.02,54.01,entsoe.eu,false,""
2024-01-28T21:00:00.000000,Spain,Spain,ES,75.89,106.39,84.28,54.15,entsoe.eu,false,""
2024-01-28T22:00:00.000000,Spain,Spain,ES,83.54,116.21,82.59,53.85,entsoe.eu,false,""
2024-01-28T23:00:00.000000,Spain,Spain,ES,94.67,129.35,80.2,50.42,entsoe.eu,false,""
2024-01-29T00:00:00.000000,Spain,Spain,ES,94.11,128.58,80.34,50.75,entsoe.eu,false,""
2024-01-29T01:00:00.000000,Spain,Spain,ES,96.76,132.01,79.69,50.23,entsoe.eu,false,""
2024-01-29T02:00:00.000000,Spain,Spain,ES,100.28,135.79,79.23,49.48,entsoe.eu,false,""
2024-01-29T03:00:00.000000,Spain,Spain,ES,101.92,137.76,78.96,48.93,entsoe.eu,false,""
2024-01-29T04:00:00.000000,Spain,Spain,ES,108.09,145.41,77.61,47.61,entsoe.eu,false,""
2024-01-29T05:00:00.000000,Spain,Spain,ES,108.37,146.98,76.86,48.1,entsoe.eu,false,""
2024-01-29T06:00:00.000000,Spain,Spain,ES,111.11,150.28,76.14,50.07,entsoe.eu,false,""
2024-01-29T07:00:00.000000,Spain,Spain,ES,106.95,143.92,77.39,53.51,entsoe.eu,false,""
2024-01-29T08:00:00.000000,Spain,Spain,ES,101.43,136.69,79.16,54.28,entsoe.eu,false,""
2024-01-29T09:00:00.000000,Spain,Spain,ES,89.71,123.48,82.38,57.99,entsoe.eu,false,""
2024-01-29T10:00:00.000000,Spain,Spain,ES,84.43,118.41,83.71,59.72,entsoe.eu,false,""
2024-01-29T11:00:00.000000,Spain,Spain,ES,82.63,117.43,84.07,60.98,entsoe.eu,false,""
2024-01-29T12:00:00.000000,Spain,Spain,ES,83.54,119.41,83.91,61.09,entsoe.eu,false,""
2024-01-29T13:00:00.000000,Spain,Spain,ES,86.47,123.21,82.96,60.31,entsoe.eu,false,""
2024-01-29T14:00:00.000000,Spain,Spain,ES,91.07,128.5,81.61,59.26,entsoe.eu,false,""
2024-01-29T15:00:00.000000,Spain,Spain,ES,104.41,144.83,78.25,54.94,entsoe.eu,false,""
2024-01-29T16:00:00.000000,Spain,Spain,ES,121.49,165.17,73.99,49.89,entsoe.eu,false,""
2024-01-29T17:00:00.000000,Spain,Spain,ES,132.71,176.61,72.01,45.83,entsoe.eu,false,""
2024-01-29T18:00:00.000000,Spain,Spain,ES,132.95,175.44,72.39,44.58,entsoe.eu,false,""
2024-01-29T19:00:00.000000,Spain,Spain,ES,132.93,175.55,72.2,44.12,entsoe.eu,false,""
2024-01-29T20:00:00.000000,Spain,Spain,ES,133.02,176.43,71.67,43.17,entsoe.eu,false,""
2024-01-29T21:00:00.000000,Spain,Spain,ES,129.39,172.57,72.67,42.15,entsoe.eu,false,""
2024-01-29T22:00:00.000000,Spain,Spain,ES,124.2,165.94,74.38,40.98,entsoe.eu,false,""
2024-01-29T23:00:00.000000,Spain,Spain,ES,124.34,164.91,75.16,41.88,entsoe.eu,false,""
2024-01-30T00:00:00.000000,Spain,Spain,ES,123.7,163.69,75.89,42.73,entsoe.eu,false,""
2024-01-30T01:00:00.000000,Spain,Spain,ES,124.88,165.59,75.57,41.15,entsoe.eu,false,""
2024-01-30T02:00:00.000000,Spain,Spain,ES,121.38,161.42,76.23,39.82,entsoe.eu,false,""
2024-01-30T03:00:00.000000,Spain,Spain,ES,119.16,158.55,76.72,39.78,entsoe.eu,false,""
2024-01-30T04:00:00.000000,Spain,Spain,ES,126.83,167.98,75.18,40.46,entsoe.eu,false,""
2024-01-30T05:00:00.000000,Spain,Spain,ES,140.08,184.94,71.6,41.73,entsoe.eu,false,""
2024-01-30T06:00:00.000000,Spain,Spain,ES,136.64,180.52,71.81,42.5,entsoe.eu,false,""
2024-01-30T07:00:00.000000,Spain,Spain,ES,133.11,175.46,72.58,44.58,entsoe.eu,false,""
2024-01-30T08:00:00.000000,Spain,Spain,ES,127.3,168.18,74.31,46.5,entsoe.eu,false,""
2024-01-30T09:00:00.000000,Spain,Spain,ES,115.58,156.06,77.36,52.94,entsoe.eu,false,""
2024-01-30T10:00:00.000000,Spain,Spain,ES,107.94,147.82,79.1,57.17,entsoe.eu,false,""
2024-01-30T11:00:00.000000,Spain,Spain,ES,103.07,142.08,80.24,58.51,entsoe.eu,false,""
2024-01-30T12:00:00.000000,Spain,Spain,ES,100.57,139.2,80.8,59.21,entsoe.eu,false,""
2024-01-30T13:00:00.000000,Spain,Spain,ES,100.43,139.63,80.68,58.95,entsoe.eu,false,""
2024-01-30T14:00:00.000000,Spain,Spain,ES,103.26,143.9,79.78,57.8,entsoe.eu,false,""
2024-01-30T15:00:00.000000,Spain,Spain,ES,113.31,156.59,77.13,55.12,entsoe.eu,false,""
2024-01-30T16:00:00.000000,Spain,Spain,ES,135.84,183.21,71.74,49.03,entsoe.eu,false,""
2024-01-30T17:00:00.000000,Spain,Spain,ES,158.33,208.29,66.53,41.77,entsoe.eu,false,""
2024-01-30T18:00:00.000000,Spain,Spain,ES,152.29,199.61,67.93,41.09,entsoe.eu,false,""
2024-01-30T19:00:00.000000,Spain,Spain,ES,145.89,191.73,69.21,41.28,entsoe.eu,false,""
2024-01-30T20:00:00.000000,Spain,Spain,ES,141.49,186.95,69.76,41.63,entsoe.eu,false,""
2024-01-30T21:00:00.000000,Spain,Spain,ES,141.84,187.93,69.75,41.09,entsoe.eu,false,""
2024-01-30T22:00:00.000000,Spain,Spain,ES,137.19,181.95,71.3,40.67,entsoe.eu,false,""
2024-01-30T23:00:00.000000,Spain,Spain,ES,136.86,181.78,71.69,40.46,entsoe.eu,false,""
2024-01-31T00:00:00.000000,Spain,Spain,ES,134.54,178.47,72.91,42.93,entsoe.eu,false,""
2024-01-31T01:00:00.000000,Spain,Spain,ES,135.17,179.19,73.12,42.17,entsoe.eu,false,""
2024-01-31T02:00:00.000000,Spain,Spain,ES,134.04,178.09,73.4,42.08,entsoe.eu,false,""
2024-01-31T03:00:00.000000,Spain,Spain,ES,133.68,177.23,73.73,42.24,entsoe.eu,false,""
2024-01-31T04:00:00.000000,Spain,Spain,ES,136.09,180.67,72.75,42.47,entsoe.eu,false,""
2024-01-31T05:00:00.000000,Spain,Spain,ES,138.43,183.72,71.5,44.43,entsoe.eu,false,""
2024-01-31T06:00:00.000000,Spain,Spain,ES,144.35,190.62,69.83,44.78,entsoe.eu,false,""
2024-01-31T07:00:00.000000,Spain,Spain,ES,151.66,198.66,68.4,44.09,entsoe.eu,false,""
2024-01-31T08:00:00.000000,Spain,Spain,ES,145.63,191.69,69.9,46.99,entsoe.eu,false,""
2024-01-31T09:00:00.000000,Spain,Spain,ES,125.18,168.41,74.75,53.13,entsoe.eu,false,""
2024-01-31T10:00:00.000000,Spain,Spain,ES,109.92,151.14,78.35,57.19,entsoe.eu,false,""
2024-01-31T11:00:00.000000,Spain,Spain,ES,104.79,145.2,79.71,58.47,entsoe.eu,false,""
2024-01-31T12:00:00.000000,Spain,Spain,ES,100.54,140.15,80.82,59.76,entsoe.eu,false,""
2024-01-31T13:00:00.000000,Spain,Spain,ES,96.85,136.21,81.49,60.56,entsoe.eu,false,""
2024-01-31T14:00:00.000000,Spain,Spain,ES,94.23,133.69,81.66,60.88,entsoe.eu,false,""
2024-01-31T15:00:00.000000,Spain,Spain,ES,98.48,139.08,80.45,59.71,entsoe.eu,false,""
2024-01-31T16:00:00.000000,Spain,Spain,ES,124.21,169.45,74.58,52.03,entsoe.eu,false,""
2024-01-31T17:00:00.000000,Spain,Spain,ES,147.48,195.43,68.86,42.94,entsoe.eu,false,""
2024-01-31T18:00:00.000000,Spain,Spain,ES,147.03,193.88,68.89,41.75,entsoe.eu,false,""
2024-01-31T19:00:00.000000,Spain,Spain,ES,144.09,189.46,69.92,42.24,entsoe.eu,false,""
2024-01-31T20:00:00.000000,Spain,Spain,ES,139.09,183.42,70.99,42.85,entsoe.eu,false,""
2024-01-31T21:00:00.000000,Spain,Spain,ES,131.67,175.12,72.32,42.9,entsoe.eu,false,""
2024-01-31T22:00:00.000000,Spain,Spain,ES,124.91,166.93,74.16,41.65,entsoe.eu,false,""
2024-01-31T23:00:00.000000,Spain,Spain,ES,112.56,151.51,77.34,42.26,entsoe.eu,false,""
2024-02-01T00:00:00.000000,Spain,Spain,ES,108.06,146.0,78.46,42.86,entsoe.eu,false,""
2024-02-01T01:00:00.000000,Spain,Spain,ES,105.85,143.34,79.1,42.64,entsoe.eu,false,""
2024-02-01T02:00:00.000000,Spain,Spain,ES,105.24,142.61,79.29,42.16,entsoe.eu,false,""
2024-02-01T03:00:00.000000,Spain,Spain,ES,103.54,140.48,79.67,42.87,entsoe.eu,false,""
2024-02-01T04:00:00.000000,Spain,Spain,ES,105.85,143.4,79.22,45.49,entsoe.eu,false,""
2024-02-01T05:00:00.000000,Spain,Spain,ES,115.75,156.48,76.51,48.45,entsoe.eu,false,""
2024-02-01T06:00:00.000000,Spain,Spain,ES,113.58,153.04,77.05,52.07,entsoe.eu,false,""
2024-02-01T07:00:00.000000,Spain,Spain,ES,115.91,154.79,76.92,52.67,entsoe.eu,false,""
2024-02-01T08:00:00.000000,Spain,Spain,ES,110.89,149.09,78.29,56.04,entsoe.eu,false,""
2024-02-01T09:00:00.000000,Spain,Spain,ES,88.41,123.7,83.62,63.01,entsoe.eu,false,""
2024-02-01T10:00:00.000000,Spain,Spain,ES,78.12,112.47,85.87,66.21,entsoe.eu,false,""
2024-02-01T11:00:00.000000,Spain,Spain,ES,75.84,110.08,86.3,67.17,entsoe.eu,false,""
2024-02-01T12:00:00.000000,Spain,Spain,ES,75.89,110.27,86.25,67.29,entsoe.eu,false,""
2024-02-01T13:00:00.000000,Spain,Spain,ES,70.22,103.92,87.12,68.04,entsoe.eu,false,""
2024-02-01T14:00:00.000000,Spain,Spain,ES,62.86,96.03,87.74,68.67,entsoe.eu,false,""
2024-02-01T15:00:00.000000,Spain,Spain,ES,70.28,105.1,85.74,66.67,entsoe.eu,false,""
2024-02-01T16:00:00.000000,Spain,Spain,ES,93.5,132.18,80.32,59.8,entsoe.eu,false,""
2024-02-01T17:00:00.000000,Spain,Spain,ES,110.23,150.28,76.36,53.45,entsoe.eu,false,""
2024-02-01T18:00:00.000000,Spain,Spain,ES,110.16,148.85,76.42,53.65,entsoe.eu,false,""
2024-02-01T19:00:00.000000,Spain,Spain,ES,104.01,141.03,77.93,51.97,entsoe.eu,false,""
2024-02-01T20:00:00.000000,Spain,Spain,ES,101.81,139.11,78.02,51.85,entsoe.eu,false,""
2024-02-01T21:00:00.000000,Spain,Spain,ES,96.95,133.92,79.02,54.74,entsoe.eu,false,""
2024-02-01T22:00:00.000000,Spain,Spain,ES,85.7,120.11,81.88,57.39,entsoe.eu,false,""
2024-02-01T23:00:00.000000,Spain,Spain,ES,80.45,113.41,83.15,57.84,entsoe.eu,false,""
2024-02-02T00:00:00.000000,Spain,Spain,ES,75.81,107.86,84.43,57.89,entsoe.eu,false,""
2024-02-02T01:00:00.000000,Spain,Spain,ES,80.23,113.55,83.62,55.95,entsoe.eu,false,""
2024-02-02T02:00:00.000000,Spain,Spain,ES,85.55,120.39,82.44,54.11,entsoe.eu,false,""
2024-02-02T03:00:00.000000,Spain,Spain,ES,86.25,120.82,82.52,54.42,entsoe.eu,false,""
2024-02-02T04:00:00.000000,Spain,Spain,ES,86.92,121.53,82.31,54.71,entsoe.eu,false,""
2024-02-02T05:00:00.000000,Spain,Spain,ES,85.53,119.62,82.41,56.44,entsoe.eu,false,""
2024-02-02T06:00:00.000000,Spain,Spain,ES,84.07,117.99,82.4,59.27,entsoe.eu,false,""
2024-02-02T07:00:00.000000,Spain,Spain,ES,84.47,117.39,82.61,60.37,entsoe.eu,false,""
2024-02-02T08:00:00.000000,Spain,Spain,ES,79.49,112.36,84.06,62.91,entsoe.eu,false,""
2024-02-02T09:00:00.000000,Spain,Spain,ES,64.41,96.07,87.86,68.11,entsoe.eu,false,""
2024-02-02T10:00:00.000000,Spain,Spain,ES,54.93,85.31,90.14,70.87,entsoe.eu,false,""
2024-02-02T11:00:00.000000,Spain,Spain,ES,53.8,84.35,90.43,71.0,entsoe.eu,false,""
2024-02-02T12:00:00.000000,Spain,Spain,ES,58.07,89.75,89.45,69.84,entsoe.eu,false,""
2024-02-02T13:00:00.000000,Spain,Spain,ES,57.47,89.3,89.48,69.28,entsoe.eu,false,""
2024-02-02T14:00:00.000000,Spain,Spain,ES,56.28,88.41,89.4,68.85,entsoe.eu,false,""
2024-02-02T15:00:00.000000,Spain,Spain,ES,66.42,101.07,86.8,66.34,entsoe.eu,false,""
2024-02-02T16:00:00.000000,Spain,Spain,ES,87.6,125.61,81.97,59.58,entsoe.eu,false,""
2024-02-02T17:00:00.000000,Spain,Spain,ES,110.98,150.98,76.66,51.9,entsoe.eu,false,""
2024-02-02T18:00:00.000000,Spain,Spain,ES,105.46,142.57,77.89,52.06,entsoe.eu,false,""
2024-02-02T19:00:00.000000,Spain,Spain,ES,93.12,127.24,80.71,52.93,entsoe.eu,false,""
2024-02-02T20:00:00.000000,Spain,Spain,ES,87.49,121.43,81.48,51.99,entsoe.eu,false,""
2024-02-02T21:00:00.000000,Spain,Spain,ES,87.84,122.6,81.24,51.31,entsoe.eu,false,""
2024-02-02T22:00:00.000000,Spain,Spain,ES,81.93,115.43,82.81,50.9,entsoe.eu,false,""
2024-02-02T23:00:00.000000,Spain,Spain,ES,79.96,113.1,83.52,47.31,entsoe.eu,false,""
2024-02-03T00:00:00.000000,Spain,Spain,ES,80.24,114.23,83.55,46.06,entsoe.eu,false,""
2024-02-03T01:00:00.000000,Spain,Spain,ES,87.93,123.44,82.04,43.92,entsoe.eu,false,""
2024-02-03T02:00:00.000000,Spain,Spain,ES,93.39,129.72,81.07,42.02,entsoe.eu,false,""
2024-02-03T03:00:00.000000,Spain,Spain,ES,95.29,131.71,80.87,40.99,entsoe.eu,false,""
2024-02-03T04:00:00.000000,Spain,Spain,ES,98.29,135.47,80.26,40.01,entsoe.eu,false,""
2024-02-03T05:00:00.000000,Spain,Spain,ES,96.12,133.47,80.54,40.24,entsoe.eu,false,""
2024-02-03T06:00:00.000000,Spain,Spain,ES,93.64,131.55,80.51,41.55,entsoe.eu,false,""
2024-02-03T07:00:00.000000,Spain,Spain,ES,84.91,120.42,82.44,44.49,entsoe.eu,false,""
2024-02-03T08:00:00.000000,Spain,Spain,ES,74.63,108.89,84.76,50.58,entsoe.eu,false,""
2024-02-03T09:00:00.000000,Spain,Spain,ES,67.2,101.53,86.76,60.0,entsoe.eu,false,""
2024-02-03T10:00:00.000000,Spain,Spain,ES,56.0,88.77,89.36,65.49,entsoe.eu,false,""
2024-02-03T11:00:00.000000,Spain,Spain,ES,54.67,87.49,89.42,65.85,entsoe.eu,false,""
2024-02-03T12:00:00.000000,Spain,Spain,ES,50.6,82.66,89.97,64.06,entsoe.eu,false,""
2024-02-03T13:00:00.000000,Spain,Spain,ES,51.6,84.06,89.73,64.59,entsoe.eu,false,""
2024-02-03T14:00:00.000000,Spain,Spain,ES,55.43,89.1,88.81,66.1,entsoe.eu,false,""
2024-02-03T15:00:00.000000,Spain,Spain,ES,61.34,96.36,87.43,64.48,entsoe.eu,false,""
2024-02-03T16:00:00.000000,Spain,Spain,ES,82.15,120.83,82.73,56.63,entsoe.eu,false,""
2024-02-03T17:00:00.000000,Spain,Spain,ES,114.94,158.28,74.99,45.05,entsoe.eu,false,""
2024-02-03T18:00:00.000000,Spain,Spain,ES,116.08,157.68,74.66,43.12,entsoe.eu,false,""
2024-02-03T19:00:00.000000,Spain,Spain,ES,108.87,147.95,76.41,43.45,entsoe.eu,false,""
2024-02-03T20:00:00.000000,Spain,Spain,ES,106.55,144.99,76.93,43.42,entsoe.eu,false,""
2024-02-03T21:00:00.000000,Spain,Spain,ES,111.91,152.4,75.69,41.32,entsoe.eu,false,""
2024-02-03T22:00:00.000000,Spain,Spain,ES,113.67,154.86,75.44,38.55,entsoe.eu,false,""
2024-02-03T23:00:00.000000,Spain,Spain,ES,111.45,152.78,76.06,36.55,entsoe.eu,false,""
2024-02-04T00:00:00.000000,Spain,Spain,ES,109.29,150.37,76.69,35.84,entsoe.eu,false,""
2024-02-04T01:00:00.000000,Spain,Spain,ES,118.49,161.36,74.99,33.51,entsoe.eu,false,""
2024-02-04T02:00:00.000000,Spain,Spain,ES,130.79,176.15,72.51,30.94,entsoe.eu,false,""
2024-02-04T03:00:00.000000,Spain,Spain,ES,134.69,180.58,71.73,29.73,entsoe.eu,false,""
2024-02-04T04:00:00.000000,Spain,Spain,ES,133.76,180.18,71.54,29.92,entsoe.eu,false,""
2024-02-04T05:00:00.000000,Spain,Spain,ES,136.84,184.09,70.66,29.14,entsoe.eu,false,""
2024-02-04T06:00:00.000000,Spain,Spain,ES,141.46,189.59,69.66,28.94,entsoe.eu,false,""
2024-02-04T07:00:00.000000,Spain,Spain,ES,142.81,191.9,68.94,29.15,entsoe.eu,false,""
2024-02-04T08:00:00.000000,Spain,Spain,ES,114.69,159.17,74.95,39.65,entsoe.eu,false,""
2024-02-04T09:00:00.000000,Spain,Spain,ES,71.25,107.31,85.24,55.05,entsoe.eu,false,""
2024-02-04T10:00:00.000000,Spain,Spain,ES,55.85,88.3,89.23,60.94,entsoe.eu,false,""
2024-02-04T11:00:00.000000,Spain,Spain,ES,54.92,87.44,89.41,61.49,entsoe.eu,false,""
2024-02-04T12:00:00.000000,Spain,Spain,ES,54.41,87.3,89.22,61.62,entsoe.eu,false,""
2024-02-04T13:00:00.000000,Spain,Spain,ES,55.37,88.68,88.85,61.4,entsoe.eu,false,""
2024-02-04T14:00:00.000000,Spain,Spain,ES,56.99,90.88,88.55,62.32,entsoe.eu,false,""
2024-02-04T15:00:00.000000,Spain,Spain,ES,62.29,97.15,87.32,60.01,entsoe.eu,false,""
2024-02-04T16:00:00.000000,Spain,Spain,ES,81.12,119.17,82.96,51.23,entsoe.eu,false,""
2024-02-04T17:00:00.000000,Spain,Spain,ES,114.52,157.24,75.31,39.45,entsoe.eu,false,""
2024-02-04T18:00:00.000000,Spain,Spain,ES,121.43,164.39,73.38,39.51,entsoe.eu,false,""
2024-02-04T19:00:00.000000,Spain,Spain,ES,120.59,162.64,73.57,40.31,entsoe.eu,false,""
2024-02-04T20:00:00.000000,Spain,Spain,ES,121.02,163.15,73.46,39.62,entsoe.eu,false,""
2024-02-04T21:00:00.000000,Spain,Spain,ES,125.58,169.17,72.54,37.75,entsoe.eu,false,""
2024-02-04T22:00:00.000000,Spain,Spain,ES,130.21,175.24,71.63,33.64,entsoe.eu,false,""
2024-02-04T23:00:00.000000,Spain,Spain,ES,136.21,182.09,71.07,31.64,entsoe.eu,false,""
2024-02-05T00:00:00.000000,Spain,Spain,ES,136.32,182.7,71.26,30.1,entsoe.eu,false,""
2024-02-05T01:00:00.000000,Spain,Spain,ES,142.59,190.88,69.75,27.79,entsoe.eu,false,""
2024-02-05T02:00:00.000000,Spain,Spain,ES,143.17,191.71,69.62,26.72,entsoe.eu,false,""
2024-02-05T03:00:00.000000,Spain,Spain,ES,143.74,192.51,69.39,26.61,entsoe.eu,false,""
2024-02-05T04:00:00.000000,Spain,Spain,ES,141.83,190.15,69.85,27.09,entsoe.eu,false,""
2024-02-05T05:00:00.000000,Spain,Spain,ES,141.69,189.98,69.52,30.57,entsoe.eu,false,""
2024-02-05T06:00:00.000000,Spain,Spain,ES,141.41,189.76,68.68,36.46,entsoe.eu,false,""
2024-02-05T07:00:00.000000,Spain,Spain,ES,142.93,191.36,68.05,38.13,entsoe.eu,false,""
2024-02-05T08:00:00.000000,Spain,Spain,ES,127.1,173.17,71.67,43.66,entsoe.eu,false,""
2024-02-05T09:00:00.000000,Spain,Spain,ES,107.43,150.36,76.73,51.93,entsoe.eu,false,""
2024-02-05T10:00:00.000000,Spain,Spain,ES,94.33,134.74,80.34,56.26,entsoe.eu,false,""
2024-02-05T11:00:00.000000,Spain,Spain,ES,85.39,123.5,82.85,57.83,entsoe.eu,false,""
2024-02-05T12:00:00.000000,Spain,Spain,ES,83.19,120.82,83.36,57.2,entsoe.eu,false,""
2024-02-05T13:00:00.000000,Spain,Spain,ES,84.34,122.49,83.06,56.89,entsoe.eu,false,""
2024-02-05T14:00:00.000000,Spain,Spain,ES,89.88,129.3,81.81,56.57,entsoe.eu,false,""
2024-02-05T15:00:00.000000,Spain,Spain,ES,108.8,152.06,77.12,51.58,entsoe.eu,false,""
2024-02-05T16:00:00.000000,Spain,Spain,ES,149.66,201.0,67.21,41.58,entsoe.eu,false,""
2024-02-05T17:00:00.000000,Spain,Spain,ES,163.82,217.18,63.51,36.25,entsoe.eu,false,""
2024-02-05T18:00:00.000000,Spain,Spain,ES,166.53,220.3,62.55,34.7,entsoe.eu,false,""
2024-02-05T19:00:00.000000,Spain,Spain,ES,163.19,216.35,63.02,35.01,entsoe.eu,false,""
2024-02-05T20:00:00.000000,Spain,Spain,ES,159.71,212.01,63.75,35.24,entsoe.eu,false,""
2024-02-05T21:00:00.000000,Spain,Spain,ES,149.97,199.8,66.32,35.39,entsoe.eu,false,""
2024-02-05T22:00:00.000000,Spain,Spain,ES,136.37,182.72,69.86,35.77,entsoe.eu,false,""
2024-02-05T23:00:00.000000,Spain,Spain,ES,126.83,170.83,72.48,36.13,entsoe.eu,false,""
2024-02-06T00:00:00.000000,Spain,Spain,ES,121.83,164.55,74.2,36.65,entsoe.eu,false,""
2024-02-06T01:00:00.000000,Spain,Spain,ES,124.61,167.99,73.73,35.7,entsoe.eu,false,""
2024-02-06T02:00:00.000000,Spain,Spain,ES,119.92,162.41,74.75,36.17,entsoe.eu,false,""
2024-02-06T03:00:00.000000,Spain,Spain,ES,116.87,157.99,75.72,37.19,entsoe.eu,false,""
2024-02-06T04:00:00.000000,Spain,Spain,ES,117.36,158.41,75.63,37.21,entsoe.eu,false,""
2024-02-06T05:00:00.000000,Spain,Spain,ES,117.94,159.64,74.99,38.03,entsoe.eu,false,""
2024-02-06T06:00:00.000000,Spain,Spain,ES,116.64,158.18,74.66,41.88,entsoe.eu,false,""
2024-02-06T07:00:00.000000,Spain,Spain,ES,113.29,153.8,75.16,44.74,entsoe.eu,false,""
2024-02-06T08:00:00.000000,Spain,Spain,ES,107.39,147.03,76.54,46.53,entsoe.eu,false,""
2024-02-06T09:00:00.000000,Spain,Spain,ES,94.95,132.59,79.86,50.56,entsoe.eu,false,""
2024-02-06T10:00:00.000000,Spain,Spain,ES,78.88,113.61,84.17,56.01,entsoe.eu,false,""
2024-02-06T11:00:00.000000,Spain,Spain,ES,63.39,95.65,87.9,60.15,entsoe.eu,false,""
2024-02-06T12:00:00.000000,Spain,Spain,ES,58.99,89.76,89.3,62.86,entsoe.eu,false,""
2024-02-06T13:00:00.000000,Spain,Spain,ES,54.59,84.44,90.17,64.62,entsoe.eu,false,""
2024-02-06T14:00:00.000000,Spain,Spain,ES,59.12,89.81,89.51,65.97,entsoe.eu,false,""
2024-02-06T15:00:00.000000,Spain,Spain,ES,67.27,99.5,87.41,63.61,entsoe.eu,false,""
2024-02-06T16:00:00.000000,Spain,Spain,ES,80.58,115.27,83.92,57.64,entsoe.eu,false,""
2024-02-06T17:00:00.000000,Spain,Spain,ES,103.44,140.86,78.45,49.48,entsoe.eu,false,""
2024-02-06T18:00:00.000000,Spain,Spain,ES,101.67,137.76,78.28,50.19,entsoe.eu,false,""
2024-02-06T19:00:00.000000,Spain,Spain,ES,94.15,128.89,79.63,52.13,entsoe.eu,false,""
2024-02-06T20:00:00.000000,Spain,Spain,ES,90.71,124.99,80.38,53.32,entsoe.eu,false,""
2024-02-06T21:00:00.000000,Spain,Spain,ES,78.95,110.84,83.35,54.85,entsoe.eu,false,""
2024-02-06T22:00:00.000000,Spain,Spain,ES,71.56,101.41,85.56,55.78,entsoe.eu,false,""
2024-02-06T23:00:00.000000,Spain,Spain,ES,77.06,107.84,84.57,54.27,entsoe.eu,false,""
2024-02-07T00:00:00.000000,Spain,Spain,ES,75.93,106.39,84.79,53.64,entsoe.eu,false,""
2024-02-07T01:00:00.000000,Spain,Spain,ES,73.75,103.72,85.22,53.52,entsoe.eu,false,""
2024-02-07T02:00:00.000000,Spain,Spain,ES,68.55,97.9,86.02,54.35,entsoe.eu,false,""
2024-02-07T03:00:00.000000,Spain,Spain,ES,67.3,96.4,86.24,54.57,entsoe.eu,false,""
2024-02-07T04:00:00.000000,Spain,Spain,ES,65.55,94.21,86.7,55.14,entsoe.eu,false,""
2024-02-07T05:00:00.000000,Spain,Spain,ES,74.68,105.0,84.98,57.16,entsoe.eu,false,""
2024-02-07T06:00:00.000000,Spain,Spain,ES,80.63,113.12,82.95,58.86,entsoe.eu,false,""
2024-02-07T07:00:00.000000,Spain,Spain,ES,82.37,114.67,82.55,60.16,entsoe.eu,false,""
2024-02-07T08:00:00.000000,Spain,Spain,ES,77.08,108.72,83.79,61.88,entsoe.eu,false,""
2024-02-07T09:00:00.000000,Spain,Spain,ES,64.03,93.49,87.13,65.2,entsoe.eu,false,""
2024-02-07T10:00:00.000000,Spain,Spain,ES,56.11,83.76,89.39,67.95,entsoe.eu,false,""
2024-02-07T11:00:00.000000,Spain,Spain,ES,54.3,81.6,90.13,69.15,entsoe.eu,false,""
2024-02-07T12:00:00.000000,Spain,Spain,ES,53.11,80.4,90.53,70.03,entsoe.eu,false,""
2024-02-07T13:00:00.000000,Spain,Spain,ES,51.69,78.68,90.79,70.86,entsoe.eu,false,""
2024-02-07T14:00:00.000000,Spain,Spain,ES,52.98,79.49,90.73,70.84,entsoe.eu,false,""
2024-02-07T15:00:00.000000,Spain,Spain,ES,54.38,80.88,90.29,69.69,entsoe.eu,false,""
2024-02-07T16:00:00.000000,Spain,Spain,ES,62.93,90.74,88.01,66.66,entsoe.eu,false,""
2024-02-07T17:00:00.000000,Spain,Spain,ES,76.49,106.82,84.34,62.27,entsoe.eu,false,""
2024-02-07T18:00:00.000000,Spain,Spain,ES,80.74,112.41,82.8,61.94,entsoe.eu,false,""
2024-02-07T19:00:00.000000,Spain,Spain,ES,84.17,116.85,81.75,61.46,entsoe.eu,false,""
2024-02-07T20:00:00.000000,Spain,Spain,ES,81.92,114.2,82.31,61.7,entsoe.eu,false,""
2024-02-07T21:00:00.000000,Spain,Spain,ES,75.4,106.27,84.0,62.22,entsoe.eu,false,""
2024-02-07T22:00:00.000000,Spain,Spain,ES,65.46,93.66,86.63,62.81,entsoe.eu,false,""
2024-02-07T23:00:00.000000,Spain,Spain,ES,65.76,94.28,86.72,62.02,entsoe.eu,false,""
2024-02-08T00:00:00.000000,Spain,Spain,ES,65.45,93.87,86.86,61.98,entsoe.eu,false,""
2024-02-08T01:00:00.000000,Spain,Spain,ES,64.29,92.8,86.91,62.3,entsoe.eu,false,""
2024-02-08T02:00:00.000000,Spain,Spain,ES,67.83,96.81,86.08,61.5,entsoe.eu,false,""
2024-02-08T03:00:00.000000,Spain,Spain,ES,67.96,96.94,86.05,61.08,entsoe.eu,false,""
2024-02-08T04:00:00.000000,Spain,Spain,ES,70.89,100.77,85.46,60.13,entsoe.eu,false,""
2024-02-08T05:00:00.000000,Spain,Spain,ES,69.61,99.37,85.71,60.45,entsoe.eu,false,""
2024-02-08T06:00:00.000000,Spain,Spain,ES,71.64,101.53,85.05,61.71,entsoe.eu,false,""
2024-02-08T07:00:00.000000,Spain,Spain,ES,70.41,99.56,85.27,63.22,entsoe.eu,false,""
2024-02-08T08:00:00.000000,Spain,Spain,ES,66.63,95.41,86.22,64.38,entsoe.eu,false,""
2024-02-08T09:00:00.000000,Spain,Spain,ES,57.79,85.37,88.54,67.39,entsoe.eu,false,""
2024-02-08T10:00:00.000000,Spain,Spain,ES,53.01,79.31,90.12,69.05,entsoe.eu,false,""
2024-02-08T11:00:00.000000,Spain,Spain,ES,55.82,81.92,89.86,68.34,entsoe.eu,false,""
2024-02-08T12:00:00.000000,Spain,Spain,ES,62.45,89.92,88.4,67.2,entsoe.eu,false,""
2024-02-08T13:00:00.000000,Spain,Spain,ES,64.1,92.49,87.92,67.19,entsoe.eu,false,""
2024-02-08T14:00:00.000000,Spain,Spain,ES,72.64,102.32,86.11,64.81,entsoe.eu,false,""
2024-02-08T15:00:00.000000,Spain,Spain,ES,76.12,105.3,85.29,62.85,entsoe.eu,false,""
2024-02-08T16:00:00.000000,Spain,Spain,ES,79.74,109.6,84.06,61.74,entsoe.eu,false,""
2024-02-08T17:00:00.000000,Spain,Spain,ES,78.23,108.19,83.93,62.16,entsoe.eu,false,""
2024-02-08T18:00:00.000000,Spain,Spain,ES,74.09,103.79,84.34,63.94,entsoe.eu,false,""
2024-02-08T19:00:00.000000,Spain,Spain,ES,66.35,94.28,86.02,65.85,entsoe.eu,false,""
2024-02-08T20:00:00.000000,Spain,Spain,ES,68.9,97.71,85.39,65.23,entsoe.eu,false,""
2024-02-08T21:00:00.000000,Spain,Spain,ES,63.11,90.68,86.87,65.79,entsoe.eu,false,""
2024-02-08T22:00:00.000000,Spain,Spain,ES,55.46,81.3,88.83,66.62,entsoe.eu,false,""
2024-02-08T23:00:00.000000,Spain,Spain,ES,52.16,77.15,89.67,66.26,entsoe.eu,false,""
2024-02-09T00:00:00.000000,Spain,Spain,ES,55.41,81.29,88.9,65.03,entsoe.eu,false,""
2024-02-09T01:00:00.000000,Spain,Spain,ES,56.9,83.19,88.55,64.25,entsoe.eu,false,""
2024-02-09T02:00:00.000000,Spain,Spain,ES,56.09,82.0,88.73,62.4,entsoe.eu,false,""
2024-02-09T03:00:00.000000,Spain,Spain,ES,54.61,80.18,89.09,61.41,entsoe.eu,false,""
2024-02-09T04:00:00.000000,Spain,Spain,ES,54.35,79.84,89.17,61.96,entsoe.eu,false,""
2024-02-09T05:00:00.000000,Spain,Spain,ES,57.65,84.02,88.47,63.09,entsoe.eu,false,""
2024-02-09T06:00:00.000000,Spain,Spain,ES,62.15,89.89,87.3,64.28,entsoe.eu,false,""
2024-02-09T07:00:00.000000,Spain,Spain,ES,64.42,92.02,86.67,64.68,entsoe.eu,false,""
2024-02-09T08:00:00.000000,Spain,Spain,ES,60.46,86.8,87.67,65.77,entsoe.eu,false,""
2024-02-09T09:00:00.000000,Spain,Spain,ES,62.01,88.79,87.61,66.0,entsoe.eu,false,""
2024-02-09T10:00:00.000000,Spain,Spain,ES,65.41,93.41,87.1,65.99,entsoe.eu,false,""
2024-02-09T11:00:00.000000,Spain,Spain,ES,68.57,97.16,86.72,65.41,entsoe.eu,false,""
2024-02-09T12:00:00.000000,Spain,Spain,ES,73.54,103.37,85.6,64.06,entsoe.eu,false,""
2024-02-09T13:00:00.000000,Spain,Spain,ES,84.43,117.25,82.89,61.02,entsoe.eu,false,""
2024-02-09T14:00:00.000000,Spain,Spain,ES,84.95,118.45,82.58,60.73,entsoe.eu,false,""
2024-02-09T15:00:00.000000,Spain,Spain,ES,79.92,112.11,83.83,61.78,entsoe.eu,false,""
2024-02-09T16:00:00.000000,Spain,Spain,ES,80.79,113.14,83.56,61.65,entsoe.eu,false,""
2024-02-09T17:00:00.000000,Spain,Spain,ES,78.66,110.3,83.78,62.24,entsoe.eu,false,""
2024-02-09T18:00:00.000000,Spain,Spain,ES,69.19,98.73,85.47,65.19,entsoe.eu,false,""
2024-02-09T19:00:00.000000,Spain,Spain,ES,64.8,93.55,86.32,66.47,entsoe.eu,false,""
2024-02-09T20:00:00.000000,Spain,Spain,ES,63.9,92.44,86.55,66.57,entsoe.eu,false,""
2024-02-09T21:00:00.000000,Spain,Spain,ES,52.62,78.05,89.45,68.11,entsoe.eu,false,""
2024-02-09T22:00:00.000000,Spain,Spain,ES,46.15,69.61,91.24,68.59,entsoe.eu,false,""
2024-02-09T23:00:00.000000,Spain,Spain,ES,43.57,66.04,91.84,68.99,entsoe.eu,false,""
2024-02-10T00:00:00.000000,Spain,Spain,ES,42.7,64.82,91.95,69.28,entsoe.eu,false,""
2024-02-10T01:00:00.000000,Spain,Spain,ES,45.23,67.76,91.42,68.64,entsoe.eu,false,""
2024-02-10T02:00:00.000000,Spain,Spain,ES,43.05,65.01,91.97,69.48,entsoe.eu,false,""
2024-02-10T03:00:00.000000,Spain,Spain,ES,42.55,64.42,92.09,69.61,entsoe.eu,false,""
2024-02-10T04:00:00.000000,Spain,Spain,ES,43.2,65.21,91.93,69.61,entsoe.eu,false,""
2024-02-10T05:00:00.000000,Spain,Spain,ES,42.46,64.33,92.06,70.04,entsoe.eu,false,""
2024-02-10T06:00:00.000000,Spain,Spain,ES,42.96,64.97,91.86,70.47,entsoe.eu,false,""
2024-02-10T07:00:00.000000,Spain,Spain,ES,40.36,61.76,92.42,71.47,entsoe.eu,false,""
2024-02-10T08:00:00.000000,Spain,Spain,ES,39.15,61.45,92.57,72.95,entsoe.eu,false,""
2024-02-10T09:00:00.000000,Spain,Spain,ES,38.93,63.03,92.51,73.98,entsoe.eu,false,""
2024-02-10T10:00:00.000000,Spain,Spain,ES,39.76,64.38,92.67,74.55,entsoe.eu,false,""
2024-02-10T11:00:00.000000,Spain,Spain,ES,40.13,65.04,92.4,74.37,entsoe.eu,false,""
2024-02-10T12:00:00.000000,Spain,Spain,ES,36.55,60.96,93.02,75.21,entsoe.eu,false,""
2024-02-10T13:00:00.000000,Spain,Spain,ES,36.58,60.97,93.02,75.11,entsoe.eu,false,""
2024-02-10T14:00:00.000000,Spain,Spain,ES,37.26,61.57,92.9,74.52,entsoe.eu,false,""
2024-02-10T15:00:00.000000,Spain,Spain,ES,36.07,60.04,93.25,74.35,entsoe.eu,false,""
2024-02-10T16:00:00.000000,Spain,Spain,ES,38.07,61.59,92.81,73.5,entsoe.eu,false,""
2024-02-10T17:00:00.000000,Spain,Spain,ES,43.03,65.74,91.63,71.99,entsoe.eu,false,""
2024-02-10T18:00:00.000000,Spain,Spain,ES,45.97,68.24,91.06,70.44,entsoe.eu,false,""
2024-02-10T19:00:00.000000,Spain,Spain,ES,43.47,64.65,91.71,71.02,entsoe.eu,false,""
2024-02-10T20:00:00.000000,Spain,Spain,ES,41.12,61.86,92.27,71.57,entsoe.eu,false,""
2024-02-10T21:00:00.000000,Spain,Spain,ES,42.53,63.83,91.96,70.78,entsoe.eu,false,""
2024-02-10T22:00:00.000000,Spain,Spain,ES,46.67,69.54,90.95,69.56,entsoe.eu,false,""
2024-02-10T23:00:00.000000,Spain,Spain,ES,53.69,78.36,89.34,67.68,entsoe.eu,false,""
2024-02-11T00:00:00.000000,Spain,Spain,ES,63.58,90.56,87.13,65.4,entsoe.eu,false,""
2024-02-11T01:00:00.000000,Spain,Spain,ES,61.11,87.53,87.74,65.58,entsoe.eu,false,""
2024-02-11T02:00:00.000000,Spain,Spain,ES,62.84,89.69,87.33,65.04,entsoe.eu,false,""
2024-02-11T03:00:00.000000,Spain,Spain,ES,63.73,90.9,87.08,63.93,entsoe.eu,false,""
2024-02-11T04:00:00.000000,Spain,Spain,ES,65.93,93.85,86.52,62.47,entsoe.eu,false,""
2024-02-11T05:00:00.000000,Spain,Spain,ES,69.45,98.24,85.75,61.05,entsoe.eu,false,""
2024-02-11T06:00:00.000000,Spain,Spain,ES,73.76,103.57,84.86,59.52,entsoe.eu,false,""
2024-02-11T07:00:00.000000,Spain,Spain,ES,73.28,102.86,85.08,59.37,entsoe.eu,false,""
2024-02-11T08:00:00.000000,Spain,Spain,ES,65.82,94.54,86.7,61.49,entsoe.eu,false,""
2024-02-11T09:00:00.000000,Spain,Spain,ES,54.02,80.52,89.46,65.36,entsoe.eu,false,""
2024-02-11T10:00:00.000000,Spain,Spain,ES,51.11,77.03,90.11,66.52,entsoe.eu,false,""
2024-02-11T11:00:00.000000,Spain,Spain,ES,46.35,71.37,91.16,67.83,entsoe.eu,false,""
2024-02-11T12:00:00.000000,Spain,Spain,ES,43.03,67.58,91.85,69.12,entsoe.eu,false,""
2024-02-11T13:00:00.000000,Spain,Spain,ES,44.89,69.86,91.44,68.88,entsoe.eu,false,""
2024-02-11T14:00:00.000000,Spain,Spain,ES,44.91,69.69,91.61,67.95,entsoe.eu,false,""
2024-02-11T15:00:00.000000,Spain,Spain,ES,52.07,78.48,89.97,65.43,entsoe.eu,false,""
2024-02-11T16:00:00.000000,Spain,Spain,ES,65.08,93.34,86.93,60.33,entsoe.eu,false,""
2024-02-11T17:00:00.000000,Spain,Spain,ES,78.13,108.36,83.97,57.82,entsoe.eu,false,""
2024-02-11T18:00:00.000000,Spain,Spain,ES,78.35,108.49,83.62,58.8,entsoe.eu,false,""
2024-02-11T19:00:00.000000,Spain,Spain,ES,72.57,101.39,84.83,60.96,entsoe.eu,false,""
2024-02-11T20:00:00.000000,Spain,Spain,ES,67.7,95.32,86.0,62.48,entsoe.eu,false,""
2024-02-11T21:00:00.000000,Spain,Spain,ES,59.67,85.73,87.96,64.19,entsoe.eu,false,""
2024-02-11T22:00:00.000000,Spain,Spain,ES,52.11,76.52,89.9,65.19,entsoe.eu,false,""
2024-02-11T23:00:00.000000,Spain,Spain,ES,57.28,82.79,88.85,63.8,entsoe.eu,false,""
2024-02-12T00:00:00.000000,Spain,Spain,ES,57.22,83.05,88.65,63.72,entsoe.eu,false,""
2024-02-12T01:00:00.000000,Spain,Spain,ES,57.04,82.84,88.71,63.5,entsoe.eu,false,""
2024-02-12T02:00:00.000000,Spain,Spain,ES,58.36,84.32,88.51,63.26,entsoe.eu,false,""
2024-02-12T03:00:00.000000,Spain,Spain,ES,62.1,88.42,87.92,62.71,entsoe.eu,false,""
2024-02-12T04:00:00.000000,Spain,Spain,ES,62.27,88.67,87.88,62.61,entsoe.eu,false,""
2024-02-12T05:00:00.000000,Spain,Spain,ES,60.11,86.58,88.01,63.31,entsoe.eu,false,""
2024-02-12T06:00:00.000000,Spain,Spain,ES,58.21,84.17,88.26,65.72,entsoe.eu,false,""
2024-02-12T07:00:00.000000,Spain,Spain,ES,60.14,85.94,88.06,66.35,entsoe.eu,false,""
2024-02-12T08:00:00.000000,Spain,Spain,ES,56.44,81.95,89.04,68.32,entsoe.eu,false,""
2024-02-12T09:00:00.000000,Spain,Spain,ES,51.13,76.52,90.72,70.94,entsoe.eu,false,""
2024-02-12T10:00:00.000000,Spain,Spain,ES,48.87,74.29,91.53,72.35,entsoe.eu,false,""
2024-02-12T11:00:00.000000,Spain,Spain,ES,50.9,77.08,91.36,72.22,entsoe.eu,false,""
2024-02-12T12:00:00.000000,Spain,Spain,ES,47.8,73.65,91.95,73.25,entsoe.eu,false,""
2024-02-12T13:00:00.000000,Spain,Spain,ES,47.26,73.3,91.87,73.53,entsoe.eu,false,""
2024-02-12T14:00:00.000000,Spain,Spain,ES,48.65,75.28,91.54,72.95,entsoe.eu,false,""
2024-02-12T15:00:00.000000,Spain,Spain,ES,53.83,81.9,90.22,70.91,entsoe.eu,false,""
2024-02-12T16:00:00.000000,Spain,Spain,ES,66.38,97.21,86.73,66.79,entsoe.eu,false,""
2024-02-12T17:00:00.000000,Spain,Spain,ES,79.19,111.74,83.29,62.17,entsoe.eu,false,""
2024-02-12T18:00:00.000000,Spain,Spain,ES,83.8,116.25,82.06,61.21,entsoe.eu,false,""
2024-02-12T19:00:00.000000,Spain,Spain,ES,84.6,117.27,81.81,61.76,entsoe.eu,false,""
2024-02-12T20:00:00.000000,Spain,Spain,ES,90.31,124.52,80.44,60.78,entsoe.eu,false,""
2024-02-12T21:00:00.000000,Spain,Spain,ES,84.81,117.88,81.87,61.63,entsoe.eu,false,""
2024-02-12T22:00:00.000000,Spain,Spain,ES,77.49,109.32,83.74,62.29,entsoe.eu,false,""
2024-02-12T23:00:00.000000,Spain,Spain,ES,81.54,113.78,83.58,61.11,entsoe.eu,false,""
2024-02-13T00:00:00.000000,Spain,Spain,ES,83.33,115.72,83.34,59.92,entsoe.eu,false,""
2024-02-13T01:00:00.000000,Spain,Spain,ES,86.5,119.3,82.81,58.38,entsoe.eu,false,""
2024-02-13T02:00:00.000000,Spain,Spain,ES,87.61,120.6,82.62,57.64,entsoe.eu,false,""
2024-02-13T03:00:00.000000,Spain,Spain,ES,87.0,121.34,82.05,56.68,entsoe.eu,false,""
2024-02-13T04:00:00.000000,Spain,Spain,ES,91.68,127.35,80.78,55.42,entsoe.eu,false,""
2024-02-13T05:00:00.000000,Spain,Spain,ES,106.36,145.15,77.44,53.36,entsoe.eu,false,""
2024-02-13T06:00:00.000000,Spain,Spain,ES,109.59,149.08,76.39,54.59,entsoe.eu,false,""
2024-02-13T07:00:00.000000,Spain,Spain,ES,105.73,143.62,77.64,56.31,entsoe.eu,false,""
2024-02-13T08:00:00.000000,Spain,Spain,ES,104.09,142.41,78.28,57.68,entsoe.eu,false,""
2024-02-13T09:00:00.000000,Spain,Spain,ES,91.19,128.31,81.49,62.15,entsoe.eu,false,""
2024-02-13T10:00:00.000000,Spain,Spain,ES,83.58,119.26,83.64,64.69,entsoe.eu,false,""
2024-02-13T11:00:00.000000,Spain,Spain,ES,74.15,107.32,86.28,67.36,entsoe.eu,false,""
2024-02-13T12:00:00.000000,Spain,Spain,ES,69.5,102.1,87.27,68.38,entsoe.eu,false,""
2024-02-13T13:00:00.000000,Spain,Spain,ES,63.53,95.04,88.5,69.43,entsoe.eu,false,""
2024-02-13T14:00:00.000000,Spain,Spain,ES,65.44,97.49,88.04,68.78,entsoe.eu,false,""
2024-02-13T15:00:00.000000,Spain,Spain,ES,81.17,117.62,83.67,64.28,entsoe.eu,false,""
2024-02-13T16:00:00.000000,Spain,Spain,ES,97.09,137.44,79.25,59.66,entsoe.eu,false,""
2024-02-13T17:00:00.000000,Spain,Spain,ES,112.65,154.75,75.13,54.78,entsoe.eu,false,""
2024-02-13T18:00:00.000000,Spain,Spain,ES,112.5,152.72,75.18,53.09,entsoe.eu,false,""
2024-02-13T19:00:00.000000,Spain,Spain,ES,106.29,144.88,76.63,52.51,entsoe.eu,false,""
2024-02-13T20:00:00.000000,Spain,Spain,ES,102.95,140.66,77.5,52.04,entsoe.eu,false,""
2024-02-13T21:00:00.000000,Spain,Spain,ES,104.17,142.27,77.41,52.34,entsoe.eu,false,""
2024-02-13T22:00:00.000000,Spain,Spain,ES,102.22,140.41,78.06,52.97,entsoe.eu,false,""
2024-02-13T23:00:00.000000,Spain,Spain,ES,101.86,140.19,78.46,52.15,entsoe.eu,false,""
2024-02-14T00:00:00.000000,Spain,Spain,ES,101.87,139.31,78.96,52.67,entsoe.eu,false,""
2024-02-14T01:00:00.000000,Spain,Spain,ES,107.78,146.15,77.88,50.74,entsoe.eu,false,""
2024-02-14T02:00:00.000000,Spain,Spain,ES,109.02,148.0,77.73,49.63,entsoe.eu,false,""
2024-02-14T03:00:00.000000,Spain,Spain,ES,107.91,147.1,77.86,49.96,entsoe.eu,false,""
2024-02-14T04:00:00.000000,Spain,Spain,ES,109.02,148.46,77.62,50.67,entsoe.eu,false,""
2024-02-14T05:00:00.000000,Spain,Spain,ES,112.77,153.53,76.06,51.62,entsoe.eu,false,""
2024-02-14T06:00:00.000000,Spain,Spain,ES,111.42,151.09,76.11,53.31,entsoe.eu,false,""
2024-02-14T07:00:00.000000,Spain,Spain,ES,106.87,145.17,77.25,54.65,entsoe.eu,false,""
2024-02-14T08:00:00.000000,Spain,Spain,ES,99.95,137.7,79.05,58.27,entsoe.eu,false,""
2024-02-14T09:00:00.000000,Spain,Spain,ES,89.32,126.23,81.83,62.39,entsoe.eu,false,""
2024-02-14T10:00:00.000000,Spain,Spain,ES,80.04,115.03,84.56,64.99,entsoe.eu,false,""
2024-02-14T11:00:00.000000,Spain,Spain,ES,72.44,105.77,86.74,67.31,entsoe.eu,false,""
2024-02-14T12:00:00.000000,Spain,Spain,ES,68.82,101.44,87.61,68.28,entsoe.eu,false,""
2024-02-14T13:00:00.000000,Spain,Spain,ES,69.66,102.27,87.29,67.76,entsoe.eu,false,""
2024-02-14T14:00:00.000000,Spain,Spain,ES,77.29,110.94,85.46,65.29,entsoe.eu,false,""
2024-02-14T15:00:00.000000,Spain,Spain,ES,89.24,124.5,82.29,61.39,entsoe.eu,false,""
2024-02-14T16:00:00.000000,Spain,Spain,ES,93.06,129.64,80.54,59.88,entsoe.eu,false,""
2024-02-14T17:00:00.000000,Spain,Spain,ES,100.18,137.85,78.41,57.74,entsoe.eu,false,""
2024-02-14T18:00:00.000000,Spain,Spain,ES,104.32,142.56,77.09,57.03,entsoe.eu,false,""
2024-02-14T19:00:00.000000,Spain,Spain,ES,98.02,134.72,78.58,58.82,entsoe.eu,false,""
2024-02-14T20:00:00.000000,Spain,Spain,ES,91.52,126.96,80.14,60.54,entsoe.eu,false,""
2024-02-14T21:00:00.000000,Spain,Spain,ES,85.96,120.47,81.5,61.59,entsoe.eu,false,""
2024-02-14T22:00:00.000000,Spain,Spain,ES,81.97,116.1,82.59,61.47,entsoe.eu,false,""
2024-02-14T23:00:00.000000,Spain,Spain,ES,79.58,113.15,83.34,60.72,entsoe.eu,false,""
2024-02-15T00:00:00.000000,Spain,Spain,ES,77.27,110.28,84.03,60.8,entsoe.eu,false,""
2024-02-15T01:00:00.000000,Spain,Spain,ES,77.09,110.06,84.09,60.38,entsoe.eu,false,""
2024-02-15T02:00:00.000000,Spain,Spain,ES,77.07,109.91,84.15,60.08,entsoe.eu,false,""
2024-02-15T03:00:00.000000,Spain,Spain,ES,83.53,117.94,82.66,57.92,entsoe.eu,false,""
2024-02-15T04:00:00.000000,Spain,Spain,ES,81.33,115.25,83.11,58.29,entsoe.eu,false,""
2024-02-15T05:00:00.000000,Spain,Spain,ES,81.9,116.01,82.78,59.05,entsoe.eu,false,""
2024-02-15T06:00:00.000000,Spain,Spain,ES,86.2,120.64,81.54,59.86,entsoe.eu,false,""
2024-02-15T07:00:00.000000,Spain,Spain,ES,85.52,118.95,81.95,61.17,entsoe.eu,false,""
2024-02-15T08:00:00.000000,Spain,Spain,ES,83.17,116.25,82.85,62.67,entsoe.eu,false,""
2024-02-15T09:00:00.000000,Spain,Spain,ES,75.9,107.69,84.99,65.23,entsoe.eu,false,""
2024-02-15T10:00:00.000000,Spain,Spain,ES,67.62,97.25,87.41,67.6,entsoe.eu,false,""
2024-02-15T11:00:00.000000,Spain,Spain,ES,65.58,94.76,88.33,68.4,entsoe.eu,false,""
2024-02-15T12:00:00.000000,Spain,Spain,ES,61.71,90.25,89.18,69.52,entsoe.eu,false,""
2024-02-15T13:00:00.000000,Spain,Spain,ES,67.12,96.45,87.72,67.71,entsoe.eu,false,""
2024-02-15T14:00:00.000000,Spain,Spain,ES,69.35,98.54,86.89,66.38,entsoe.eu,false,""
2024-02-15T15:00:00.000000,Spain,Spain,ES,72.73,103.93,85.78,65.81,entsoe.eu,false,""
2024-02-15T16:00:00.000000,Spain,Spain,ES,83.8,118.51,82.57,62.5,entsoe.eu,false,""
2024-02-15T17:00:00.000000,Spain,Spain,ES,91.63,128.28,80.16,59.69,entsoe.eu,false,""
2024-02-15T18:00:00.000000,Spain,Spain,ES,93.13,129.16,79.7,58.99,entsoe.eu,false,""
2024-02-15T19:00:00.000000,Spain,Spain,ES,92.4,127.75,79.92,58.27,entsoe.eu,false,""
2024-02-15T20:00:00.000000,Spain,Spain,ES,89.49,124.26,80.66,56.96,entsoe.eu,false,""
2024-02-15T21:00:00.000000,Spain,Spain,ES,92.67,128.51,80.12,55.92,entsoe.eu,false,""
2024-02-15T22:00:00.000000,Spain,Spain,ES,103.44,142.16,77.69,52.64,entsoe.eu,false,""
2024-02-15T23:00:00.000000,Spain,Spain,ES,101.86,140.38,78.2,51.78,entsoe.eu,false,""
2024-02-16T00:00:00.000000,Spain,Spain,ES,95.97,133.03,79.86,51.92,entsoe.eu,false,""
2024-02-16T01:00:00.000000,Spain,Spain,ES,91.79,127.76,80.93,52.59,entsoe.eu,false,""
2024-02-16T02:00:00.000000,Spain,Spain,ES,85.34,119.48,82.43,53.67,entsoe.eu,false,""
2024-02-16T03:00:00.000000,Spain,Spain,ES,82.57,116.26,82.89,55.2,entsoe.eu,false,""
2024-02-16T04:00:00.000000,Spain,Spain,ES,79.21,111.93,83.59,56.89,entsoe.eu,false,""
2024-02-16T05:00:00.000000,Spain,Spain,ES,81.32,114.98,82.87,57.68,entsoe.eu,false,""
2024-02-16T06:00:00.000000,Spain,Spain,ES,85.06,119.59,81.83,58.8,entsoe.eu,false,""
2024-02-16T07:00:00.000000,Spain,Spain,ES,83.79,116.73,82.39,60.02,entsoe.eu,false,""
2024-02-16T08:00:00.000000,Spain,Spain,ES,81.42,114.79,83.26,61.78,entsoe.eu,false,""
2024-02-16T09:00:00.000000,Spain,Spain,ES,69.33,101.14,86.41,66.08,entsoe.eu,false,""
2024-02-16T10:00:00.000000,Spain,Spain,ES,62.82,93.55,88.18,68.71,entsoe.eu,false,""
2024-02-16T11:00:00.000000,Spain,Spain,ES,68.05,100.05,87.24,68.2,entsoe.eu,false,""
2024-02-16T12:00:00.000000,Spain,Spain,ES,62.57,93.58,88.4,69.44,entsoe.eu,false,""
2024-02-16T13:00:00.000000,Spain,Spain,ES,60.97,91.32,88.77,69.63,entsoe.eu,false,""
2024-02-16T14:00:00.000000,Spain,Spain,ES,57.98,87.76,89.24,69.81,entsoe.eu,false,""
2024-02-16T15:00:00.000000,Spain,Spain,ES,57.45,87.4,89.06,69.05,entsoe.eu,false,""
2024-02-16T16:00:00.000000,Spain,Spain,ES,69.68,102.54,85.88,65.22,entsoe.eu,false,""
2024-02-16T17:00:00.000000,Spain,Spain,ES,89.16,125.33,80.9,58.38,entsoe.eu,false,""
2024-02-16T18:00:00.000000,Spain,Spain,ES,92.9,128.07,79.87,57.07,entsoe.eu,false,""
2024-02-16T19:00:00.000000,Spain,Spain,ES,92.21,127.03,80.01,57.41,entsoe.eu,false,""
2024-02-16T20:00:00.000000,Spain,Spain,ES,92.73,127.76,79.86,57.44,entsoe.eu,false,""
2024-02-16T21:00:00.000000,Spain,Spain,ES,88.55,122.51,81.03,57.18,entsoe.eu,false,""
2024-02-16T22:00:00.000000,Spain,Spain,ES,87.94,121.7,81.43,56.06,entsoe.eu,false,""
2024-02-16T23:00:00.000000,Spain,Spain,ES,92.07,126.36,80.86,54.3,entsoe.eu,false,""
2024-02-17T00:00:00.000000,Spain,Spain,ES,90.54,124.09,81.52,54.33,entsoe.eu,false,""
2024-02-17T01:00:00.000000,Spain,Spain,ES,87.42,120.81,82.17,54.08,entsoe.eu,false,""
2024-02-17T02:00:00.000000,Spain,Spain,ES,86.22,120.36,82.05,53.67,entsoe.eu,false,""
2024-02-17T03:00:00.000000,Spain,Spain,ES,87.31,121.86,81.87,53.45,entsoe.eu,false,""
2024-02-17T04:00:00.000000,Spain,Spain,ES,89.22,124.36,81.38,52.93,entsoe.eu,false,""
2024-02-17T05:00:00.000000,Spain,Spain,ES,88.95,124.08,81.42,53.04,entsoe.eu,false,""
2024-02-17T06:00:00.000000,Spain,Spain,ES,84.77,118.63,82.39,54.5,entsoe.eu,false,""
2024-02-17T07:00:00.000000,Spain,Spain,ES,78.1,110.69,83.88,56.75,entsoe.eu,false,""
2024-02-17T08:00:00.000000,Spain,Spain,ES,59.53,89.61,88.35,63.52,entsoe.eu,false,""
2024-02-17T09:00:00.000000,Spain,Spain,ES,51.57,81.8,90.26,68.77,entsoe.eu,false,""
2024-02-17T10:00:00.000000,Spain,Spain,ES,50.25,80.73,90.67,70.38,entsoe.eu,false,""
2024-02-17T11:00:00.000000,Spain,Spain,ES,49.98,80.48,90.79,70.38,entsoe.eu,false,""
2024-02-17T12:00:00.000000,Spain,Spain,ES,51.9,82.71,90.49,69.61,entsoe.eu,false,""
2024-02-17T13:00:00.000000,Spain,Spain,ES,50.83,81.83,90.56,69.26,entsoe.eu,false,""
2024-02-17T14:00:00.000000,Spain,Spain,ES,51.02,82.39,90.33,68.47,entsoe.eu,false,""
2024-02-17T15:00:00.000000,Spain,Spain,ES,55.92,88.86,88.88,66.4,entsoe.eu,false,""
2024-02-17T16:00:00.000000,Spain,Spain,ES,78.06,115.64,83.59,59.23,entsoe.eu,false,""
2024-02-17T17:00:00.000000,Spain,Spain,ES,106.15,146.76,77.39,50.11,entsoe.eu,false,""
2024-02-17T18:00:00.000000,Spain,Spain,ES,107.03,145.06,77.21,49.64,entsoe.eu,false,""
2024-02-17T19:00:00.000000,Spain,Spain,ES,103.59,140.06,78.27,48.79,entsoe.eu,false,""
2024-02-17T20:00:00.000000,Spain,Spain,ES,99.65,135.19,79.19,48.58,entsoe.eu,false,""
2024-02-17T21:00:00.000000,Spain,Spain,ES,103.35,139.74,78.57,48.64,entsoe.eu,false,""
2024-02-17T22:00:00.000000,Spain,Spain,ES,105.08,142.33,78.07,48.14,entsoe.eu,false,""
2024-02-17T23:00:00.000000,Spain,Spain,ES,110.8,149.86,76.93,45.59,entsoe.eu,false,""
2024-02-18T00:00:00.000000,Spain,Spain,ES,112.88,153.18,76.68,43.05,entsoe.eu,false,""
2024-02-18T01:00:00.000000,Spain,Spain,ES,119.2,160.62,75.46,39.23,entsoe.eu,false,""
2024-02-18T02:00:00.000000,Spain,Spain,ES,116.72,157.73,75.69,36.72,entsoe.eu,false,""
2024-02-18T03:00:00.000000,Spain,Spain,ES,115.8,156.07,76.09,36.02,entsoe.eu,false,""
2024-02-18T04:00:00.000000,Spain,Spain,ES,114.28,154.13,76.43,36.0,entsoe.eu,false,""
2024-02-18T05:00:00.000000,Spain,Spain,ES,112.53,152.18,76.76,36.16,entsoe.eu,false,""
2024-02-18T06:00:00.000000,Spain,Spain,ES,110.13,149.51,77.13,37.17,entsoe.eu,false,""
2024-02-18T07:00:00.000000,Spain,Spain,ES,110.05,149.04,77.31,39.84,entsoe.eu,false,""
2024-02-18T08:00:00.000000,Spain,Spain,ES,87.82,125.02,82.02,52.47,entsoe.eu,false,""
2024-02-18T09:00:00.000000,Spain,Spain,ES,74.15,110.42,84.89,59.93,entsoe.eu,false,""
2024-02-18T10:00:00.000000,Spain,Spain,ES,56.9,90.0,88.86,65.75,entsoe.eu,false,""
2024-02-18T11:00:00.000000,Spain,Spain,ES,56.94,90.11,88.96,65.89,entsoe.eu,false,""
2024-02-18T12:00:00.000000,Spain,Spain,ES,59.51,92.83,88.74,65.57,entsoe.eu,false,""
2024-02-18T13:00:00.000000,Spain,Spain,ES,56.69,89.36,89.26,66.33,entsoe.eu,false,""
2024-02-18T14:00:00.000000,Spain,Spain,ES,56.16,88.88,89.03,66.05,entsoe.eu,false,""
2024-02-18T15:00:00.000000,Spain,Spain,ES,54.11,86.17,89.27,66.09,entsoe.eu,false,""
2024-02-18T16:00:00.000000,Spain,Spain,ES,71.11,106.28,85.21,61.0,entsoe.eu,false,""
2024-02-18T17:00:00.000000,Spain,Spain,ES,97.53,135.94,79.33,53.02,entsoe.eu,false,""
2024-02-18T18:00:00.000000,Spain,Spain,ES,100.3,136.78,78.89,53.02,entsoe.eu,false,""
2024-02-18T19:00:00.000000,Spain,Spain,ES,94.08,129.04,80.12,55.04,entsoe.eu,false,""
2024-02-18T20:00:00.000000,Spain,Spain,ES,88.07,121.58,81.48,56.28,entsoe.eu,false,""
2024-02-18T21:00:00.000000,Spain,Spain,ES,90.79,124.71,81.24,55.6,entsoe.eu,false,""
2024-02-18T22:00:00.000000,Spain,Spain,ES,90.79,124.88,81.26,54.99,entsoe.eu,false,""
2024-02-18T23:00:00.000000,Spain,Spain,ES,91.95,127.28,80.86,52.94,entsoe.eu,false,""
2024-02-19T00:00:00.000000,Spain,Spain,ES,94.84,131.41,80.24,50.08,entsoe.eu,false,""
2024-02-19T01:00:00.000000,Spain,Spain,ES,90.99,126.63,81.11,50.64,entsoe.eu,false,""
2024-02-19T02:00:00.000000,Spain,Spain,ES,93.6,130.04,80.38,50.63,entsoe.eu,false,""
2024-02-19T03:00:00.000000,Spain,Spain,ES,97.34,134.72,79.47,49.83,entsoe.eu,false,""
2024-02-19T04:00:00.000000,Spain,Spain,ES,98.11,135.78,79.15,50.33,entsoe.eu,false,""
2024-02-19T05:00:00.000000,Spain,Spain,ES,89.89,125.22,81.04,53.38,entsoe.eu,false,""
2024-02-19T06:00:00.000000,Spain,Spain,ES,87.78,122.48,81.26,56.85,entsoe.eu,false,""
2024-02-19T07:00:00.000000,Spain,Spain,ES,86.95,120.85,81.77,58.89,entsoe.eu,false,""
2024-02-19T08:00:00.000000,Spain,Spain,ES,80.11,113.89,83.68,61.95,entsoe.eu,false,""
2024-02-19T09:00:00.000000,Spain,Spain,ES,66.18,98.82,87.1,67.52,entsoe.eu,false,""
2024-02-19T10:00:00.000000,Spain,Spain,ES,61.28,93.15,88.54,69.4,entsoe.eu,false,""
2024-02-19T11:00:00.000000,Spain,Spain,ES,62.65,94.57,88.5,69.5,entsoe.eu,false,""
2024-02-19T12:00:00.000000,Spain,Spain,ES,59.97,91.54,89.04,69.96,entsoe.eu,false,""
2024-02-19T13:00:00.000000,Spain,Spain,ES,58.48,89.94,89.27,70.13,entsoe.eu,false,""
2024-02-19T14:00:00.000000,Spain,Spain,ES,57.47,88.86,89.34,70.17,entsoe.eu,false,""
2024-02-19T15:00:00.000000,Spain,Spain,ES,55.88,87.08,89.47,70.02,entsoe.eu,false,""
2024-02-19T16:00:00.000000,Spain,Spain,ES,71.7,105.73,85.89,65.27,entsoe.eu,false,""
2024-02-19T17:00:00.000000,Spain,Spain,ES,97.38,134.52,80.21,57.5,entsoe.eu,false,""
2024-02-19T18:00:00.000000,Spain,Spain,ES,101.96,138.57,78.61,56.18,entsoe.eu,false,""
2024-02-19T19:00:00.000000,Spain,Spain,ES,101.24,137.59,78.58,56.76,entsoe.eu,false,""
2024-02-19T20:00:00.000000,Spain,Spain,ES,94.93,130.12,79.87,58.13,entsoe.eu,false,""
2024-02-19T21:00:00.000000,Spain,Spain,ES,92.95,128.7,80.11,57.07,entsoe.eu,false,""
2024-02-19T22:00:00.000000,Spain,Spain,ES,90.39,126.23,80.69,55.92,entsoe.eu,false,""
2024-02-19T23:00:00.000000,Spain,Spain,ES,91.17,126.6,80.85,54.55,entsoe.eu,false,""
2024-02-20T00:00:00.000000,Spain,Spain,ES,90.35,125.98,80.97,53.81,entsoe.eu,false,""
2024-02-20T01:00:00.000000,Spain,Spain,ES,89.95,125.43,81.04,53.65,entsoe.eu,false,""
2024-02-20T02:00:00.000000,Spain,Spain,ES,92.84,129.13,80.34,53.0,entsoe.eu,false,""
2024-02-20T03:00:00.000000,Spain,Spain,ES,93.76,130.41,80.1,52.82,entsoe.eu,false,""
2024-02-20T04:00:00.000000,Spain,Spain,ES,94.3,131.09,79.95,52.88,entsoe.eu,false,""
2024-02-20T05:00:00.000000,Spain,Spain,ES,100.36,138.92,78.32,52.83,entsoe.eu,false,""
2024-02-20T06:00:00.000000,Spain,Spain,ES,104.84,143.48,77.5,53.7,entsoe.eu,false,""
2024-02-20T07:00:00.000000,Spain,Spain,ES,105.31,143.27,77.71,54.84,entsoe.eu,false,""
2024-02-20T08:00:00.000000,Spain,Spain,ES,86.94,122.59,82.43,60.42,entsoe.eu,false,""
2024-02-20T09:00:00.000000,Spain,Spain,ES,62.94,94.5,88.26,68.5,entsoe.eu,false,""
2024-02-20T10:00:00.000000,Spain,Spain,ES,53.9,83.95,90.4,71.18,entsoe.eu,false,""
2024-02-20T11:00:00.000000,Spain,Spain,ES,55.87,86.12,90.28,70.9,entsoe.eu,false,""
2024-02-20T12:00:00.000000,Spain,Spain,ES,57.54,88.6,89.72,70.04,entsoe.eu,false,""
2024-02-20T13:00:00.000000,Spain,Spain,ES,57.56,88.89,89.61,69.62,entsoe.eu,false,""
2024-02-20T14:00:00.000000,Spain,Spain,ES,57.49,89.28,89.38,69.37,entsoe.eu,false,""
2024-02-20T15:00:00.000000,Spain,Spain,ES,66.76,101.01,86.78,66.86,entsoe.eu,false,""
2024-02-20T16:00:00.000000,Spain,Spain,ES,93.42,133.07,80.67,59.39,entsoe.eu,false,""
2024-02-20T17:00:00.000000,Spain,Spain,ES,120.08,163.58,74.58,51.09,entsoe.eu,false,""
2024-02-20T18:00:00.000000,Spain,Spain,ES,129.4,173.18,72.18,47.1,entsoe.eu,false,""
2024-02-20T19:00:00.000000,Spain,Spain,ES,131.03,175.18,71.61,44.15,entsoe.eu,false,""
2024-02-20T20:00:00.000000,Spain,Spain,ES,123.54,166.03,73.27,43.84,entsoe.eu,false,""
2024-02-20T21:00:00.000000,Spain,Spain,ES,121.34,163.63,73.68,45.81,entsoe.eu,false,""
2024-02-20T22:00:00.000000,Spain,Spain,ES,113.73,154.49,75.49,47.35,entsoe.eu,false,""
2024-02-20T23:00:00.000000,Spain,Spain,ES,106.73,144.55,77.82,48.6,entsoe.eu,false,""
2024-02-21T00:00:00.000000,Spain,Spain,ES,102.32,139.98,78.55,48.77,entsoe.eu,false,""
2024-02-21T01:00:00.000000,Spain,Spain,ES,100.24,138.01,78.89,48.39,entsoe.eu,false,""
2024-02-21T02:00:00.000000,Spain,Spain,ES,100.65,138.99,78.9,47.51,entsoe.eu,false,""
2024-02-21T03:00:00.000000,Spain,Spain,ES,99.23,137.41,79.14,48.25,entsoe.eu,false,""
2024-02-21T04:00:00.000000,Spain,Spain,ES,101.93,140.67,78.51,48.71,entsoe.eu,false,""
2024-02-21T05:00:00.000000,Spain,Spain,ES,108.91,148.97,76.59,48.49,entsoe.eu,false,""
2024-02-21T06:00:00.000000,Spain,Spain,ES,108.51,146.95,76.94,51.16,entsoe.eu,false,""
2024-02-21T07:00:00.000000,Spain,Spain,ES,111.49,150.27,76.65,52.11,entsoe.eu,false,""
2024-02-21T08:00:00.000000,Spain,Spain,ES,96.32,134.12,80.24,57.28,entsoe.eu,false,""
2024-02-21T09:00:00.000000,Spain,Spain,ES,80.02,115.8,84.42,62.72,entsoe.eu,false,""
2024-02-21T10:00:00.000000,Spain,Spain,ES,62.87,94.93,88.79,68.14,entsoe.eu,false,""
2024-02-21T11:00:00.000000,Spain,Spain,ES,56.25,87.22,90.1,69.92,entsoe.eu,false,""
2024-02-21T12:00:00.000000,Spain,Spain,ES,57.86,89.22,89.63,69.37,entsoe.eu,false,""
2024-02-21T13:00:00.000000,Spain,Spain,ES,59.35,90.63,89.3,68.89,entsoe.eu,false,""
2024-02-21T14:00:00.000000,Spain,Spain,ES,62.13,93.64,88.5,67.55,entsoe.eu,false,""
2024-02-21T15:00:00.000000,Spain,Spain,ES,70.99,104.22,86.05,64.38,entsoe.eu,false,""
2024-02-21T16:00:00.000000,Spain,Spain,ES,89.71,125.07,81.86,59.04,entsoe.eu,false,""
2024-02-21T17:00:00.000000,Spain,Spain,ES,103.91,141.11,78.7,55.14,entsoe.eu,false,""
2024-02-21T18:00:00.000000,Spain,Spain,ES,102.31,139.06,78.51,55.92,entsoe.eu,false,""
2024-02-21T19:00:00.000000,Spain,Spain,ES,95.03,129.88,80.16,57.69,entsoe.eu,false,""
2024-02-21T20:00:00.000000,Spain,Spain,ES,87.33,120.4,81.82,59.07,entsoe.eu,false,""
2024-02-21T21:00:00.000000,Spain,Spain,ES,80.58,112.42,83.19,59.51,entsoe.eu,false,""
2024-02-21T22:00:00.000000,Spain,Spain,ES,73.26,103.98,84.9,59.89,entsoe.eu,false,""
2024-02-21T23:00:00.000000,Spain,Spain,ES,69.97,99.48,86.17,60.86,entsoe.eu,false,""
2024-02-22T00:00:00.000000,Spain,Spain,ES,67.98,96.73,86.93,62.64,entsoe.eu,false,""
2024-02-22T01:00:00.000000,Spain,Spain,ES,71.01,100.61,86.24,62.12,entsoe.eu,false,""
2024-02-22T02:00:00.000000,Spain,Spain,ES,67.79,97.38,86.6,62.61,entsoe.eu,false,""
2024-02-22T03:00:00.000000,Spain,Spain,ES,61.97,90.87,87.55,63.87,entsoe.eu,false,""
2024-02-22T04:00:00.000000,Spain,Spain,ES,59.94,88.32,87.99,64.75,entsoe.eu,false,""
2024-02-22T05:00:00.000000,Spain,Spain,ES,61.85,90.59,87.43,65.31,entsoe.eu,false,""
2024-02-22T06:00:00.000000,Spain,Spain,ES,63.36,91.65,87.3,66.98,entsoe.eu,false,""
2024-02-22T07:00:00.000000,Spain,Spain,ES,63.04,90.49,87.68,68.45,entsoe.eu,false,""
2024-02-22T08:00:00.000000,Spain,Spain,ES,55.13,82.14,89.79,72.17,entsoe.eu,false,""
2024-02-22T09:00:00.000000,Spain,Spain,ES,52.35,79.57,90.81,74.09,entsoe.eu,false,""
2024-02-22T10:00:00.000000,Spain,Spain,ES,50.58,77.5,91.23,75.3,entsoe.eu,false,""
2024-02-22T11:00:00.000000,Spain,Spain,ES,48.58,74.56,91.91,76.77,entsoe.eu,false,""
2024-02-22T12:00:00.000000,Spain,Spain,ES,45.58,70.93,92.33,77.36,entsoe.eu,false,""
2024-02-22T13:00:00.000000,Spain,Spain,ES,44.11,69.06,92.52,77.77,entsoe.eu,false,""
2024-02-22T14:00:00.000000,Spain,Spain,ES,43.17,67.77,92.58,77.59,entsoe.eu,false,""
2024-02-22T15:00:00.000000,Spain,Spain,ES,42.91,67.18,92.36,76.92,entsoe.eu,false,""
2024-02-22T16:00:00.000000,Spain,Spain,ES,48.6,73.4,91.22,75.11,entsoe.eu,false,""
2024-02-22T17:00:00.000000,Spain,Spain,ES,61.63,88.44,88.31,71.7,entsoe.eu,false,""
2024-02-22T18:00:00.000000,Spain,Spain,ES,65.25,92.4,87.17,70.57,entsoe.eu,false,""
2024-02-22T19:00:00.000000,Spain,Spain,ES,64.39,91.4,87.17,70.93,entsoe.eu,false,""
2024-02-22T20:00:00.000000,Spain,Spain,ES,65.14,92.49,86.82,70.23,entsoe.eu,false,""
2024-02-22T21:00:00.000000,Spain,Spain,ES,56.34,81.8,88.78,70.99,entsoe.eu,false,""
2024-02-22T22:00:00.000000,Spain,Spain,ES,48.15,71.77,90.71,71.89,entsoe.eu,false,""
2024-02-22T23:00:00.000000,Spain,Spain,ES,45.84,69.39,91.29,71.76,entsoe.eu,false,""
2024-02-23T00:00:00.000000,Spain,Spain,ES,50.05,74.72,90.29,70.85,entsoe.eu,false,""
2024-02-23T01:00:00.000000,Spain,Spain,ES,51.38,76.31,90.17,68.53,entsoe.eu,false,""
2024-02-23T02:00:00.000000,Spain,Spain,ES,51.62,76.07,90.25,66.97,entsoe.eu,false,""
2024-02-23T03:00:00.000000,Spain,Spain,ES,50.56,74.6,90.55,68.33,entsoe.eu,false,""
2024-02-23T04:00:00.000000,Spain,Spain,ES,47.3,70.77,91.06,70.63,entsoe.eu,false,""
2024-02-23T05:00:00.000000,Spain,Spain,ES,47.27,70.56,90.99,70.93,entsoe.eu,false,""
2024-02-23T06:00:00.000000,Spain,Spain,ES,49.33,72.37,90.66,71.81,entsoe.eu,false,""
2024-02-23T07:00:00.000000,Spain,Spain,ES,53.53,77.26,89.98,72.18,entsoe.eu,false,""
2024-02-23T08:00:00.000000,Spain,Spain,ES,47.83,72.24,91.48,75.12,entsoe.eu,false,""
2024-02-23T09:00:00.000000,Spain,Spain,ES,44.19,69.39,92.51,77.35,entsoe.eu,false,""
2024-02-23T10:00:00.000000,Spain,Spain,ES,44.28,69.88,92.53,77.55,entsoe.eu,false,""
2024-02-23T11:00:00.000000,Spain,Spain,ES,46.44,72.45,92.26,77.36,entsoe.eu,false,""
2024-02-23T12:00:00.000000,Spain,Spain,ES,47.6,74.07,91.87,76.96,entsoe.eu,false,""
2024-02-23T13:00:00.000000,Spain,Spain,ES,47.69,73.74,92.0,76.85,entsoe.eu,false,""
2024-02-23T14:00:00.000000,Spain,Spain,ES,46.72,72.52,92.19,76.7,entsoe.eu,false,""
2024-02-23T15:00:00.000000,Spain,Spain,ES,46.59,72.56,91.95,76.32,entsoe.eu,false,""
2024-02-23T16:00:00.000000,Spain,Spain,ES,52.48,79.31,90.42,74.36,entsoe.eu,false,""
2024-02-23T17:00:00.000000,Spain,Spain,ES,60.37,87.28,88.44,71.61,entsoe.eu,false,""
2024-02-23T18:00:00.000000,Spain,Spain,ES,60.46,85.97,88.1,70.41,entsoe.eu,false,""
2024-02-23T19:00:00.000000,Spain,Spain,ES,59.79,85.16,88.07,70.7,entsoe.eu,false,""
2024-02-23T20:00:00.000000,Spain,Spain,ES,56.25,80.98,88.68,71.17,entsoe.eu,false,""
2024-02-23T21:00:00.000000,Spain,Spain,ES,54.41,79.04,89.09,70.52,entsoe.eu,false,""
2024-02-23T22:00:00.000000,Spain,Spain,ES,52.26,76.18,89.74,70.12,entsoe.eu,false,""
2024-02-23T23:00:00.000000,Spain,Spain,ES,53.97,78.88,89.41,69.5,entsoe.eu,false,""
2024-02-24T00:00:00.000000,Spain,Spain,ES,55.17,80.61,89.17,69.47,entsoe.eu,false,""
2024-02-24T01:00:00.000000,Spain,Spain,ES,52.77,78.08,89.62,69.54,entsoe.eu,false,""
2024-02-24T02:00:00.000000,Spain,Spain,ES,55.4,81.23,89.08,68.75,entsoe.eu,false,""
2024-02-24T03:00:00.000000,Spain,Spain,ES,58.39,84.97,88.35,68.2,entsoe.eu,false,""
2024-02-24T04:00:00.000000,Spain,Spain,ES,57.36,83.91,88.56,68.16,entsoe.eu,false,""
2024-02-24T05:00:00.000000,Spain,Spain,ES,59.42,86.44,88.08,67.67,entsoe.eu,false,""
2024-02-24T06:00:00.000000,Spain,Spain,ES,54.78,80.89,89.15,69.11,entsoe.eu,false,""
2024-02-24T07:00:00.000000,Spain,Spain,ES,51.62,77.37,89.82,70.29,entsoe.eu,false,""
2024-02-24T08:00:00.000000,Spain,Spain,ES,46.35,72.47,90.87,73.23,entsoe.eu,false,""
2024-02-24T09:00:00.000000,Spain,Spain,ES,42.5,69.66,91.63,75.42,entsoe.eu,false,""
2024-02-24T10:00:00.000000,Spain,Spain,ES,40.36,67.29,92.1,76.31,entsoe.eu,false,""
2024-02-24T11:00:00.000000,Spain,Spain,ES,40.17,67.37,92.16,76.3,entsoe.eu,false,""
2024-02-24T12:00:00.000000,Spain,Spain,ES,39.73,66.6,92.28,76.56,entsoe.eu,false,""
2024-02-24T13:00:00.000000,Spain,Spain,ES,41.28,68.2,91.95,76.24,entsoe.eu,false,""
2024-02-24T14:00:00.000000,Spain,Spain,ES,42.76,69.84,91.67,75.58,entsoe.eu,false,""
2024-02-24T15:00:00.000000,Spain,Spain,ES,45.23,72.71,91.11,74.56,entsoe.eu,false,""
2024-02-24T16:00:00.000000,Spain,Spain,ES,51.58,80.15,89.53,72.72,entsoe.eu,false,""
2024-02-24T17:00:00.000000,Spain,Spain,ES,57.66,85.58,88.18,70.21,entsoe.eu,false,""
2024-02-24T18:00:00.000000,Spain,Spain,ES,63.5,91.16,86.9,69.96,entsoe.eu,false,""
2024-02-24T19:00:00.000000,Spain,Spain,ES,57.97,83.58,88.27,72.21,entsoe.eu,false,""
2024-02-24T20:00:00.000000,Spain,Spain,ES,55.79,81.02,88.74,72.88,entsoe.eu,false,""
2024-02-24T21:00:00.000000,Spain,Spain,ES,57.35,83.11,88.47,71.91,entsoe.eu,false,""
2024-02-24T22:00:00.000000,Spain,Spain,ES,58.93,85.69,88.17,71.01,entsoe.eu,false,""
2024-02-24T23:00:00.000000,Spain,Spain,ES,65.31,94.27,86.65,69.46,entsoe.eu,false,""
2024-02-25T00:00:00.000000,Spain,Spain,ES,62.36,90.47,87.46,69.66,entsoe.eu,false,""
2024-02-25T01:00:00.000000,Spain,Spain,ES,63.52,91.76,87.39,68.9,entsoe.eu,false,""
2024-02-25T02:00:00.000000,Spain,Spain,ES,65.53,94.6,86.82,68.02,entsoe.eu,false,""
2024-02-25T03:00:00.000000,Spain,Spain,ES,66.06,95.55,86.67,67.82,entsoe.eu,false,""
2024-02-25T04:00:00.000000,Spain,Spain,ES,67.31,97.0,86.34,67.71,entsoe.eu,false,""
2024-02-25T05:00:00.000000,Spain,Spain,ES,65.04,94.32,86.84,68.52,entsoe.eu,false,""
2024-02-25T06:00:00.000000,Spain,Spain,ES,63.85,92.62,87.13,69.28,entsoe.eu,false,""
2024-02-25T07:00:00.000000,Spain,Spain,ES,65.97,95.25,86.62,68.93,entsoe.eu,false,""
2024-02-25T08:00:00.000000,Spain,Spain,ES,61.02,89.85,87.62,70.71,entsoe.eu,false,""
2024-02-25T09:00:00.000000,Spain,Spain,ES,52.38,79.95,89.59,73.75,entsoe.eu,false,""
2024-02-25T10:00:00.000000,Spain,Spain,ES,47.38,74.18,90.74,75.33,entsoe.eu,false,""
2024-02-25T11:00:00.000000,Spain,Spain,ES,44.91,71.48,91.32,76.51,entsoe.eu,false,""
2024-02-25T12:00:00.000000,Spain,Spain,ES,45.68,72.91,91.01,76.46,entsoe.eu,false,""
2024-02-25T13:00:00.000000,Spain,Spain,ES,49.74,77.72,90.08,75.5,entsoe.eu,false,""
2024-02-25T14:00:00.000000,Spain,Spain,ES,48.53,75.84,90.43,75.28,entsoe.eu,false,""
2024-02-25T15:00:00.000000,Spain,Spain,ES,49.01,75.62,90.46,74.96,entsoe.eu,false,""
2024-02-25T16:00:00.000000,Spain,Spain,ES,48.28,73.99,90.65,74.62,entsoe.eu,false,""
2024-02-25T17:00:00.000000,Spain,Spain,ES,49.89,75.22,90.29,74.23,entsoe.eu,false,""
2024-02-25T18:00:00.000000,Spain,Spain,ES,49.18,73.36,90.36,74.41,entsoe.eu,false,""
2024-02-25T19:00:00.000000,Spain,Spain,ES,48.5,71.9,90.48,74.82,entsoe.eu,false,""
2024-02-25T20:00:00.000000,Spain,Spain,ES,48.44,71.84,90.48,74.99,entsoe.eu,false,""
2024-02-25T21:00:00.000000,Spain,Spain,ES,48.66,72.61,90.45,74.63,entsoe.eu,false,""
2024-02-25T22:00:00.000000,Spain,Spain,ES,50.05,74.62,90.16,73.76,entsoe.eu,false,""
2024-02-25T23:00:00.000000,Spain,Spain,ES,53.07,78.15,89.61,72.34,entsoe.eu,false,""
2024-02-26T00:00:00.000000,Spain,Spain,ES,57.69,83.91,88.64,70.65,entsoe.eu,false,""
2024-02-26T01:00:00.000000,Spain,Spain,ES,58.81,85.65,88.31,69.9,entsoe.eu,false,""
2024-02-26T02:00:00.000000,Spain,Spain,ES,58.14,84.66,88.58,69.85,entsoe.eu,false,""
2024-02-26T03:00:00.000000,Spain,Spain,ES,57.35,84.12,88.64,69.96,entsoe.eu,false,""
2024-02-26T04:00:00.000000,Spain,Spain,ES,56.96,83.81,88.74,69.97,entsoe.eu,false,""
2024-02-26T05:00:00.000000,Spain,Spain,ES,60.78,88.05,88.14,70.1,entsoe.eu,false,""
2024-02-26T06:00:00.000000,Spain,Spain,ES,58.4,84.43,88.79,72.34,entsoe.eu,false,""
2024-02-26T07:00:00.000000,Spain,Spain,ES,63.89,90.0,87.99,71.78,entsoe.eu,false,""
2024-02-26T08:00:00.000000,Spain,Spain,ES,63.52,91.03,88.15,72.72,entsoe.eu,false,""
2024-02-26T09:00:00.000000,Spain,Spain,ES,61.61,90.24,88.73,74.54,entsoe.eu,false,""
2024-02-26T10:00:00.000000,Spain,Spain,ES,58.31,86.73,89.4,75.56,entsoe.eu,false,""
2024-02-26T11:00:00.000000,Spain,Spain,ES,55.86,84.02,89.8,75.89,entsoe.eu,false,""
2024-02-26T12:00:00.000000,Spain,Spain,ES,55.29,83.57,89.95,75.97,entsoe.eu,false,""
2024-02-26T13:00:00.000000,Spain,Spain,ES,52.64,80.31,90.42,76.36,entsoe.eu,false,""
2024-02-26T14:00:00.000000,Spain,Spain,ES,49.46,76.48,90.82,76.79,entsoe.eu,false,""
2024-02-26T15:00:00.000000,Spain,Spain,ES,49.61,76.3,90.66,76.65,entsoe.eu,false,""
2024-02-26T16:00:00.000000,Spain,Spain,ES,53.88,81.21,89.38,75.31,entsoe.eu,false,""
2024-02-26T17:00:00.000000,Spain,Spain,ES,52.53,78.43,89.4,74.94,entsoe.eu,false,""
2024-02-26T18:00:00.000000,Spain,Spain,ES,57.09,82.89,88.16,73.37,entsoe.eu,false,""
2024-02-26T19:00:00.000000,Spain,Spain,ES,54.76,79.77,88.67,74.18,entsoe.eu,false,""
2024-02-26T20:00:00.000000,Spain,Spain,ES,53.99,78.66,88.88,74.28,entsoe.eu,false,""
2024-02-26T21:00:00.000000,Spain,Spain,ES,51.64,76.09,89.5,74.45,entsoe.eu,false,""
2024-02-26T22:00:00.000000,Spain,Spain,ES,50.33,74.7,89.95,74.07,entsoe.eu,false,""
2024-02-26T23:00:00.000000,Spain,Spain,ES,50.5,75.09,90.09,72.78,entsoe.eu,false,""
2024-02-27T00:00:00.000000,Spain,Spain,ES,50.75,75.43,90.15,72.06,entsoe.eu,false,""
2024-02-27T01:00:00.000000,Spain,Spain,ES,54.3,80.0,89.36,71.07,entsoe.eu,false,""
2024-02-27T02:00:00.000000,Spain,Spain,ES,54.84,80.79,89.22,70.65,entsoe.eu,false,""
2024-02-27T03:00:00.000000,Spain,Spain,ES,53.29,78.73,89.66,70.85,entsoe.eu,false,""
2024-02-27T04:00:00.000000,Spain,Spain,ES,52.66,77.95,89.79,71.06,entsoe.eu,false,""
2024-02-27T05:00:00.000000,Spain,Spain,ES,53.76,79.06,89.81,72.04,entsoe.eu,false,""
2024-02-27T06:00:00.000000,Spain,Spain,ES,51.78,76.15,90.44,74.53,entsoe.eu,false,""
2024-02-27T07:00:00.000000,Spain,Spain,ES,53.05,77.44,90.29,75.09,entsoe.eu,false,""
2024-02-27T08:00:00.000000,Spain,Spain,ES,48.79,73.89,91.58,77.09,entsoe.eu,false,""
2024-02-27T09:00:00.000000,Spain,Spain,ES,49.0,75.25,91.76,77.88,entsoe.eu,false,""
2024-02-27T10:00:00.000000,Spain,Spain,ES,48.17,75.0,91.86,78.26,entsoe.eu,false,""
2024-02-27T11:00:00.000000,Spain,Spain,ES,47.12,74.17,91.92,78.25,entsoe.eu,false,""
2024-02-27T12:00:00.000000,Spain,Spain,ES,47.73,74.91,91.79,78.08,entsoe.eu,false,""
2024-02-27T13:00:00.000000,Spain,Spain,ES,46.82,73.92,91.82,78.04,entsoe.eu,false,""
2024-02-27T14:00:00.000000,Spain,Spain,ES,45.79,72.74,91.73,77.81,entsoe.eu,false,""
2024-02-27T15:00:00.000000,Spain,Spain,ES,48.29,75.48,91.01,77.03,entsoe.eu,false,""
2024-02-27T16:00:00.000000,Spain,Spain,ES,54.3,82.76,89.34,75.13,entsoe.eu,false,""
2024-02-27T17:00:00.000000,Spain,Spain,ES,64.31,93.33,87.09,71.85,entsoe.eu,false,""
2024-02-27T18:00:00.000000,Spain,Spain,ES,71.59,101.4,84.87,69.62,entsoe.eu,false,""
2024-02-27T19:00:00.000000,Spain,Spain,ES,66.96,95.5,85.81,70.75,entsoe.eu,false,""
2024-02-27T20:00:00.000000,Spain,Spain,ES,65.79,93.97,86.11,70.63,entsoe.eu,false,""
2024-02-27T21:00:00.000000,Spain,Spain,ES,65.3,93.19,86.39,69.77,entsoe.eu,false,""
2024-02-27T22:00:00.000000,Spain,Spain,ES,58.87,85.46,88.12,70.42,entsoe.eu,false,""
2024-02-27T23:00:00.000000,Spain,Spain,ES,58.27,85.11,88.34,69.84,entsoe.eu,false,""
2024-02-28T00:00:00.000000,Spain,Spain,ES,60.65,88.13,87.83,68.28,entsoe.eu,false,""
2024-02-28T01:00:00.000000,Spain,Spain,ES,64.1,92.31,87.08,67.06,entsoe.eu,false,""
2024-02-28T02:00:00.000000,Spain,Spain,ES,64.16,92.35,87.11,66.95,entsoe.eu,false,""
2024-02-28T03:00:00.000000,Spain,Spain,ES,62.46,90.4,87.45,67.09,entsoe.eu,false,""
2024-02-28T04:00:00.000000,Spain,Spain,ES,61.3,88.86,87.74,67.16,entsoe.eu,false,""
2024-02-28T05:00:00.000000,Spain,Spain,ES,64.55,92.6,87.3,67.79,entsoe.eu,false,""
2024-02-28T06:00:00.000000,Spain,Spain,ES,72.02,100.61,85.91,67.23,entsoe.eu,false,""
2024-02-28T07:00:00.000000,Spain,Spain,ES,70.84,98.88,86.4,68.67,entsoe.eu,false,""
2024-02-28T08:00:00.000000,Spain,Spain,ES,61.67,90.41,88.57,72.17,entsoe.eu,false,""
2024-02-28T09:00:00.000000,Spain,Spain,ES,54.55,83.15,90.45,75.21,entsoe.eu,false,""
2024-02-28T10:00:00.000000,Spain,Spain,ES,48.46,76.46,91.74,76.6,entsoe.eu,false,""
2024-02-28T11:00:00.000000,Spain,Spain,ES,47.83,76.08,91.68,76.51,entsoe.eu,false,""
2024-02-28T12:00:00.000000,Spain,Spain,ES,48.04,76.33,91.67,76.35,entsoe.eu,false,""
2024-02-28T13:00:00.000000,Spain,Spain,ES,47.25,75.51,91.7,76.22,entsoe.eu,false,""
2024-02-28T14:00:00.000000,Spain,Spain,ES,47.22,75.59,91.54,76.05,entsoe.eu,false,""
2024-02-28T15:00:00.000000,Spain,Spain,ES,50.73,80.07,90.54,75.06,entsoe.eu,false,""
2024-02-28T16:00:00.000000,Spain,Spain,ES,59.65,90.88,88.11,71.93,entsoe.eu,false,""
2024-02-28T17:00:00.000000,Spain,Spain,ES,76.32,110.4,83.78,66.45,entsoe.eu,false,""
2024-02-28T18:00:00.000000,Spain,Spain,ES,91.28,126.58,80.09,62.35,entsoe.eu,false,""
2024-02-28T19:00:00.000000,Spain,Spain,ES,89.93,123.98,80.43,62.8,entsoe.eu,false,""
2024-02-28T20:00:00.000000,Spain,Spain,ES,88.25,121.73,80.87,62.99,entsoe.eu,false,""
2024-02-28T21:00:00.000000,Spain,Spain,ES,86.28,119.46,81.48,62.58,entsoe.eu,false,""
2024-02-28T22:00:00.000000,Spain,Spain,ES,85.29,118.85,81.87,61.75,entsoe.eu,false,""
2024-02-28T23:00:00.000000,Spain,Spain,ES,74.81,105.36,84.69,63.62,entsoe.eu,false,""
2024-02-29T00:00:00.000000,Spain,Spain,ES,64.63,92.87,87.17,65.08,entsoe.eu,false,""
2024-02-29T01:00:00.000000,Spain,Spain,ES,63.48,91.58,87.43,64.95,entsoe.eu,false,""
2024-02-29T02:00:00.000000,Spain,Spain,ES,63.21,91.63,87.4,64.92,entsoe.eu,false,""
2024-02-29T03:00:00.000000,Spain,Spain,ES,66.18,95.37,86.7,64.19,entsoe.eu,false,""
2024-02-29T04:00:00.000000,Spain,Spain,ES,67.55,97.38,86.28,64.24,entsoe.eu,false,""
2024-02-29T05:00:00.000000,Spain,Spain,ES,72.16,102.49,85.16,63.9,entsoe.eu,false,""
2024-02-29T06:00:00.000000,Spain,Spain,ES,78.77,109.61,83.94,64.41,entsoe.eu,false,""
2024-02-29T07:00:00.000000,Spain,Spain,ES,75.0,104.69,85.22,67.03,entsoe.eu,false,""
2024-02-29T08:00:00.000000,Spain,Spain,ES,56.12,83.99,89.99,72.78,entsoe.eu,false,""
2024-02-29T09:00:00.000000,Spain,Spain,ES,46.68,73.73,92.5,75.98,entsoe.eu,false,""
2024-02-29T10:00:00.000000,Spain,Spain,ES,44.83,71.96,92.72,76.79,entsoe.eu,false,""
2024-02-29T11:00:00.000000,Spain,Spain,ES,44.52,71.92,92.66,76.6,entsoe.eu,false,""
2024-02-29T12:00:00.000000,Spain,Spain,ES,44.96,72.39,92.56,76.46,entsoe.eu,false,""
2024-02-29T13:00:00.000000,Spain,Spain,ES,42.87,69.84,92.8,76.82,entsoe.eu,false,""
2024-02-29T14:00:00.000000,Spain,Spain,ES,41.24,68.03,92.88,76.73,entsoe.eu,false,""
2024-02-29T15:00:00.000000,Spain,Spain,ES,42.18,68.95,92.57,76.17,entsoe.eu,false,""
2024-02-29T16:00:00.000000,Spain,Spain,ES,43.82,70.68,92.05,75.09,entsoe.eu,false,""
2024-02-29T17:00:00.000000,Spain,Spain,ES,52.28,79.63,89.62,72.32,entsoe.eu,false,""
2024-02-29T18:00:00.000000,Spain,Spain,ES,55.33,81.51,88.71,71.31,entsoe.eu,false,""
2024-02-29T19:00:00.000000,Spain,Spain,ES,52.4,77.06,89.39,72.26,entsoe.eu,false,""
2024-02-29T20:00:00.000000,Spain,Spain,ES,51.9,76.49,89.52,72.25,entsoe.eu,false,""
2024-02-29T21:00:00.000000,Spain,Spain,ES,50.14,74.55,90.06,71.76,entsoe.eu,false,""
2024-02-29T22:00:00.000000,Spain,Spain,ES,45.86,69.49,91.17,71.93,entsoe.eu,false,""
2024-02-29T23:00:00.000000,Spain,Spain,ES,43.99,67.5,91.69,71.56,entsoe.eu,false,""
2024-03-01T00:00:00.000000,Spain,Spain,ES,45.57,69.34,91.5,70.38,entsoe.eu,false,""
2024-03-01T01:00:00.000000,Spain,Spain,ES,47.37,71.49,91.06,69.13,entsoe.eu,false,""
2024-03-01T02:00:00.000000,Spain,Spain,ES,52.86,78.29,89.87,67.53,entsoe.eu,false,""
2024-03-01T03:00:00.000000,Spain,Spain,ES,54.39,80.23,89.48,67.02,entsoe.eu,false,""
2024-03-01T04:00:00.000000,Spain,Spain,ES,53.26,78.99,89.71,67.57,entsoe.eu,false,""
2024-03-01T05:00:00.000000,Spain,Spain,ES,55.9,82.22,89.27,68.01,entsoe.eu,false,""
2024-03-01T06:00:00.000000,Spain,Spain,ES,56.41,81.91,89.34,69.99,entsoe.eu,false,""
2024-03-01T07:00:00.000000,Spain,Spain,ES,54.07,78.97,90.04,71.9,entsoe.eu,false,""
2024-03-01T08:00:00.000000,Spain,Spain,ES,43.05,67.69,92.95,76.09,entsoe.eu,false,""
2024-03-01T09:00:00.000000,Spain,Spain,ES,41.42,67.21,93.53,77.51,entsoe.eu,false,""
2024-03-01T10:00:00.000000,Spain,Spain,ES,40.19,65.98,93.79,78.04,entsoe.eu,false,""
2024-03-01T11:00:00.000000,Spain,Spain,ES,39.68,65.71,93.69,77.88,entsoe.eu,false,""
2024-03-01T12:00:00.000000,Spain,Spain,ES,39.91,65.91,93.53,77.58,entsoe.eu,false,""
2024-03-01T13:00:00.000000,Spain,Spain,ES,40.01,65.96,93.56,77.35,entsoe.eu,false,""
2024-03-01T14:00:00.000000,Spain,Spain,ES,39.23,65.14,93.57,77.21,entsoe.eu,false,""
2024-03-01T15:00:00.000000,Spain,Spain,ES,37.78,63.2,93.62,77.01,entsoe.eu,false,""
2024-03-01T16:00:00.000000,Spain,Spain,ES,40.61,66.45,92.62,75.49,entsoe.eu,false,""
2024-03-01T17:00:00.000000,Spain,Spain,ES,50.64,77.37,89.89,71.82,entsoe.eu,false,""
2024-03-01T18:00:00.000000,Spain,Spain,ES,61.16,88.26,87.32,68.55,entsoe.eu,false,""
2024-03-01T19:00:00.000000,Spain,Spain,ES,58.69,84.53,87.88,69.53,entsoe.eu,false,""
2024-03-01T20:00:00.000000,Spain,Spain,ES,57.33,82.99,88.2,69.84,entsoe.eu,false,""
2024-03-01T21:00:00.000000,Spain,Spain,ES,57.23,83.15,88.31,69.05,entsoe.eu,false,""
2024-03-01T22:00:00.000000,Spain,Spain,ES,55.34,81.42,88.83,68.75,entsoe.eu,false,""
2024-03-01T23:00:00.000000,Spain,Spain,ES,52.87,78.37,89.51,68.96,entsoe.eu,false,""
2024-03-02T00:00:00.000000,Spain,Spain,ES,52.58,78.25,89.65,68.79,entsoe.eu,false,""
2024-03-02T01:00:00.000000,Spain,Spain,ES,53.02,78.84,89.63,68.25,entsoe.eu,false,""
2024-03-02T02:00:00.000000,Spain,Spain,ES,53.67,79.59,89.52,68.17,entsoe.eu,false,""
2024-03-02T03:00:00.000000,Spain,Spain,ES,54.12,80.27,89.43,68.34,entsoe.eu,false,""
2024-03-02T04:00:00.000000,Spain,Spain,ES,54.59,80.95,89.32,68.67,entsoe.eu,false,""
2024-03-02T05:00:00.000000,Spain,Spain,ES,53.96,80.38,89.46,69.34,entsoe.eu,false,""
2024-03-02T06:00:00.000000,Spain,Spain,ES,53.56,80.02,89.55,69.93,entsoe.eu,false,""
2024-03-02T07:00:00.000000,Spain,Spain,ES,50.26,76.42,90.24,71.64,entsoe.eu,false,""
2024-03-02T08:00:00.000000,Spain,Spain,ES,45.08,70.73,91.67,74.94,entsoe.eu,false,""
2024-03-02T09:00:00.000000,Spain,Spain,ES,46.16,72.37,91.71,75.72,entsoe.eu,false,""
2024-03-02T10:00:00.000000,Spain,Spain,ES,47.78,73.76,91.76,76.1,entsoe.eu,false,""
2024-03-02T11:00:00.000000,Spain,Spain,ES,46.86,72.88,91.77,76.6,entsoe.eu,false,""
2024-03-02T12:00:00.000000,Spain,Spain,ES,44.44,70.37,91.82,76.87,entsoe.eu,false,""
2024-03-02T13:00:00.000000,Spain,Spain,ES,43.88,69.88,91.84,76.66,entsoe.eu,false,""
2024-03-02T14:00:00.000000,Spain,Spain,ES,44.22,70.21,91.71,75.91,entsoe.eu,false,""
2024-03-02T15:00:00.000000,Spain,Spain,ES,42.38,67.85,91.92,75.53,entsoe.eu,false,""
2024-03-02T16:00:00.000000,Spain,Spain,ES,43.61,68.79,91.66,74.96,entsoe.eu,false,""
2024-03-02T17:00:00.000000,Spain,Spain,ES,42.88,66.92,91.87,74.9,entsoe.eu,false,""
2024-03-02T18:00:00.000000,Spain,Spain,ES,45.94,69.27,91.14,74.2,entsoe.eu,false,""
2024-03-02T19:00:00.000000,Spain,Spain,ES,47.64,71.12,90.66,74.17,entsoe.eu,false,""
2024-03-02T20:00:00.000000,Spain,Spain,ES,46.18,69.3,91.03,74.67,entsoe.eu,false,""
2024-03-02T21:00:00.000000,Spain,Spain,ES,47.74,71.26,90.83,73.5,entsoe.eu,false,""
2024-03-02T22:00:00.000000,Spain,Spain,ES,51.48,76.37,89.96,72.19,entsoe.eu,false,""
2024-03-02T23:00:00.000000,Spain,Spain,ES,55.63,82.19,89.0,70.5,entsoe.eu,false,""
2024-03-03T00:00:00.000000,Spain,Spain,ES,59.56,86.65,88.37,68.48,entsoe.eu,false,""
2024-03-03T01:00:00.000000,Spain,Spain,ES,59.25,86.36,88.33,68.48,entsoe.eu,false,""
2024-03-03T02:00:00.000000,Spain,Spain,ES,63.05,91.24,87.45,67.5,entsoe.eu,false,""
2024-03-03T03:00:00.000000,Spain,Spain,ES,62.31,90.57,87.6,67.54,entsoe.eu,false,""
2024-03-03T04:00:00.000000,Spain,Spain,ES,63.26,91.84,87.33,67.43,entsoe.eu,false,""
2024-03-03T05:00:00.000000,Spain,Spain,ES,63.06,91.86,87.32,67.83,entsoe.eu,false,""
2024-03-03T06:00:00.000000,Spain,Spain,ES,64.17,93.22,87.03,67.75,entsoe.eu,false,""
2024-03-03T07:00:00.000000,Spain,Spain,ES,56.03,82.98,88.98,69.95,entsoe.eu,false,""
2024-03-03T08:00:00.000000,Spain,Spain,ES,45.98,73.02,91.14,74.21,entsoe.eu,false,""
2024-03-03T09:00:00.000000,Spain,Spain,ES,39.83,66.86,92.4,77.13,entsoe.eu,false,""
2024-03-03T10:00:00.000000,Spain,Spain,ES,38.39,65.57,92.72,77.66,entsoe.eu,false,""
2024-03-03T11:00:00.000000,Spain,Spain,ES,38.0,65.31,92.83,77.65,entsoe.eu,false,""
2024-03-03T12:00:00.000000,Spain,Spain,ES,38.1,65.2,92.79,77.76,entsoe.eu,false,""
2024-03-03T13:00:00.000000,Spain,Spain,ES,37.84,64.42,92.83,78.17,entsoe.eu,false,""
2024-03-03T14:00:00.000000,Spain,Spain,ES,39.41,65.9,92.61,77.21,entsoe.eu,false,""
2024-03-03T15:00:00.000000,Spain,Spain,ES,40.5,67.05,92.36,76.33,entsoe.eu,false,""
2024-03-03T16:00:00.000000,Spain,Spain,ES,43.06,69.78,91.78,75.3,entsoe.eu,false,""
2024-03-03T17:00:00.000000,Spain,Spain,ES,48.83,75.14,90.64,72.65,entsoe.eu,false,""
2024-03-03T18:00:00.000000,Spain,Spain,ES,52.6,77.99,89.54,72.22,entsoe.eu,false,""
2024-03-03T19:00:00.000000,Spain,Spain,ES,53.75,76.67,89.34,71.74,entsoe.eu,false,""
2024-03-03T20:00:00.000000,Spain,Spain,ES,56.25,79.63,88.75,71.04,entsoe.eu,false,""
2024-03-03T21:00:00.000000,Spain,Spain,ES,53.87,77.19,89.31,71.47,entsoe.eu,false,""
2024-03-03T22:00:00.000000,Spain,Spain,ES,54.75,78.63,89.2,70.4,entsoe.eu,false,""
2024-03-03T23:00:00.000000,Spain,Spain,ES,56.85,82.03,88.76,69.4,entsoe.eu,false,""
2024-03-04T00:00:00.000000,Spain,Spain,ES,57.75,83.28,88.66,68.58,entsoe.eu,false,""
2024-03-04T01:00:00.000000,Spain,Spain,ES,58.73,84.47,88.46,68.1,entsoe.eu,false,""
2024-03-04T02:00:00.000000,Spain,Spain,ES,61.75,88.42,87.71,67.6,entsoe.eu,false,""
2024-03-04T03:00:00.000000,Spain,Spain,ES,61.56,88.13,87.83,67.65,entsoe.eu,false,""
2024-03-04T04:00:00.000000,Spain,Spain,ES,60.08,86.43,88.04,68.31,entsoe.eu,false,""
2024-03-04T05:00:00.000000,Spain,Spain,ES,57.99,83.92,88.45,69.4,entsoe.eu,false,""
2024-03-04T06:00:00.000000,Spain,Spain,ES,55.42,80.12,88.93,71.11,entsoe.eu,false,""
2024-03-04T07:00:00.000000,Spain,Spain,ES,52.99,76.7,89.45,72.34,entsoe.eu,false,""
2024-03-04T08:00:00.000000,Spain,Spain,ES,47.2,72.06,90.71,74.58,entsoe.eu,false,""
2024-03-04T09:00:00.000000,Spain,Spain,ES,42.23,67.26,92.07,76.95,entsoe.eu,false,""
2024-03-04T10:00:00.000000,Spain,Spain,ES,43.77,69.1,92.13,77.11,entsoe.eu,false,""
2024-03-04T11:00:00.000000,Spain,Spain,ES,44.5,69.81,92.23,77.71,entsoe.eu,false,""
2024-03-04T12:00:00.000000,Spain,Spain,ES,44.56,70.25,92.3,77.84,entsoe.eu,false,""
2024-03-04T13:00:00.000000,Spain,Spain,ES,44.98,71.43,91.93,77.56,entsoe.eu,false,""
2024-03-04T14:00:00.000000,Spain,Spain,ES,45.16,71.62,91.77,77.4,entsoe.eu,false,""
2024-03-04T15:00:00.000000,Spain,Spain,ES,42.25,67.75,92.22,77.78,entsoe.eu,false,""
2024-03-04T16:00:00.000000,Spain,Spain,ES,45.54,71.54,91.34,76.74,entsoe.eu,false,""
2024-03-04T17:00:00.000000,Spain,Spain,ES,57.37,85.82,88.22,72.77,entsoe.eu,false,""
2024-03-04T18:00:00.000000,Spain,Spain,ES,69.63,99.33,85.21,68.86,entsoe.eu,false,""
2024-03-04T19:00:00.000000,Spain,Spain,ES,65.9,94.0,86.06,70.31,entsoe.eu,false,""
2024-03-04T20:00:00.000000,Spain,Spain,ES,65.07,93.05,86.28,70.49,entsoe.eu,false,""
2024-03-04T21:00:00.000000,Spain,Spain,ES,59.17,85.66,87.88,70.96,entsoe.eu,false,""
2024-03-04T22:00:00.000000,Spain,Spain,ES,53.92,79.42,89.35,71.04,entsoe.eu,false,""
2024-03-04T23:00:00.000000,Spain,Spain,ES,51.89,77.52,89.88,71.27,entsoe.eu,false,""
2024-03-05T00:00:00.000000,Spain,Spain,ES,55.07,81.46,89.32,70.06,entsoe.eu,false,""
2024-03-05T01:00:00.000000,Spain,Spain,ES,57.19,84.41,88.84,69.06,entsoe.eu,false,""
2024-03-05T02:00:00.000000,Spain,Spain,ES,58.29,85.95,88.52,68.35,entsoe.eu,false,""
2024-03-05T03:00:00.000000,Spain,Spain,ES,59.7,87.76,88.33,67.7,entsoe.eu,false,""
2024-03-05T04:00:00.000000,Spain,Spain,ES,62.86,91.65,87.5,66.85,entsoe.eu,false,""
2024-03-05T05:00:00.000000,Spain,Spain,ES,75.55,107.44,84.34,64.03,entsoe.eu,false,""
2024-03-05T06:00:00.000000,Spain,Spain,ES,88.85,122.94,81.0,61.91,entsoe.eu,false,""
2024-03-05T07:00:00.000000,Spain,Spain,ES,97.0,133.29,79.11,60.85,entsoe.eu,false,""
2024-03-05T08:00:00.000000,Spain,Spain,ES,69.29,102.32,85.98,69.02,entsoe.eu,false,""
2024-03-05T09:00:00.000000,Spain,Spain,ES,51.11,81.39,90.71,74.62,entsoe.eu,false,""
2024-03-05T10:00:00.000000,Spain,Spain,ES,46.07,75.15,92.31,76.7,entsoe.eu,false,""
2024-03-05T11:00:00.000000,Spain,Spain,ES,47.09,76.27,92.27,76.65,entsoe.eu,false,""
2024-03-05T12:00:00.000000,Spain,Spain,ES,47.39,76.43,92.21,76.3,entsoe.eu,false,""
2024-03-05T13:00:00.000000,Spain,Spain,ES,44.57,73.05,92.68,76.74,entsoe.eu,false,""
2024-03-05T14:00:00.000000,Spain,Spain,ES,45.94,74.71,92.41,76.16,entsoe.eu,false,""
2024-03-05T15:00:00.000000,Spain,Spain,ES,49.55,79.42,91.41,74.32,entsoe.eu,false,""
2024-03-05T16:00:00.000000,Spain,Spain,ES,64.8,98.08,87.69,69.86,entsoe.eu,false,""
2024-03-05T17:00:00.000000,Spain,Spain,ES,102.31,142.86,78.46,59.73,entsoe.eu,false,""
2024-03-05T18:00:00.000000,Spain,Spain,ES,133.35,178.19,70.78,50.22,entsoe.eu,false,""
2024-03-05T19:00:00.000000,Spain,Spain,ES,136.76,182.68,69.41,47.14,entsoe.eu,false,""
2024-03-05T20:00:00.000000,Spain,Spain,ES,138.66,185.38,68.83,45.79,entsoe.eu,false,""
2024-03-05T21:00:00.000000,Spain,Spain,ES,138.62,185.41,68.96,46.37,entsoe.eu,false,""
2024-03-05T22:00:00.000000,Spain,Spain,ES,123.66,166.35,72.82,50.56,entsoe.eu,false,""
2024-03-05T23:00:00.000000,Spain,Spain,ES,108.16,147.12,76.82,53.07,entsoe.eu,false,""
2024-03-06T00:00:00.000000,Spain,Spain,ES,100.52,137.9,78.73,53.95,entsoe.eu,false,""
2024-03-06T01:00:00.000000,Spain,Spain,ES,97.05,133.96,79.56,54.07,entsoe.eu,false,""
2024-03-06T02:00:00.000000,Spain,Spain,ES,93.38,129.45,80.49,54.5,entsoe.eu,false,""
2024-03-06T03:00:00.000000,Spain,Spain,ES,93.25,129.35,80.55,54.28,entsoe.eu,false,""
2024-03-06T04:00:00.000000,Spain,Spain,ES,102.22,140.49,78.31,52.3,entsoe.eu,false,""
2024-03-06T05:00:00.000000,Spain,Spain,ES,111.99,151.93,75.8,51.16,entsoe.eu,false,""
2024-03-06T06:00:00.000000,Spain,Spain,ES,117.11,158.02,74.24,50.2,entsoe.eu,false,""
2024-03-06T07:00:00.000000,Spain,Spain,ES,111.32,151.26,75.89,54.51,entsoe.eu,false,""
2024-03-06T08:00:00.000000,Spain,Spain,ES,77.86,113.19,84.1,65.21,entsoe.eu,false,""
2024-03-06T09:00:00.000000,Spain,Spain,ES,55.08,86.45,89.79,72.0,entsoe.eu,false,""
2024-03-06T10:00:00.000000,Spain,Spain,ES,48.58,78.15,91.66,74.36,entsoe.eu,false,""
2024-03-06T11:00:00.000000,Spain,Spain,ES,51.42,81.17,91.32,74.24,entsoe.eu,false,""
2024-03-06T12:00:00.000000,Spain,Spain,ES,50.51,80.2,91.42,74.16,entsoe.eu,false,""
2024-03-06T13:00:00.000000,Spain,Spain,ES,50.06,79.6,91.47,73.86,entsoe.eu,false,""
2024-03-06T14:00:00.000000,Spain,Spain,ES,48.54,77.79,91.86,74.09,entsoe.eu,false,""
2024-03-06T15:00:00.000000,Spain,Spain,ES,50.92,80.97,91.07,72.92,entsoe.eu,false,""
2024-03-06T16:00:00.000000,Spain,Spain,ES,74.91,109.65,85.32,66.29,entsoe.eu,false,""
2024-03-06T17:00:00.000000,Spain,Spain,ES,102.79,141.55,78.57,57.57,entsoe.eu,false,""
2024-03-06T18:00:00.000000,Spain,Spain,ES,118.83,159.58,74.48,52.68,entsoe.eu,false,""
2024-03-06T19:00:00.000000,Spain,Spain,ES,116.94,157.58,74.27,51.49,entsoe.eu,false,""
2024-03-06T20:00:00.000000,Spain,Spain,ES,107.71,146.6,76.16,53.98,entsoe.eu,false,""
2024-03-06T21:00:00.000000,Spain,Spain,ES,96.19,132.43,79.07,57.81,entsoe.eu,false,""
2024-03-06T22:00:00.000000,Spain,Spain,ES,79.72,112.14,83.19,61.49,entsoe.eu,false,""
2024-03-06T23:00:00.000000,Spain,Spain,ES,60.08,88.22,87.95,65.48,entsoe.eu,false,""
2024-03-07T00:00:00.000000,Spain,Spain,ES,52.6,79.03,89.8,66.75,entsoe.eu,false,""
2024-03-07T01:00:00.000000,Spain,Spain,ES,51.93,78.32,89.96,66.94,entsoe.eu,false,""
2024-03-07T02:00:00.000000,Spain,Spain,ES,52.4,78.89,89.89,66.53,entsoe.eu,false,""
2024-03-07T03:00:00.000000,Spain,Spain,ES,53.56,80.38,89.63,66.13,entsoe.eu,false,""
2024-03-07T04:00:00.000000,Spain,Spain,ES,54.41,81.33,89.4,66.2,entsoe.eu,false,""
2024-03-07T05:00:00.000000,Spain,Spain,ES,54.26,81.09,89.32,67.16,entsoe.eu,false,""
2024-03-07T06:00:00.000000,Spain,Spain,ES,57.36,83.03,88.42,67.74,entsoe.eu,false,""
2024-03-07T07:00:00.000000,Spain,Spain,ES,53.72,78.43,89.18,69.79,entsoe.eu,false,""
2024-03-07T08:00:00.000000,Spain,Spain,ES,42.76,67.3,91.72,73.06,entsoe.eu,false,""
2024-03-07T09:00:00.000000,Spain,Spain,ES,38.29,63.84,92.77,74.73,entsoe.eu,false,""
2024-03-07T10:00:00.000000,Spain,Spain,ES,37.31,62.64,92.94,75.52,entsoe.eu,false,""
2024-03-07T11:00:00.000000,Spain,Spain,ES,36.03,60.75,93.29,75.94,entsoe.eu,false,""
2024-03-07T12:00:00.000000,Spain,Spain,ES,36.27,60.72,93.3,76.07,entsoe.eu,false,""
2024-03-07T13:00:00.000000,Spain,Spain,ES,35.92,60.13,93.33,76.18,entsoe.eu,false,""
2024-03-07T14:00:00.000000,Spain,Spain,ES,37.55,62.07,92.93,75.63,entsoe.eu,false,""
2024-03-07T15:00:00.000000,Spain,Spain,ES,41.04,65.89,92.1,74.61,entsoe.eu,false,""
2024-03-07T16:00:00.000000,Spain,Spain,ES,43.59,68.29,91.49,73.98,entsoe.eu,false,""
2024-03-07T17:00:00.000000,Spain,Spain,ES,53.67,80.5,89.1,71.01,entsoe.eu,false,""
2024-03-07T18:00:00.000000,Spain,Spain,ES,60.83,88.04,87.47,68.8,entsoe.eu,false,""
2024-03-07T19:00:00.000000,Spain,Spain,ES,66.52,94.41,86.11,67.62,entsoe.eu,false,""
2024-03-07T20:00:00.000000,Spain,Spain,ES,67.64,95.83,85.86,67.14,entsoe.eu,false,""
2024-03-07T21:00:00.000000,Spain,Spain,ES,63.97,91.66,86.85,67.27,entsoe.eu,false,""
2024-03-07T22:00:00.000000,Spain,Spain,ES,56.84,83.33,88.65,68.11,entsoe.eu,false,""
2024-03-07T23:00:00.000000,Spain,Spain,ES,50.17,75.35,90.35,68.8,entsoe.eu,false,""
2024-03-08T00:00:00.000000,Spain,Spain,ES,50.82,76.38,90.23,67.79,entsoe.eu,false,""
2024-03-08T01:00:00.000000,Spain,Spain,ES,50.33,75.49,90.4,67.35,entsoe.eu,false,""
2024-03-08T02:00:00.000000,Spain,Spain,ES,50.06,75.25,90.53,67.01,entsoe.eu,false,""
2024-03-08T03:00:00.000000,Spain,Spain,ES,50.24,75.46,90.52,66.7,entsoe.eu,false,""
2024-03-08T04:00:00.000000,Spain,Spain,ES,50.97,76.81,90.3,66.89,entsoe.eu,false,""
2024-03-08T05:00:00.000000,Spain,Spain,ES,51.68,77.98,89.95,68.03,entsoe.eu,false,""
2024-03-08T06:00:00.000000,Spain,Spain,ES,50.31,75.67,90.14,69.76,entsoe.eu,false,""
2024-03-08T07:00:00.000000,Spain,Spain,ES,46.56,71.07,90.91,71.86,entsoe.eu,false,""
2024-03-08T08:00:00.000000,Spain,Spain,ES,36.0,60.23,93.28,75.46,entsoe.eu,false,""
2024-03-08T09:00:00.000000,Spain,Spain,ES,31.79,55.79,94.27,76.66,entsoe.eu,false,""
2024-03-08T10:00:00.000000,Spain,Spain,ES,32.27,56.15,94.13,76.72,entsoe.eu,false,""
2024-03-08T11:00:00.000000,Spain,Spain,ES,33.94,57.81,94.06,77.08,entsoe.eu,false,""
2024-03-08T12:00:00.000000,Spain,Spain,ES,35.81,59.77,93.99,77.32,entsoe.eu,false,""
2024-03-08T13:00:00.000000,Spain,Spain,ES,36.99,61.12,93.84,76.95,entsoe.eu,false,""
2024-03-08T14:00:00.000000,Spain,Spain,ES,37.59,61.99,93.62,76.51,entsoe.eu,false,""
2024-03-08T15:00:00.000000,Spain,Spain,ES,40.13,64.5,93.25,75.79,entsoe.eu,false,""
2024-03-08T16:00:00.000000,Spain,Spain,ES,45.31,69.86,92.37,74.54,entsoe.eu,false,""
2024-03-08T17:00:00.000000,Spain,Spain,ES,48.87,72.91,91.43,74.2,entsoe.eu,false,""
2024-03-08T18:00:00.000000,Spain,Spain,ES,55.12,80.13,89.61,73.09,entsoe.eu,false,""
2024-03-08T19:00:00.000000,Spain,Spain,ES,52.2,76.8,89.65,73.67,entsoe.eu,false,""
2024-03-08T20:00:00.000000,Spain,Spain,ES,48.58,72.77,90.33,74.97,entsoe.eu,false,""
2024-03-08T21:00:00.000000,Spain,Spain,ES,45.83,69.91,91.1,75.43,entsoe.eu,false,""
2024-03-08T22:00:00.000000,Spain,Spain,ES,45.18,69.19,91.37,74.99,entsoe.eu,false,""
2024-03-08T23:00:00.000000,Spain,Spain,ES,45.67,70.19,91.3,74.54,entsoe.eu,false,""
2024-03-09T00:00:00.000000,Spain,Spain,ES,46.13,70.54,91.31,73.65,entsoe.eu,false,""
2024-03-09T01:00:00.000000,Spain,Spain,ES,48.92,74.06,90.71,72.81,entsoe.eu,false,""
2024-03-09T02:00:00.000000,Spain,Spain,ES,48.83,73.81,90.84,72.3,entsoe.eu,false,""
2024-03-09T03:00:00.000000,Spain,Spain,ES,49.94,75.17,90.62,71.74,entsoe.eu,false,""
2024-03-09T04:00:00.000000,Spain,Spain,ES,51.82,77.58,90.19,71.11,entsoe.eu,false,""
2024-03-09T05:00:00.000000,Spain,Spain,ES,54.18,80.53,89.65,70.61,entsoe.eu,false,""
2024-03-09T06:00:00.000000,Spain,Spain,ES,54.42,81.0,89.54,70.98,entsoe.eu,false,""
2024-03-09T07:00:00.000000,Spain,Spain,ES,53.23,79.62,89.73,71.86,entsoe.eu,false,""
2024-03-09T08:00:00.000000,Spain,Spain,ES,51.98,78.73,89.9,73.12,entsoe.eu,false,""
2024-03-09T09:00:00.000000,Spain,Spain,ES,49.66,75.49,90.39,74.1,entsoe.eu,false,""
2024-03-09T10:00:00.000000,Spain,Spain,ES,46.82,72.48,91.04,75.04,entsoe.eu,false,""
2024-03-09T11:00:00.000000,Spain,Spain,ES,43.27,69.34,91.77,76.56,entsoe.eu,false,""
2024-03-09T12:00:00.000000,Spain,Spain,ES,41.42,67.59,92.12,77.6,entsoe.eu,false,""
2024-03-09T13:00:00.000000,Spain,Spain,ES,41.27,67.27,92.15,77.64,entsoe.eu,false,""
2024-03-09T14:00:00.000000,Spain,Spain,ES,42.82,68.56,91.87,76.7,entsoe.eu,false,""
2024-03-09T15:00:00.000000,Spain,Spain,ES,43.1,69.05,91.83,76.5,entsoe.eu,false,""
2024-03-09T16:00:00.000000,Spain,Spain,ES,46.49,73.22,91.12,77.34,entsoe.eu,false,""
2024-03-09T17:00:00.000000,Spain,Spain,ES,50.43,77.43,90.23,76.78,entsoe.eu,false,""
2024-03-09T18:00:00.000000,Spain,Spain,ES,58.58,86.07,88.23,75.22,entsoe.eu,false,""
2024-03-09T19:00:00.000000,Spain,Spain,ES,60.9,87.94,87.59,74.83,entsoe.eu,false,""
2024-03-09T20:00:00.000000,Spain,Spain,ES,57.22,83.43,88.44,75.83,entsoe.eu,false,""
2024-03-09T21:00:00.000000,Spain,Spain,ES,54.04,79.92,89.29,76.46,entsoe.eu,false,""
2024-03-09T22:00:00.000000,Spain,Spain,ES,54.58,81.53,89.22,76.19,entsoe.eu,false,""
2024-03-09T23:00:00.000000,Spain,Spain,ES,57.47,85.25,88.62,75.05,entsoe.eu,false,""
2024-03-10T00:00:00.000000,Spain,Spain,ES,60.9,89.53,87.98,73.45,entsoe.eu,false,""
2024-03-10T01:00:00.000000,Spain,Spain,ES,64.42,93.75,87.29,71.9,entsoe.eu,false,""
2024-03-10T02:00:00.000000,Spain,Spain,ES,66.36,96.12,86.91,71.09,entsoe.eu,false,""
2024-03-10T03:00:00.000000,Spain,Spain,ES,66.67,96.82,86.86,70.92,entsoe.eu,false,""
2024-03-10T04:00:00.000000,Spain,Spain,ES,67.41,97.92,86.68,70.7,entsoe.eu,false,""
2024-03-10T05:00:00.000000,Spain,Spain,ES,65.83,95.99,87.0,71.28,entsoe.eu,false,""
2024-03-10T06:00:00.000000,Spain,Spain,ES,64.52,94.17,87.29,71.73,entsoe.eu,false,""
2024-03-10T07:00:00.000000,Spain,Spain,ES,63.6,93.46,87.47,72.23,entsoe.eu,false,""
2024-03-10T08:00:00.000000,Spain,Spain,ES,65.07,96.96,86.91,72.64,entsoe.eu,false,""
2024-03-10T09:00:00.000000,Spain,Spain,ES,57.44,88.14,88.59,75.22,entsoe.eu,false,""
2024-03-10T10:00:00.000000,Spain,Spain,ES,55.18,85.96,89.11,75.94,entsoe.eu,false,""
2024-03-10T11:00:00.000000,Spain,Spain,ES,56.41,87.26,88.75,75.91,entsoe.eu,false,""
2024-03-10T12:00:00.000000,Spain,Spain,ES,56.73,87.24,88.93,76.38,entsoe.eu,false,""
2024-03-10T13:00:00.000000,Spain,Spain,ES,54.0,83.94,89.42,76.93,entsoe.eu,false,""
2024-03-10T14:00:00.000000,Spain,Spain,ES,52.39,82.08,89.76,76.65,entsoe.eu,false,""
2024-03-10T15:00:00.000000,Spain,Spain,ES,55.0,85.25,89.26,75.65,entsoe.eu,false,""
2024-03-10T16:00:00.000000,Spain,Spain,ES,52.79,81.97,89.78,76.05,entsoe.eu,false,""
2024-03-10T17:00:00.000000,Spain,Spain,ES,52.32,80.1,89.88,76.31,entsoe.eu,false,""
2024-03-10T18:00:00.000000,Spain,Spain,ES,51.84,78.25,89.88,76.86,entsoe.eu,false,""
2024-03-10T19:00:00.000000,Spain,Spain,ES,52.86,78.32,89.55,76.79,entsoe.eu,false,""
2024-03-10T20:00:00.000000,Spain,Spain,ES,54.63,80.26,89.13,76.27,entsoe.eu,false,""
2024-03-10T21:00:00.000000,Spain,Spain,ES,53.38,78.85,89.53,76.34,entsoe.eu,false,""
2024-03-10T22:00:00.000000,Spain,Spain,ES,58.74,86.48,88.37,74.61,entsoe.eu,false,""
2024-03-10T23:00:00.000000,Spain,Spain,ES,62.44,91.6,87.57,73.14,entsoe.eu,false,""
2024-03-11T00:00:00.000000,Spain,Spain,ES,64.02,93.88,87.25,72.37,entsoe.eu,false,""
2024-03-11T01:00:00.000000,Spain,Spain,ES,65.72,95.67,86.98,71.37,entsoe.eu,false,""
2024-03-11T02:00:00.000000,Spain,Spain,ES,65.96,95.8,86.97,71.19,entsoe.eu,false,""
2024-03-11T03:00:00.000000,Spain,Spain,ES,64.91,94.48,87.19,71.66,entsoe.eu,false,""
2024-03-11T04:00:00.000000,Spain,Spain,ES,64.42,94.13,87.2,72.15,entsoe.eu,false,""
2024-03-11T05:00:00.000000,Spain,Spain,ES,62.03,91.24,87.59,73.49,entsoe.eu,false,""
2024-03-11T06:00:00.000000,Spain,Spain,ES,58.12,85.68,88.3,75.22,entsoe.eu,false,""
2024-03-11T07:00:00.000000,Spain,Spain,ES,57.26,85.55,88.32,76.17,entsoe.eu,false,""
2024-03-11T08:00:00.000000,Spain,Spain,ES,46.46,75.18,90.83,79.67,entsoe.eu,false,""
2024-03-11T09:00:00.000000,Spain,Spain,ES,43.97,73.25,91.33,80.78,entsoe.eu,false,""
2024-03-11T10:00:00.000000,Spain,Spain,ES,41.98,70.96,91.72,81.51,entsoe.eu,false,""
2024-03-11T11:00:00.000000,Spain,Spain,ES,41.88,70.65,91.77,81.59,entsoe.eu,false,""
2024-03-11T12:00:00.000000,Spain,Spain,ES,41.85,70.86,91.76,81.66,entsoe.eu,false,""
2024-03-11T13:00:00.000000,Spain,Spain,ES,43.25,72.42,91.48,81.1,entsoe.eu,false,""
2024-03-11T14:00:00.000000,Spain,Spain,ES,45.46,74.84,91.0,80.35,entsoe.eu,false,""
2024-03-11T15:00:00.000000,Spain,Spain,ES,48.91,78.98,90.17,79.42,entsoe.eu,false,""
2024-03-11T16:00:00.000000,Spain,Spain,ES,58.33,89.77,87.97,76.82,entsoe.eu,false,""
2024-03-11T17:00:00.000000,Spain,Spain,ES,78.93,114.01,83.03,71.38,entsoe.eu,false,""
2024-03-11T18:00:00.000000,Spain,Spain,ES,107.85,147.42,76.17,63.56,entsoe.eu,false,""
2024-03-11T19:00:00.000000,Spain,Spain,ES,116.89,157.83,74.09,60.28,entsoe.eu,false,""
2024-03-11T20:00:00.000000,Spain,Spain,ES,119.32,160.93,73.48,59.46,entsoe.eu,false,""
2024-03-11T21:00:00.000000,Spain,Spain,ES,112.88,153.41,75.15,61.27,entsoe.eu,false,""
2024-03-11T22:00:00.000000,Spain,Spain,ES,102.33,140.46,77.84,63.45,entsoe.eu,false,""
2024-03-11T23:00:00.000000,Spain,Spain,ES,93.03,128.73,80.3,64.91,entsoe.eu,false,""
2024-03-12T00:00:00.000000,Spain,Spain,ES,90.82,126.13,81.03,64.84,entsoe.eu,false,""
2024-03-12T01:00:00.000000,Spain,Spain,ES,90.89,126.28,81.11,64.52,entsoe.eu,false,""
2024-03-12T02:00:00.000000,Spain,Spain,ES,90.0,125.51,81.29,64.88,entsoe.eu,false,""
2024-03-12T03:00:00.000000,Spain,Spain,ES,93.09,129.17,80.96,64.88,entsoe.eu,false,""
2024-03-12T04:00:00.000000,Spain,Spain,ES,103.96,142.57,78.66,63.12,entsoe.eu,false,""
2024-03-12T05:00:00.000000,Spain,Spain,ES,117.58,158.16,75.92,60.68,entsoe.eu,false,""
2024-03-12T06:00:00.000000,Spain,Spain,ES,131.92,173.93,73.28,58.34,entsoe.eu,false,""
2024-03-12T07:00:00.000000,Spain,Spain,ES,122.67,164.12,75.02,61.41,entsoe.eu,false,""
2024-03-12T08:00:00.000000,Spain,Spain,ES,87.43,124.75,83.18,71.24,entsoe.eu,false,""
2024-03-12T09:00:00.000000,Spain,Spain,ES,61.38,93.75,89.27,78.24,entsoe.eu,false,""
2024-03-12T10:00:00.000000,Spain,Spain,ES,53.11,83.92,91.16,80.39,entsoe.eu,false,""
2024-03-12T11:00:00.000000,Spain,Spain,ES,54.57,85.8,90.85,79.94,entsoe.eu,false,""
2024-03-12T12:00:00.000000,Spain,Spain,ES,53.67,84.73,91.02,80.22,entsoe.eu,false,""
2024-03-12T13:00:00.000000,Spain,Spain,ES,54.23,85.38,90.89,80.08,entsoe.eu,false,""
2024-03-12T14:00:00.000000,Spain,Spain,ES,55.39,86.88,90.63,79.76,entsoe.eu,false,""
2024-03-12T15:00:00.000000,Spain,Spain,ES,61.64,94.37,89.18,78.17,entsoe.eu,false,""
2024-03-12T16:00:00.000000,Spain,Spain,ES,84.03,121.84,83.72,72.02,entsoe.eu,false,""
2024-03-12T17:00:00.000000,Spain,Spain,ES,126.03,171.88,73.56,60.5,entsoe.eu,false,""
2024-03-12T18:00:00.000000,Spain,Spain,ES,157.63,208.57,65.68,49.3,entsoe.eu,false,""
2024-03-12T19:00:00.000000,Spain,Spain,ES,161.86,214.25,64.01,46.54,entsoe.eu,false,""
2024-03-12T20:00:00.000000,Spain,Spain,ES,164.64,218.02,63.3,45.97,entsoe.eu,false,""
2024-03-12T21:00:00.000000,Spain,Spain,ES,147.28,196.91,67.39,49.8,entsoe.eu,false,""
2024-03-12T22:00:00.000000,Spain,Spain,ES,128.55,174.09,71.74,54.9,entsoe.eu,false,""
2024-03-12T23:00:00.000000,Spain,Spain,ES,115.25,157.87,74.94,58.37,entsoe.eu,false,""
2024-03-13T00:00:00.000000,Spain,Spain,ES,105.2,145.47,77.49,61.44,entsoe.eu,false,""
2024-03-13T01:00:00.000000,Spain,Spain,ES,99.94,138.86,78.89,62.61,entsoe.eu,false,""
2024-03-13T02:00:00.000000,Spain,Spain,ES,95.89,133.47,80.15,63.47,entsoe.eu,false,""
2024-03-13T03:00:00.000000,Spain,Spain,ES,99.15,137.38,79.62,63.05,entsoe.eu,false,""
2024-03-13T04:00:00.000000,Spain,Spain,ES,107.4,147.11,77.99,61.78,entsoe.eu,false,""
2024-03-13T05:00:00.000000,Spain,Spain,ES,124.64,167.43,74.35,58.96,entsoe.eu,false,""
2024-03-13T06:00:00.000000,Spain,Spain,ES,134.63,178.87,72.02,55.47,entsoe.eu,false,""
2024-03-13T07:00:00.000000,Spain,Spain,ES,132.3,176.79,72.59,58.55,entsoe.eu,false,""
2024-03-13T08:00:00.000000,Spain,Spain,ES,99.37,139.52,80.28,68.57,entsoe.eu,false,""
2024-03-13T09:00:00.000000,Spain,Spain,ES,73.65,109.13,86.34,75.08,entsoe.eu,false,""
2024-03-13T10:00:00.000000,Spain,Spain,ES,59.67,92.21,89.7,78.53,entsoe.eu,false,""
2024-03-13T11:00:00.000000,Spain,Spain,ES,58.81,91.16,89.97,78.66,entsoe.eu,false,""
2024-03-13T12:00:00.000000,Spain,Spain,ES,57.69,89.79,90.25,78.93,entsoe.eu,false,""
2024-03-13T13:00:00.000000,Spain,Spain,ES,60.27,93.15,89.56,78.41,entsoe.eu,false,""
2024-03-13T14:00:00.000000,Spain,Spain,ES,62.17,95.65,89.07,77.99,entsoe.eu,false,""
2024-03-13T15:00:00.000000,Spain,Spain,ES,68.96,103.8,87.41,76.37,entsoe.eu,false,""
2024-03-13T16:00:00.000000,Spain,Spain,ES,94.81,135.45,81.11,69.57,entsoe.eu,false,""
2024-03-13T17:00:00.000000,Spain,Spain,ES,134.35,183.25,71.26,58.94,entsoe.eu,false,""
2024-03-13T18:00:00.000000,Spain,Spain,ES,161.82,213.99,64.6,49.85,entsoe.eu,false,""
2024-03-13T19:00:00.000000,Spain,Spain,ES,156.25,206.9,65.47,48.19,entsoe.eu,false,""
2024-03-13T20:00:00.000000,Spain,Spain,ES,148.62,198.11,66.81,49.18,entsoe.eu,false,""
2024-03-13T21:00:00.000000,Spain,Spain,ES,146.26,195.66,67.26,51.75,entsoe.eu,false,""
2024-03-13T22:00:00.000000,Spain,Spain,ES,129.42,174.37,71.56,56.68,entsoe.eu,false,""
2024-03-13T23:00:00.000000,Spain,Spain,ES,113.15,154.55,75.5,60.23,entsoe.eu,false,""
2024-03-14T00:00:00.000000,Spain,Spain,ES,100.83,139.75,78.47,63.07,entsoe.eu,false,""
2024-03-14T01:00:00.000000,Spain,Spain,ES,90.51,127.56,80.93,65.66,entsoe.eu,false,""
2024-03-14T02:00:00.000000,Spain,Spain,ES,89.43,126.22,81.2,65.93,entsoe.eu,false,""
2024-03-14T03:00:00.000000,Spain,Spain,ES,92.51,129.88,80.9,65.74,entsoe.eu,false,""
2024-03-14T04:00:00.000000,Spain,Spain,ES,101.28,140.03,79.31,64.35,entsoe.eu,false,""
2024-03-14T05:00:00.000000,Spain,Spain,ES,111.86,151.72,77.18,62.34,entsoe.eu,false,""
2024-03-14T06:00:00.000000,Spain,Spain,ES,115.94,155.61,76.37,62.25,entsoe.eu,false,""
2024-03-14T07:00:00.000000,Spain,Spain,ES,110.44,149.51,77.73,64.51,entsoe.eu,false,""
2024-03-14T08:00:00.000000,Spain,Spain,ES,87.42,124.17,83.31,71.4,entsoe.eu,false,""
2024-03-14T09:00:00.000000,Spain,Spain,ES,67.93,101.08,87.95,76.37,entsoe.eu,false,""
2024-03-14T10:00:00.000000,Spain,Spain,ES,60.03,91.64,89.66,78.48,entsoe.eu,false,""
2024-03-14T11:00:00.000000,Spain,Spain,ES,57.17,87.96,90.19,79.33,entsoe.eu,false,""
2024-03-14T12:00:00.000000,Spain,Spain,ES,55.84,86.38,90.4,79.84,entsoe.eu,false,""
2024-03-14T13:00:00.000000,Spain,Spain,ES,53.24,82.88,91.05,80.45,entsoe.eu,false,""
2024-03-14T14:00:00.000000,Spain,Spain,ES,55.12,85.0,90.6,80.0,entsoe.eu,false,""
2024-03-14T15:00:00.000000,Spain,Spain,ES,61.31,92.33,89.13,78.45,entsoe.eu,false,""
2024-03-14T16:00:00.000000,Spain,Spain,ES,77.39,112.25,85.23,73.82,entsoe.eu,false,""
2024-03-14T17:00:00.000000,Spain,Spain,ES,100.06,139.25,79.58,67.58,entsoe.eu,false,""
2024-03-14T18:00:00.000000,Spain,Spain,ES,126.54,169.73,73.07,59.96,entsoe.eu,false,""
2024-03-14T19:00:00.000000,Spain,Spain,ES,125.28,167.77,72.98,57.7,entsoe.eu,false,""
2024-03-14T20:00:00.000000,Spain,Spain,ES,114.12,154.2,75.38,60.01,entsoe.eu,false,""
2024-03-14T21:00:00.000000,Spain,Spain,ES,111.51,151.59,75.99,61.64,entsoe.eu,false,""
2024-03-14T22:00:00.000000,Spain,Spain,ES,100.19,137.89,78.76,64.48,entsoe.eu,false,""
2024-03-14T23:00:00.000000,Spain,Spain,ES,87.0,122.1,81.83,67.0,entsoe.eu,false,""
2024-03-15T00:00:00.000000,Spain,Spain,ES,80.04,113.89,83.55,68.53,entsoe.eu,false,""
2024-03-15T01:00:00.000000,Spain,Spain,ES,82.18,116.88,83.09,67.85,entsoe.eu,false,""
2024-03-15T02:00:00.000000,Spain,Spain,ES,83.16,118.21,82.87,67.6,entsoe.eu,false,""
2024-03-15T03:00:00.000000,Spain,Spain,ES,84.25,119.74,82.58,67.38,entsoe.eu,false,""
2024-03-15T04:00:00.000000,Spain,Spain,ES,91.11,128.43,80.93,65.67,entsoe.eu,false,""
2024-03-15T05:00:00.000000,Spain,Spain,ES,100.21,138.76,78.74,63.72,entsoe.eu,false,""
2024-03-15T06:00:00.000000,Spain,Spain,ES,105.22,143.89,77.34,62.83,entsoe.eu,false,""
2024-03-15T07:00:00.000000,Spain,Spain,ES,98.48,136.61,78.81,65.06,entsoe.eu,false,""
2024-03-15T08:00:00.000000,Spain,Spain,ES,71.62,106.57,85.2,72.78,entsoe.eu,false,""
2024-03-15T09:00:00.000000,Spain,Spain,ES,50.33,81.49,90.23,78.26,entsoe.eu,false,""
2024-03-15T10:00:00.000000,Spain,Spain,ES,47.65,78.49,91.09,79.57,entsoe.eu,false,""
2024-03-15T11:00:00.000000,Spain,Spain,ES,48.62,79.49,91.2,80.08,entsoe.eu,false,""
2024-03-15T12:00:00.000000,Spain,Spain,ES,51.34,82.4,90.96,79.91,entsoe.eu,false,""
2024-03-15T13:00:00.000000,Spain,Spain,ES,51.05,82.17,90.86,79.81,entsoe.eu,false,""
2024-03-15T14:00:00.000000,Spain,Spain,ES,49.09,79.76,90.88,78.87,entsoe.eu,false,""
2024-03-15T15:00:00.000000,Spain,Spain,ES,54.25,86.31,89.27,77.46,entsoe.eu,false,""
2024-03-15T16:00:00.000000,Spain,Spain,ES,76.65,113.78,83.83,71.71,entsoe.eu,false,""
2024-03-15T17:00:00.000000,Spain,Spain,ES,111.58,155.93,75.51,62.43,entsoe.eu,false,""
2024-03-15T18:00:00.000000,Spain,Spain,ES,134.96,181.99,70.0,54.23,entsoe.eu,false,""
2024-03-15T19:00:00.000000,Spain,Spain,ES,136.29,182.77,69.95,52.41,entsoe.eu,false,""
2024-03-15T20:00:00.000000,Spain,Spain,ES,132.89,178.52,70.82,52.5,entsoe.eu,false,""
2024-03-15T21:00:00.000000,Spain,Spain,ES,116.33,157.97,74.77,55.47,entsoe.eu,false,""
2024-03-15T22:00:00.000000,Spain,Spain,ES,110.26,150.65,76.39,57.77,entsoe.eu,false,""
2024-03-15T23:00:00.000000,Spain,Spain,ES,106.86,146.65,77.26,59.34,entsoe.eu,false,""
2024-03-16T00:00:00.000000,Spain,Spain,ES,104.91,144.73,77.72,61.3,entsoe.eu,false,""
2024-03-16T01:00:00.000000,Spain,Spain,ES,104.77,144.98,77.73,61.59,entsoe.eu,false,""
2024-03-16T02:00:00.000000,Spain,Spain,ES,106.38,147.3,77.37,61.22,entsoe.eu,false,""
2024-03-16T03:00:00.000000,Spain,Spain,ES,105.8,146.81,77.51,61.38,entsoe.eu,false,""
2024-03-16T04:00:00.000000,Spain,Spain,ES,110.52,152.78,76.37,60.22,entsoe.eu,false,""
2024-03-16T05:00:00.000000,Spain,Spain,ES,112.43,154.89,75.91,59.68,entsoe.eu,false,""
2024-03-16T06:00:00.000000,Spain,Spain,ES,110.56,152.52,76.28,60.23,entsoe.eu,false,""
2024-03-16T07:00:00.000000,Spain,Spain,ES,95.39,135.84,79.69,65.13,entsoe.eu,false,""
2024-03-16T08:00:00.000000,Spain,Spain,ES,64.83,99.97,86.85,73.9,entsoe.eu,false,""
2024-03-16T09:00:00.000000,Spain,Spain,ES,48.95,81.08,90.46,78.53,entsoe.eu,false,""
2024-03-16T10:00:00.000000,Spain,Spain,ES,47.19,79.29,90.93,79.48,entsoe.eu,false,""
2024-03-16T11:00:00.000000,Spain,Spain,ES,49.8,82.79,90.52,79.13,entsoe.eu,false,""
2024-03-16T12:00:00.000000,Spain,Spain,ES,47.94,80.37,90.88,79.39,entsoe.eu,false,""
2024-03-16T13:00:00.000000,Spain,Spain,ES,47.07,79.63,90.83,79.51,entsoe.eu,false,""
2024-03-16T14:00:00.000000,Spain,Spain,ES,48.35,80.94,90.5,78.95,entsoe.eu,false,""
2024-03-16T15:00:00.000000,Spain,Spain,ES,55.56,89.36,88.82,76.93,entsoe.eu,false,""
2024-03-16T16:00:00.000000,Spain,Spain,ES,70.36,106.64,85.41,72.49,entsoe.eu,false,""
2024-03-16T17:00:00.000000,Spain,Spain,ES,103.24,144.98,77.68,63.37,entsoe.eu,false,""
2024-03-16T18:00:00.000000,Spain,Spain,ES,116.07,157.98,74.55,59.8,entsoe.eu,false,""
2024-03-16T19:00:00.000000,Spain,Spain,ES,109.71,149.52,76.14,61.12,entsoe.eu,false,""
2024-03-16T20:00:00.000000,Spain,Spain,ES,110.62,150.97,75.9,61.03,entsoe.eu,false,""
2024-03-16T21:00:00.000000,Spain,Spain,ES,110.57,151.26,75.92,61.0,entsoe.eu,false,""
2024-03-16T22:00:00.000000,Spain,Spain,ES,108.73,149.25,76.51,61.28,entsoe.eu,false,""
2024-03-16T23:00:00.000000,Spain,Spain,ES,102.26,141.29,78.18,62.66,entsoe.eu,false,""
2024-03-17T00:00:00.000000,Spain,Spain,ES,99.21,138.27,78.91,63.19,entsoe.eu,false,""
2024-03-17T01:00:00.000000,Spain,Spain,ES,102.43,142.49,78.2,62.14,entsoe.eu,false,""
2024-03-17T02:00:00.000000,Spain,Spain,ES,101.3,141.08,78.5,61.9,entsoe.eu,false,""
2024-03-17T03:00:00.000000,Spain,Spain,ES,100.79,140.62,78.64,61.54,entsoe.eu,false,""
2024-03-17T04:00:00.000000,Spain,Spain,ES,100.5,140.12,78.74,61.16,entsoe.eu,false,""
2024-03-17T05:00:00.000000,Spain,Spain,ES,105.28,145.86,77.64,59.6,entsoe.eu,false,""
2024-03-17T06:00:00.000000,Spain,Spain,ES,110.2,151.32,76.51,58.0,entsoe.eu,false,""
2024-03-17T07:00:00.000000,Spain,Spain,ES,88.52,125.88,81.57,63.73,entsoe.eu,false,""
2024-03-17T08:00:00.000000,Spain,Spain,ES,63.13,97.35,87.23,71.89,entsoe.eu,false,""
2024-03-17T09:00:00.000000,Spain,Spain,ES,51.12,83.46,89.94,75.58,entsoe.eu,false,""
2024-03-17T10:00:00.000000,Spain,Spain,ES,47.41,79.38,90.76,76.55,entsoe.eu,false,""
2024-03-17T11:00:00.000000,Spain,Spain,ES,46.48,78.34,90.97,76.72,entsoe.eu,false,""
2024-03-17T12:00:00.000000,Spain,Spain,ES,46.98,79.08,90.83,76.59,entsoe.eu,false,""
2024-03-17T13:00:00.000000,Spain,Spain,ES,47.95,80.37,90.57,76.4,entsoe.eu,false,""
2024-03-17T14:00:00.000000,Spain,Spain,ES,50.11,83.05,90.14,75.28,entsoe.eu,false,""
2024-03-17T15:00:00.000000,Spain,Spain,ES,58.53,92.99,88.16,72.72,entsoe.eu,false,""
2024-03-17T16:00:00.000000,Spain,Spain,ES,77.48,115.23,83.78,66.78,entsoe.eu,false,""
2024-03-17T17:00:00.000000,Spain,Spain,ES,106.85,149.46,76.9,58.35,entsoe.eu,false,""
2024-03-17T18:00:00.000000,Spain,Spain,ES,128.05,172.79,71.77,52.8,entsoe.eu,false,""
2024-03-17T19:00:00.000000,Spain,Spain,ES,130.1,175.05,71.3,51.12,entsoe.eu,false,""
2024-03-17T20:00:00.000000,Spain,Spain,ES,128.09,172.37,71.79,49.92,entsoe.eu,false,""
2024-03-17T21:00:00.000000,Spain,Spain,ES,131.75,176.9,71.01,50.58,entsoe.eu,false,""
2024-03-17T22:00:00.000000,Spain,Spain,ES,130.28,175.03,71.47,50.88,entsoe.eu,false,""
2024-03-17T23:00:00.000000,Spain,Spain,ES,121.29,163.94,73.79,52.65,entsoe.eu,false,""
2024-03-18T00:00:00.000000,Spain,Spain,ES,114.4,155.83,75.48,54.15,entsoe.eu,false,""
2024-03-18T01:00:00.000000,Spain,Spain,ES,116.73,159.17,75.0,53.52,entsoe.eu,false,""
2024-03-18T02:00:00.000000,Spain,Spain,ES,116.19,158.63,75.36,53.63,entsoe.eu,false,""
2024-03-18T03:00:00.000000,Spain,Spain,ES,118.21,162.25,74.73,53.19,entsoe.eu,false,""
2024-03-18T04:00:00.000000,Spain,Spain,ES,118.72,163.13,74.31,53.86,entsoe.eu,false,""
2024-03-18T05:00:00.000000,Spain,Spain,ES,126.17,171.53,72.42,53.08,entsoe.eu,false,""
2024-03-18T06:00:00.000000,Spain,Spain,ES,125.84,170.3,72.57,52.75,entsoe.eu,false,""
2024-03-18T07:00:00.000000,Spain,Spain,ES,118.46,162.99,74.12,56.17,entsoe.eu,false,""
2024-03-18T08:00:00.000000,Spain,Spain,ES,106.92,150.77,76.7,60.64,entsoe.eu,false,""
2024-03-18T09:00:00.000000,Spain,Spain,ES,89.78,130.26,81.18,65.59,entsoe.eu,false,""
2024-03-18T10:00:00.000000,Spain,Spain,ES,78.04,115.46,84.43,68.87,entsoe.eu,false,""
2024-03-18T11:00:00.000000,Spain,Spain,ES,73.58,109.44,85.81,70.63,entsoe.eu,false,""
2024-03-18T12:00:00.000000,Spain,Spain,ES,74.68,111.33,85.35,70.3,entsoe.eu,false,""
2024-03-18T13:00:00.000000,Spain,Spain,ES,76.66,114.08,84.55,69.44,entsoe.eu,false,""
2024-03-18T14:00:00.000000,Spain,Spain,ES,85.09,124.38,82.42,66.82,entsoe.eu,false,""
2024-03-18T15:00:00.000000,Spain,Spain,ES,102.46,145.77,78.21,62.13,entsoe.eu,false,""
2024-03-18T16:00:00.000000,Spain,Spain,ES,125.41,173.38,72.8,56.31,entsoe.eu,false,""
2024-03-18T17:00:00.000000,Spain,Spain,ES,147.04,197.96,67.59,49.78,entsoe.eu,false,""
2024-03-18T18:00:00.000000,Spain,Spain,ES,152.02,202.69,66.16,44.53,entsoe.eu,false,""
2024-03-18T19:00:00.000000,Spain,Spain,ES,144.54,192.61,68.05,44.17,entsoe.eu,false,""
2024-03-18T20:00:00.000000,Spain,Spain,ES,139.14,185.96,69.16,44.41,entsoe.eu,false,""
2024-03-18T21:00:00.000000,Spain,Spain,ES,142.69,190.74,68.35,43.8,entsoe.eu,false,""
2024-03-18T22:00:00.000000,Spain,Spain,ES,136.43,183.2,70.17,48.04,entsoe.eu,false,""
2024-03-18T23:00:00.000000,Spain,Spain,ES,131.86,177.68,71.51,49.43,entsoe.eu,false,""
2024-03-19T00:00:00.000000,Spain,Spain,ES,134.1,180.34,71.24,49.41,entsoe.eu,false,""
2024-03-19T01:00:00.000000,Spain,Spain,ES,131.22,176.88,71.92,49.77,entsoe.eu,false,""
2024-03-19T02:00:00.000000,Spain,Spain,ES,131.37,176.64,72.3,49.84,entsoe.eu,false,""
2024-03-19T03:00:00.000000,Spain,Spain,ES,132.95,179.84,71.49,49.18,entsoe.eu,false,""
2024-03-19T04:00:00.000000,Spain,Spain,ES,133.79,180.37,71.24,49.01,entsoe.eu,false,""
2024-03-19T05:00:00.000000,Spain,Spain,ES,133.95,180.42,70.91,49.74,entsoe.eu,false,""
2024-03-19T06:00:00.000000,Spain,Spain,ES,135.44,180.8,70.84,50.63,entsoe.eu,false,""
2024-03-19T07:00:00.000000,Spain,Spain,ES,134.63,181.07,71.04,52.89,entsoe.eu,false,""
2024-03-19T08:00:00.000000,Spain,Spain,ES,112.9,156.9,76.07,59.73,entsoe.eu,false,""
2024-03-19T09:00:00.000000,Spain,Spain,ES,90.24,130.86,81.24,66.09,entsoe.eu,false,""
2024-03-19T10:00:00.000000,Spain,Spain,ES,68.65,104.62,86.4,71.9,entsoe.eu,false,""
2024-03-19T11:00:00.000000,Spain,Spain,ES,63.17,97.3,88.02,74.05,entsoe.eu,false,""
2024-03-19T12:00:00.000000,Spain,Spain,ES,62.16,96.41,88.1,74.15,entsoe.eu,false,""
2024-03-19T13:00:00.000000,Spain,Spain,ES,60.82,94.86,88.24,74.34,entsoe.eu,false,""
2024-03-19T14:00:00.000000,Spain,Spain,ES,63.56,97.69,87.63,73.59,entsoe.eu,false,""
2024-03-19T15:00:00.000000,Spain,Spain,ES,75.49,112.01,84.51,70.26,entsoe.eu,false,""
2024-03-19T16:00:00.000000,Spain,Spain,ES,101.62,143.86,77.95,62.78,entsoe.eu,false,""
2024-03-19T17:00:00.000000,Spain,Spain,ES,130.15,177.23,71.1,54.14,entsoe.eu,false,""
2024-03-19T18:00:00.000000,Spain,Spain,ES,153.02,204.04,65.81,48.67,entsoe.eu,false,""
2024-03-19T19:00:00.000000,Spain,Spain,ES,159.8,211.89,64.35,46.1,entsoe.eu,false,""
2024-03-19T20:00:00.000000,Spain,Spain,ES,147.69,196.61,67.15,46.25,entsoe.eu,false,""
2024-03-19T21:00:00.000000,Spain,Spain,ES,137.1,183.37,69.77,49.56,entsoe.eu,false,""
2024-03-19T22:00:00.000000,Spain,Spain,ES,127.08,171.14,72.36,52.66,entsoe.eu,false,""
2024-03-19T23:00:00.000000,Spain,Spain,ES,115.16,155.47,75.66,55.21,entsoe.eu,false,""
2024-03-20T00:00:00.000000,Spain,Spain,ES,105.1,142.56,78.51,57.55,entsoe.eu,false,""
2024-03-20T01:00:00.000000,Spain,Spain,ES,104.16,141.56,79.01,57.73,entsoe.eu,false,""
2024-03-20T02:00:00.000000,Spain,Spain,ES,95.55,132.2,80.48,58.94,entsoe.eu,false,""
2024-03-20T03:00:00.000000,Spain,Spain,ES,94.87,131.97,80.37,58.84,entsoe.eu,false,""
2024-03-20T04:00:00.000000,Spain,Spain,ES,100.33,138.56,79.09,58.09,entsoe.eu,false,""
2024-03-20T05:00:00.000000,Spain,Spain,ES,109.42,148.58,77.23,57.68,entsoe.eu,false,""
2024-03-20T06:00:00.000000,Spain,Spain,ES,115.4,155.07,75.95,57.59,entsoe.eu,false,""
2024-03-20T07:00:00.000000,Spain,Spain,ES,114.39,153.83,76.41,59.15,entsoe.eu,false,""
2024-03-20T08:00:00.000000,Spain,Spain,ES,96.21,133.48,80.79,64.29,entsoe.eu,false,""
2024-03-20T09:00:00.000000,Spain,Spain,ES,76.02,110.44,85.54,70.21,entsoe.eu,false,""
2024-03-20T10:00:00.000000,Spain,Spain,ES,69.77,103.05,87.04,72.2,entsoe.eu,false,""
2024-03-20T11:00:00.000000,Spain,Spain,ES,64.74,96.89,88.47,74.34,entsoe.eu,false,""
2024-03-20T12:00:00.000000,Spain,Spain,ES,63.0,95.03,88.68,74.98,entsoe.eu,false,""
2024-03-20T13:00:00.000000,Spain,Spain,ES,61.17,93.28,88.55,74.82,entsoe.eu,false,""
2024-03-20T14:00:00.000000,Spain,Spain,ES,62.64,94.74,88.26,74.17,entsoe.eu,false,""
2024-03-20T15:00:00.000000,Spain,Spain,ES,71.1,104.98,86.13,71.45,entsoe.eu,false,""
2024-03-20T16:00:00.000000,Spain,Spain,ES,88.7,126.8,81.46,66.18,entsoe.eu,false,""
2024-03-20T17:00:00.000000,Spain,Spain,ES,109.54,151.66,76.35,60.65,entsoe.eu,false,""
2024-03-20T18:00:00.000000,Spain,Spain,ES,122.49,165.65,73.23,57.22,entsoe.eu,false,""
2024-03-20T19:00:00.000000,Spain,Spain,ES,124.28,167.14,72.87,56.57,entsoe.eu,false,""
2024-03-20T20:00:00.000000,Spain,Spain,ES,117.54,158.8,74.37,56.55,entsoe.eu,false,""
2024-03-20T21:00:00.000000,Spain,Spain,ES,108.43,147.92,76.47,58.45,entsoe.eu,false,""
2024-03-20T22:00:00.000000,Spain,Spain,ES,97.75,134.75,79.23,61.24,entsoe.eu,false,""
2024-03-20T23:00:00.000000,Spain,Spain,ES,89.77,125.15,81.12,62.82,entsoe.eu,false,""
2024-03-21T00:00:00.000000,Spain,Spain,ES,82.31,116.05,82.99,64.66,entsoe.eu,false,""
2024-03-21T01:00:00.000000,Spain,Spain,ES,76.95,109.77,84.22,65.88,entsoe.eu,false,""
2024-03-21T02:00:00.000000,Spain,Spain,ES,76.79,109.42,84.36,65.79,entsoe.eu,false,""
2024-03-21T03:00:00.000000,Spain,Spain,ES,76.77,109.2,84.48,65.98,entsoe.eu,false,""
2024-03-21T04:00:00.000000,Spain,Spain,ES,79.62,113.45,83.5,65.42,entsoe.eu,false,""
2024-03-21T05:00:00.000000,Spain,Spain,ES,89.28,125.02,81.29,63.85,entsoe.eu,false,""
2024-03-21T06:00:00.000000,Spain,Spain,ES,86.49,120.89,81.87,65.18,entsoe.eu,false,""
2024-03-21T07:00:00.000000,Spain,Spain,ES,85.11,119.3,82.47,66.39,entsoe.eu,false,""
2024-03-21T08:00:00.000000,Spain,Spain,ES,80.1,114.65,83.88,68.06,entsoe.eu,false,""
2024-03-21T09:00:00.000000,Spain,Spain,ES,64.82,96.31,87.99,72.65,entsoe.eu,false,""
2024-03-21T10:00:00.000000,Spain,Spain,ES,57.89,88.17,89.88,75.13,entsoe.eu,false,""
2024-03-21T11:00:00.000000,Spain,Spain,ES,58.96,89.49,89.88,75.72,entsoe.eu,false,""
2024-03-21T12:00:00.000000,Spain,Spain,ES,57.22,87.55,90.07,76.05,entsoe.eu,false,""
2024-03-21T13:00:00.000000,Spain,Spain,ES,55.34,85.11,90.22,76.59,entsoe.eu,false,""
2024-03-21T14:00:00.000000,Spain,Spain,ES,56.06,85.51,90.02,76.2,entsoe.eu,false,""
2024-03-21T15:00:00.000000,Spain,Spain,ES,58.4,88.58,88.96,74.55,entsoe.eu,false,""
2024-03-21T16:00:00.000000,Spain,Spain,ES,75.68,109.67,84.51,69.56,entsoe.eu,false,""
2024-03-21T17:00:00.000000,Spain,Spain,ES,94.77,132.0,79.94,64.39,entsoe.eu,false,""
2024-03-21T18:00:00.000000,Spain,Spain,ES,101.02,138.52,78.38,62.83,entsoe.eu,false,""
2024-03-21T19:00:00.000000,Spain,Spain,ES,98.27,134.51,79.1,63.75,entsoe.eu,false,""
2024-03-21T20:00:00.000000,Spain,Spain,ES,90.9,125.96,80.44,65.0,entsoe.eu,false,""
2024-03-21T21:00:00.000000,Spain,Spain,ES,92.81,128.76,80.09,63.56,entsoe.eu,false,""
2024-03-21T22:00:00.000000,Spain,Spain,ES,96.7,134.07,79.32,61.82,entsoe.eu,false,""
2024-03-21T23:00:00.000000,Spain,Spain,ES,90.27,126.46,80.81,63.2,entsoe.eu,false,""
2024-03-22T00:00:00.000000,Spain,Spain,ES,77.04,110.02,84.09,66.16,entsoe.eu,false,""
2024-03-22T01:00:00.000000,Spain,Spain,ES,75.45,108.37,84.55,66.16,entsoe.eu,false,""
2024-03-22T02:00:00.000000,Spain,Spain,ES,77.01,110.38,84.25,65.4,entsoe.eu,false,""
2024-03-22T03:00:00.000000,Spain,Spain,ES,79.52,113.67,83.67,64.57,entsoe.eu,false,""
2024-03-22T04:00:00.000000,Spain,Spain,ES,88.8,125.39,81.35,62.53,entsoe.eu,false,""
2024-03-22T05:00:00.000000,Spain,Spain,ES,94.92,132.46,79.87,61.1,entsoe.eu,false,""
2024-03-22T06:00:00.000000,Spain,Spain,ES,101.58,139.29,78.56,60.55,entsoe.eu,false,""
2024-03-22T07:00:00.000000,Spain,Spain,ES,96.33,133.92,79.63,62.55,entsoe.eu,false,""
2024-03-22T08:00:00.000000,Spain,Spain,ES,82.17,117.72,83.41,67.22,entsoe.eu,false,""
2024-03-22T09:00:00.000000,Spain,Spain,ES,68.77,101.83,87.0,71.23,entsoe.eu,false,""
2024-03-22T10:00:00.000000,Spain,Spain,ES,60.45,91.91,89.42,74.01,entsoe.eu,false,""
2024-03-22T11:00:00.000000,Spain,Spain,ES,58.72,90.36,90.2,74.98,entsoe.eu,false,""
2024-03-22T12:00:00.000000,Spain,Spain,ES,53.98,84.66,91.12,76.03,entsoe.eu,false,""
2024-03-22T13:00:00.000000,Spain,Spain,ES,48.93,78.7,91.81,76.85,entsoe.eu,false,""
2024-03-22T14:00:00.000000,Spain,Spain,ES,49.36,79.36,91.6,76.75,entsoe.eu,false,""
2024-03-22T15:00:00.000000,Spain,Spain,ES,55.56,86.89,89.75,74.85,entsoe.eu,false,""
2024-03-22T16:00:00.000000,Spain,Spain,ES,74.49,109.91,84.78,69.49,entsoe.eu,false,""
2024-03-22T17:00:00.000000,Spain,Spain,ES,98.21,136.97,79.08,62.88,entsoe.eu,false,""
2024-03-22T18:00:00.000000,Spain,Spain,ES,115.94,157.03,74.78,58.65,entsoe.eu,false,""
2024-03-22T19:00:00.000000,Spain,Spain,ES,109.08,148.51,76.09,59.81,entsoe.eu,false,""
2024-03-22T20:00:00.000000,Spain,Spain,ES,94.46,130.84,79.57,63.23,entsoe.eu,false,""
2024-03-22T21:00:00.000000,Spain,Spain,ES,86.34,121.04,81.6,65.08,entsoe.eu,false,""
2024-03-22T22:00:00.000000,Spain,Spain,ES,79.62,113.21,83.27,66.66,entsoe.eu,false,""
2024-03-22T23:00:00.000000,Spain,Spain,ES,72.86,104.66,84.9,68.04,entsoe.eu,false,""
2024-03-23T00:00:00.000000,Spain,Spain,ES,62.65,91.49,87.4,70.14,entsoe.eu,false,""
2024-03-23T01:00:00.000000,Spain,Spain,ES,63.4,92.52,87.33,69.49,entsoe.eu,false,""
2024-03-23T02:00:00.000000,Spain,Spain,ES,64.62,94.07,87.08,68.89,entsoe.eu,false,""
2024-03-23T03:00:00.000000,Spain,Spain,ES,65.65,95.47,86.9,68.32,entsoe.eu,false,""
2024-03-23T04:00:00.000000,Spain,Spain,ES,65.63,95.44,86.93,68.2,entsoe.eu,false,""
2024-03-23T05:00:00.000000,Spain,Spain,ES,65.16,94.84,87.04,68.39,entsoe.eu,false,""
2024-03-23T06:00:00.000000,Spain,Spain,ES,63.68,93.22,87.35,68.89,entsoe.eu,false,""
2024-03-23T07:00:00.000000,Spain,Spain,ES,57.88,86.81,88.62,71.2,entsoe.eu,false,""
2024-03-23T08:00:00.000000,Spain,Spain,ES,46.22,73.46,91.23,75.21,entsoe.eu,false,""
2024-03-23T09:00:00.000000,Spain,Spain,ES,41.99,69.32,92.15,76.89,entsoe.eu,false,""
2024-03-23T10:00:00.000000,Spain,Spain,ES,42.41,70.28,92.38,76.94,entsoe.eu,false,""
2024-03-23T11:00:00.000000,Spain,Spain,ES,48.44,77.58,91.6,75.3,entsoe.eu,false,""
2024-03-23T12:00:00.000000,Spain,Spain,ES,47.0,76.16,91.72,74.2,entsoe.eu,false,""
2024-03-23T13:00:00.000000,Spain,Spain,ES,46.35,75.51,91.74,73.84,entsoe.eu,false,""
2024-03-23T14:00:00.000000,Spain,Spain,ES,44.23,73.07,91.93,75.12,entsoe.eu,false,""
2024-03-23T15:00:00.000000,Spain,Spain,ES,43.06,71.41,92.04,75.84,entsoe.eu,false,""
2024-03-23T16:00:00.000000,Spain,Spain,ES,46.17,74.51,91.31,75.1,entsoe.eu,false,""
2024-03-23T17:00:00.000000,Spain,Spain,ES,63.36,94.88,87.19,70.53,entsoe.eu,false,""
2024-03-23T18:00:00.000000,Spain,Spain,ES,65.46,96.28,86.57,70.64,entsoe.eu,false,""
2024-03-23T19:00:00.000000,Spain,Spain,ES,62.66,92.39,87.16,71.75,entsoe.eu,false,""
2024-03-23T20:00:00.000000,Spain,Spain,ES,59.1,87.96,88.03,72.56,entsoe.eu,false,""
2024-03-23T21:00:00.000000,Spain,Spain,ES,60.52,89.85,87.84,71.49,entsoe.eu,false,""
2024-03-23T22:00:00.000000,Spain,Spain,ES,63.66,93.89,87.25,69.77,entsoe.eu,false,""
2024-03-23T23:00:00.000000,Spain,Spain,ES,66.15,96.88,86.78,68.44,entsoe.eu,false,""
2024-03-24T00:00:00.000000,Spain,Spain,ES,68.49,100.13,86.33,67.26,entsoe.eu,false,""
2024-03-24T01:00:00.000000,Spain,Spain,ES,70.45,102.58,85.95,66.26,entsoe.eu,false,""
2024-03-24T02:00:00.000000,Spain,Spain,ES,72.88,105.4,85.43,65.2,entsoe.eu,false,""
2024-03-24T03:00:00.000000,Spain,Spain,ES,74.96,108.12,84.99,64.35,entsoe.eu,false,""
2024-03-24T04:00:00.000000,Spain,Spain,ES,74.02,107.19,85.18,64.77,entsoe.eu,false,""
2024-03-24T05:00:00.000000,Spain,Spain,ES,72.21,104.87,85.59,65.44,entsoe.eu,false,""
2024-03-24T06:00:00.000000,Spain,Spain,ES,71.13,103.38,85.82,65.91,entsoe.eu,false,""
2024-03-24T07:00:00.000000,Spain,Spain,ES,77.1,111.21,84.7,65.05,entsoe.eu,false,""
2024-03-24T08:00:00.000000,Spain,Spain,ES,74.27,109.38,84.94,66.73,entsoe.eu,false,""
2024-03-24T09:00:00.000000,Spain,Spain,ES,61.7,94.14,87.94,69.83,entsoe.eu,false,""
2024-03-24T10:00:00.000000,Spain,Spain,ES,51.27,82.22,90.28,72.56,entsoe.eu,false,""
2024-03-24T11:00:00.000000,Spain,Spain,ES,51.25,82.2,90.73,73.06,entsoe.eu,false,""
2024-03-24T12:00:00.000000,Spain,Spain,ES,50.21,81.49,90.72,71.84,entsoe.eu,false,""
2024-03-24T13:00:00.000000,Spain,Spain,ES,49.82,80.61,90.69,71.11,entsoe.eu,false,""
2024-03-24T14:00:00.000000,Spain,Spain,ES,56.26,87.86,89.48,70.36,entsoe.eu,false,""
2024-03-24T15:00:00.000000,Spain,Spain,ES,58.05,90.13,88.69,70.33,entsoe.eu,false,""
2024-03-24T16:00:00.000000,Spain,Spain,ES,56.69,87.04,89.09,70.7,entsoe.eu,false,""
2024-03-24T17:00:00.000000,Spain,Spain,ES,65.02,96.55,86.94,68.86,entsoe.eu,false,""
2024-03-24T18:00:00.000000,Spain,Spain,ES,73.04,105.24,84.89,67.21,entsoe.eu,false,""
2024-03-24T19:00:00.000000,Spain,Spain,ES,77.85,110.77,83.72,66.5,entsoe.eu,false,""
2024-03-24T20:00:00.000000,Spain,Spain,ES,80.01,113.41,83.3,66.06,entsoe.eu,false,""
2024-03-24T21:00:00.000000,Spain,Spain,ES,82.38,116.87,82.74,64.86,entsoe.eu,false,""
2024-03-24T22:00:00.000000,Spain,Spain,ES,83.85,118.8,82.55,63.8,entsoe.eu,false,""
2024-03-24T23:00:00.000000,Spain,Spain,ES,85.4,121.09,82.25,63.11,entsoe.eu,false,""
2024-03-25T00:00:00.000000,Spain,Spain,ES,82.26,117.12,83.15,63.12,entsoe.eu,false,""
2024-03-25T01:00:00.000000,Spain,Spain,ES,85.81,121.77,82.4,61.41,entsoe.eu,false,""
2024-03-25T02:00:00.000000,Spain,Spain,ES,89.12,126.02,81.69,60.02,entsoe.eu,false,""
2024-03-25T03:00:00.000000,Spain,Spain,ES,90.28,127.55,81.39,59.49,entsoe.eu,false,""
2024-03-25T04:00:00.000000,Spain,Spain,ES,86.77,123.18,82.13,60.86,entsoe.eu,false,""
2024-03-25T05:00:00.000000,Spain,Spain,ES,82.12,116.87,83.05,63.0,entsoe.eu,false,""
2024-03-25T06:00:00.000000,Spain,Spain,ES,88.46,123.42,81.91,63.12,entsoe.eu,false,""
2024-03-25T07:00:00.000000,Spain,Spain,ES,88.89,124.17,81.71,63.69,entsoe.eu,false,""
2024-03-25T08:00:00.000000,Spain,Spain,ES,80.87,113.83,83.8,66.46,entsoe.eu,false,""
2024-03-25T09:00:00.000000,Spain,Spain,ES,73.11,104.44,85.9,69.23,entsoe.eu,false,""
2024-03-25T10:00:00.000000,Spain,Spain,ES,65.88,95.85,87.85,71.96,entsoe.eu,false,""
2024-03-25T11:00:00.000000,Spain,Spain,ES,58.42,87.11,89.94,74.64,entsoe.eu,false,""
2024-03-25T12:00:00.000000,Spain,Spain,ES,53.97,82.14,90.79,76.01,entsoe.eu,false,""
2024-03-25T13:00:00.000000,Spain,Spain,ES,50.89,78.66,91.02,76.19,entsoe.eu,false,""
2024-03-25T14:00:00.000000,Spain,Spain,ES,52.4,80.45,90.49,75.32,entsoe.eu,false,""
2024-03-25T15:00:00.000000,Spain,Spain,ES,56.95,86.91,88.94,73.89,entsoe.eu,false,""
2024-03-25T16:00:00.000000,Spain,Spain,ES,65.36,97.44,86.49,71.42,entsoe.eu,false,""
2024-03-25T17:00:00.000000,Spain,Spain,ES,78.19,112.68,83.3,68.27,entsoe.eu,false,""
2024-03-25T18:00:00.000000,Spain,Spain,ES,87.53,123.25,81.0,65.9,entsoe.eu,false,""
2024-03-25T19:00:00.000000,Spain,Spain,ES,88.12,122.86,80.97,65.38,entsoe.eu,false,""
2024-03-25T20:00:00.000000,Spain,Spain,ES,91.25,127.06,80.23,64.27,entsoe.eu,false,""
2024-03-25T21:00:00.000000,Spain,Spain,ES,89.54,124.72,80.86,63.63,entsoe.eu,false,""
2024-03-25T22:00:00.000000,Spain,Spain,ES,81.05,113.99,83.09,64.78,entsoe.eu,false,""
2024-03-25T23:00:00.000000,Spain,Spain,ES,66.86,96.1,86.6,67.29,entsoe.eu,false,""
2024-03-26T00:00:00.000000,Spain,Spain,ES,60.18,87.8,88.27,68.32,entsoe.eu,false,""
2024-03-26T01:00:00.000000,Spain,Spain,ES,56.52,83.69,89.17,69.02,entsoe.eu,false,""
2024-03-26T02:00:00.000000,Spain,Spain,ES,54.32,80.91,89.65,69.81,entsoe.eu,false,""
2024-03-26T03:00:00.000000,Spain,Spain,ES,55.46,82.46,89.35,69.52,entsoe.eu,false,""
2024-03-26T04:00:00.000000,Spain,Spain,ES,57.69,85.56,88.73,69.58,entsoe.eu,false,""
2024-03-26T05:00:00.000000,Spain,Spain,ES,57.3,85.18,88.71,70.35,entsoe.eu,false,""
2024-03-26T06:00:00.000000,Spain,Spain,ES,57.69,85.6,88.45,71.01,entsoe.eu,false,""
2024-03-26T07:00:00.000000,Spain,Spain,ES,59.57,88.55,88.21,71.87,entsoe.eu,false,""
2024-03-26T08:00:00.000000,Spain,Spain,ES,52.31,80.57,90.24,74.97,entsoe.eu,false,""
2024-03-26T09:00:00.000000,Spain,Spain,ES,48.81,76.97,91.4,76.47,entsoe.eu,false,""
2024-03-26T10:00:00.000000,Spain,Spain,ES,48.67,76.58,91.74,77.37,entsoe.eu,false,""
2024-03-26T11:00:00.000000,Spain,Spain,ES,50.37,78.18,91.58,77.53,entsoe.eu,false,""
2024-03-26T12:00:00.000000,Spain,Spain,ES,48.56,76.23,91.87,77.94,entsoe.eu,false,""
2024-03-26T13:00:00.000000,Spain,Spain,ES,46.18,73.41,91.97,78.18,entsoe.eu,false,""
2024-03-26T14:00:00.000000,Spain,Spain,ES,44.22,71.45,92.16,78.06,entsoe.eu,false,""
2024-03-26T15:00:00.000000,Spain,Spain,ES,44.94,72.06,91.7,77.32,entsoe.eu,false,""
2024-03-26T16:00:00.000000,Spain,Spain,ES,50.05,78.2,90.15,75.13,entsoe.eu,false,""
2024-03-26T17:00:00.000000,Spain,Spain,ES,68.4,100.12,85.64,70.24,entsoe.eu,false,""
2024-03-26T18:00:00.000000,Spain,Spain,ES,78.49,111.7,83.07,68.07,entsoe.eu,false,""
2024-03-26T19:00:00.000000,Spain,Spain,ES,76.18,107.59,83.67,68.39,entsoe.eu,false,""
2024-03-26T20:00:00.000000,Spain,Spain,ES,77.94,109.85,83.24,67.93,entsoe.eu,false,""
2024-03-26T21:00:00.000000,Spain,Spain,ES,71.71,102.11,84.88,68.64,entsoe.eu,false,""
2024-03-26T22:00:00.000000,Spain,Spain,ES,61.82,89.77,87.42,70.19,entsoe.eu,false,""
2024-03-26T23:00:00.000000,Spain,Spain,ES,49.98,75.43,90.39,72.41,entsoe.eu,false,""
2024-03-27T00:00:00.000000,Spain,Spain,ES,46.16,71.21,91.34,73.21,entsoe.eu,false,""
2024-03-27T01:00:00.000000,Spain,Spain,ES,45.77,70.58,91.5,72.92,entsoe.eu,false,""
2024-03-27T02:00:00.000000,Spain,Spain,ES,46.34,71.01,91.44,72.26,entsoe.eu,false,""
2024-03-27T03:00:00.000000,Spain,Spain,ES,47.11,72.1,91.28,71.77,entsoe.eu,false,""
2024-03-27T04:00:00.000000,Spain,Spain,ES,48.23,73.9,90.93,71.89,entsoe.eu,false,""
2024-03-27T05:00:00.000000,Spain,Spain,ES,46.33,71.78,91.27,73.01,entsoe.eu,false,""
2024-03-27T06:00:00.000000,Spain,Spain,ES,44.86,69.82,91.45,74.35,entsoe.eu,false,""
2024-03-27T07:00:00.000000,Spain,Spain,ES,44.07,68.77,91.87,75.41,entsoe.eu,false,""
2024-03-27T08:00:00.000000,Spain,Spain,ES,48.71,74.98,91.08,75.21,entsoe.eu,false,""
2024-03-27T09:00:00.000000,Spain,Spain,ES,47.98,74.05,91.62,75.81,entsoe.eu,false,""
2024-03-27T10:00:00.000000,Spain,Spain,ES,47.95,74.17,91.95,76.59,entsoe.eu,false,""
2024-03-27T11:00:00.000000,Spain,Spain,ES,50.57,77.23,91.59,76.39,entsoe.eu,false,""
2024-03-27T12:00:00.000000,Spain,Spain,ES,49.87,76.72,91.63,76.45,entsoe.eu,false,""
2024-03-27T13:00:00.000000,Spain,Spain,ES,48.16,75.27,91.54,76.38,entsoe.eu,false,""
2024-03-27T14:00:00.000000,Spain,Spain,ES,48.75,76.32,91.21,75.36,entsoe.eu,false,""
2024-03-27T15:00:00.000000,Spain,Spain,ES,47.09,74.02,91.23,74.97,entsoe.eu,false,""
2024-03-27T16:00:00.000000,Spain,Spain,ES,43.11,68.24,91.84,75.23,entsoe.eu,false,""
2024-03-27T17:00:00.000000,Spain,Spain,ES,43.2,67.91,91.67,75.04,entsoe.eu,false,""
2024-03-27T18:00:00.000000,Spain,Spain,ES,48.36,73.88,90.42,73.79,entsoe.eu,false,""
2024-03-27T19:00:00.000000,Spain,Spain,ES,49.61,75.03,90.02,74.06,entsoe.eu,false,""
2024-03-27T20:00:00.000000,Spain,Spain,ES,50.11,75.63,89.94,73.74,entsoe.eu,false,""
2024-03-27T21:00:00.000000,Spain,Spain,ES,50.12,75.89,90.05,73.08,entsoe.eu,false,""
2024-03-27T22:00:00.000000,Spain,Spain,ES,50.16,75.98,90.21,72.07,entsoe.eu,false,""
2024-03-27T23:00:00.000000,Spain,Spain,ES,53.82,80.31,89.43,70.37,entsoe.eu,false,""
2024-03-28T00:00:00.000000,Spain,Spain,ES,52.88,79.01,89.71,70.34,entsoe.eu,false,""
2024-03-28T01:00:00.000000,Spain,Spain,ES,51.73,77.65,90.03,70.28,entsoe.eu,false,""
2024-03-28T02:00:00.000000,Spain,Spain,ES,51.8,77.88,90.02,70.25,entsoe.eu,false,""
2024-03-28T03:00:00.000000,Spain,Spain,ES,53.43,79.9,89.63,69.6,entsoe.eu,false,""
2024-03-28T04:00:00.000000,Spain,Spain,ES,55.31,82.49,89.19,68.97,entsoe.eu,false,""
2024-03-28T05:00:00.000000,Spain,Spain,ES,56.1,83.62,89.04,68.58,entsoe.eu,false,""
2024-03-28T06:00:00.000000,Spain,Spain,ES,53.9,80.99,89.6,68.92,entsoe.eu,false,""
2024-03-28T07:00:00.000000,Spain,Spain,ES,48.6,75.29,90.87,70.34,entsoe.eu,false,""
2024-03-28T08:00:00.000000,Spain,Spain,ES,45.5,72.1,91.79,72.77,entsoe.eu,false,""
2024-03-28T09:00:00.000000,Spain,Spain,ES,44.61,71.33,92.3,74.34,entsoe.eu,false,""
2024-03-28T10:00:00.000000,Spain,Spain,ES,46.37,73.4,92.18,75.09,entsoe.eu,false,""
2024-03-28T11:00:00.000000,Spain,Spain,ES,47.37,74.26,92.26,75.46,entsoe.eu,false,""
2024-03-28T12:00:00.000000,Spain,Spain,ES,46.01,72.71,92.52,75.45,entsoe.eu,false,""
2024-03-28T13:00:00.000000,Spain,Spain,ES,43.56,70.11,92.64,75.57,entsoe.eu,false,""
2024-03-28T14:00:00.000000,Spain,Spain,ES,40.8,66.85,92.95,75.67,entsoe.eu,false,""
2024-03-28T15:00:00.000000,Spain,Spain,ES,40.84,67.12,92.55,74.88,entsoe.eu,false,""
2024-03-28T16:00:00.000000,Spain,Spain,ES,41.4,66.98,92.37,73.71,entsoe.eu,false,""
2024-03-28T17:00:00.000000,Spain,Spain,ES,41.85,66.65,92.27,73.78,entsoe.eu,false,""
2024-03-28T18:00:00.000000,Spain,Spain,ES,42.44,66.49,92.01,74.37,entsoe.eu,false,""
2024-03-28T19:00:00.000000,Spain,Spain,ES,43.19,67.24,91.81,74.35,entsoe.eu,false,""
2024-03-28T20:00:00.000000,Spain,Spain,ES,44.56,69.06,91.45,74.16,entsoe.eu,false,""
2024-03-28T21:00:00.000000,Spain,Spain,ES,42.15,65.93,92.14,73.95,entsoe.eu,false,""
2024-03-28T22:00:00.000000,Spain,Spain,ES,43.24,67.27,92.04,72.82,entsoe.eu,false,""
2024-03-28T23:00:00.000000,Spain,Spain,ES,52.1,78.69,89.95,70.14,entsoe.eu,false,""
2024-03-29T00:00:00.000000,Spain,Spain,ES,56.35,83.9,89.0,68.53,entsoe.eu,false,""
2024-03-29T01:00:00.000000,Spain,Spain,ES,61.04,89.66,87.98,66.69,entsoe.eu,false,""
2024-03-29T02:00:00.000000,Spain,Spain,ES,63.59,92.97,87.48,65.88,entsoe.eu,false,""
2024-03-29T03:00:00.000000,Spain,Spain,ES,61.41,90.36,87.98,66.21,entsoe.eu,false,""
2024-03-29T04:00:00.000000,Spain,Spain,ES,63.49,92.9,87.53,65.22,entsoe.eu,false,""
2024-03-29T05:00:00.000000,Spain,Spain,ES,64.56,94.31,87.27,65.02,entsoe.eu,false,""
2024-03-29T06:00:00.000000,Spain,Spain,ES,67.81,98.5,86.54,64.18,entsoe.eu,false,""
2024-03-29T07:00:00.000000,Spain,Spain,ES,67.85,99.4,86.41,64.54,entsoe.eu,false,""
2024-03-29T08:00:00.000000,Spain,Spain,ES,62.53,93.56,87.59,66.84,entsoe.eu,false,""
2024-03-29T09:00:00.000000,Spain,Spain,ES,55.63,85.27,89.26,69.06,entsoe.eu,false,""
2024-03-29T10:00:00.000000,Spain,Spain,ES,48.4,76.67,90.9,71.49,entsoe.eu,false,""
2024-03-29T11:00:00.000000,Spain,Spain,ES,44.22,72.19,91.72,73.13,entsoe.eu,false,""
2024-03-29T12:00:00.000000,Spain,Spain,ES,42.88,71.07,91.94,74.1,entsoe.eu,false,""
2024-03-29T13:00:00.000000,Spain,Spain,ES,43.55,71.58,91.79,74.18,entsoe.eu,false,""
2024-03-29T14:00:00.000000,Spain,Spain,ES,43.3,71.29,91.88,74.03,entsoe.eu,false,""
2024-03-29T15:00:00.000000,Spain,Spain,ES,43.91,71.65,91.79,73.62,entsoe.eu,false,""
2024-03-29T16:00:00.000000,Spain,Spain,ES,49.66,78.58,90.41,71.64,entsoe.eu,false,""
2024-03-29T17:00:00.000000,Spain,Spain,ES,58.21,87.85,88.51,68.49,entsoe.eu,false,""
2024-03-29T18:00:00.000000,Spain,Spain,ES,69.5,100.81,85.65,66.15,entsoe.eu,false,""
2024-03-29T19:00:00.000000,Spain,Spain,ES,73.85,105.15,84.61,65.18,entsoe.eu,false,""
2024-03-29T20:00:00.000000,Spain,Spain,ES,74.65,105.59,84.44,64.84,entsoe.eu,false,""
2024-03-29T21:00:00.000000,Spain,Spain,ES,77.03,108.66,83.94,63.69,entsoe.eu,false,""
2024-03-29T22:00:00.000000,Spain,Spain,ES,76.99,108.71,84.08,62.86,entsoe.eu,false,""
2024-03-29T23:00:00.000000,Spain,Spain,ES,79.01,111.83,83.72,61.62,entsoe.eu,false,""
2024-03-30T00:00:00.000000,Spain,Spain,ES,78.06,111.35,84.02,61.25,entsoe.eu,false,""
2024-03-30T01:00:00.000000,Spain,Spain,ES,81.27,115.73,83.31,59.99,entsoe.eu,false,""
2024-03-30T02:00:00.000000,Spain,Spain,ES,84.46,119.61,82.67,58.75,entsoe.eu,false,""
2024-03-30T03:00:00.000000,Spain,Spain,ES,83.63,118.44,82.85,58.77,entsoe.eu,false,""
2024-03-30T04:00:00.000000,Spain,Spain,ES,83.07,118.09,82.96,59.07,entsoe.eu,false,""
2024-03-30T05:00:00.000000,Spain,Spain,ES,84.08,119.07,82.76,59.41,entsoe.eu,false,""
2024-03-30T06:00:00.000000,Spain,Spain,ES,82.09,116.58,83.22,60.36,entsoe.eu,false,""
2024-03-30T07:00:00.000000,Spain,Spain,ES,71.4,104.35,85.66,63.5,entsoe.eu,false,""
2024-03-30T08:00:00.000000,Spain,Spain,ES,60.51,92.25,88.12,67.75,entsoe.eu,false,""
2024-03-30T09:00:00.000000,Spain,Spain,ES,50.81,80.61,90.19,71.28,entsoe.eu,false,""
2024-03-30T10:00:00.000000,Spain,Spain,ES,46.02,74.19,91.63,73.39,entsoe.eu,false,""
2024-03-30T11:00:00.000000,Spain,Spain,ES,46.99,74.99,91.77,73.8,entsoe.eu,false,""
2024-03-30T12:00:00.000000,Spain,Spain,ES,46.43,74.27,91.71,73.74,entsoe.eu,false,""
2024-03-30T13:00:00.000000,Spain,Spain,ES,42.98,70.19,92.02,74.25,entsoe.eu,false,""
2024-03-30T14:00:00.000000,Spain,Spain,ES,43.86,71.24,91.74,73.37,entsoe.eu,false,""
2024-03-30T15:00:00.000000,Spain,Spain,ES,45.47,72.94,91.4,72.81,entsoe.eu,false,""
2024-03-30T16:00:00.000000,Spain,Spain,ES,53.36,82.6,89.57,70.43,entsoe.eu,false,""
2024-03-30T17:00:00.000000,Spain,Spain,ES,68.87,101.29,85.77,67.09,entsoe.eu,false,""
2024-03-30T18:00:00.000000,Spain,Spain,ES,75.4,108.13,84.12,66.15,entsoe.eu,false,""
2024-03-30T19:00:00.000000,Spain,Spain,ES,72.49,103.53,84.8,67.42,entsoe.eu,false,""
2024-03-30T20:00:00.000000,Spain,Spain,ES,68.57,98.6,85.71,69.06,entsoe.eu,false,""
2024-03-30T21:00:00.000000,Spain,Spain,ES,66.63,96.62,86.2,69.68,entsoe.eu,false,""
2024-03-30T22:00:00.000000,Spain,Spain,ES,67.01,97.33,86.23,69.3,entsoe.eu,false,""
2024-03-30T23:00:00.000000,Spain,Spain,ES,70.28,101.48,85.61,67.66,entsoe.eu,false,""
2024-03-31T00:00:00.000000,Spain,Spain,ES,72.33,103.68,85.3,66.23,entsoe.eu,false,""
2024-03-31T01:00:00.000000,Spain,Spain,ES,73.51,104.93,85.06,65.71,entsoe.eu,false,""
2024-03-31T02:00:00.000000,Spain,Spain,ES,75.75,107.79,84.62,64.55,entsoe.eu,false,""
2024-03-31T03:00:00.000000,Spain,Spain,ES,80.96,114.33,83.42,63.15,entsoe.eu,false,""
2024-03-31T04:00:00.000000,Spain,Spain,ES,89.31,125.12,81.39,60.85,entsoe.eu,false,""
2024-03-31T05:00:00.000000,Spain,Spain,ES,88.75,124.03,81.7,60.65,entsoe.eu,false,""
2024-03-31T06:00:00.000000,Spain,Spain,ES,85.43,119.84,82.71,61.05,entsoe.eu,false,""
2024-03-31T07:00:00.000000,Spain,Spain,ES,77.06,109.33,84.8,64.16,entsoe.eu,false,""
2024-03-31T08:00:00.000000,Spain,Spain,ES,58.3,86.63,88.9,69.4,entsoe.eu,false,""
2024-03-31T09:00:00.000000,Spain,Spain,ES,47.46,73.82,91.35,73.09,entsoe.eu,false,""
2024-03-31T10:00:00.000000,Spain,Spain,ES,47.24,74.22,91.24,74.07,entsoe.eu,false,""
2024-03-31T11:00:00.000000,Spain,Spain,ES,41.25,67.28,92.46,76.29,entsoe.eu,false,""
2024-03-31T12:00:00.000000,Spain,Spain,ES,41.24,67.71,92.4,76.27,entsoe.eu,false,""
2024-03-31T13:00:00.000000,Spain,Spain,ES,41.86,68.6,92.23,75.97,entsoe.eu,false,""
2024-03-31T14:00:00.000000,Spain,Spain,ES,40.76,67.6,92.57,75.84,entsoe.eu,false,""
2024-03-31T15:00:00.000000,Spain,Spain,ES,41.67,68.62,92.32,75.81,entsoe.eu,false,""
2024-03-31T16:00:00.000000,Spain,Spain,ES,42.54,69.53,92.17,75.3,entsoe.eu,false,""
2024-03-31T17:00:00.000000,Spain,Spain,ES,47.74,75.0,90.9,74.03,entsoe.eu,false,""
2024-03-31T18:00:00.000000,Spain,Spain,ES,59.54,88.43,87.93,71.65,entsoe.eu,false,""
2024-03-31T19:00:00.000000,Spain,Spain,ES,58.49,86.65,88.03,72.76,entsoe.eu,false,""
2024-03-31T20:00:00.000000,Spain,Spain,ES,51.99,78.36,89.64,74.16,entsoe.eu,false,""
2024-03-31T21:00:00.000000,Spain,Spain,ES,55.0,82.45,89.06,72.53,entsoe.eu,false,""
2024-03-31T22:00:00.000000,Spain,Spain,ES,59.18,87.77,88.18,70.81,entsoe.eu,false,""
2024-03-31T23:00:00.000000,Spain,Spain,ES,61.06,89.86,87.89,69.44,entsoe.eu,false,""
2024-04-01T00:00:00.000000,Spain,Spain,ES,64.53,94.11,87.19,67.75,entsoe.eu,false,""
2024-04-01T01:00:00.000000,Spain,Spain,ES,67.48,97.86,86.56,66.54,entsoe.eu,false,""
2024-04-01T02:00:00.000000,Spain,Spain,ES,68.4,99.08,86.38,66.08,entsoe.eu,false,""
2024-04-01T03:00:00.000000,Spain,Spain,ES,66.7,97.05,86.77,66.67,entsoe.eu,false,""
2024-04-01T04:00:00.000000,Spain,Spain,ES,63.38,93.09,87.41,68.35,entsoe.eu,false,""
2024-04-01T05:00:00.000000,Spain,Spain,ES,57.93,85.77,88.88,71.22,entsoe.eu,false,""
2024-04-01T06:00:00.000000,Spain,Spain,ES,56.25,83.27,89.82,72.84,entsoe.eu,false,""
2024-04-01T07:00:00.000000,Spain,Spain,ES,51.13,77.53,91.38,74.88,entsoe.eu,false,""
2024-04-01T08:00:00.000000,Spain,Spain,ES,49.02,76.1,92.2,76.08,entsoe.eu,false,""
2024-04-01T09:00:00.000000,Spain,Spain,ES,50.5,78.09,92.31,76.4,entsoe.eu,false,""
2024-04-01T10:00:00.000000,Spain,Spain,ES,51.42,79.69,92.12,76.38,entsoe.eu,false,""
2024-04-01T11:00:00.000000,Spain,Spain,ES,51.48,80.02,92.09,76.35,entsoe.eu,false,""
2024-04-01T12:00:00.000000,Spain,Spain,ES,48.52,76.83,92.41,76.89,entsoe.eu,false,""
2024-04-01T13:00:00.000000,Spain,Spain,ES,47.57,76.16,92.32,76.41,entsoe.eu,false,""
2024-04-01T14:00:00.000000,Spain,Spain,ES,46.5,75.34,92.25,75.8,entsoe.eu,false,""
2024-04-01T15:00:00.000000,Spain,Spain,ES,45.7,74.56,92.06,75.16,entsoe.eu,false,""
2024-04-01T16:00:00.000000,Spain,Spain,ES,47.53,76.66,91.31,74.89,entsoe.eu,false,""
2024-04-01T17:00:00.000000,Spain,Spain,ES,64.13,95.8,87.35,70.92,entsoe.eu,false,""
2024-04-01T18:00:00.000000,Spain,Spain,ES,80.56,114.32,83.22,67.59,entsoe.eu,false,""
2024-04-01T19:00:00.000000,Spain,Spain,ES,78.64,111.4,83.17,68.25,entsoe.eu,false,""
2024-04-01T20:00:00.000000,Spain,Spain,ES,78.94,111.8,83.01,67.87,entsoe.eu,false,""
2024-04-01T21:00:00.000000,Spain,Spain,ES,70.09,100.78,85.32,69.24,entsoe.eu,false,""
2024-04-01T22:00:00.000000,Spain,Spain,ES,59.95,88.08,87.95,70.88,entsoe.eu,false,""
2024-04-01T23:00:00.000000,Spain,Spain,ES,58.45,86.58,88.44,70.5,entsoe.eu,false,""
2024-04-02T00:00:00.000000,Spain,Spain,ES,61.84,90.97,87.72,69.05,entsoe.eu,false,""
2024-04-02T01:00:00.000000,Spain,Spain,ES,63.8,93.74,87.33,68.09,entsoe.eu,false,""
2024-04-02T02:00:00.000000,Spain,Spain,ES,63.85,93.71,87.35,67.96,entsoe.eu,false,""
2024-04-02T03:00:00.000000,Spain,Spain,ES,67.85,99.01,86.36,67.21,entsoe.eu,false,""
2024-04-02T04:00:00.000000,Spain,Spain,ES,79.18,112.35,83.88,65.52,entsoe.eu,false,""
2024-04-02T05:00:00.000000,Spain,Spain,ES,89.11,123.33,81.81,64.64,entsoe.eu,false,""
2024-04-02T06:00:00.000000,Spain,Spain,ES,96.64,131.45,80.49,63.92,entsoe.eu,false,""
2024-04-02T07:00:00.000000,Spain,Spain,ES,85.69,119.17,83.26,67.3,entsoe.eu,false,""
2024-04-02T08:00:00.000000,Spain,Spain,ES,65.63,96.64,88.02,72.9,entsoe.eu,false,""
2024-04-02T09:00:00.000000,Spain,Spain,ES,51.62,79.94,91.68,76.77,entsoe.eu,false,""
2024-04-02T10:00:00.000000,Spain,Spain,ES,46.15,73.14,93.06,78.61,entsoe.eu,false,""
2024-04-02T11:00:00.000000,Spain,Spain,ES,47.2,74.47,92.9,77.54,entsoe.eu,false,""
2024-04-02T12:00:00.000000,Spain,Spain,ES,47.94,75.41,92.81,76.63,entsoe.eu,false,""
2024-04-02T13:00:00.000000,Spain,Spain,ES,46.82,73.94,92.81,75.42,entsoe.eu,false,""
2024-04-02T14:00:00.000000,Spain,Spain,ES,46.34,73.59,92.58,75.94,entsoe.eu,false,""
2024-04-02T15:00:00.000000,Spain,Spain,ES,44.43,71.65,92.47,77.23,entsoe.eu,false,""
2024-04-02T16:00:00.000000,Spain,Spain,ES,50.59,78.44,90.89,75.61,entsoe.eu,false,""
2024-04-02T17:00:00.000000,Spain,Spain,ES,70.02,101.56,86.15,71.03,entsoe.eu,false,""
2024-04-02T18:00:00.000000,Spain,Spain,ES,91.45,126.94,80.81,66.36,entsoe.eu,false,""
2024-04-02T19:00:00.000000,Spain,Spain,ES,91.18,125.9,80.55,66.05,entsoe.eu,false,""
2024-04-02T20:00:00.000000,Spain,Spain,ES,85.35,119.26,81.62,66.45,entsoe.eu,false,""
2024-04-02T21:00:00.000000,Spain,Spain,ES,76.66,108.76,83.8,67.52,entsoe.eu,false,""
2024-04-02T22:00:00.000000,Spain,Spain,ES,64.36,93.36,86.89,69.86,entsoe.eu,false,""
2024-04-02T23:00:00.000000,Spain,Spain,ES,60.78,89.07,87.84,70.14,entsoe.eu,false,""
2024-04-03T00:00:00.000000,Spain,Spain,ES,60.37,88.43,88.12,69.46,entsoe.eu,false,""
2024-04-03T01:00:00.000000,Spain,Spain,ES,60.72,88.87,88.09,68.95,entsoe.eu,false,""
2024-04-03T02:00:00.000000,Spain,Spain,ES,61.6,90.04,87.86,68.82,entsoe.eu,false,""
2024-04-03T03:00:00.000000,Spain,Spain,ES,63.49,92.62,87.34,68.72,entsoe.eu,false,""
2024-04-03T04:00:00.000000,Spain,Spain,ES,73.28,104.33,85.14,67.7,entsoe.eu,false,""
2024-04-03T05:00:00.000000,Spain,Spain,ES,86.86,120.38,82.2,65.96,entsoe.eu,false,""
2024-04-03T06:00:00.000000,Spain,Spain,ES,91.22,124.84,81.59,65.67,entsoe.eu,false,""
2024-04-03T07:00:00.000000,Spain,Spain,ES,80.04,112.61,84.41,69.16,entsoe.eu,false,""
2024-04-03T08:00:00.000000,Spain,Spain,ES,58.9,88.25,89.62,74.49,entsoe.eu,false,""
2024-04-03T09:00:00.000000,Spain,Spain,ES,50.06,77.44,92.13,77.79,entsoe.eu,false,""
2024-04-03T10:00:00.000000,Spain,Spain,ES,48.03,75.37,92.52,77.91,entsoe.eu,false,""
2024-04-03T11:00:00.000000,Spain,Spain,ES,46.84,74.3,92.75,77.84,entsoe.eu,false,""
2024-04-03T12:00:00.000000,Spain,Spain,ES,47.52,75.23,92.64,77.51,entsoe.eu,false,""
2024-04-03T13:00:00.000000,Spain,Spain,ES,47.15,75.03,92.57,76.84,entsoe.eu,false,""
2024-04-03T14:00:00.000000,Spain,Spain,ES,45.7,73.81,92.58,76.33,entsoe.eu,false,""
2024-04-03T15:00:00.000000,Spain,Spain,ES,43.49,71.7,92.69,76.49,entsoe.eu,false,""
2024-04-03T16:00:00.000000,Spain,Spain,ES,49.57,79.25,90.8,74.71,entsoe.eu,false,""
2024-04-03T17:00:00.000000,Spain,Spain,ES,82.77,118.79,82.96,66.56,entsoe.eu,false,""
2024-04-03T18:00:00.000000,Spain,Spain,ES,104.04,142.46,78.03,60.33,entsoe.eu,false,""
2024-04-03T19:00:00.000000,Spain,Spain,ES,101.75,138.6,78.28,59.06,entsoe.eu,false,""
2024-04-03T20:00:00.000000,Spain,Spain,ES,96.97,133.18,79.07,59.84,entsoe.eu,false,""
2024-04-03T21:00:00.000000,Spain,Spain,ES,91.47,126.28,80.43,61.04,entsoe.eu,false,""
2024-04-03T22:00:00.000000,Spain,Spain,ES,76.16,107.57,84.3,63.63,entsoe.eu,false,""
2024-04-03T23:00:00.000000,Spain,Spain,ES,72.24,103.17,85.38,63.34,entsoe.eu,false,""
2024-04-04T00:00:00.000000,Spain,Spain,ES,69.95,100.37,85.9,64.01,entsoe.eu,false,""
2024-04-04T01:00:00.000000,Spain,Spain,ES,71.12,101.92,85.56,63.84,entsoe.eu,false,""
2024-04-04T02:00:00.000000,Spain,Spain,ES,73.6,104.98,85.03,62.76,entsoe.eu,false,""
2024-04-04T03:00:00.000000,Spain,Spain,ES,74.13,105.8,84.8,62.94,entsoe.eu,false,""
2024-04-04T04:00:00.000000,Spain,Spain,ES,80.69,113.63,83.52,62.33,entsoe.eu,false,""
2024-04-04T05:00:00.000000,Spain,Spain,ES,95.56,131.13,80.25,59.22,entsoe.eu,false,""
2024-04-04T06:00:00.000000,Spain,Spain,ES,94.69,129.69,80.76,60.92,entsoe.eu,false,""
2024-04-04T07:00:00.000000,Spain,Spain,ES,80.81,114.74,84.37,66.28,entsoe.eu,false,""
2024-04-04T08:00:00.000000,Spain,Spain,ES,59.21,90.58,89.53,72.31,entsoe.eu,false,""
2024-04-04T09:00:00.000000,Spain,Spain,ES,51.49,80.93,91.8,74.81,entsoe.eu,false,""
2024-04-04T10:00:00.000000,Spain,Spain,ES,51.08,80.63,91.96,74.82,entsoe.eu,false,""
2024-04-04T11:00:00.000000,Spain,Spain,ES,52.98,82.87,91.68,73.74,entsoe.eu,false,""
2024-04-04T12:00:00.000000,Spain,Spain,ES,53.36,83.03,91.64,72.88,entsoe.eu,false,""
2024-04-04T13:00:00.000000,Spain,Spain,ES,52.42,82.3,91.52,73.5,entsoe.eu,false,""
2024-04-04T14:00:00.000000,Spain,Spain,ES,52.19,82.39,91.02,73.49,entsoe.eu,false,""
2024-04-04T15:00:00.000000,Spain,Spain,ES,50.16,80.17,91.01,73.88,entsoe.eu,false,""
2024-04-04T16:00:00.000000,Spain,Spain,ES,54.35,84.59,89.73,72.18,entsoe.eu,false,""
2024-04-04T17:00:00.000000,Spain,Spain,ES,79.69,114.6,83.84,66.03,entsoe.eu,false,""
2024-04-04T18:00:00.000000,Spain,Spain,ES,91.75,127.24,80.81,63.4,entsoe.eu,false,""
2024-04-04T19:00:00.000000,Spain,Spain,ES,87.85,121.47,81.52,64.55,entsoe.eu,false,""
2024-04-04T20:00:00.000000,Spain,Spain,ES,79.63,112.01,82.95,65.35,entsoe.eu,false,""
2024-04-04T21:00:00.000000,Spain,Spain,ES,69.63,99.99,85.52,66.76,entsoe.eu,false,""
2024-04-04T22:00:00.000000,Spain,Spain,ES,61.02,89.54,87.7,68.2,entsoe.eu,false,""
2024-04-04T23:00:00.000000,Spain,Spain,ES,59.76,88.09,88.12,67.85,entsoe.eu,false,""
2024-04-05T00:00:00.000000,Spain,Spain,ES,60.41,89.07,88.08,66.94,entsoe.eu,false,""
2024-04-05T01:00:00.000000,Spain,Spain,ES,61.8,90.76,87.83,66.12,entsoe.eu,false,""
2024-04-05T02:00:00.000000,Spain,Spain,ES,62.54,91.52,87.69,65.67,entsoe.eu,false,""
2024-04-05T03:00:00.000000,Spain,Spain,ES,61.48,90.47,87.88,66.29,entsoe.eu,false,""
2024-04-05T04:00:00.000000,Spain,Spain,ES,63.96,92.83,87.52,67.01,entsoe.eu,false,""
2024-04-05T05:00:00.000000,Spain,Spain,ES,73.95,104.6,85.31,66.63,entsoe.eu,false,""
2024-04-05T06:00:00.000000,Spain,Spain,ES,75.66,106.23,85.22,67.48,entsoe.eu,false,""
2024-04-05T07:00:00.000000,Spain,Spain,ES,66.32,96.51,87.75,70.53,entsoe.eu,false,""
2024-04-05T08:00:00.000000,Spain,Spain,ES,51.21,79.18,91.41,74.81,entsoe.eu,false,""
2024-04-05T09:00:00.000000,Spain,Spain,ES,48.22,76.08,92.43,75.87,entsoe.eu,false,""
2024-04-05T10:00:00.000000,Spain,Spain,ES,47.86,76.13,92.56,76.3,entsoe.eu,false,""
2024-04-05T11:00:00.000000,Spain,Spain,ES,47.43,75.95,92.48,75.55,entsoe.eu,false,""
2024-04-05T12:00:00.000000,Spain,Spain,ES,45.09,73.5,92.62,76.02,entsoe.eu,false,""
2024-04-05T13:00:00.000000,Spain,Spain,ES,42.16,70.25,92.93,75.64,entsoe.eu,false,""
2024-04-05T14:00:00.000000,Spain,Spain,ES,40.26,68.67,93.0,75.88,entsoe.eu,false,""
2024-04-05T15:00:00.000000,Spain,Spain,ES,40.45,69.06,92.58,74.97,entsoe.eu,false,""
2024-04-05T16:00:00.000000,Spain,Spain,ES,41.38,69.52,92.22,74.62,entsoe.eu,false,""
2024-04-05T17:00:00.000000,Spain,Spain,ES,47.43,75.37,90.74,73.38,entsoe.eu,false,""
2024-04-05T18:00:00.000000,Spain,Spain,ES,61.58,90.66,87.33,69.85,entsoe.eu,false,""
2024-04-05T19:00:00.000000,Spain,Spain,ES,60.79,88.5,87.52,70.19,entsoe.eu,false,""
2024-04-05T20:00:00.000000,Spain,Spain,ES,54.12,80.42,89.18,71.48,entsoe.eu,false,""
2024-04-05T21:00:00.000000,Spain,Spain,ES,46.9,72.04,91.0,72.69,entsoe.eu,false,""
2024-04-05T22:00:00.000000,Spain,Spain,ES,47.66,73.31,90.95,71.52,entsoe.eu,false,""
2024-04-05T23:00:00.000000,Spain,Spain,ES,49.01,74.87,90.72,70.25,entsoe.eu,false,""
2024-04-06T00:00:00.000000,Spain,Spain,ES,51.55,77.96,90.28,68.91,entsoe.eu,false,""
2024-04-06T01:00:00.000000,Spain,Spain,ES,56.49,83.68,89.33,64.9,entsoe.eu,false,""
2024-04-06T02:00:00.000000,Spain,Spain,ES,57.63,84.46,89.16,61.77,entsoe.eu,false,""
2024-04-06T03:00:00.000000,Spain,Spain,ES,57.61,84.62,89.12,60.33,entsoe.eu,false,""
2024-04-06T04:00:00.000000,Spain,Spain,ES,58.84,86.12,88.89,61.25,entsoe.eu,false,""
2024-04-06T05:00:00.000000,Spain,Spain,ES,59.43,87.27,88.66,64.16,entsoe.eu,false,""
2024-04-06T06:00:00.000000,Spain,Spain,ES,54.84,81.82,89.7,66.87,entsoe.eu,false,""
2024-04-06T07:00:00.000000,Spain,Spain,ES,48.12,74.69,91.16,66.88,entsoe.eu,false,""
2024-04-06T08:00:00.000000,Spain,Spain,ES,43.11,69.39,92.05,72.21,entsoe.eu,false,""
2024-04-06T09:00:00.000000,Spain,Spain,ES,42.9,69.75,92.15,71.28,entsoe.eu,false,""
2024-04-06T10:00:00.000000,Spain,Spain,ES,43.12,70.77,92.13,69.72,entsoe.eu,false,""
2024-04-06T11:00:00.000000,Spain,Spain,ES,41.59,69.17,92.42,70.62,entsoe.eu,false,""
2024-04-06T12:00:00.000000,Spain,Spain,ES,40.95,68.3,92.53,70.88,entsoe.eu,false,""
2024-04-06T13:00:00.000000,Spain,Spain,ES,42.38,70.05,92.26,70.06,entsoe.eu,false,""
2024-04-06T14:00:00.000000,Spain,Spain,ES,45.62,73.5,91.56,68.6,entsoe.eu,false,""
2024-04-06T15:00:00.000000,Spain,Spain,ES,45.08,71.65,91.82,71.37,entsoe.eu,false,""
2024-04-06T16:00:00.000000,Spain,Spain,ES,49.84,76.36,90.69,71.23,entsoe.eu,false,""
2024-04-06T17:00:00.000000,Spain,Spain,ES,60.92,89.6,88.07,68.11,entsoe.eu,false,""
2024-04-06T18:00:00.000000,Spain,Spain,ES,67.22,96.41,86.64,67.22,entsoe.eu,false,""
2024-04-06T19:00:00.000000,Spain,Spain,ES,66.71,95.23,86.43,67.49,entsoe.eu,false,""
2024-04-06T20:00:00.000000,Spain,Spain,ES,69.24,98.57,85.72,66.23,entsoe.eu,false,""
2024-04-06T21:00:00.000000,Spain,Spain,ES,70.39,99.97,85.6,65.04,entsoe.eu,false,""
2024-04-06T22:00:00.000000,Spain,Spain,ES,68.58,97.73,86.19,64.47,entsoe.eu,false,""
2024-04-06T23:00:00.000000,Spain,Spain,ES,67.49,96.45,86.57,63.94,entsoe.eu,false,""
2024-04-07T00:00:00.000000,Spain,Spain,ES,71.89,101.91,85.75,61.65,entsoe.eu,false,""
2024-04-07T01:00:00.000000,Spain,Spain,ES,75.33,106.56,85.05,58.77,entsoe.eu,false,""
2024-04-07T02:00:00.000000,Spain,Spain,ES,76.85,108.73,84.74,55.7,entsoe.eu,false,""
2024-04-07T03:00:00.000000,Spain,Spain,ES,78.93,111.26,84.35,54.83,entsoe.eu,false,""
2024-04-07T04:00:00.000000,Spain,Spain,ES,79.91,112.85,84.01,55.17,entsoe.eu,false,""
2024-04-07T05:00:00.000000,Spain,Spain,ES,80.44,113.58,83.85,56.28,entsoe.eu,false,""
2024-04-07T06:00:00.000000,Spain,Spain,ES,81.28,114.36,83.97,57.84,entsoe.eu,false,""
2024-04-07T07:00:00.000000,Spain,Spain,ES,76.13,109.17,85.03,61.89,entsoe.eu,false,""
2024-04-07T08:00:00.000000,Spain,Spain,ES,65.9,98.07,87.29,64.48,entsoe.eu,false,""
2024-04-07T09:00:00.000000,Spain,Spain,ES,60.07,91.77,88.9,66.53,entsoe.eu,false,""
2024-04-07T10:00:00.000000,Spain,Spain,ES,53.62,84.45,90.16,69.67,entsoe.eu,false,""
2024-04-07T11:00:00.000000,Spain,Spain,ES,52.01,82.77,90.52,70.13,entsoe.eu,false,""
2024-04-07T12:00:00.000000,Spain,Spain,ES,52.99,84.09,90.49,70.59,entsoe.eu,false,""
2024-04-07T13:00:00.000000,Spain,Spain,ES,51.75,83.13,90.32,69.7,entsoe.eu,false,""
2024-04-07T14:00:00.000000,Spain,Spain,ES,54.18,86.11,89.76,69.31,entsoe.eu,false,""
2024-04-07T15:00:00.000000,Spain,Spain,ES,56.09,88.52,89.25,70.94,entsoe.eu,false,""
2024-04-07T16:00:00.000000,Spain,Spain,ES,59.7,92.51,88.34,70.84,entsoe.eu,false,""
2024-04-07T17:00:00.000000,Spain,Spain,ES,78.12,113.78,83.88,66.15,entsoe.eu,false,""
2024-04-07T18:00:00.000000,Spain,Spain,ES,93.21,129.69,80.24,62.08,entsoe.eu,false,""
2024-04-07T19:00:00.000000,Spain,Spain,ES,90.77,125.31,80.96,62.05,entsoe.eu,false,""
2024-04-07T20:00:00.000000,Spain,Spain,ES,85.11,118.37,82.2,63.74,entsoe.eu,false,""
2024-04-07T21:00:00.000000,Spain,Spain,ES,79.79,111.68,83.5,65.44,entsoe.eu,false,""
2024-04-07T22:00:00.000000,Spain,Spain,ES,71.97,102.71,85.38,67.32,entsoe.eu,false,""
2024-04-07T23:00:00.000000,Spain,Spain,ES,67.65,97.88,86.55,67.87,entsoe.eu,false,""
2024-04-08T00:00:00.000000,Spain,Spain,ES,66.75,97.0,86.87,67.7,entsoe.eu,false,""
2024-04-08T01:00:00.000000,Spain,Spain,ES,68.4,98.91,86.58,66.89,entsoe.eu,false,""
2024-04-08T02:00:00.000000,Spain,Spain,ES,67.92,98.53,86.66,67.03,entsoe.eu,false,""
2024-04-08T03:00:00.000000,Spain,Spain,ES,68.19,98.83,86.64,67.25,entsoe.eu,false,""
2024-04-08T04:00:00.000000,Spain,Spain,ES,65.95,96.19,86.95,68.95,entsoe.eu,false,""
2024-04-08T05:00:00.000000,Spain,Spain,ES,74.92,106.93,84.66,68.35,entsoe.eu,false,""
2024-04-08T06:00:00.000000,Spain,Spain,ES,72.46,103.77,85.23,70.0,entsoe.eu,false,""
2024-04-08T07:00:00.000000,Spain,Spain,ES,69.17,102.02,85.93,71.27,entsoe.eu,false,""
2024-04-08T08:00:00.000000,Spain,Spain,ES,58.7,89.88,88.85,74.56,entsoe.eu,false,""
2024-04-08T09:00:00.000000,Spain,Spain,ES,57.2,87.18,89.88,75.59,entsoe.eu,false,""
2024-04-08T10:00:00.000000,Spain,Spain,ES,59.47,90.09,89.56,75.32,entsoe.eu,false,""
2024-04-08T11:00:00.000000,Spain,Spain,ES,56.36,86.8,90.13,76.06,entsoe.eu,false,""
2024-04-08T12:00:00.000000,Spain,Spain,ES,52.71,82.45,90.87,75.31,entsoe.eu,false,""
2024-04-08T13:00:00.000000,Spain,Spain,ES,49.38,78.25,91.45,75.69,entsoe.eu,false,""
2024-04-08T14:00:00.000000,Spain,Spain,ES,48.61,77.19,91.21,76.88,entsoe.eu,false,""
2024-04-08T15:00:00.000000,Spain,Spain,ES,47.65,75.49,91.27,77.21,entsoe.eu,false,""
2024-04-08T16:00:00.000000,Spain,Spain,ES,48.43,76.96,90.76,76.42,entsoe.eu,false,""
2024-04-08T17:00:00.000000,Spain,Spain,ES,61.87,92.79,87.62,73.3,entsoe.eu,false,""
2024-04-08T18:00:00.000000,Spain,Spain,ES,75.21,107.67,84.25,70.01,entsoe.eu,false,""
2024-04-08T19:00:00.000000,Spain,Spain,ES,74.82,106.41,84.09,70.17,entsoe.eu,false,""
2024-04-08T20:00:00.000000,Spain,Spain,ES,70.18,100.63,85.34,70.72,entsoe.eu,false,""
2024-04-08T21:00:00.000000,Spain,Spain,ES,66.37,95.51,86.46,70.65,entsoe.eu,false,""
2024-04-08T22:00:00.000000,Spain,Spain,ES,59.25,86.76,88.45,69.88,entsoe.eu,false,""
2024-04-08T23:00:00.000000,Spain,Spain,ES,57.66,84.33,88.99,67.2,entsoe.eu,false,""
2024-04-09T00:00:00.000000,Spain,Spain,ES,62.62,91.11,87.87,68.01,entsoe.eu,false,""
2024-04-09T01:00:00.000000,Spain,Spain,ES,62.67,91.17,87.98,67.22,entsoe.eu,false,""
2024-04-09T02:00:00.000000,Spain,Spain,ES,62.69,90.99,87.96,64.6,entsoe.eu,false,""
2024-04-09T03:00:00.000000,Spain,Spain,ES,65.08,93.99,87.33,66.93,entsoe.eu,false,""
2024-04-09T04:00:00.000000,Spain,Spain,ES,62.97,90.96,87.82,66.25,entsoe.eu,false,""
2024-04-09T05:00:00.000000,Spain,Spain,ES,66.06,95.25,86.74,69.08,entsoe.eu,false,""
2024-04-09T06:00:00.000000,Spain,Spain,ES,68.88,98.84,86.19,70.92,entsoe.eu,false,""
2024-04-09T07:00:00.000000,Spain,Spain,ES,57.26,86.65,89.34,74.76,entsoe.eu,false,""
2024-04-09T08:00:00.000000,Spain,Spain,ES,50.51,79.85,91.31,76.3,entsoe.eu,false,""
2024-04-09T09:00:00.000000,Spain,Spain,ES,47.99,77.11,92.17,78.57,entsoe.eu,false,""
2024-04-09T10:00:00.000000,Spain,Spain,ES,52.92,83.18,91.45,77.57,entsoe.eu,false,""
2024-04-09T11:00:00.000000,Spain,Spain,ES,53.49,84.3,91.1,77.31,entsoe.eu,false,""
2024-04-09T12:00:00.000000,Spain,Spain,ES,54.7,85.82,90.73,76.66,entsoe.eu,false,""
2024-04-09T13:00:00.000000,Spain,Spain,ES,55.49,86.77,90.43,76.02,entsoe.eu,false,""
2024-04-09T14:00:00.000000,Spain,Spain,ES,53.93,84.91,90.52,75.58,entsoe.eu,false,""
2024-04-09T15:00:00.000000,Spain,Spain,ES,55.11,86.92,89.83,74.93,entsoe.eu,false,""
2024-04-09T16:00:00.000000,Spain,Spain,ES,58.98,92.64,88.0,73.66,entsoe.eu,false,""
2024-04-09T17:00:00.000000,Spain,Spain,ES,81.78,119.82,82.49,67.92,entsoe.eu,false,""
2024-04-09T18:00:00.000000,Spain,Spain,ES,98.24,136.66,78.6,63.47,entsoe.eu,false,""
2024-04-09T19:00:00.000000,Spain,Spain,ES,101.06,138.28,77.93,60.71,entsoe.eu,false,""
2024-04-09T20:00:00.000000,Spain,Spain,ES,101.25,138.35,78.03,61.2,entsoe.eu,false,""
2024-04-09T21:00:00.000000,Spain,Spain,ES,97.32,133.61,79.12,62.2,entsoe.eu,false,""
2024-04-09T22:00:00.000000,Spain,Spain,ES,88.87,122.97,81.32,63.49,entsoe.eu,false,""
2024-04-09T23:00:00.000000,Spain,Spain,ES,84.01,116.89,82.59,64.22,entsoe.eu,false,""
2024-04-10T00:00:00.000000,Spain,Spain,ES,85.36,118.47,82.46,63.5,entsoe.eu,false,""
2024-04-10T01:00:00.000000,Spain,Spain,ES,85.02,118.15,82.62,63.32,entsoe.eu,false,""
2024-04-10T02:00:00.000000,Spain,Spain,ES,87.19,120.6,82.36,63.01,entsoe.eu,false,""
2024-04-10T03:00:00.000000,Spain,Spain,ES,87.02,120.36,82.27,63.05,entsoe.eu,false,""
2024-04-10T04:00:00.000000,Spain,Spain,ES,96.09,131.82,79.79,61.54,entsoe.eu,false,""
2024-04-10T05:00:00.000000,Spain,Spain,ES,105.26,142.77,77.49,60.96,entsoe.eu,false,""
2024-04-10T06:00:00.000000,Spain,Spain,ES,101.32,138.76,78.13,62.82,entsoe.eu,false,""
2024-04-10T07:00:00.000000,Spain,Spain,ES,78.28,113.51,83.8,69.53,entsoe.eu,false,""
2024-04-10T08:00:00.000000,Spain,Spain,ES,60.93,93.4,88.44,74.72,entsoe.eu,false,""
2024-04-10T09:00:00.000000,Spain,Spain,ES,51.65,81.56,91.03,77.18,entsoe.eu,false,""
2024-04-10T10:00:00.000000,Spain,Spain,ES,54.13,84.31,90.79,76.89,entsoe.eu,false,""
2024-04-10T11:00:00.000000,Spain,Spain,ES,54.62,85.06,90.63,76.6,entsoe.eu,false,""
2024-04-10T12:00:00.000000,Spain,Spain,ES,54.0,84.56,90.6,76.4,entsoe.eu,false,""
2024-04-10T13:00:00.000000,Spain,Spain,ES,51.59,82.06,90.79,76.71,entsoe.eu,false,""
2024-04-10T14:00:00.000000,Spain,Spain,ES,51.99,82.57,90.44,76.19,entsoe.eu,false,""
2024-04-10T15:00:00.000000,Spain,Spain,ES,50.87,81.21,90.38,76.13,entsoe.eu,false,""
2024-04-10T16:00:00.000000,Spain,Spain,ES,55.76,87.2,88.86,74.83,entsoe.eu,false,""
2024-04-10T17:00:00.000000,Spain,Spain,ES,73.73,108.6,84.4,70.3,entsoe.eu,false,""
2024-04-10T18:00:00.000000,Spain,Spain,ES,92.07,128.81,80.06,65.43,entsoe.eu,false,""
2024-04-10T19:00:00.000000,Spain,Spain,ES,92.86,128.22,79.8,65.18,entsoe.eu,false,""
2024-04-10T20:00:00.000000,Spain,Spain,ES,90.28,124.81,80.56,65.24,entsoe.eu,false,""
2024-04-10T21:00:00.000000,Spain,Spain,ES,90.86,125.71,80.61,64.11,entsoe.eu,false,""
2024-04-10T22:00:00.000000,Spain,Spain,ES,77.83,109.51,83.92,66.58,entsoe.eu,false,""
2024-04-10T23:00:00.000000,Spain,Spain,ES,68.35,97.66,86.41,68.03,entsoe.eu,false,""
2024-04-11T00:00:00.000000,Spain,Spain,ES,67.96,97.29,86.56,67.76,entsoe.eu,false,""
2024-04-11T01:00:00.000000,Spain,Spain,ES,70.21,100.59,86.11,67.13,entsoe.eu,false,""
2024-04-11T02:00:00.000000,Spain,Spain,ES,71.06,101.89,86.0,66.29,entsoe.eu,false,""
2024-04-11T03:00:00.000000,Spain,Spain,ES,71.86,102.84,85.64,66.92,entsoe.eu,false,""
2024-04-11T04:00:00.000000,Spain,Spain,ES,82.92,116.82,82.73,65.37,entsoe.eu,false,""
2024-04-11T05:00:00.000000,Spain,Spain,ES,89.09,124.11,80.98,64.92,entsoe.eu,false,""
2024-04-11T06:00:00.000000,Spain,Spain,ES,87.38,121.94,81.74,66.44,entsoe.eu,false,""
2024-04-11T07:00:00.000000,Spain,Spain,ES,75.55,109.94,84.82,70.43,entsoe.eu,false,""
2024-04-11T08:00:00.000000,Spain,Spain,ES,59.82,91.84,88.89,75.22,entsoe.eu,false,""
2024-04-11T09:00:00.000000,Spain,Spain,ES,55.05,85.91,90.38,76.69,entsoe.eu,false,""
2024-04-11T10:00:00.000000,Spain,Spain,ES,54.7,84.87,91.13,77.28,entsoe.eu,false,""
2024-04-11T11:00:00.000000,Spain,Spain,ES,51.72,81.73,91.62,77.61,entsoe.eu,false,""
2024-04-11T12:00:00.000000,Spain,Spain,ES,48.91,78.82,91.94,77.57,entsoe.eu,false,""
2024-04-11T13:00:00.000000,Spain,Spain,ES,47.64,77.79,91.86,77.44,entsoe.eu,false,""
2024-04-11T14:00:00.000000,Spain,Spain,ES,45.32,75.22,92.07,77.4,entsoe.eu,false,""
2024-04-11T15:00:00.000000,Spain,Spain,ES,45.56,76.16,91.36,77.13,entsoe.eu,false,""
2024-04-11T16:00:00.000000,Spain,Spain,ES,64.16,98.89,86.7,72.69,entsoe.eu,false,""
2024-04-11T17:00:00.000000,Spain,Spain,ES,86.76,125.85,81.42,66.55,entsoe.eu,false,""
2024-04-11T18:00:00.000000,Spain,Spain,ES,104.94,144.12,77.56,61.31,entsoe.eu,false,""
2024-04-11T19:00:00.000000,Spain,Spain,ES,106.74,144.02,77.3,58.82,entsoe.eu,false,""
2024-04-11T20:00:00.000000,Spain,Spain,ES,109.28,147.5,76.8,59.1,entsoe.eu,false,""
2024-04-11T21:00:00.000000,Spain,Spain,ES,104.31,142.31,77.7,60.44,entsoe.eu,false,""
2024-04-11T22:00:00.000000,Spain,Spain,ES,90.48,124.74,81.25,62.73,entsoe.eu,false,""
2024-04-11T23:00:00.000000,Spain,Spain,ES,79.51,111.24,83.95,64.73,entsoe.eu,false,""
2024-04-12T00:00:00.000000,Spain,Spain,ES,79.3,111.42,84.12,64.43,entsoe.eu,false,""
2024-04-12T01:00:00.000000,Spain,Spain,ES,79.32,111.64,84.08,64.16,entsoe.eu,false,""
2024-04-12T02:00:00.000000,Spain,Spain,ES,81.27,114.08,83.68,63.64,entsoe.eu,false,""
2024-04-12T03:00:00.000000,Spain,Spain,ES,89.38,124.12,81.7,61.97,entsoe.eu,false,""
2024-04-12T04:00:00.000000,Spain,Spain,ES,103.11,141.32,78.19,59.26,entsoe.eu,false,""
2024-04-12T05:00:00.000000,Spain,Spain,ES,110.54,149.4,76.6,56.73,entsoe.eu,false,""
2024-04-12T06:00:00.000000,Spain,Spain,ES,114.75,155.22,75.54,58.14,entsoe.eu,false,""
2024-04-12T07:00:00.000000,Spain,Spain,ES,90.91,129.92,80.93,65.94,entsoe.eu,false,""
2024-04-12T08:00:00.000000,Spain,Spain,ES,77.62,115.5,84.31,70.19,entsoe.eu,false,""
2024-04-12T09:00:00.000000,Spain,Spain,ES,64.33,98.82,87.91,73.92,entsoe.eu,false,""
2024-04-12T10:00:00.000000,Spain,Spain,ES,56.87,88.99,90.31,75.99,entsoe.eu,false,""
2024-04-12T11:00:00.000000,Spain,Spain,ES,51.47,82.21,91.37,73.96,entsoe.eu,false,""
2024-04-12T12:00:00.000000,Spain,Spain,ES,48.95,79.07,91.83,72.63,entsoe.eu,false,""
2024-04-12T13:00:00.000000,Spain,Spain,ES,47.68,77.76,91.86,72.01,entsoe.eu,false,""
2024-04-12T14:00:00.000000,Spain,Spain,ES,49.94,81.64,90.85,75.21,entsoe.eu,false,""
2024-04-12T15:00:00.000000,Spain,Spain,ES,49.98,82.47,90.31,76.1,entsoe.eu,false,""
2024-04-12T16:00:00.000000,Spain,Spain,ES,63.39,99.13,86.96,72.57,entsoe.eu,false,""
2024-04-12T17:00:00.000000,Spain,Spain,ES,89.39,129.85,80.72,65.83,entsoe.eu,false,""
2024-04-12T18:00:00.000000,Spain,Spain,ES,105.39,145.62,77.29,56.08,entsoe.eu,false,""
2024-04-12T19:00:00.000000,Spain,Spain,ES,103.75,141.55,77.72,53.46,entsoe.eu,false,""
2024-04-12T20:00:00.000000,Spain,Spain,ES,103.39,141.05,77.88,54.07,entsoe.eu,false,""
2024-04-12T21:00:00.000000,Spain,Spain,ES,109.08,148.49,76.63,54.77,entsoe.eu,false,""
2024-04-12T22:00:00.000000,Spain,Spain,ES,104.11,142.3,77.93,56.27,entsoe.eu,false,""
2024-04-12T23:00:00.000000,Spain,Spain,ES,99.97,137.42,79.02,56.95,entsoe.eu,false,""
2024-04-13T00:00:00.000000,Spain,Spain,ES,97.97,135.07,79.67,57.75,entsoe.eu,false,""
2024-04-13T01:00:00.000000,Spain,Spain,ES,99.01,136.58,79.51,56.41,entsoe.eu,false,""
2024-04-13T02:00:00.000000,Spain,Spain,ES,101.99,140.32,78.89,54.36,entsoe.eu,false,""
2024-04-13T03:00:00.000000,Spain,Spain,ES,102.76,141.16,78.71,53.52,entsoe.eu,false,""
2024-04-13T04:00:00.000000,Spain,Spain,ES,102.88,141.16,78.63,54.35,entsoe.eu,false,""
2024-04-13T05:00:00.000000,Spain,Spain,ES,102.34,140.45,78.65,54.07,entsoe.eu,false,""
2024-04-13T06:00:00.000000,Spain,Spain,ES,106.97,147.31,77.35,56.45,entsoe.eu,false,""
2024-04-13T07:00:00.000000,Spain,Spain,ES,79.52,116.92,83.53,65.28,entsoe.eu,false,""
2024-04-13T08:00:00.000000,Spain,Spain,ES,52.74,85.68,89.83,72.62,entsoe.eu,false,""
2024-04-13T09:00:00.000000,Spain,Spain,ES,43.02,73.37,92.19,72.01,entsoe.eu,false,""
2024-04-13T10:00:00.000000,Spain,Spain,ES,43.35,73.71,92.13,70.62,entsoe.eu,false,""
2024-04-13T11:00:00.000000,Spain,Spain,ES,42.83,73.26,92.21,70.43,entsoe.eu,false,""
2024-04-13T12:00:00.000000,Spain,Spain,ES,42.97,73.22,92.17,70.3,entsoe.eu,false,""
2024-04-13T13:00:00.000000,Spain,Spain,ES,43.45,73.72,92.1,69.95,entsoe.eu,false,""
2024-04-13T14:00:00.000000,Spain,Spain,ES,44.17,74.31,91.99,69.92,entsoe.eu,false,""
2024-04-13T15:00:00.000000,Spain,Spain,ES,43.89,73.96,91.92,73.55,entsoe.eu,false,""
2024-04-13T16:00:00.000000,Spain,Spain,ES,47.06,77.84,91.04,73.7,entsoe.eu,false,""
2024-04-13T17:00:00.000000,Spain,Spain,ES,73.02,108.63,84.86,66.43,entsoe.eu,false,""
2024-04-13T18:00:00.000000,Spain,Spain,ES,93.68,130.64,80.2,58.14,entsoe.eu,false,""
2024-04-13T19:00:00.000000,Spain,Spain,ES,93.28,128.61,80.26,54.73,entsoe.eu,false,""
2024-04-13T20:00:00.000000,Spain,Spain,ES,92.8,127.86,80.46,54.9,entsoe.eu,false,""
2024-04-13T21:00:00.000000,Spain,Spain,ES,97.96,134.55,79.41,53.64,entsoe.eu,false,""
2024-04-13T22:00:00.000000,Spain,Spain,ES,92.05,127.27,80.99,53.12,entsoe.eu,false,""
2024-04-13T23:00:00.000000,Spain,Spain,ES,84.76,118.72,82.86,52.1,entsoe.eu,false,""
2024-04-14T00:00:00.000000,Spain,Spain,ES,88.03,123.03,82.17,51.59,entsoe.eu,false,""
2024-04-14T01:00:00.000000,Spain,Spain,ES,91.54,127.38,81.48,50.14,entsoe.eu,false,""
2024-04-14T02:00:00.000000,Spain,Spain,ES,94.85,131.69,80.74,50.35,entsoe.eu,false,""
2024-04-14T03:00:00.000000,Spain,Spain,ES,97.13,134.42,80.16,51.98,entsoe.eu,false,""
2024-04-14T04:00:00.000000,Spain,Spain,ES,93.85,129.81,80.91,53.42,entsoe.eu,false,""
2024-04-14T05:00:00.000000,Spain,Spain,ES,91.94,127.22,81.34,54.06,entsoe.eu,false,""
2024-04-14T06:00:00.000000,Spain,Spain,ES,89.54,125.24,81.74,55.27,entsoe.eu,false,""
2024-04-14T07:00:00.000000,Spain,Spain,ES,69.18,104.22,85.91,62.79,entsoe.eu,false,""
2024-04-14T08:00:00.000000,Spain,Spain,ES,52.59,84.98,89.72,66.75,entsoe.eu,false,""
2024-04-14T09:00:00.000000,Spain,Spain,ES,46.38,77.25,91.2,66.75,entsoe.eu,false,""
2024-04-14T10:00:00.000000,Spain,Spain,ES,44.74,75.35,91.57,67.28,entsoe.eu,false,""
2024-04-14T11:00:00.000000,Spain,Spain,ES,43.76,74.3,91.77,67.88,entsoe.eu,false,""
2024-04-14T12:00:00.000000,Spain,Spain,ES,43.32,74.0,91.86,68.33,entsoe.eu,false,""
2024-04-14T13:00:00.000000,Spain,Spain,ES,44.59,75.32,91.62,67.73,entsoe.eu,false,""
2024-04-14T14:00:00.000000,Spain,Spain,ES,45.66,76.43,91.26,66.94,entsoe.eu,false,""
2024-04-14T15:00:00.000000,Spain,Spain,ES,47.88,79.27,90.77,69.32,entsoe.eu,false,""
2024-04-14T16:00:00.000000,Spain,Spain,ES,56.62,89.63,88.75,68.81,entsoe.eu,false,""
2024-04-14T17:00:00.000000,Spain,Spain,ES,74.55,110.55,84.63,64.09,entsoe.eu,false,""
2024-04-14T18:00:00.000000,Spain,Spain,ES,89.89,126.56,81.06,59.39,entsoe.eu,false,""
2024-04-14T19:00:00.000000,Spain,Spain,ES,83.05,115.83,82.7,58.8,entsoe.eu,false,""
2024-04-14T20:00:00.000000,Spain,Spain,ES,77.18,107.76,84.2,60.6,entsoe.eu,false,""
2024-04-14T21:00:00.000000,Spain,Spain,ES,76.59,106.86,84.58,61.12,entsoe.eu,false,""
2024-04-14T22:00:00.000000,Spain,Spain,ES,79.76,111.3,83.83,60.08,entsoe.eu,false,""
2024-04-14T23:00:00.000000,Spain,Spain,ES,80.64,113.13,83.72,59.23,entsoe.eu,false,""
2024-04-15T00:00:00.000000,Spain,Spain,ES,83.42,116.92,83.2,56.49,entsoe.eu,false,""
2024-04-15T01:00:00.000000,Spain,Spain,ES,85.8,119.56,82.74,53.58,entsoe.eu,false,""
2024-04-15T02:00:00.000000,Spain,Spain,ES,84.51,117.27,82.98,52.54,entsoe.eu,false,""
2024-04-15T03:00:00.000000,Spain,Spain,ES,83.27,116.09,83.21,53.96,entsoe.eu,false,""
2024-04-15T04:00:00.000000,Spain,Spain,ES,81.29,113.25,83.46,54.42,entsoe.eu,false,""
2024-04-15T05:00:00.000000,Spain,Spain,ES,84.75,117.23,82.61,60.22,entsoe.eu,false,""
2024-04-15T06:00:00.000000,Spain,Spain,ES,85.06,117.74,82.71,63.68,entsoe.eu,false,""
2024-04-15T07:00:00.000000,Spain,Spain,ES,75.24,107.93,85.32,67.54,entsoe.eu,false,""
2024-04-15T08:00:00.000000,Spain,Spain,ES,53.75,82.68,90.85,74.05,entsoe.eu,false,""
2024-04-15T09:00:00.000000,Spain,Spain,ES,48.08,75.88,92.52,75.78,entsoe.eu,false,""
2024-04-15T10:00:00.000000,Spain,Spain,ES,49.8,78.01,92.2,75.84,entsoe.eu,false,""
2024-04-15T11:00:00.000000,Spain,Spain,ES,46.13,73.73,92.96,76.93,entsoe.eu,false,""
2024-04-15T12:00:00.000000,Spain,Spain,ES,46.51,74.0,93.0,76.55,entsoe.eu,false,""
2024-04-15T13:00:00.000000,Spain,Spain,ES,46.15,73.88,92.9,76.01,entsoe.eu,false,""
2024-04-15T14:00:00.000000,Spain,Spain,ES,48.06,76.67,92.24,74.21,entsoe.eu,false,""
2024-04-15T15:00:00.000000,Spain,Spain,ES,45.47,73.75,92.3,74.94,entsoe.eu,false,""
2024-04-15T16:00:00.000000,Spain,Spain,ES,50.54,79.89,90.82,73.17,entsoe.eu,false,""
2024-04-15T17:00:00.000000,Spain,Spain,ES,69.52,102.52,86.27,68.91,entsoe.eu,false,""
2024-04-15T18:00:00.000000,Spain,Spain,ES,84.42,118.18,82.53,64.35,entsoe.eu,false,""
2024-04-15T19:00:00.000000,Spain,Spain,ES,84.56,117.49,82.04,62.25,entsoe.eu,false,""
2024-04-15T20:00:00.000000,Spain,Spain,ES,84.37,117.1,82.14,62.19,entsoe.eu,false,""
2024-04-15T21:00:00.000000,Spain,Spain,ES,78.29,109.66,83.79,63.02,entsoe.eu,false,""
2024-04-15T22:00:00.000000,Spain,Spain,ES,73.05,102.95,85.22,60.56,entsoe.eu,false,""
2024-04-15T23:00:00.000000,Spain,Spain,ES,70.48,100.15,85.82,58.42,entsoe.eu,false,""
2024-04-16T00:00:00.000000,Spain,Spain,ES,77.56,109.06,84.15,55.65,entsoe.eu,false,""
2024-04-16T01:00:00.000000,Spain,Spain,ES,79.64,111.88,83.75,57.95,entsoe.eu,false,""
2024-04-16T02:00:00.000000,Spain,Spain,ES,77.66,109.3,84.24,56.0,entsoe.eu,false,""
2024-04-16T03:00:00.000000,Spain,Spain,ES,77.11,108.93,84.27,55.99,entsoe.eu,false,""
2024-04-16T04:00:00.000000,Spain,Spain,ES,78.61,110.18,83.86,58.48,entsoe.eu,false,""
2024-04-16T05:00:00.000000,Spain,Spain,ES,80.98,112.98,83.3,63.03,entsoe.eu,false,""
2024-04-16T06:00:00.000000,Spain,Spain,ES,78.81,110.1,84.39,65.99,entsoe.eu,false,""
2024-04-16T07:00:00.000000,Spain,Spain,ES,70.88,102.29,86.87,69.7,entsoe.eu,false,""
2024-04-16T08:00:00.000000,Spain,Spain,ES,55.44,84.46,90.74,74.71,entsoe.eu,false,""
2024-04-16T09:00:00.000000,Spain,Spain,ES,50.28,78.75,91.91,76.18,entsoe.eu,false,""
2024-04-16T10:00:00.000000,Spain,Spain,ES,50.15,78.69,91.91,76.3,entsoe.eu,false,""
2024-04-16T11:00:00.000000,Spain,Spain,ES,50.04,78.72,91.92,76.39,entsoe.eu,false,""
2024-04-16T12:00:00.000000,Spain,Spain,ES,50.05,78.76,91.96,76.32,entsoe.eu,false,""
2024-04-16T13:00:00.000000,Spain,Spain,ES,50.56,79.27,91.92,76.03,entsoe.eu,false,""
2024-04-16T14:00:00.000000,Spain,Spain,ES,50.02,78.6,91.84,75.77,entsoe.eu,false,""
2024-04-16T15:00:00.000000,Spain,Spain,ES,48.26,76.82,91.84,75.83,entsoe.eu,false,""
2024-04-16T16:00:00.000000,Spain,Spain,ES,54.51,84.4,90.18,74.63,entsoe.eu,false,""
2024-04-16T17:00:00.000000,Spain,Spain,ES,73.03,106.06,85.76,69.66,entsoe.eu,false,""
2024-04-16T18:00:00.000000,Spain,Spain,ES,83.09,115.27,83.38,66.42,entsoe.eu,false,""
2024-04-16T19:00:00.000000,Spain,Spain,ES,79.33,109.6,83.7,66.69,entsoe.eu,false,""
2024-04-16T20:00:00.000000,Spain,Spain,ES,73.91,103.5,84.5,66.63,entsoe.eu,false,""
2024-04-16T21:00:00.000000,Spain,Spain,ES,73.56,103.61,84.72,65.52,entsoe.eu,false,""
2024-04-16T22:00:00.000000,Spain,Spain,ES,64.29,92.07,87.14,66.73,entsoe.eu,false,""
2024-04-16T23:00:00.000000,Spain,Spain,ES,63.2,90.99,87.5,66.27,entsoe.eu,false,""
2024-04-17T00:00:00.000000,Spain,Spain,ES,64.67,93.19,87.19,65.58,entsoe.eu,false,""
2024-04-17T01:00:00.000000,Spain,Spain,ES,63.17,91.69,87.53,65.98,entsoe.eu,false,""
2024-04-17T02:00:00.000000,Spain,Spain,ES,62.22,90.71,87.75,66.27,entsoe.eu,false,""
2024-04-17T03:00:00.000000,Spain,Spain,ES,63.47,92.17,87.42,66.08,entsoe.eu,false,""
2024-04-17T04:00:00.000000,Spain,Spain,ES,69.92,100.03,85.71,65.49,entsoe.eu,false,""
2024-04-17T05:00:00.000000,Spain,Spain,ES,73.36,103.68,85.04,66.15,entsoe.eu,false,""
2024-04-17T06:00:00.000000,Spain,Spain,ES,71.81,101.65,85.76,67.85,entsoe.eu,false,""
2024-04-17T07:00:00.000000,Spain,Spain,ES,63.81,94.78,87.97,70.94,entsoe.eu,false,""
2024-04-17T08:00:00.000000,Spain,Spain,ES,52.61,81.89,90.97,74.53,entsoe.eu,false,""
2024-04-17T09:00:00.000000,Spain,Spain,ES,53.09,82.32,91.28,74.99,entsoe.eu,false,""
2024-04-17T10:00:00.000000,Spain,Spain,ES,52.19,81.21,91.55,75.58,entsoe.eu,false,""
2024-04-17T11:00:00.000000,Spain,Spain,ES,48.96,77.21,92.34,76.14,entsoe.eu,false,""
2024-04-17T12:00:00.000000,Spain,Spain,ES,48.22,76.23,92.53,76.28,entsoe.eu,false,""
2024-04-17T13:00:00.000000,Spain,Spain,ES,46.26,74.11,92.74,76.3,entsoe.eu,false,""
2024-04-17T14:00:00.000000,Spain,Spain,ES,44.67,72.6,92.64,76.24,entsoe.eu,false,""
2024-04-17T15:00:00.000000,Spain,Spain,ES,44.8,72.98,92.26,75.98,entsoe.eu,false,""
2024-04-17T16:00:00.000000,Spain,Spain,ES,45.28,73.83,91.64,75.54,entsoe.eu,false,""
2024-04-17T17:00:00.000000,Spain,Spain,ES,61.24,92.11,87.85,70.93,entsoe.eu,false,""
2024-04-17T18:00:00.000000,Spain,Spain,ES,76.34,107.69,84.29,66.65,entsoe.eu,false,""
2024-04-17T19:00:00.000000,Spain,Spain,ES,78.17,108.86,83.55,66.25,entsoe.eu,false,""
2024-04-17T20:00:00.000000,Spain,Spain,ES,71.35,100.8,85.07,67.08,entsoe.eu,false,""
2024-04-17T21:00:00.000000,Spain,Spain,ES,71.63,101.26,85.28,65.6,entsoe.eu,false,""
2024-04-17T22:00:00.000000,Spain,Spain,ES,63.29,91.03,87.44,66.8,entsoe.eu,false,""
2024-04-17T23:00:00.000000,Spain,Spain,ES,60.19,87.48,88.25,67.04,entsoe.eu,false,""
2024-04-18T00:00:00.000000,Spain,Spain,ES,61.02,88.5,88.13,66.31,entsoe.eu,false,""
2024-04-18T01:00:00.000000,Spain,Spain,ES,60.41,87.92,88.29,66.31,entsoe.eu,false,""
2024-04-18T02:00:00.000000,Spain,Spain,ES,61.29,88.94,88.1,65.92,entsoe.eu,false,""
2024-04-18T03:00:00.000000,Spain,Spain,ES,63.88,92.5,87.39,65.78,entsoe.eu,false,""
2024-04-18T04:00:00.000000,Spain,Spain,ES,67.31,96.49,86.42,65.92,entsoe.eu,false,""
2024-04-18T05:00:00.000000,Spain,Spain,ES,66.91,95.15,86.66,67.63,entsoe.eu,false,""
2024-04-18T06:00:00.000000,Spain,Spain,ES,66.66,95.35,87.06,68.96,entsoe.eu,false,""
2024-04-18T07:00:00.000000,Spain,Spain,ES,57.93,87.39,89.45,72.22,entsoe.eu,false,""
2024-04-18T08:00:00.000000,Spain,Spain,ES,48.95,77.46,91.86,75.53,entsoe.eu,false,""
2024-04-18T09:00:00.000000,Spain,Spain,ES,47.29,75.47,92.57,76.64,entsoe.eu,false,""
2024-04-18T10:00:00.000000,Spain,Spain,ES,46.11,73.95,92.93,77.08,entsoe.eu,false,""
2024-04-18T11:00:00.000000,Spain,Spain,ES,45.39,73.39,93.05,77.36,entsoe.eu,false,""
2024-04-18T12:00:00.000000,Spain,Spain,ES,44.89,72.78,93.18,77.48,entsoe.eu,false,""
2024-04-18T13:00:00.000000,Spain,Spain,ES,44.17,72.3,93.17,77.31,entsoe.eu,false,""
2024-04-18T14:00:00.000000,Spain,Spain,ES,41.75,69.72,93.35,77.47,entsoe.eu,false,""
2024-04-18T15:00:00.000000,Spain,Spain,ES,39.13,66.6,93.54,77.91,entsoe.eu,false,""
2024-04-18T16:00:00.000000,Spain,Spain,ES,40.0,67.45,92.88,77.51,entsoe.eu,false,""
2024-04-18T17:00:00.000000,Spain,Spain,ES,52.64,81.73,89.85,73.58,entsoe.eu,false,""
2024-04-18T18:00:00.000000,Spain,Spain,ES,69.16,98.76,86.12,68.24,entsoe.eu,false,""
2024-04-18T19:00:00.000000,Spain,Spain,ES,70.64,99.82,85.31,67.87,entsoe.eu,false,""
2024-04-18T20:00:00.000000,Spain,Spain,ES,69.55,98.67,85.54,67.5,entsoe.eu,false,""
2024-04-18T21:00:00.000000,Spain,Spain,ES,65.58,94.26,86.67,67.64,entsoe.eu,false,""
2024-04-18T22:00:00.000000,Spain,Spain,ES,54.34,80.12,89.52,69.49,entsoe.eu,false,""
2024-04-18T23:00:00.000000,Spain,Spain,ES,53.76,79.73,89.8,69.3,entsoe.eu,false,""
2024-04-19T00:00:00.000000,Spain,Spain,ES,55.9,82.64,89.4,68.07,entsoe.eu,false,""
2024-04-19T01:00:00.000000,Spain,Spain,ES,58.72,86.29,88.82,66.74,entsoe.eu,false,""
2024-04-19T02:00:00.000000,Spain,Spain,ES,61.59,89.63,88.24,65.34,entsoe.eu,false,""
2024-04-19T03:00:00.000000,Spain,Spain,ES,71.74,102.42,85.74,63.13,entsoe.eu,false,""
2024-04-19T04:00:00.000000,Spain,Spain,ES,87.95,122.48,81.62,60.34,entsoe.eu,false,""
2024-04-19T05:00:00.000000,Spain,Spain,ES,85.6,118.32,82.39,62.44,entsoe.eu,false,""
2024-04-19T06:00:00.000000,Spain,Spain,ES,84.38,116.86,83.06,63.85,entsoe.eu,false,""
2024-04-19T07:00:00.000000,Spain,Spain,ES,68.66,100.77,86.83,69.58,entsoe.eu,false,""
2024-04-19T08:00:00.000000,Spain,Spain,ES,50.98,80.6,91.34,75.0,entsoe.eu,false,""
2024-04-19T09:00:00.000000,Spain,Spain,ES,46.71,75.2,92.82,76.45,entsoe.eu,false,""
2024-04-19T10:00:00.000000,Spain,Spain,ES,46.94,75.94,92.79,76.81,entsoe.eu,false,""
2024-04-19T11:00:00.000000,Spain,Spain,ES,47.21,76.4,92.7,76.75,entsoe.eu,false,""
2024-04-19T12:00:00.000000,Spain,Spain,ES,46.32,75.24,93.0,76.73,entsoe.eu,false,""
2024-04-19T13:00:00.000000,Spain,Spain,ES,45.79,74.91,92.96,76.19,entsoe.eu,false,""
2024-04-19T14:00:00.000000,Spain,Spain,ES,44.09,73.12,92.94,74.62,entsoe.eu,false,""
2024-04-19T15:00:00.000000,Spain,Spain,ES,43.95,73.36,92.67,74.86,entsoe.eu,false,""
2024-04-19T16:00:00.000000,Spain,Spain,ES,54.08,85.84,89.96,71.87,entsoe.eu,false,""
2024-04-19T17:00:00.000000,Spain,Spain,ES,76.42,112.14,83.96,65.28,entsoe.eu,false,""
2024-04-19T18:00:00.000000,Spain,Spain,ES,92.27,127.82,80.44,58.24,entsoe.eu,false,""
2024-04-19T19:00:00.000000,Spain,Spain,ES,88.32,121.05,81.4,56.99,entsoe.eu,false,""
2024-04-19T20:00:00.000000,Spain,Spain,ES,87.99,120.63,81.56,58.28,entsoe.eu,false,""
2024-04-19T21:00:00.000000,Spain,Spain,ES,85.94,118.32,82.17,60.21,entsoe.eu,false,""
2024-04-19T22:00:00.000000,Spain,Spain,ES,79.93,111.03,83.82,60.67,entsoe.eu,false,""
2024-04-19T23:00:00.000000,Spain,Spain,ES,77.82,108.33,84.43,60.1,entsoe.eu,false,""
2024-04-20T00:00:00.000000,Spain,Spain,ES,75.18,105.01,85.09,60.27,entsoe.eu,false,""
2024-04-20T01:00:00.000000,Spain,Spain,ES,74.52,104.41,85.32,60.02,entsoe.eu,false,""
2024-04-20T02:00:00.000000,Spain,Spain,ES,74.96,105.17,85.22,59.91,entsoe.eu,false,""
2024-04-20T03:00:00.000000,Spain,Spain,ES,72.57,102.3,85.77,60.58,entsoe.eu,false,""
2024-04-20T04:00:00.000000,Spain,Spain,ES,68.5,97.86,86.58,62.65,entsoe.eu,false,""
2024-04-20T05:00:00.000000,Spain,Spain,ES,63.16,91.49,87.69,65.13,entsoe.eu,false,""
2024-04-20T06:00:00.000000,Spain,Spain,ES,55.67,83.0,89.37,67.77,entsoe.eu,false,""
2024-04-20T07:00:00.000000,Spain,Spain,ES,44.87,72.54,91.64,72.37,entsoe.eu,false,""
2024-04-20T08:00:00.000000,Spain,Spain,ES,38.76,66.24,92.91,75.27,entsoe.eu,false,""
2024-04-20T09:00:00.000000,Spain,Spain,ES,36.74,64.63,93.29,76.45,entsoe.eu,false,""
2024-04-20T10:00:00.000000,Spain,Spain,ES,36.46,64.77,93.32,76.81,entsoe.eu,false,""
2024-04-20T11:00:00.000000,Spain,Spain,ES,36.0,64.26,93.43,76.94,entsoe.eu,false,""
2024-04-20T12:00:00.000000,Spain,Spain,ES,38.32,67.12,93.0,75.38,entsoe.eu,false,""
2024-04-20T13:00:00.000000,Spain,Spain,ES,38.59,67.16,92.9,75.6,entsoe.eu,false,""
2024-04-20T14:00:00.000000,Spain,Spain,ES,40.46,69.15,92.52,74.71,entsoe.eu,false,""
2024-04-20T15:00:00.000000,Spain,Spain,ES,40.39,68.47,92.54,74.71,entsoe.eu,false,""
2024-04-20T16:00:00.000000,Spain,Spain,ES,39.08,66.32,92.78,75.58,entsoe.eu,false,""
2024-04-20T17:00:00.000000,Spain,Spain,ES,48.4,76.71,90.64,72.51,entsoe.eu,false,""
2024-04-20T18:00:00.000000,Spain,Spain,ES,59.74,87.35,88.09,68.6,entsoe.eu,false,""
2024-04-20T19:00:00.000000,Spain,Spain,ES,59.03,84.58,88.3,68.83,entsoe.eu,false,""
2024-04-20T20:00:00.000000,Spain,Spain,ES,58.28,83.79,88.5,68.88,entsoe.eu,false,""
2024-04-20T21:00:00.000000,Spain,Spain,ES,59.02,84.77,88.41,68.09,entsoe.eu,false,""
2024-04-20T22:00:00.000000,Spain,Spain,ES,68.95,97.76,86.02,65.31,entsoe.eu,false,""
2024-04-20T23:00:00.000000,Spain,Spain,ES,72.61,102.86,85.22,63.62,entsoe.eu,false,""
2024-04-21T00:00:00.000000,Spain,Spain,ES,76.17,107.66,84.51,61.62,entsoe.eu,false,""
2024-04-21T01:00:00.000000,Spain,Spain,ES,78.99,111.12,83.98,59.98,entsoe.eu,false,""
2024-04-21T02:00:00.000000,Spain,Spain,ES,80.3,112.89,83.71,59.32,entsoe.eu,false,""
2024-04-21T03:00:00.000000,Spain,Spain,ES,81.07,114.16,83.55,58.9,entsoe.eu,false,""
2024-04-21T04:00:00.000000,Spain,Spain,ES,79.51,112.53,83.86,59.74,entsoe.eu,false,""
2024-04-21T05:00:00.000000,Spain,Spain,ES,76.85,109.59,84.4,61.14,entsoe.eu,false,""
2024-04-21T06:00:00.000000,Spain,Spain,ES,75.99,109.85,84.58,61.56,entsoe.eu,false,""
2024-04-21T07:00:00.000000,Spain,Spain,ES,62.0,94.91,87.61,67.36,entsoe.eu,false,""
2024-04-21T08:00:00.000000,Spain,Spain,ES,47.4,78.22,91.02,71.77,entsoe.eu,false,""
2024-04-21T09:00:00.000000,Spain,Spain,ES,41.26,70.81,92.41,73.9,entsoe.eu,false,""
2024-04-21T10:00:00.000000,Spain,Spain,ES,40.28,69.88,92.64,74.14,entsoe.eu,false,""
2024-04-21T11:00:00.000000,Spain,Spain,ES,41.16,70.72,92.52,72.83,entsoe.eu,false,""
2024-04-21T12:00:00.000000,Spain,Spain,ES,41.63,71.05,92.47,72.33,entsoe.eu,false,""
2024-04-21T13:00:00.000000,Spain,Spain,ES,43.4,73.72,92.13,71.68,entsoe.eu,false,""
2024-04-21T14:00:00.000000,Spain,Spain,ES,41.5,70.88,92.47,73.1,entsoe.eu,false,""
2024-04-21T15:00:00.000000,Spain,Spain,ES,39.64,68.19,92.79,74.48,entsoe.eu,false,""
2024-04-21T16:00:00.000000,Spain,Spain,ES,41.21,69.66,92.36,74.43,entsoe.eu,false,""
2024-04-21T17:00:00.000000,Spain,Spain,ES,43.26,70.94,91.82,74.09,entsoe.eu,false,""
2024-04-21T18:00:00.000000,Spain,Spain,ES,61.62,90.91,87.5,68.99,entsoe.eu,false,""
2024-04-21T19:00:00.000000,Spain,Spain,ES,63.32,90.82,87.13,68.4,entsoe.eu,false,""
2024-04-21T20:00:00.000000,Spain,Spain,ES,58.49,84.65,88.31,69.48,entsoe.eu,false,""
2024-04-21T21:00:00.000000,Spain,Spain,ES,55.28,80.92,89.18,69.74,entsoe.eu,false,""
2024-04-21T22:00:00.000000,Spain,Spain,ES,64.75,93.11,86.95,66.85,entsoe.eu,false,""
2024-04-21T23:00:00.000000,Spain,Spain,ES,69.67,99.56,85.84,65.03,entsoe.eu,false,""
2024-04-22T00:00:00.000000,Spain,Spain,ES,70.49,100.96,85.7,64.33,entsoe.eu,false,""
2024-04-22T01:00:00.000000,Spain,Spain,ES,69.64,99.98,85.95,64.23,entsoe.eu,false,""
2024-04-22T02:00:00.000000,Spain,Spain,ES,68.95,99.24,86.16,64.18,entsoe.eu,false,""
2024-04-22T03:00:00.000000,Spain,Spain,ES,67.46,97.32,86.49,64.75,entsoe.eu,false,""
2024-04-22T04:00:00.000000,Spain,Spain,ES,66.31,95.39,86.72,65.34,entsoe.eu,false,""
2024-04-22T05:00:00.000000,Spain,Spain,ES,58.43,85.1,88.46,68.45,entsoe.eu,false,""
2024-04-22T06:00:00.000000,Spain,Spain,ES,51.76,76.91,90.26,71.46,entsoe.eu,false,""
2024-04-22T07:00:00.000000,Spain,Spain,ES,42.66,68.82,92.65,75.66,entsoe.eu,false,""
2024-04-22T08:00:00.000000,Spain,Spain,ES,39.01,65.5,93.79,77.52,entsoe.eu,false,""
2024-04-22T09:00:00.000000,Spain,Spain,ES,43.34,70.76,93.17,76.9,entsoe.eu,false,""
2024-04-22T10:00:00.000000,Spain,Spain,ES,43.71,70.92,93.5,77.12,entsoe.eu,false,""
2024-04-22T11:00:00.000000,Spain,Spain,ES,43.66,71.29,93.43,76.79,entsoe.eu,false,""
2024-04-22T12:00:00.000000,Spain,Spain,ES,41.39,69.12,93.49,76.9,entsoe.eu,false,""
2024-04-22T13:00:00.000000,Spain,Spain,ES,40.05,67.78,93.69,77.14,entsoe.eu,false,""
2024-04-22T14:00:00.000000,Spain,Spain,ES,39.22,66.89,93.7,76.84,entsoe.eu,false,""
2024-04-22T15:00:00.000000,Spain,Spain,ES,38.51,66.2,93.44,76.49,entsoe.eu,false,""
2024-04-22T16:00:00.000000,Spain,Spain,ES,41.72,69.66,92.61,76.26,entsoe.eu,false,""
2024-04-22T17:00:00.000000,Spain,Spain,ES,52.1,81.39,90.27,74.25,entsoe.eu,false,""
2024-04-22T18:00:00.000000,Spain,Spain,ES,69.41,99.56,86.18,69.65,entsoe.eu,false,""
2024-04-22T19:00:00.000000,Spain,Spain,ES,75.88,105.55,84.67,67.57,entsoe.eu,false,""
2024-04-22T20:00:00.000000,Spain,Spain,ES,69.59,97.71,86.09,68.28,entsoe.eu,false,""
2024-04-22T21:00:00.000000,Spain,Spain,ES,59.71,85.89,88.18,68.9,entsoe.eu,false,""
2024-04-22T22:00:00.000000,Spain,Spain,ES,54.46,79.97,89.54,68.91,entsoe.eu,false,""
2024-04-22T23:00:00.000000,Spain,Spain,ES,53.62,80.0,89.78,68.82,entsoe.eu,false,""
2024-04-23T00:00:00.000000,Spain,Spain,ES,56.4,83.7,89.22,67.59,entsoe.eu,false,""
2024-04-23T01:00:00.000000,Spain,Spain,ES,58.65,86.68,88.65,66.69,entsoe.eu,false,""
2024-04-23T02:00:00.000000,Spain,Spain,ES,59.28,87.5,88.57,66.4,entsoe.eu,false,""
2024-04-23T03:00:00.000000,Spain,Spain,ES,59.81,88.16,88.4,66.58,entsoe.eu,false,""
2024-04-23T04:00:00.000000,Spain,Spain,ES,64.15,93.43,87.19,66.51,entsoe.eu,false,""
2024-04-23T05:00:00.000000,Spain,Spain,ES,64.04,92.71,87.04,67.82,entsoe.eu,false,""
2024-04-23T06:00:00.000000,Spain,Spain,ES,62.2,91.23,87.67,69.65,entsoe.eu,false,""
2024-04-23T07:00:00.000000,Spain,Spain,ES,51.66,81.04,90.48,73.74,entsoe.eu,false,""
2024-04-23T08:00:00.000000,Spain,Spain,ES,42.54,70.98,92.9,77.14,entsoe.eu,false,""
2024-04-23T09:00:00.000000,Spain,Spain,ES,41.42,69.64,93.52,77.97,entsoe.eu,false,""
2024-04-23T10:00:00.000000,Spain,Spain,ES,42.71,70.83,93.56,78.08,entsoe.eu,false,""
2024-04-23T11:00:00.000000,Spain,Spain,ES,42.13,70.36,93.54,78.18,entsoe.eu,false,""
2024-04-23T12:00:00.000000,Spain,Spain,ES,40.35,68.58,93.53,78.1,entsoe.eu,false,""
2024-04-23T13:00:00.000000,Spain,Spain,ES,39.47,67.27,93.66,78.13,entsoe.eu,false,""
2024-04-23T14:00:00.000000,Spain,Spain,ES,39.47,67.37,93.46,77.63,entsoe.eu,false,""
2024-04-23T15:00:00.000000,Spain,Spain,ES,38.29,66.08,93.48,77.75,entsoe.eu,false,""
2024-04-23T16:00:00.000000,Spain,Spain,ES,42.07,70.12,92.64,76.93,entsoe.eu,false,""
2024-04-23T17:00:00.000000,Spain,Spain,ES,58.75,89.57,88.95,73.06,entsoe.eu,false,""
2024-04-23T18:00:00.000000,Spain,Spain,ES,76.74,108.97,84.88,68.14,entsoe.eu,false,""
2024-04-23T19:00:00.000000,Spain,Spain,ES,79.93,110.48,83.84,66.6,entsoe.eu,false,""
2024-04-23T20:00:00.000000,Spain,Spain,ES,71.83,100.45,85.55,67.7,entsoe.eu,false,""
2024-04-23T21:00:00.000000,Spain,Spain,ES,65.37,93.24,86.8,67.87,entsoe.eu,false,""
2024-04-23T22:00:00.000000,Spain,Spain,ES,59.65,85.99,88.33,67.75,entsoe.eu,false,""
2024-04-23T23:00:00.000000,Spain,Spain,ES,58.42,84.81,88.75,67.39,entsoe.eu,false,""
2024-04-24T00:00:00.000000,Spain,Spain,ES,61.63,89.16,88.05,66.11,entsoe.eu,false,""
2024-04-24T01:00:00.000000,Spain,Spain,ES,60.95,88.63,88.22,66.01,entsoe.eu,false,""
2024-04-24T02:00:00.000000,Spain,Spain,ES,60.95,88.73,88.18,66.1,entsoe.eu,false,""
2024-04-24T03:00:00.000000,Spain,Spain,ES,63.08,91.7,87.62,65.91,entsoe.eu,false,""
2024-04-24T04:00:00.000000,Spain,Spain,ES,68.26,97.93,86.25,65.29,entsoe.eu,false,""
2024-04-24T05:00:00.000000,Spain,Spain,ES,74.23,104.73,84.66,64.99,entsoe.eu,false,""
2024-04-24T06:00:00.000000,Spain,Spain,ES,67.3,97.11,86.44,68.53,entsoe.eu,false,""
2024-04-24T07:00:00.000000,Spain,Spain,ES,54.74,84.79,89.65,73.55,entsoe.eu,false,""
2024-04-24T08:00:00.000000,Spain,Spain,ES,42.38,70.86,92.73,77.89,entsoe.eu,false,""
2024-04-24T09:00:00.000000,Spain,Spain,ES,39.32,67.48,93.8,79.43,entsoe.eu,false,""
2024-04-24T10:00:00.000000,Spain,Spain,ES,42.5,71.17,93.41,78.85,entsoe.eu,false,""
2024-04-24T11:00:00.000000,Spain,Spain,ES,41.02,69.58,93.63,79.06,entsoe.eu,false,""
2024-04-24T12:00:00.000000,Spain,Spain,ES,39.84,68.6,93.53,78.77,entsoe.eu,false,""
2024-04-24T13:00:00.000000,Spain,Spain,ES,39.99,68.77,93.45,78.43,entsoe.eu,false,""
2024-04-24T14:00:00.000000,Spain,Spain,ES,40.55,69.74,93.12,77.8,entsoe.eu,false,""
2024-04-24T15:00:00.000000,Spain,Spain,ES,38.75,67.44,93.29,78.06,entsoe.eu,false,""
2024-04-24T16:00:00.000000,Spain,Spain,ES,46.22,75.73,91.64,76.06,entsoe.eu,false,""
2024-04-24T17:00:00.000000,Spain,Spain,ES,74.73,109.01,85.31,68.61,entsoe.eu,false,""
2024-04-24T18:00:00.000000,Spain,Spain,ES,103.41,141.26,78.67,60.79,entsoe.eu,false,""
2024-04-24T19:00:00.000000,Spain,Spain,ES,113.62,152.72,75.78,58.02,entsoe.eu,false,""
2024-04-24T20:00:00.000000,Spain,Spain,ES,105.93,143.68,77.44,59.11,entsoe.eu,false,""
2024-04-24T21:00:00.000000,Spain,Spain,ES,94.5,130.17,79.88,60.1,entsoe.eu,false,""
2024-04-24T22:00:00.000000,Spain,Spain,ES,90.14,124.66,81.13,59.87,entsoe.eu,false,""
2024-04-24T23:00:00.000000,Spain,Spain,ES,81.92,114.11,83.32,61.06,entsoe.eu,false,""
2024-04-25T00:00:00.000000,Spain,Spain,ES,80.62,112.66,83.77,60.6,entsoe.eu,false,""
2024-04-25T01:00:00.000000,Spain,Spain,ES,79.59,111.43,84.05,60.54,entsoe.eu,false,""
2024-04-25T02:00:00.000000,Spain,Spain,ES,81.3,113.7,83.65,59.97,entsoe.eu,false,""
2024-04-25T03:00:00.000000,Spain,Spain,ES,92.37,127.64,80.88,57.64,entsoe.eu,false,""
2024-04-25T04:00:00.000000,Spain,Spain,ES,100.85,138.24,78.66,56.63,entsoe.eu,false,""
2024-04-25T05:00:00.000000,Spain,Spain,ES,115.02,155.29,75.4,54.61,entsoe.eu,false,""
2024-04-25T06:00:00.000000,Spain,Spain,ES,112.74,152.87,76.24,56.83,entsoe.eu,false,""
2024-04-25T07:00:00.000000,Spain,Spain,ES,89.1,126.72,81.76,64.02,entsoe.eu,false,""
2024-04-25T08:00:00.000000,Spain,Spain,ES,71.87,107.28,86.09,69.39,entsoe.eu,false,""
2024-04-25T09:00:00.000000,Spain,Spain,ES,60.24,92.94,89.25,72.83,entsoe.eu,false,""
2024-04-25T10:00:00.000000,Spain,Spain,ES,55.65,87.46,90.66,74.52,entsoe.eu,false,""
2024-04-25T11:00:00.000000,Spain,Spain,ES,54.72,86.41,90.79,74.61,entsoe.eu,false,""
2024-04-25T12:00:00.000000,Spain,Spain,ES,52.26,83.72,90.9,74.63,entsoe.eu,false,""
2024-04-25T13:00:00.000000,Spain,Spain,ES,51.83,82.82,90.89,74.6,entsoe.eu,false,""
2024-04-25T14:00:00.000000,Spain,Spain,ES,55.16,86.6,89.93,73.17,entsoe.eu,false,""
2024-04-25T15:00:00.000000,Spain,Spain,ES,53.99,84.75,90.07,72.5,entsoe.eu,false,""
2024-04-25T16:00:00.000000,Spain,Spain,ES,66.46,100.25,87.2,69.68,entsoe.eu,false,""
2024-04-25T17:00:00.000000,Spain,Spain,ES,84.66,121.62,83.1,65.99,entsoe.eu,false,""
2024-04-25T18:00:00.000000,Spain,Spain,ES,109.09,148.7,77.63,59.24,entsoe.eu,false,""
2024-04-25T19:00:00.000000,Spain,Spain,ES,120.46,161.6,74.56,54.59,entsoe.eu,false,""
2024-04-25T20:00:00.000000,Spain,Spain,ES,111.01,149.97,76.64,55.97,entsoe.eu,false,""
2024-04-25T21:00:00.000000,Spain,Spain,ES,108.54,147.74,76.87,55.8,entsoe.eu,false,""
2024-04-25T22:00:00.000000,Spain,Spain,ES,110.13,150.23,76.53,54.25,entsoe.eu,false,""
2024-04-25T23:00:00.000000,Spain,Spain,ES,107.87,147.19,77.33,54.2,entsoe.eu,false,""
2024-04-26T00:00:00.000000,Spain,Spain,ES,108.14,146.62,77.92,54.21,entsoe.eu,false,""
2024-04-26T01:00:00.000000,Spain,Spain,ES,108.98,147.86,77.67,53.46,entsoe.eu,false,""
2024-04-26T02:00:00.000000,Spain,Spain,ES,111.24,150.86,77.15,53.02,entsoe.eu,false,""
2024-04-26T03:00:00.000000,Spain,Spain,ES,113.09,153.37,76.69,53.08,entsoe.eu,false,""
2024-04-26T04:00:00.000000,Spain,Spain,ES,119.68,161.8,74.68,52.28,entsoe.eu,false,""
2024-04-26T05:00:00.000000,Spain,Spain,ES,131.29,176.14,71.86,49.84,entsoe.eu,false,""
2024-04-26T06:00:00.000000,Spain,Spain,ES,119.59,162.79,74.54,53.06,entsoe.eu,false,""
2024-04-26T07:00:00.000000,Spain,Spain,ES,102.61,143.88,78.68,60.25,entsoe.eu,false,""
2024-04-26T08:00:00.000000,Spain,Spain,ES,84.78,123.35,83.16,66.18,entsoe.eu,false,""
2024-04-26T09:00:00.000000,Spain,Spain,ES,75.8,112.16,85.54,69.26,entsoe.eu,false,""
2024-04-26T10:00:00.000000,Spain,Spain,ES,68.05,102.08,87.85,71.85,entsoe.eu,false,""
2024-04-26T11:00:00.000000,Spain,Spain,ES,58.44,90.35,89.86,74.61,entsoe.eu,false,""
2024-04-26T12:00:00.000000,Spain,Spain,ES,55.18,86.58,90.18,75.34,entsoe.eu,false,""
2024-04-26T13:00:00.000000,Spain,Spain,ES,55.62,87.07,89.95,75.42,entsoe.eu,false,""
2024-04-26T14:00:00.000000,Spain,Spain,ES,54.02,85.14,90.09,75.9,entsoe.eu,false,""
2024-04-26T15:00:00.000000,Spain,Spain,ES,54.73,85.93,89.66,75.55,entsoe.eu,false,""
2024-04-26T16:00:00.000000,Spain,Spain,ES,68.33,101.88,86.6,72.34,entsoe.eu,false,""
2024-04-26T17:00:00.000000,Spain,Spain,ES,84.98,120.75,83.16,68.17,entsoe.eu,false,""
2024-04-26T18:00:00.000000,Spain,Spain,ES,108.38,147.4,77.91,62.27,entsoe.eu,false,""
2024-04-26T19:00:00.000000,Spain,Spain,ES,115.51,155.91,75.69,59.88,entsoe.eu,false,""
2024-04-26T20:00:00.000000,Spain,Spain,ES,111.54,151.8,76.28,60.22,entsoe.eu,false,""
2024-04-26T21:00:00.000000,Spain,Spain,ES,97.95,135.83,79.15,62.46,entsoe.eu,false,""
2024-04-26T22:00:00.000000,Spain,Spain,ES,83.19,117.62,82.77,65.35,entsoe.eu,false,""
2024-04-26T23:00:00.000000,Spain,Spain,ES,74.48,106.95,85.06,66.8,entsoe.eu,false,""
2024-04-27T00:00:00.000000,Spain,Spain,ES,76.94,110.83,84.47,66.15,entsoe.eu,false,""
2024-04-27T01:00:00.000000,Spain,Spain,ES,75.44,109.13,84.91,66.39,entsoe.eu,false,""
2024-04-27T02:00:00.000000,Spain,Spain,ES,78.83,113.57,84.12,65.36,entsoe.eu,false,""
2024-04-27T03:00:00.000000,Spain,Spain,ES,84.24,120.26,82.85,63.65,entsoe.eu,false,""
2024-04-27T04:00:00.000000,Spain,Spain,ES,78.9,113.42,84.18,65.27,entsoe.eu,false,""
2024-04-27T05:00:00.000000,Spain,Spain,ES,75.92,109.13,85.19,66.92,entsoe.eu,false,""
2024-04-27T06:00:00.000000,Spain,Spain,ES,76.55,109.93,85.39,68.18,entsoe.eu,false,""
2024-04-27T07:00:00.000000,Spain,Spain,ES,68.4,100.75,86.81,70.99,entsoe.eu,false,""
2024-04-27T08:00:00.000000,Spain,Spain,ES,56.36,86.79,88.92,74.13,entsoe.eu,false,""
2024-04-27T09:00:00.000000,Spain,Spain,ES,47.18,76.35,90.93,76.82,entsoe.eu,false,""
2024-04-27T10:00:00.000000,Spain,Spain,ES,45.56,75.46,91.27,77.44,entsoe.eu,false,""
2024-04-27T11:00:00.000000,Spain,Spain,ES,43.77,73.53,91.68,77.76,entsoe.eu,false,""
2024-04-27T12:00:00.000000,Spain,Spain,ES,45.23,75.15,91.39,75.43,entsoe.eu,false,""
2024-04-27T13:00:00.000000,Spain,Spain,ES,46.2,76.31,91.17,76.41,entsoe.eu,false,""
2024-04-27T14:00:00.000000,Spain,Spain,ES,46.56,76.76,91.06,76.83,entsoe.eu,false,""
2024-04-27T15:00:00.000000,Spain,Spain,ES,46.43,76.56,91.11,76.8,entsoe.eu,false,""
2024-04-27T16:00:00.000000,Spain,Spain,ES,47.93,78.11,90.75,76.6,entsoe.eu,false,""
2024-04-27T17:00:00.000000,Spain,Spain,ES,55.02,86.45,89.17,74.24,entsoe.eu,false,""
2024-04-27T18:00:00.000000,Spain,Spain,ES,78.14,112.97,83.87,66.94,entsoe.eu,false,""
2024-04-27T19:00:00.000000,Spain,Spain,ES,93.26,128.92,80.38,62.3,entsoe.eu,false,""
2024-04-27T20:00:00.000000,Spain,Spain,ES,95.46,131.25,79.99,61.05,entsoe.eu,false,""
2024-04-27T21:00:00.000000,Spain,Spain,ES,100.32,137.33,79.02,58.81,entsoe.eu,false,""
2024-04-27T22:00:00.000000,Spain,Spain,ES,104.85,143.63,78.15,54.51,entsoe.eu,false,""
2024-04-27T23:00:00.000000,Spain,Spain,ES,104.16,142.75,78.51,49.63,entsoe.eu,false,""
2024-04-28T00:00:00.000000,Spain,Spain,ES,106.11,146.03,78.08,46.42,entsoe.eu,false,""
2024-04-28T01:00:00.000000,Spain,Spain,ES,115.15,158.19,75.89,44.18,entsoe.eu,false,""
2024-04-28T02:00:00.000000,Spain,Spain,ES,114.12,156.4,76.24,44.14,entsoe.eu,false,""
2024-04-28T03:00:00.000000,Spain,Spain,ES,114.39,156.63,76.27,43.38,entsoe.eu,false,""
2024-04-28T04:00:00.000000,Spain,Spain,ES,116.03,158.31,75.99,41.89,entsoe.eu,false,""
2024-04-28T05:00:00.000000,Spain,Spain,ES,118.08,160.65,75.62,41.87,entsoe.eu,false,""
2024-04-28T06:00:00.000000,Spain,Spain,ES,108.75,152.05,77.31,46.91,entsoe.eu,false,""
2024-04-28T07:00:00.000000,Spain,Spain,ES,78.07,117.27,84.01,59.7,entsoe.eu,false,""
2024-04-28T08:00:00.000000,Spain,Spain,ES,63.69,100.71,87.14,66.14,entsoe.eu,false,""
2024-04-28T09:00:00.000000,Spain,Spain,ES,64.96,101.94,87.15,67.1,entsoe.eu,false,""
2024-04-28T10:00:00.000000,Spain,Spain,ES,67.2,104.43,86.98,68.43,entsoe.eu,false,""
2024-04-28T11:00:00.000000,Spain,Spain,ES,65.09,101.74,87.36,68.27,entsoe.eu,false,""
2024-04-28T12:00:00.000000,Spain,Spain,ES,60.05,95.87,88.0,68.49,entsoe.eu,false,""
2024-04-28T13:00:00.000000,Spain,Spain,ES,61.69,97.89,87.61,67.41,entsoe.eu,false,""
2024-04-28T14:00:00.000000,Spain,Spain,ES,64.68,101.08,86.99,66.3,entsoe.eu,false,""
2024-04-28T15:00:00.000000,Spain,Spain,ES,69.38,106.71,85.96,66.51,entsoe.eu,false,""
2024-04-28T16:00:00.000000,Spain,Spain,ES,70.69,107.91,85.71,68.73,entsoe.eu,false,""
2024-04-28T17:00:00.000000,Spain,Spain,ES,80.67,119.23,83.39,65.85,entsoe.eu,false,""
2024-04-28T18:00:00.000000,Spain,Spain,ES,107.2,149.77,77.0,59.11,entsoe.eu,false,""
2024-04-28T19:00:00.000000,Spain,Spain,ES,110.61,151.33,76.14,58.16,entsoe.eu,false,""
2024-04-28T20:00:00.000000,Spain,Spain,ES,105.35,144.55,77.37,59.66,entsoe.eu,false,""
2024-04-28T21:00:00.000000,Spain,Spain,ES,99.76,137.86,78.86,60.4,entsoe.eu,false,""
2024-04-28T22:00:00.000000,Spain,Spain,ES,98.93,137.47,79.23,60.12,entsoe.eu,false,""
2024-04-28T23:00:00.000000,Spain,Spain,ES,106.08,146.58,77.78,57.41,entsoe.eu,false,""
2024-04-29T00:00:00.000000,Spain,Spain,ES,112.16,154.13,76.47,54.82,entsoe.eu,false,""
2024-04-29T01:00:00.000000,Spain,Spain,ES,118.79,161.87,75.38,53.03,entsoe.eu,false,""
2024-04-29T02:00:00.000000,Spain,Spain,ES,123.81,167.77,74.63,51.56,entsoe.eu,false,""
2024-04-29T03:00:00.000000,Spain,Spain,ES,128.97,174.02,73.31,50.04,entsoe.eu,false,""
2024-04-29T04:00:00.000000,Spain,Spain,ES,132.88,178.6,71.85,51.18,entsoe.eu,false,""
2024-04-29T05:00:00.000000,Spain,Spain,ES,132.24,177.12,71.51,53.03,entsoe.eu,false,""
2024-04-29T06:00:00.000000,Spain,Spain,ES,133.25,179.5,70.86,53.78,entsoe.eu,false,""
2024-04-29T07:00:00.000000,Spain,Spain,ES,113.2,157.32,75.53,59.68,entsoe.eu,false,""
2024-04-29T08:00:00.000000,Spain,Spain,ES,97.78,139.55,79.62,64.65,entsoe.eu,false,""
2024-04-29T09:00:00.000000,Spain,Spain,ES,91.64,132.8,81.33,67.2,entsoe.eu,false,""
2024-04-29T10:00:00.000000,Spain,Spain,ES,84.42,124.19,83.55,69.59,entsoe.eu,false,""
2024-04-29T11:00:00.000000,Spain,Spain,ES,80.52,119.59,84.37,70.25,entsoe.eu,false,""
2024-04-29T12:00:00.000000,Spain,Spain,ES,85.41,125.48,83.11,68.68,entsoe.eu,false,""
2024-04-29T13:00:00.000000,Spain,Spain,ES,86.21,125.8,83.04,68.0,entsoe.eu,false,""
2024-04-29T14:00:00.000000,Spain,Spain,ES,84.94,123.82,83.12,68.29,entsoe.eu,false,""
2024-04-29T15:00:00.000000,Spain,Spain,ES,81.79,120.41,83.43,68.95,entsoe.eu,false,""
2024-04-29T16:00:00.000000,Spain,Spain,ES,97.54,139.09,79.79,64.8,entsoe.eu,false,""
2024-04-29T17:00:00.000000,Spain,Spain,ES,114.11,158.78,75.91,60.79,entsoe.eu,false,""
2024-04-29T18:00:00.000000,Spain,Spain,ES,128.12,173.69,72.63,56.24,entsoe.eu,false,""
2024-04-29T19:00:00.000000,Spain,Spain,ES,126.98,170.69,72.67,51.53,entsoe.eu,false,""
2024-04-29T20:00:00.000000,Spain,Spain,ES,122.64,166.18,73.09,51.64,entsoe.eu,false,""
2024-04-29T21:00:00.000000,Spain,Spain,ES,121.74,164.87,73.61,53.97,entsoe.eu,false,""
2024-04-29T22:00:00.000000,Spain,Spain,ES,121.64,164.39,74.35,52.5,entsoe.eu,false,""
2024-04-29T23:00:00.000000,Spain,Spain,ES,108.28,147.61,77.87,52.7,entsoe.eu,false,""
2024-04-30T00:00:00.000000,Spain,Spain,ES,109.07,148.87,77.96,52.01,entsoe.eu,false,""
2024-04-30T01:00:00.000000,Spain,Spain,ES,110.61,151.32,77.67,51.08,entsoe.eu,false,""
2024-04-30T02:00:00.000000,Spain,Spain,ES,112.21,153.51,77.19,49.74,entsoe.eu,false,""
2024-04-30T03:00:00.000000,Spain,Spain,ES,118.46,161.34,75.56,51.15,entsoe.eu,false,""
2024-04-30T04:00:00.000000,Spain,Spain,ES,122.01,165.29,74.51,52.96,entsoe.eu,false,""
2024-04-30T05:00:00.000000,Spain,Spain,ES,116.22,157.26,75.61,56.29,entsoe.eu,false,""
2024-04-30T06:00:00.000000,Spain,Spain,ES,111.16,152.19,76.33,58.8,entsoe.eu,false,""
2024-04-30T07:00:00.000000,Spain,Spain,ES,97.14,137.37,79.56,63.28,entsoe.eu,false,""
2024-04-30T08:00:00.000000,Spain,Spain,ES,78.99,116.45,84.11,68.94,entsoe.eu,false,""
2024-04-30T09:00:00.000000,Spain,Spain,ES,64.07,98.56,87.98,73.42,entsoe.eu,false,""
2024-04-30T10:00:00.000000,Spain,Spain,ES,61.92,95.75,88.52,73.9,entsoe.eu,false,""
2024-04-30T11:00:00.000000,Spain,Spain,ES,55.76,87.53,89.9,72.94,entsoe.eu,false,""
2024-04-30T12:00:00.000000,Spain,Spain,ES,54.76,86.44,90.15,74.74,entsoe.eu,false,""
2024-04-30T13:00:00.000000,Spain,Spain,ES,53.84,85.31,90.15,75.68,entsoe.eu,false,""
2024-04-30T14:00:00.000000,Spain,Spain,ES,54.29,85.67,89.9,75.78,entsoe.eu,false,""
2024-04-30T15:00:00.000000,Spain,Spain,ES,59.06,91.13,88.66,74.14,entsoe.eu,false,""
2024-04-30T16:00:00.000000,Spain,Spain,ES,65.48,98.73,86.97,71.64,entsoe.eu,false,""
2024-04-30T17:00:00.000000,Spain,Spain,ES,80.69,116.96,83.46,67.43,entsoe.eu,false,""
2024-04-30T18:00:00.000000,Spain,Spain,ES,87.84,124.28,81.59,64.32,entsoe.eu,false,""
2024-04-30T19:00:00.000000,Spain,Spain,ES,89.2,124.15,81.19,62.56,entsoe.eu,false,""
2024-04-30T20:00:00.000000,Spain,Spain,ES,88.23,122.83,81.49,63.49,entsoe.eu,false,""
2024-04-30T21:00:00.000000,Spain,Spain,ES,87.39,122.04,81.79,63.24,entsoe.eu,false,""
2024-04-30T22:00:00.000000,Spain,Spain,ES,88.22,122.83,81.97,62.97,entsoe.eu,false,""
2024-04-30T23:00:00.000000,Spain,Spain,ES,84.14,118.18,82.89,63.52,entsoe.eu,false,""
2024-05-01T00:00:00.000000,Spain,Spain,ES,86.41,121.56,82.17,62.34,entsoe.eu,false,""
2024-05-01T01:00:00.000000,Spain,Spain,ES,85.98,120.45,82.42,62.34,entsoe.eu,false,""
2024-05-01T02:00:00.000000,Spain,Spain,ES,84.12,118.11,82.83,62.27,entsoe.eu,false,""
2024-05-01T03:00:00.000000,Spain,Spain,ES,81.49,114.74,83.53,63.09,entsoe.eu,false,""
2024-05-01T04:00:00.000000,Spain,Spain,ES,76.66,108.87,84.51,64.78,entsoe.eu,false,""
2024-05-01T05:00:00.000000,Spain,Spain,ES,80.03,113.3,83.61,64.49,entsoe.eu,false,""
2024-05-01T06:00:00.000000,Spain,Spain,ES,75.46,108.47,84.56,66.41,entsoe.eu,false,""
2024-05-01T07:00:00.000000,Spain,Spain,ES,64.67,97.16,86.76,70.62,entsoe.eu,false,""
2024-05-01T08:00:00.000000,Spain,Spain,ES,54.18,84.89,89.54,71.63,entsoe.eu,false,""
2024-05-01T09:00:00.000000,Spain,Spain,ES,45.74,75.14,91.38,73.56,entsoe.eu,false,""
2024-05-01T10:00:00.000000,Spain,Spain,ES,43.62,73.03,91.84,75.49,entsoe.eu,false,""
2024-05-01T11:00:00.000000,Spain,Spain,ES,47.5,77.46,91.02,71.44,entsoe.eu,false,""
2024-05-01T12:00:00.000000,Spain,Spain,ES,46.74,76.64,91.16,70.15,entsoe.eu,false,""
2024-05-01T13:00:00.000000,Spain,Spain,ES,48.42,78.36,90.91,69.04,entsoe.eu,false,""
2024-05-01T14:00:00.000000,Spain,Spain,ES,53.76,84.84,89.8,68.8,entsoe.eu,false,""
2024-05-01T15:00:00.000000,Spain,Spain,ES,58.25,89.95,88.6,71.39,entsoe.eu,false,""
2024-05-01T16:00:00.000000,Spain,Spain,ES,55.37,86.43,89.16,72.81,entsoe.eu,false,""
2024-05-01T17:00:00.000000,Spain,Spain,ES,56.12,86.78,88.87,72.77,entsoe.eu,false,""
2024-05-01T18:00:00.000000,Spain,Spain,ES,60.45,89.81,88.0,70.95,entsoe.eu,false,""
2024-05-01T19:00:00.000000,Spain,Spain,ES,61.0,87.95,88.18,69.33,entsoe.eu,false,""
2024-05-01T20:00:00.000000,Spain,Spain,ES,61.94,88.67,88.07,68.45,entsoe.eu,false,""
2024-05-01T21:00:00.000000,Spain,Spain,ES,65.05,92.96,87.36,67.45,entsoe.eu,false,""
2024-05-01T22:00:00.000000,Spain,Spain,ES,74.38,105.67,85.05,65.24,entsoe.eu,false,""
2024-05-01T23:00:00.000000,Spain,Spain,ES,75.45,107.07,84.83,65.23,entsoe.eu,false,""
2024-05-02T00:00:00.000000,Spain,Spain,ES,78.12,110.28,84.3,64.34,entsoe.eu,false,""
2024-05-02T01:00:00.000000,Spain,Spain,ES,79.33,111.37,84.08,63.09,entsoe.eu,false,""
2024-05-02T02:00:00.000000,Spain,Spain,ES,79.2,111.69,83.98,62.62,entsoe.eu,false,""
2024-05-02T03:00:00.000000,Spain,Spain,ES,79.76,112.36,83.84,63.3,entsoe.eu,false,""
2024-05-02T04:00:00.000000,Spain,Spain,ES,79.11,110.52,83.97,63.63,entsoe.eu,false,""
2024-05-02T05:00:00.000000,Spain,Spain,ES,82.27,114.12,83.14,63.46,entsoe.eu,false,""
2024-05-02T06:00:00.000000,Spain,Spain,ES,70.51,101.46,85.65,68.25,entsoe.eu,false,""
2024-05-02T07:00:00.000000,Spain,Spain,ES,50.86,81.02,89.93,75.5,entsoe.eu,false,""
2024-05-02T08:00:00.000000,Spain,Spain,ES,42.64,72.28,91.74,78.37,entsoe.eu,false,""
2024-05-02T09:00:00.000000,Spain,Spain,ES,42.46,72.22,92.0,79.06,entsoe.eu,false,""
2024-05-02T10:00:00.000000,Spain,Spain,ES,44.59,74.5,91.84,79.13,entsoe.eu,false,""
2024-05-02T11:00:00.000000,Spain,Spain,ES,44.24,74.24,91.88,79.14,entsoe.eu,false,""
2024-05-02T12:00:00.000000,Spain,Spain,ES,48.02,78.83,91.21,76.54,entsoe.eu,false,""
2024-05-02T13:00:00.000000,Spain,Spain,ES,47.43,77.8,91.36,77.79,entsoe.eu,false,""
2024-05-02T14:00:00.000000,Spain,Spain,ES,45.85,75.64,91.49,78.34,entsoe.eu,false,""
2024-05-02T15:00:00.000000,Spain,Spain,ES,47.33,77.85,90.88,77.12,entsoe.eu,false,""
2024-05-02T16:00:00.000000,Spain,Spain,ES,53.53,85.3,89.44,75.25,entsoe.eu,false,""
2024-05-02T17:00:00.000000,Spain,Spain,ES,69.3,103.29,86.09,70.49,entsoe.eu,false,""
2024-05-02T18:00:00.000000,Spain,Spain,ES,83.54,118.86,82.41,61.15,entsoe.eu,false,""
2024-05-02T19:00:00.000000,Spain,Spain,ES,88.23,121.78,81.42,56.99,entsoe.eu,false,""
2024-05-02T20:00:00.000000,Spain,Spain,ES,91.67,126.32,80.67,57.27,entsoe.eu,false,""
2024-05-02T21:00:00.000000,Spain,Spain,ES,91.68,126.39,80.93,57.29,entsoe.eu,false,""
2024-05-02T22:00:00.000000,Spain,Spain,ES,80.84,113.28,83.58,57.05,entsoe.eu,false,""
2024-05-02T23:00:00.000000,Spain,Spain,ES,75.68,107.2,84.76,57.33,entsoe.eu,false,""
2024-05-03T00:00:00.000000,Spain,Spain,ES,77.43,109.6,84.39,56.58,entsoe.eu,false,""
2024-05-03T01:00:00.000000,Spain,Spain,ES,79.2,112.15,84.0,55.57,entsoe.eu,false,""
2024-05-03T02:00:00.000000,Spain,Spain,ES,78.94,111.96,84.02,55.19,entsoe.eu,false,""
2024-05-03T03:00:00.000000,Spain,Spain,ES,82.92,116.75,83.1,54.93,entsoe.eu,false,""
2024-05-03T04:00:00.000000,Spain,Spain,ES,87.39,121.23,82.02,54.24,entsoe.eu,false,""
2024-05-03T05:00:00.000000,Spain,Spain,ES,86.98,119.85,82.16,57.06,entsoe.eu,false,""
2024-05-03T06:00:00.000000,Spain,Spain,ES,81.92,115.91,83.17,63.2,entsoe.eu,false,""
2024-05-03T07:00:00.000000,Spain,Spain,ES,62.63,96.39,87.26,71.18,entsoe.eu,false,""
2024-05-03T08:00:00.000000,Spain,Spain,ES,49.15,80.85,90.59,76.4,entsoe.eu,false,""
2024-05-03T09:00:00.000000,Spain,Spain,ES,43.21,73.82,92.07,78.68,entsoe.eu,false,""
2024-05-03T10:00:00.000000,Spain,Spain,ES,43.23,73.44,92.2,79.2,entsoe.eu,false,""
2024-05-03T11:00:00.000000,Spain,Spain,ES,42.89,73.02,92.23,79.4,entsoe.eu,false,""
2024-05-03T12:00:00.000000,Spain,Spain,ES,43.3,73.51,92.19,79.31,entsoe.eu,false,""
2024-05-03T13:00:00.000000,Spain,Spain,ES,44.52,74.79,92.03,79.01,entsoe.eu,false,""
2024-05-03T14:00:00.000000,Spain,Spain,ES,43.67,73.94,91.98,78.87,entsoe.eu,false,""
2024-05-03T15:00:00.000000,Spain,Spain,ES,43.08,73.35,91.68,78.62,entsoe.eu,false,""
2024-05-03T16:00:00.000000,Spain,Spain,ES,48.24,79.35,90.33,77.1,entsoe.eu,false,""
2024-05-03T17:00:00.000000,Spain,Spain,ES,65.03,98.68,86.81,72.42,entsoe.eu,false,""
2024-05-03T18:00:00.000000,Spain,Spain,ES,84.91,119.87,82.56,65.6,entsoe.eu,false,""
2024-05-03T19:00:00.000000,Spain,Spain,ES,94.72,130.0,79.97,61.45,entsoe.eu,false,""
2024-05-03T20:00:00.000000,Spain,Spain,ES,94.27,129.56,79.94,61.76,entsoe.eu,false,""
2024-05-03T21:00:00.000000,Spain,Spain,ES,89.33,123.0,81.25,62.47,entsoe.eu,false,""
2024-05-03T22:00:00.000000,Spain,Spain,ES,78.98,110.08,83.89,64.28,entsoe.eu,false,""
2024-05-03T23:00:00.000000,Spain,Spain,ES,75.2,105.57,84.98,64.62,entsoe.eu,false,""
2024-05-04T00:00:00.000000,Spain,Spain,ES,75.81,107.01,84.85,64.41,entsoe.eu,false,""
2024-05-04T01:00:00.000000,Spain,Spain,ES,76.09,107.1,84.72,64.12,entsoe.eu,false,""
2024-05-04T02:00:00.000000,Spain,Spain,ES,75.42,105.97,84.87,64.18,entsoe.eu,false,""
2024-05-04T03:00:00.000000,Spain,Spain,ES,75.89,106.51,84.78,63.92,entsoe.eu,false,""
2024-05-04T04:00:00.000000,Spain,Spain,ES,76.67,107.44,84.64,63.6,entsoe.eu,false,""
2024-05-04T05:00:00.000000,Spain,Spain,ES,78.19,109.15,84.31,63.03,entsoe.eu,false,""
2024-05-04T06:00:00.000000,Spain,Spain,ES,64.78,95.24,87.21,68.12,entsoe.eu,false,""
2024-05-04T07:00:00.000000,Spain,Spain,ES,47.34,77.24,90.87,75.08,entsoe.eu,false,""
2024-05-04T08:00:00.000000,Spain,Spain,ES,42.15,72.25,91.91,77.52,entsoe.eu,false,""
2024-05-04T09:00:00.000000,Spain,Spain,ES,41.04,71.06,92.16,77.98,entsoe.eu,false,""
2024-05-04T10:00:00.000000,Spain,Spain,ES,41.32,71.54,92.11,77.88,entsoe.eu,false,""
2024-05-04T11:00:00.000000,Spain,Spain,ES,42.98,73.43,92.01,77.92,entsoe.eu,false,""
2024-05-04T12:00:00.000000,Spain,Spain,ES,42.71,73.31,91.94,77.68,entsoe.eu,false,""
2024-05-04T13:00:00.000000,Spain,Spain,ES,42.93,73.78,91.76,77.14,entsoe.eu,false,""
2024-05-04T14:00:00.000000,Spain,Spain,ES,44.55,75.56,91.42,76.53,entsoe.eu,false,""
2024-05-04T15:00:00.000000,Spain,Spain,ES,44.17,74.64,91.5,76.67,entsoe.eu,false,""
2024-05-04T16:00:00.000000,Spain,Spain,ES,45.44,75.89,91.15,76.63,entsoe.eu,false,""
2024-05-04T17:00:00.000000,Spain,Spain,ES,52.2,83.21,89.52,74.87,entsoe.eu,false,""
2024-05-04T18:00:00.000000,Spain,Spain,ES,73.92,107.37,84.55,68.18,entsoe.eu,false,""
2024-05-04T19:00:00.000000,Spain,Spain,ES,84.07,116.86,82.4,64.19,entsoe.eu,false,""
2024-05-04T20:00:00.000000,Spain,Spain,ES,84.09,116.49,82.45,63.94,entsoe.eu,false,""
2024-05-04T21:00:00.000000,Spain,Spain,ES,84.71,117.32,82.41,63.15,entsoe.eu,false,""
2024-05-04T22:00:00.000000,Spain,Spain,ES,84.28,117.46,82.65,62.55,entsoe.eu,false,""
2024-05-04T23:00:00.000000,Spain,Spain,ES,81.48,114.24,83.47,62.55,entsoe.eu,false,""
2024-05-05T00:00:00.000000,Spain,Spain,ES,84.26,118.02,82.88,61.45,entsoe.eu,false,""
2024-05-05T01:00:00.000000,Spain,Spain,ES,88.96,124.3,81.75,60.0,entsoe.eu,false,""
2024-05-05T02:00:00.000000,Spain,Spain,ES,90.95,126.83,81.34,59.11,entsoe.eu,false,""
2024-05-05T03:00:00.000000,Spain,Spain,ES,91.31,127.22,81.33,58.65,entsoe.eu,false,""
2024-05-05T04:00:00.000000,Spain,Spain,ES,91.27,127.08,81.33,58.66,entsoe.eu,false,""
2024-05-05T05:00:00.000000,Spain,Spain,ES,92.73,128.58,81.1,58.1,entsoe.eu,false,""
2024-05-05T06:00:00.000000,Spain,Spain,ES,89.61,126.43,81.78,60.12,entsoe.eu,false,""
2024-05-05T07:00:00.000000,Spain,Spain,ES,69.42,104.13,85.98,67.27,entsoe.eu,false,""
2024-05-05T08:00:00.000000,Spain,Spain,ES,58.68,91.75,88.28,71.14,entsoe.eu,false,""
2024-05-05T09:00:00.000000,Spain,Spain,ES,49.13,80.38,90.44,74.33,entsoe.eu,false,""
2024-05-05T10:00:00.000000,Spain,Spain,ES,48.23,79.48,90.68,74.42,entsoe.eu,false,""
2024-05-05T11:00:00.000000,Spain,Spain,ES,48.59,79.8,90.6,73.13,entsoe.eu,false,""
2024-05-05T12:00:00.000000,Spain,Spain,ES,48.21,78.63,90.7,70.12,entsoe.eu,false,""
2024-05-05T13:00:00.000000,Spain,Spain,ES,50.4,80.96,90.28,68.93,entsoe.eu,false,""
2024-05-05T14:00:00.000000,Spain,Spain,ES,51.65,82.71,89.89,72.72,entsoe.eu,false,""
2024-05-05T15:00:00.000000,Spain,Spain,ES,52.35,83.49,89.68,73.65,entsoe.eu,false,""
2024-05-05T16:00:00.000000,Spain,Spain,ES,51.99,82.17,89.8,73.7,entsoe.eu,false,""
2024-05-05T17:00:00.000000,Spain,Spain,ES,56.11,86.29,88.96,72.33,entsoe.eu,false,""
2024-05-05T18:00:00.000000,Spain,Spain,ES,80.66,114.58,83.25,65.02,entsoe.eu,false,""
2024-05-05T19:00:00.000000,Spain,Spain,ES,102.05,139.49,78.08,59.73,entsoe.eu,false,""
2024-05-05T20:00:00.000000,Spain,Spain,ES,104.05,141.69,77.64,59.05,entsoe.eu,false,""
2024-05-05T21:00:00.000000,Spain,Spain,ES,97.05,132.9,79.52,59.58,entsoe.eu,false,""
2024-05-05T22:00:00.000000,Spain,Spain,ES,99.77,136.31,79.11,57.9,entsoe.eu,false,""
2024-05-05T23:00:00.000000,Spain,Spain,ES,102.83,140.08,78.59,56.21,entsoe.eu,false,""
2024-05-06T00:00:00.000000,Spain,Spain,ES,109.48,147.88,77.37,54.31,entsoe.eu,false,""
2024-05-06T01:00:00.000000,Spain,Spain,ES,113.02,152.04,76.8,53.6,entsoe.eu,false,""
2024-05-06T02:00:00.000000,Spain,Spain,ES,113.13,152.02,77.15,53.24,entsoe.eu,false,""
2024-05-06T03:00:00.000000,Spain,Spain,ES,110.74,149.91,77.23,53.21,entsoe.eu,false,""
2024-05-06T04:00:00.000000,Spain,Spain,ES,113.54,153.09,76.42,52.43,entsoe.eu,false,""
2024-05-06T05:00:00.000000,Spain,Spain,ES,119.52,160.71,74.49,53.72,entsoe.eu,false,""
2024-05-06T06:00:00.000000,Spain,Spain,ES,115.06,156.32,75.14,56.6,entsoe.eu,false,""
2024-05-06T07:00:00.000000,Spain,Spain,ES,106.0,146.44,77.48,60.16,entsoe.eu,false,""
2024-05-06T08:00:00.000000,Spain,Spain,ES,98.32,137.43,79.65,63.01,entsoe.eu,false,""
2024-05-06T09:00:00.000000,Spain,Spain,ES,75.46,110.49,85.17,69.5,entsoe.eu,false,""
2024-05-06T10:00:00.000000,Spain,Spain,ES,64.33,98.05,87.88,73.46,entsoe.eu,false,""
2024-05-06T11:00:00.000000,Spain,Spain,ES,60.54,93.68,88.45,74.81,entsoe.eu,false,""
2024-05-06T12:00:00.000000,Spain,Spain,ES,52.36,83.7,90.24,76.73,entsoe.eu,false,""
2024-05-06T13:00:00.000000,Spain,Spain,ES,50.0,80.9,90.73,77.65,entsoe.eu,false,""
2024-05-06T14:00:00.000000,Spain,Spain,ES,48.77,79.58,90.78,77.62,entsoe.eu,false,""
2024-05-06T15:00:00.000000,Spain,Spain,ES,48.24,79.08,90.65,77.47,entsoe.eu,false,""
2024-05-06T16:00:00.000000,Spain,Spain,ES,55.63,87.86,88.95,75.73,entsoe.eu,false,""
2024-05-06T17:00:00.000000,Spain,Spain,ES,75.3,111.04,84.66,70.78,entsoe.eu,false,""
2024-05-06T18:00:00.000000,Spain,Spain,ES,105.92,146.49,77.81,61.98,entsoe.eu,false,""
2024-05-06T19:00:00.000000,Spain,Spain,ES,123.77,166.4,73.29,56.44,entsoe.eu,false,""
2024-05-06T20:00:00.000000,Spain,Spain,ES,117.28,158.73,74.4,57.23,entsoe.eu,false,""
2024-05-06T21:00:00.000000,Spain,Spain,ES,104.81,143.56,77.51,58.83,entsoe.eu,false,""
2024-05-06T22:00:00.000000,Spain,Spain,ES,98.63,136.3,79.33,58.99,entsoe.eu,false,""
2024-05-06T23:00:00.000000,Spain,Spain,ES,93.67,130.45,80.59,59.77,entsoe.eu,false,""
2024-05-07T00:00:00.000000,Spain,Spain,ES,94.69,132.5,80.33,59.53,entsoe.eu,false,""
2024-05-07T01:00:00.000000,Spain,Spain,ES,99.7,138.71,79.27,57.33,entsoe.eu,false,""
2024-05-07T02:00:00.000000,Spain,Spain,ES,102.72,142.25,78.58,55.85,entsoe.eu,false,""
2024-05-07T03:00:00.000000,Spain,Spain,ES,102.05,141.47,78.71,56.9,entsoe.eu,false,""
2024-05-07T04:00:00.000000,Spain,Spain,ES,100.7,139.03,78.81,58.27,entsoe.eu,false,""
2024-05-07T05:00:00.000000,Spain,Spain,ES,104.82,143.81,77.51,58.78,entsoe.eu,false,""
2024-05-07T06:00:00.000000,Spain,Spain,ES,93.01,131.6,80.09,63.14,entsoe.eu,false,""
2024-05-07T07:00:00.000000,Spain,Spain,ES,72.03,108.23,85.1,70.48,entsoe.eu,false,""
2024-05-07T08:00:00.000000,Spain,Spain,ES,60.77,94.88,88.06,74.37,entsoe.eu,false,""
2024-05-07T09:00:00.000000,Spain,Spain,ES,56.22,89.07,89.46,75.81,entsoe.eu,false,""
2024-05-07T10:00:00.000000,Spain,Spain,ES,61.67,95.25,88.68,74.49,entsoe.eu,false,""
2024-05-07T11:00:00.000000,Spain,Spain,ES,56.92,89.92,89.52,75.76,entsoe.eu,false,""
2024-05-07T12:00:00.000000,Spain,Spain,ES,57.12,90.59,89.18,75.42,entsoe.eu,false,""
2024-05-07T13:00:00.000000,Spain,Spain,ES,59.91,93.8,88.64,74.6,entsoe.eu,false,""
2024-05-07T14:00:00.000000,Spain,Spain,ES,58.99,92.8,88.68,74.53,entsoe.eu,false,""
2024-05-07T15:00:00.000000,Spain,Spain,ES,57.67,91.27,88.72,74.63,entsoe.eu,false,""
2024-05-07T16:00:00.000000,Spain,Spain,ES,62.28,96.35,87.63,73.7,entsoe.eu,false,""
2024-05-07T17:00:00.000000,Spain,Spain,ES,78.22,114.58,84.11,70.17,entsoe.eu,false,""
2024-05-07T18:00:00.000000,Spain,Spain,ES,98.15,136.4,79.77,64.0,entsoe.eu,false,""
2024-05-07T19:00:00.000000,Spain,Spain,ES,96.69,132.04,80.0,60.59,entsoe.eu,false,""
2024-05-07T20:00:00.000000,Spain,Spain,ES,88.29,121.54,81.81,62.98,entsoe.eu,false,""
2024-05-07T21:00:00.000000,Spain,Spain,ES,81.15,113.54,83.14,64.87,entsoe.eu,false,""
2024-05-07T22:00:00.000000,Spain,Spain,ES,72.8,103.71,85.16,66.01,entsoe.eu,false,""
2024-05-07T23:00:00.000000,Spain,Spain,ES,66.97,96.52,86.77,66.22,entsoe.eu,false,""
2024-05-08T00:00:00.000000,Spain,Spain,ES,68.49,98.78,86.43,65.58,entsoe.eu,false,""
2024-05-08T01:00:00.000000,Spain,Spain,ES,68.39,99.01,86.53,65.13,entsoe.eu,false,""
2024-05-08T02:00:00.000000,Spain,Spain,ES,71.09,102.35,85.87,64.36,entsoe.eu,false,""
2024-05-08T03:00:00.000000,Spain,Spain,ES,71.68,103.01,85.8,63.83,entsoe.eu,false,""
2024-05-08T04:00:00.000000,Spain,Spain,ES,70.3,100.81,86.41,62.6,entsoe.eu,false,""
2024-05-08T05:00:00.000000,Spain,Spain,ES,71.6,101.4,86.41,61.05,entsoe.eu,false,""
2024-05-08T06:00:00.000000,Spain,Spain,ES,73.25,104.64,86.23,64.7,entsoe.eu,false,""
2024-05-08T07:00:00.000000,Spain,Spain,ES,65.31,97.23,87.93,70.74,entsoe.eu,false,""
2024-05-08T08:00:00.000000,Spain,Spain,ES,57.08,88.59,89.82,74.29,entsoe.eu,false,""
2024-05-08T09:00:00.000000,Spain,Spain,ES,55.49,87.59,90.15,75.0,entsoe.eu,false,""
2024-05-08T10:00:00.000000,Spain,Spain,ES,56.48,88.75,90.23,75.21,entsoe.eu,false,""
2024-05-08T11:00:00.000000,Spain,Spain,ES,55.41,87.79,90.21,75.37,entsoe.eu,false,""
2024-05-08T12:00:00.000000,Spain,Spain,ES,54.93,87.32,90.19,75.25,entsoe.eu,false,""
2024-05-08T13:00:00.000000,Spain,Spain,ES,54.12,86.3,90.43,75.34,entsoe.eu,false,""
2024-05-08T14:00:00.000000,Spain,Spain,ES,54.65,86.93,90.34,75.01,entsoe.eu,false,""
2024-05-08T15:00:00.000000,Spain,Spain,ES,54.31,86.31,90.38,75.22,entsoe.eu,false,""
2024-05-08T16:00:00.000000,Spain,Spain,ES,57.59,90.32,89.29,74.33,entsoe.eu,false,""
2024-05-08T17:00:00.000000,Spain,Spain,ES,76.62,112.8,84.7,69.27,entsoe.eu,false,""
2024-05-08T18:00:00.000000,Spain,Spain,ES,92.58,129.46,81.25,59.91,entsoe.eu,false,""
2024-05-08T19:00:00.000000,Spain,Spain,ES,104.14,141.24,78.38,53.89,entsoe.eu,false,""
2024-05-08T20:00:00.000000,Spain,Spain,ES,105.37,143.17,77.84,54.84,entsoe.eu,false,""
2024-05-08T21:00:00.000000,Spain,Spain,ES,92.33,127.24,80.66,59.11,entsoe.eu,false,""
2024-05-08T22:00:00.000000,Spain,Spain,ES,81.61,114.68,83.16,57.03,entsoe.eu,false,""
2024-05-08T23:00:00.000000,Spain,Spain,ES,75.2,106.81,84.78,56.06,entsoe.eu,false,""
2024-05-09T00:00:00.000000,Spain,Spain,ES,77.47,109.94,84.38,53.96,entsoe.eu,false,""
2024-05-09T01:00:00.000000,Spain,Spain,ES,79.39,112.06,84.05,52.06,entsoe.eu,false,""
2024-05-09T02:00:00.000000,Spain,Spain,ES,82.23,115.89,83.46,50.36,entsoe.eu,false,""
2024-05-09T03:00:00.000000,Spain,Spain,ES,89.1,124.47,81.82,48.2,entsoe.eu,false,""
2024-05-09T04:00:00.000000,Spain,Spain,ES,94.28,130.0,80.48,47.81,entsoe.eu,false,""
2024-05-09T05:00:00.000000,Spain,Spain,ES,90.52,125.17,81.19,50.87,entsoe.eu,false,""
2024-05-09T06:00:00.000000,Spain,Spain,ES,80.49,114.85,83.31,56.31,entsoe.eu,false,""
2024-05-09T07:00:00.000000,Spain,Spain,ES,56.72,88.91,88.87,65.2,entsoe.eu,false,""
2024-05-09T08:00:00.000000,Spain,Spain,ES,45.83,75.81,91.86,69.64,entsoe.eu,false,""
2024-05-09T09:00:00.000000,Spain,Spain,ES,45.4,75.42,92.25,71.66,entsoe.eu,false,""
2024-05-09T10:00:00.000000,Spain,Spain,ES,47.19,77.44,92.27,72.77,entsoe.eu,false,""
2024-05-09T11:00:00.000000,Spain,Spain,ES,45.21,75.54,92.49,73.3,entsoe.eu,false,""
2024-05-09T12:00:00.000000,Spain,Spain,ES,43.26,73.42,92.56,72.51,entsoe.eu,false,""
2024-05-09T13:00:00.000000,Spain,Spain,ES,43.68,73.93,92.39,72.94,entsoe.eu,false,""
2024-05-09T14:00:00.000000,Spain,Spain,ES,42.73,72.72,92.52,72.76,entsoe.eu,false,""
2024-05-09T15:00:00.000000,Spain,Spain,ES,42.89,72.65,92.41,71.87,entsoe.eu,false,""
2024-05-09T16:00:00.000000,Spain,Spain,ES,54.71,86.33,89.76,68.36,entsoe.eu,false,""
2024-05-09T17:00:00.000000,Spain,Spain,ES,76.63,112.03,84.61,61.94,entsoe.eu,false,""
2024-05-09T18:00:00.000000,Spain,Spain,ES,103.99,142.31,78.6,53.0,entsoe.eu,false,""
2024-05-09T19:00:00.000000,Spain,Spain,ES,116.63,156.33,75.5,49.39,entsoe.eu,false,""
2024-05-09T20:00:00.000000,Spain,Spain,ES,108.59,146.94,77.09,50.2,entsoe.eu,false,""
2024-05-09T21:00:00.000000,Spain,Spain,ES,102.29,139.64,78.35,50.17,entsoe.eu,false,""
2024-05-09T22:00:00.000000,Spain,Spain,ES,89.33,123.72,81.35,52.07,entsoe.eu,false,""
2024-05-09T23:00:00.000000,Spain,Spain,ES,79.92,111.89,83.72,53.51,entsoe.eu,false,""
2024-05-10T00:00:00.000000,Spain,Spain,ES,82.31,115.33,83.17,52.63,entsoe.eu,false,""
2024-05-10T01:00:00.000000,Spain,Spain,ES,85.9,119.92,82.4,51.64,entsoe.eu,false,""
2024-05-10T02:00:00.000000,Spain,Spain,ES,87.12,121.31,82.15,50.97,entsoe.eu,false,""
2024-05-10T03:00:00.000000,Spain,Spain,ES,91.08,126.06,81.21,49.94,entsoe.eu,false,""
2024-05-10T04:00:00.000000,Spain,Spain,ES,99.77,136.74,79.06,48.39,entsoe.eu,false,""
2024-05-10T05:00:00.000000,Spain,Spain,ES,103.05,140.84,78.1,48.47,entsoe.eu,false,""
2024-05-10T06:00:00.000000,Spain,Spain,ES,84.88,120.39,82.15,55.82,entsoe.eu,false,""
2024-05-10T07:00:00.000000,Spain,Spain,ES,60.23,93.11,88.06,65.19,entsoe.eu,false,""
2024-05-10T08:00:00.000000,Spain,Spain,ES,47.2,77.88,91.5,71.09,entsoe.eu,false,""
2024-05-10T09:00:00.000000,Spain,Spain,ES,46.04,76.84,92.05,73.12,entsoe.eu,false,""
2024-05-10T10:00:00.000000,Spain,Spain,ES,48.21,79.24,91.77,72.3,entsoe.eu,false,""
2024-05-10T11:00:00.000000,Spain,Spain,ES,48.91,79.87,91.71,71.38,entsoe.eu,false,""
2024-05-10T12:00:00.000000,Spain,Spain,ES,47.27,78.47,91.66,70.52,entsoe.eu,false,""
2024-05-10T13:00:00.000000,Spain,Spain,ES,49.88,81.95,91.01,71.29,entsoe.eu,false,""
2024-05-10T14:00:00.000000,Spain,Spain,ES,49.99,82.41,90.66,73.11,entsoe.eu,false,""
2024-05-10T15:00:00.000000,Spain,Spain,ES,47.15,78.89,90.97,74.13,entsoe.eu,false,""
2024-05-10T16:00:00.000000,Spain,Spain,ES,52.32,84.27,89.86,72.9,entsoe.eu,false,""
2024-05-10T17:00:00.000000,Spain,Spain,ES,67.01,100.68,86.75,68.06,entsoe.eu,false,""
2024-05-10T18:00:00.000000,Spain,Spain,ES,87.37,122.41,82.54,60.0,entsoe.eu,false,""
2024-05-10T19:00:00.000000,Spain,Spain,ES,95.13,129.99,80.58,55.37,entsoe.eu,false,""
2024-05-10T20:00:00.000000,Spain,Spain,ES,96.36,131.79,80.07,56.37,entsoe.eu,false,""
2024-05-10T21:00:00.000000,Spain,Spain,ES,90.61,125.62,80.98,57.23,entsoe.eu,false,""
2024-05-10T22:00:00.000000,Spain,Spain,ES,82.39,116.0,82.91,55.62,entsoe.eu,false,""
2024-05-10T23:00:00.000000,Spain,Spain,ES,76.18,108.84,84.44,55.74,entsoe.eu,false,""
2024-05-11T00:00:00.000000,Spain,Spain,ES,80.41,114.52,83.53,54.16,entsoe.eu,false,""
2024-05-11T01:00:00.000000,Spain,Spain,ES,85.18,120.24,82.51,53.53,entsoe.eu,false,""
2024-05-11T02:00:00.000000,Spain,Spain,ES,87.31,122.48,82.14,52.58,entsoe.eu,false,""
2024-05-11T03:00:00.000000,Spain,Spain,ES,88.08,123.31,82.06,51.38,entsoe.eu,false,""
2024-05-11T04:00:00.000000,Spain,Spain,ES,91.42,127.43,81.33,49.84,entsoe.eu,false,""
2024-05-11T05:00:00.000000,Spain,Spain,ES,90.38,126.21,81.53,50.09,entsoe.eu,false,""
2024-05-11T06:00:00.000000,Spain,Spain,ES,78.08,113.62,84.1,55.82,entsoe.eu,false,""
2024-05-11T07:00:00.000000,Spain,Spain,ES,64.42,98.69,87.58,65.58,entsoe.eu,false,""
2024-05-11T08:00:00.000000,Spain,Spain,ES,53.72,86.06,90.3,68.85,entsoe.eu,false,""
2024-05-11T09:00:00.000000,Spain,Spain,ES,53.44,86.07,90.53,69.6,entsoe.eu,false,""
2024-05-11T10:00:00.000000,Spain,Spain,ES,55.43,87.99,90.51,69.95,entsoe.eu,false,""
2024-05-11T11:00:00.000000,Spain,Spain,ES,58.21,90.75,90.29,69.86,entsoe.eu,false,""
2024-05-11T12:00:00.000000,Spain,Spain,ES,58.24,90.81,90.19,69.4,entsoe.eu,false,""
2024-05-11T13:00:00.000000,Spain,Spain,ES,59.23,91.9,89.88,67.97,entsoe.eu,false,""
2024-05-11T14:00:00.000000,Spain,Spain,ES,63.05,95.98,89.3,66.56,entsoe.eu,false,""
2024-05-11T15:00:00.000000,Spain,Spain,ES,60.09,93.48,88.97,70.41,entsoe.eu,false,""
2024-05-11T16:00:00.000000,Spain,Spain,ES,54.67,86.84,89.6,73.13,entsoe.eu,false,""
2024-05-11T17:00:00.000000,Spain,Spain,ES,57.03,88.94,88.6,71.45,entsoe.eu,false,""
2024-05-11T18:00:00.000000,Spain,Spain,ES,76.27,110.33,84.39,62.22,entsoe.eu,false,""
2024-05-11T19:00:00.000000,Spain,Spain,ES,83.45,116.48,82.85,55.78,entsoe.eu,false,""
2024-05-11T20:00:00.000000,Spain,Spain,ES,81.18,113.41,83.43,56.0,entsoe.eu,false,""
2024-05-11T21:00:00.000000,Spain,Spain,ES,85.96,119.4,82.48,55.91,entsoe.eu,false,""
2024-05-11T22:00:00.000000,Spain,Spain,ES,90.99,126.35,81.29,51.64,entsoe.eu,false,""
2024-05-11T23:00:00.000000,Spain,Spain,ES,95.39,132.01,80.4,48.64,entsoe.eu,false,""
2024-05-12T00:00:00.000000,Spain,Spain,ES,100.96,138.91,79.18,46.99,entsoe.eu,false,""
2024-05-12T01:00:00.000000,Spain,Spain,ES,103.01,141.49,78.84,45.37,entsoe.eu,false,""
2024-05-12T02:00:00.000000,Spain,Spain,ES,105.15,144.2,78.42,43.7,entsoe.eu,false,""
2024-05-12T03:00:00.000000,Spain,Spain,ES,108.95,148.81,77.52,42.48,entsoe.eu,false,""
2024-05-12T04:00:00.000000,Spain,Spain,ES,108.83,148.79,77.63,41.74,entsoe.eu,false,""
2024-05-12T05:00:00.000000,Spain,Spain,ES,107.87,147.97,77.92,42.46,entsoe.eu,false,""
2024-05-12T06:00:00.000000,Spain,Spain,ES,94.15,134.28,80.67,49.71,entsoe.eu,false,""
2024-05-12T07:00:00.000000,Spain,Spain,ES,73.0,110.08,85.32,58.3,entsoe.eu,false,""
2024-05-12T08:00:00.000000,Spain,Spain,ES,58.02,92.48,88.82,64.21,entsoe.eu,false,""
2024-05-12T09:00:00.000000,Spain,Spain,ES,54.84,88.5,89.84,65.66,entsoe.eu,false,""
2024-05-12T10:00:00.000000,Spain,Spain,ES,57.57,91.73,89.59,65.95,entsoe.eu,false,""
2024-05-12T11:00:00.000000,Spain,Spain,ES,56.3,90.41,89.76,65.98,entsoe.eu,false,""
2024-05-12T12:00:00.000000,Spain,Spain,ES,51.51,85.25,90.18,66.71,entsoe.eu,false,""
2024-05-12T13:00:00.000000,Spain,Spain,ES,53.02,86.85,89.85,65.26,entsoe.eu,false,""
2024-05-12T14:00:00.000000,Spain,Spain,ES,56.93,91.49,88.93,65.62,entsoe.eu,false,""
2024-05-12T15:00:00.000000,Spain,Spain,ES,62.25,97.26,88.33,67.74,entsoe.eu,false,""
2024-05-12T16:00:00.000000,Spain,Spain,ES,68.7,104.55,86.86,67.2,entsoe.eu,false,""
2024-05-12T17:00:00.000000,Spain,Spain,ES,83.06,120.82,83.36,61.92,entsoe.eu,false,""
2024-05-12T18:00:00.000000,Spain,Spain,ES,98.92,137.62,79.72,54.17,entsoe.eu,false,""
2024-05-12T19:00:00.000000,Spain,Spain,ES,95.06,130.69,80.22,50.78,entsoe.eu,false,""
2024-05-12T20:00:00.000000,Spain,Spain,ES,91.29,125.63,81.04,51.07,entsoe.eu,false,""
2024-05-12T21:00:00.000000,Spain,Spain,ES,95.6,131.22,80.16,51.3,entsoe.eu,false,""
2024-05-12T22:00:00.000000,Spain,Spain,ES,96.1,132.7,80.03,48.93,entsoe.eu,false,""
2024-05-12T23:00:00.000000,Spain,Spain,ES,97.63,135.35,79.66,45.96,entsoe.eu,false,""
2024-05-13T00:00:00.000000,Spain,Spain,ES,102.63,141.79,78.66,45.34,entsoe.eu,false,""
2024-05-13T01:00:00.000000,Spain,Spain,ES,98.21,136.15,79.74,45.29,entsoe.eu,false,""
2024-05-13T02:00:00.000000,Spain,Spain,ES,97.26,134.93,79.92,45.47,entsoe.eu,false,""
2024-05-13T03:00:00.000000,Spain,Spain,ES,96.71,134.2,79.99,46.41,entsoe.eu,false,""
2024-05-13T04:00:00.000000,Spain,Spain,ES,91.67,127.16,81.01,49.78,entsoe.eu,false,""
2024-05-13T05:00:00.000000,Spain,Spain,ES,96.26,132.04,79.97,53.49,entsoe.eu,false,""
2024-05-13T06:00:00.000000,Spain,Spain,ES,88.55,124.35,81.75,61.69,entsoe.eu,false,""
2024-05-13T07:00:00.000000,Spain,Spain,ES,69.07,103.41,86.56,69.27,entsoe.eu,false,""
2024-05-13T08:00:00.000000,Spain,Spain,ES,56.14,88.71,89.74,73.61,entsoe.eu,false,""
2024-05-13T09:00:00.000000,Spain,Spain,ES,50.07,80.95,91.36,75.22,entsoe.eu,false,""
2024-05-13T10:00:00.000000,Spain,Spain,ES,46.89,76.73,92.18,74.1,entsoe.eu,false,""
2024-05-13T11:00:00.000000,Spain,Spain,ES,45.24,74.57,92.62,74.5,entsoe.eu,false,""
2024-05-13T12:00:00.000000,Spain,Spain,ES,44.48,73.44,92.79,74.79,entsoe.eu,false,""
2024-05-13T13:00:00.000000,Spain,Spain,ES,46.03,74.98,92.49,73.78,entsoe.eu,false,""
2024-05-13T14:00:00.000000,Spain,Spain,ES,49.02,79.11,91.46,75.76,entsoe.eu,false,""
2024-05-13T15:00:00.000000,Spain,Spain,ES,49.64,79.78,91.11,76.5,entsoe.eu,false,""
2024-05-13T16:00:00.000000,Spain,Spain,ES,51.76,81.2,90.56,76.23,entsoe.eu,false,""
2024-05-13T17:00:00.000000,Spain,Spain,ES,62.07,92.91,88.28,73.31,entsoe.eu,false,""
2024-05-13T18:00:00.000000,Spain,Spain,ES,76.43,108.34,84.9,67.97,entsoe.eu,false,""
2024-05-13T19:00:00.000000,Spain,Spain,ES,80.74,112.09,83.64,64.82,entsoe.eu,false,""
2024-05-13T20:00:00.000000,Spain,Spain,ES,79.13,110.62,83.6,64.89,entsoe.eu,false,""
2024-05-13T21:00:00.000000,Spain,Spain,ES,75.14,105.66,84.66,64.66,entsoe.eu,false,""
2024-05-13T22:00:00.000000,Spain,Spain,ES,65.27,93.73,87.06,63.83,entsoe.eu,false,""
2024-05-13T23:00:00.000000,Spain,Spain,ES,58.89,86.54,88.47,62.69,entsoe.eu,false,""
2024-05-14T00:00:00.000000,Spain,Spain,ES,59.05,86.84,88.49,63.67,entsoe.eu,false,""
2024-05-14T01:00:00.000000,Spain,Spain,ES,59.65,87.46,88.39,63.42,entsoe.eu,false,""
2024-05-14T02:00:00.000000,Spain,Spain,ES,61.47,89.83,87.96,61.23,entsoe.eu,false,""
2024-05-14T03:00:00.000000,Spain,Spain,ES,61.49,89.71,87.94,60.6,entsoe.eu,false,""
2024-05-14T04:00:00.000000,Spain,Spain,ES,63.31,91.35,87.52,61.78,entsoe.eu,false,""
2024-05-14T05:00:00.000000,Spain,Spain,ES,70.51,98.91,86.18,63.05,entsoe.eu,false,""
2024-05-14T06:00:00.000000,Spain,Spain,ES,67.89,97.13,86.96,68.25,entsoe.eu,false,""
2024-05-14T07:00:00.000000,Spain,Spain,ES,53.29,82.02,90.45,74.58,entsoe.eu,false,""
2024-05-14T08:00:00.000000,Spain,Spain,ES,47.79,76.33,91.89,77.31,entsoe.eu,false,""
2024-05-14T09:00:00.000000,Spain,Spain,ES,49.8,78.8,91.83,76.28,entsoe.eu,false,""
2024-05-14T10:00:00.000000,Spain,Spain,ES,50.05,79.17,91.79,75.2,entsoe.eu,false,""
2024-05-14T11:00:00.000000,Spain,Spain,ES,49.15,78.31,91.87,75.25,entsoe.eu,false,""
2024-05-14T12:00:00.000000,Spain,Spain,ES,51.05,80.43,91.66,74.79,entsoe.eu,false,""
2024-05-14T13:00:00.000000,Spain,Spain,ES,51.51,81.09,91.43,74.04,entsoe.eu,false,""
2024-05-14T14:00:00.000000,Spain,Spain,ES,50.35,79.89,91.25,75.54,entsoe.eu,false,""
2024-05-14T15:00:00.000000,Spain,Spain,ES,49.43,78.75,91.3,76.11,entsoe.eu,false,""
2024-05-14T16:00:00.000000,Spain,Spain,ES,50.02,79.16,91.2,75.87,entsoe.eu,false,""
2024-05-14T17:00:00.000000,Spain,Spain,ES,54.51,84.34,89.88,74.31,entsoe.eu,false,""
2024-05-14T18:00:00.000000,Spain,Spain,ES,71.42,103.23,85.99,68.89,entsoe.eu,false,""
2024-05-14T19:00:00.000000,Spain,Spain,ES,80.25,111.26,83.83,64.03,entsoe.eu,false,""
2024-05-14T20:00:00.000000,Spain,Spain,ES,77.29,108.14,84.06,64.84,entsoe.eu,false,""
2024-05-14T21:00:00.000000,Spain,Spain,ES,74.29,104.68,84.9,64.72,entsoe.eu,false,""
2024-05-14T22:00:00.000000,Spain,Spain,ES,72.06,101.83,85.6,63.61,entsoe.eu,false,""
2024-05-14T23:00:00.000000,Spain,Spain,ES,69.97,99.41,86.19,62.3,entsoe.eu,false,""
2024-05-15T00:00:00.000000,Spain,Spain,ES,69.95,99.72,86.28,59.8,entsoe.eu,false,""
2024-05-15T01:00:00.000000,Spain,Spain,ES,69.03,99.21,86.41,56.6,entsoe.eu,false,""
2024-05-15T02:00:00.000000,Spain,Spain,ES,71.15,102.07,85.93,54.06,entsoe.eu,false,""
2024-05-15T03:00:00.000000,Spain,Spain,ES,73.42,104.97,85.32,53.5,entsoe.eu,false,""
2024-05-15T04:00:00.000000,Spain,Spain,ES,78.36,110.03,84.28,55.17,entsoe.eu,false,""
2024-05-15T05:00:00.000000,Spain,Spain,ES,84.94,117.64,83.03,57.21,entsoe.eu,false,""
2024-05-15T06:00:00.000000,Spain,Spain,ES,87.69,122.69,82.51,62.16,entsoe.eu,false,""
2024-05-15T07:00:00.000000,Spain,Spain,ES,65.89,98.89,87.62,70.93,entsoe.eu,false,""
2024-05-15T08:00:00.000000,Spain,Spain,ES,51.96,83.02,91.06,76.07,entsoe.eu,false,""
2024-05-15T09:00:00.000000,Spain,Spain,ES,52.02,83.06,91.3,76.84,entsoe.eu,false,""
2024-05-15T10:00:00.000000,Spain,Spain,ES,51.07,81.52,91.64,77.06,entsoe.eu,false,""
2024-05-15T11:00:00.000000,Spain,Spain,ES,49.72,79.92,91.81,77.2,entsoe.eu,false,""
2024-05-15T12:00:00.000000,Spain,Spain,ES,49.45,79.41,92.0,77.24,entsoe.eu,false,""
2024-05-15T13:00:00.000000,Spain,Spain,ES,50.17,80.8,91.68,76.62,entsoe.eu,false,""
2024-05-15T14:00:00.000000,Spain,Spain,ES,49.04,79.62,91.61,76.13,entsoe.eu,false,""
2024-05-15T15:00:00.000000,Spain,Spain,ES,48.1,78.2,91.75,76.27,entsoe.eu,false,""
2024-05-15T16:00:00.000000,Spain,Spain,ES,49.39,79.04,91.46,76.0,entsoe.eu,false,""
2024-05-15T17:00:00.000000,Spain,Spain,ES,56.8,87.59,89.4,73.76,entsoe.eu,false,""
2024-05-15T18:00:00.000000,Spain,Spain,ES,84.6,119.24,82.92,65.13,entsoe.eu,false,""
2024-05-15T19:00:00.000000,Spain,Spain,ES,97.79,133.21,79.72,59.69,entsoe.eu,false,""
2024-05-15T20:00:00.000000,Spain,Spain,ES,101.65,138.53,78.3,58.13,entsoe.eu,false,""
2024-05-15T21:00:00.000000,Spain,Spain,ES,94.06,129.09,80.28,58.8,entsoe.eu,false,""
2024-05-15T22:00:00.000000,Spain,Spain,ES,87.12,120.99,82.17,59.0,entsoe.eu,false,""
2024-05-15T23:00:00.000000,Spain,Spain,ES,85.76,119.04,82.94,59.24,entsoe.eu,false,""
2024-05-16T00:00:00.000000,Spain,Spain,ES,85.91,119.2,83.06,58.78,entsoe.eu,false,""
2024-05-16T01:00:00.000000,Spain,Spain,ES,85.08,118.36,82.98,57.41,entsoe.eu,false,""
2024-05-16T02:00:00.000000,Spain,Spain,ES,82.74,115.65,83.26,56.23,entsoe.eu,false,""
2024-05-16T03:00:00.000000,Spain,Spain,ES,85.87,119.76,82.4,55.37,entsoe.eu,false,""
2024-05-16T04:00:00.000000,Spain,Spain,ES,93.72,129.1,80.57,54.61,entsoe.eu,false,""
2024-05-16T05:00:00.000000,Spain,Spain,ES,97.15,132.7,80.08,57.75,entsoe.eu,false,""
2024-05-16T06:00:00.000000,Spain,Spain,ES,88.92,123.95,82.02,63.13,entsoe.eu,false,""
2024-05-16T07:00:00.000000,Spain,Spain,ES,71.81,105.28,86.13,69.48,entsoe.eu,false,""
2024-05-16T08:00:00.000000,Spain,Spain,ES,60.01,92.07,89.15,73.89,entsoe.eu,false,""
2024-05-16T09:00:00.000000,Spain,Spain,ES,56.24,87.24,90.35,75.43,entsoe.eu,false,""
2024-05-16T10:00:00.000000,Spain,Spain,ES,57.34,88.24,90.3,75.26,entsoe.eu,false,""
2024-05-16T11:00:00.000000,Spain,Spain,ES,55.28,86.13,90.52,76.2,entsoe.eu,false,""
2024-05-16T12:00:00.000000,Spain,Spain,ES,54.81,85.69,90.65,77.15,entsoe.eu,false,""
2024-05-16T13:00:00.000000,Spain,Spain,ES,52.5,83.17,91.04,77.86,entsoe.eu,false,""
2024-05-16T14:00:00.000000,Spain,Spain,ES,52.17,83.21,90.73,77.52,entsoe.eu,false,""
2024-05-16T15:00:00.000000,Spain,Spain,ES,53.6,84.85,90.29,76.79,entsoe.eu,false,""
2024-05-16T16:00:00.000000,Spain,Spain,ES,60.4,92.33,89.02,74.39,entsoe.eu,false,""
2024-05-16T17:00:00.000000,Spain,Spain,ES,80.11,114.91,84.39,68.67,entsoe.eu,false,""
2024-05-16T18:00:00.000000,Spain,Spain,ES,113.99,154.51,76.17,58.71,entsoe.eu,false,""
2024-05-16T19:00:00.000000,Spain,Spain,ES,133.77,178.91,70.9,52.1,entsoe.eu,false,""
2024-05-16T20:00:00.000000,Spain,Spain,ES,127.66,171.9,71.89,51.19,entsoe.eu,false,""
2024-05-16T21:00:00.000000,Spain,Spain,ES,114.89,155.91,75.13,53.29,entsoe.eu,false,""
2024-05-16T22:00:00.000000,Spain,Spain,ES,112.26,152.8,75.98,53.54,entsoe.eu,false,""
2024-05-16T23:00:00.000000,Spain,Spain,ES,111.99,152.41,76.23,51.53,entsoe.eu,false,""
2024-05-17T00:00:00.000000,Spain,Spain,ES,111.88,152.64,76.32,50.89,entsoe.eu,false,""
2024-05-17T01:00:00.000000,Spain,Spain,ES,111.56,152.45,76.41,50.72,entsoe.eu,false,""
2024-05-17T02:00:00.000000,Spain,Spain,ES,114.13,155.8,75.79,50.13,entsoe.eu,false,""
2024-05-17T03:00:00.000000,Spain,Spain,ES,119.89,163.17,74.32,49.02,entsoe.eu,false,""
2024-05-17T04:00:00.000000,Spain,Spain,ES,129.52,175.66,71.78,48.1,entsoe.eu,false,""
2024-05-17T05:00:00.000000,Spain,Spain,ES,128.68,173.43,72.24,49.88,entsoe.eu,false,""
2024-05-17T06:00:00.000000,Spain,Spain,ES,128.96,174.56,72.47,52.63,entsoe.eu,false,""
2024-05-17T07:00:00.000000,Spain,Spain,ES,115.12,158.81,75.95,56.94,entsoe.eu,false,""
2024-05-17T08:00:00.000000,Spain,Spain,ES,91.61,130.07,81.91,63.51,entsoe.eu,false,""
2024-05-17T09:00:00.000000,Spain,Spain,ES,78.78,114.46,85.38,68.18,entsoe.eu,false,""
2024-05-17T10:00:00.000000,Spain,Spain,ES,70.3,104.68,87.47,71.32,entsoe.eu,false,""
2024-05-17T11:00:00.000000,Spain,Spain,ES,66.76,100.62,88.1,72.05,entsoe.eu,false,""
2024-05-17T12:00:00.000000,Spain,Spain,ES,59.62,91.71,89.87,74.71,entsoe.eu,false,""
2024-05-17T13:00:00.000000,Spain,Spain,ES,57.49,88.96,90.43,76.02,entsoe.eu,false,""
2024-05-17T14:00:00.000000,Spain,Spain,ES,55.45,86.78,90.63,76.57,entsoe.eu,false,""
2024-05-17T15:00:00.000000,Spain,Spain,ES,54.2,85.6,90.48,76.35,entsoe.eu,false,""
2024-05-17T16:00:00.000000,Spain,Spain,ES,57.29,89.02,89.54,75.39,entsoe.eu,false,""
2024-05-17T17:00:00.000000,Spain,Spain,ES,75.46,110.91,85.38,70.88,entsoe.eu,false,""
2024-05-17T18:00:00.000000,Spain,Spain,ES,98.83,138.14,79.81,61.04,entsoe.eu,false,""
2024-05-17T19:00:00.000000,Spain,Spain,ES,108.38,147.75,77.09,53.67,entsoe.eu,false,""
2024-05-17T20:00:00.000000,Spain,Spain,ES,112.14,152.12,75.97,52.19,entsoe.eu,false,""
2024-05-17T21:00:00.000000,Spain,Spain,ES,112.77,153.05,75.82,53.91,entsoe.eu,false,""
2024-05-17T22:00:00.000000,Spain,Spain,ES,103.55,141.98,78.18,54.87,entsoe.eu,false,""
2024-05-17T23:00:00.000000,Spain,Spain,ES,98.73,136.07,79.5,53.85,entsoe.eu,false,""
2024-05-18T00:00:00.000000,Spain,Spain,ES,101.71,139.88,78.86,50.19,entsoe.eu,false,""
2024-05-18T01:00:00.000000,Spain,Spain,ES,98.12,135.89,79.73,46.2,entsoe.eu,false,""
2024-05-18T02:00:00.000000,Spain,Spain,ES,100.06,137.96,79.32,45.24,entsoe.eu,false,""
2024-05-18T03:00:00.000000,Spain,Spain,ES,103.05,141.54,78.66,44.0,entsoe.eu,false,""
2024-05-18T04:00:00.000000,Spain,Spain,ES,104.02,143.14,78.38,43.84,entsoe.eu,false,""
2024-05-18T05:00:00.000000,Spain,Spain,ES,100.89,140.09,79.05,45.83,entsoe.eu,false,""
2024-05-18T06:00:00.000000,Spain,Spain,ES,85.03,122.83,82.9,55.49,entsoe.eu,false,""
2024-05-18T07:00:00.000000,Spain,Spain,ES,69.81,106.02,86.58,67.84,entsoe.eu,false,""
2024-05-18T08:00:00.000000,Spain,Spain,ES,56.95,91.14,89.47,72.35,entsoe.eu,false,""
2024-05-18T09:00:00.000000,Spain,Spain,ES,51.43,84.49,90.7,74.53,entsoe.eu,false,""
2024-05-18T10:00:00.000000,Spain,Spain,ES,52.39,85.71,90.71,75.6,entsoe.eu,false,""
2024-05-18T11:00:00.000000,Spain,Spain,ES,52.95,86.19,90.74,75.1,entsoe.eu,false,""
2024-05-18T12:00:00.000000,Spain,Spain,ES,53.64,86.96,90.57,74.45,entsoe.eu,false,""
2024-05-18T13:00:00.000000,Spain,Spain,ES,55.72,89.31,90.24,75.05,entsoe.eu,false,""
2024-05-18T14:00:00.000000,Spain,Spain,ES,55.94,89.33,90.2,74.98,entsoe.eu,false,""
2024-05-18T15:00:00.000000,Spain,Spain,ES,55.46,88.82,90.09,74.54,entsoe.eu,false,""
2024-05-18T16:00:00.000000,Spain,Spain,ES,53.44,86.5,90.03,74.87,entsoe.eu,false,""
2024-05-18T17:00:00.000000,Spain,Spain,ES,59.92,94.55,88.12,72.1,entsoe.eu,false,""
2024-05-18T18:00:00.000000,Spain,Spain,ES,78.99,115.5,83.7,59.23,entsoe.eu,false,""
2024-05-18T19:00:00.000000,Spain,Spain,ES,90.86,126.53,81.05,52.16,entsoe.eu,false,""
2024-05-18T20:00:00.000000,Spain,Spain,ES,97.67,134.69,79.39,54.12,entsoe.eu,false,""
2024-05-18T21:00:00.000000,Spain,Spain,ES,103.81,142.21,78.16,53.83,entsoe.eu,false,""
2024-05-18T22:00:00.000000,Spain,Spain,ES,100.73,138.76,79.09,50.83,entsoe.eu,false,""
2024-05-18T23:00:00.000000,Spain,Spain,ES,98.84,137.06,79.6,47.17,entsoe.eu,false,""
2024-05-19T00:00:00.000000,Spain,Spain,ES,103.37,143.03,78.62,44.68,entsoe.eu,false,""
2024-05-19T01:00:00.000000,Spain,Spain,ES,106.67,147.57,77.91,42.58,entsoe.eu,false,""
2024-05-19T02:00:00.000000,Spain,Spain,ES,108.28,149.53,77.56,41.91,entsoe.eu,false,""
2024-05-19T03:00:00.000000,Spain,Spain,ES,110.54,151.9,77.19,41.18,entsoe.eu,false,""
2024-05-19T04:00:00.000000,Spain,Spain,ES,115.2,157.34,76.16,40.01,entsoe.eu,false,""
2024-05-19T05:00:00.000000,Spain,Spain,ES,117.5,160.27,75.56,40.9,entsoe.eu,false,""
2024-05-19T06:00:00.000000,Spain,Spain,ES,104.2,146.59,78.16,49.31,entsoe.eu,false,""
2024-05-19T07:00:00.000000,Spain,Spain,ES,83.47,123.77,82.62,59.5,entsoe.eu,false,""
2024-05-19T08:00:00.000000,Spain,Spain,ES,64.71,101.21,87.29,66.37,entsoe.eu,false,""
2024-05-19T09:00:00.000000,Spain,Spain,ES,56.64,91.14,89.34,67.8,entsoe.eu,false,""
2024-05-19T10:00:00.000000,Spain,Spain,ES,58.01,92.95,89.29,70.88,entsoe.eu,false,""
2024-05-19T11:00:00.000000,Spain,Spain,ES,57.71,92.19,89.52,71.39,entsoe.eu,false,""
2024-05-19T12:00:00.000000,Spain,Spain,ES,58.54,92.88,89.18,68.67,entsoe.eu,false,""
2024-05-19T13:00:00.000000,Spain,Spain,ES,60.37,94.33,89.02,67.87,entsoe.eu,false,""
2024-05-19T14:00:00.000000,Spain,Spain,ES,63.84,98.3,88.39,69.36,entsoe.eu,false,""
2024-05-19T15:00:00.000000,Spain,Spain,ES,63.99,98.76,88.11,71.41,entsoe.eu,false,""
2024-05-19T16:00:00.000000,Spain,Spain,ES,64.61,99.35,87.55,70.94,entsoe.eu,false,""
2024-05-19T17:00:00.000000,Spain,Spain,ES,67.15,101.95,86.79,69.82,entsoe.eu,false,""
2024-05-19T18:00:00.000000,Spain,Spain,ES,80.53,116.85,83.54,59.78,entsoe.eu,false,""
2024-05-19T19:00:00.000000,Spain,Spain,ES,88.48,123.84,81.55,53.05,entsoe.eu,false,""
2024-05-19T20:00:00.000000,Spain,Spain,ES,98.86,135.96,79.15,52.93,entsoe.eu,false,""
2024-05-19T21:00:00.000000,Spain,Spain,ES,104.27,142.99,78.02,51.86,entsoe.eu,false,""
2024-05-19T22:00:00.000000,Spain,Spain,ES,102.96,142.0,78.52,47.35,entsoe.eu,false,""
2024-05-19T23:00:00.000000,Spain,Spain,ES,106.75,146.45,77.97,44.67,entsoe.eu,false,""
2024-05-20T00:00:00.000000,Spain,Spain,ES,106.18,145.62,78.23,44.66,entsoe.eu,false,""
2024-05-20T01:00:00.000000,Spain,Spain,ES,109.79,150.07,77.5,44.23,entsoe.eu,false,""
2024-05-20T02:00:00.000000,Spain,Spain,ES,108.68,148.64,77.73,44.86,entsoe.eu,false,""
2024-05-20T03:00:00.000000,Spain,Spain,ES,110.84,150.84,77.3,44.09,entsoe.eu,false,""
2024-05-20T04:00:00.000000,Spain,Spain,ES,109.09,148.11,77.57,45.5,entsoe.eu,false,""
2024-05-20T05:00:00.000000,Spain,Spain,ES,104.39,142.24,78.51,49.27,entsoe.eu,false,""
2024-05-20T06:00:00.000000,Spain,Spain,ES,84.72,120.55,82.71,56.48,entsoe.eu,false,""
2024-05-20T07:00:00.000000,Spain,Spain,ES,60.19,93.69,87.96,65.11,entsoe.eu,false,""
2024-05-20T08:00:00.000000,Spain,Spain,ES,47.96,80.09,90.67,70.22,entsoe.eu,false,""
2024-05-20T09:00:00.000000,Spain,Spain,ES,45.46,77.2,91.43,72.54,entsoe.eu,false,""
2024-05-20T10:00:00.000000,Spain,Spain,ES,45.58,77.38,91.53,73.25,entsoe.eu,false,""
2024-05-20T11:00:00.000000,Spain,Spain,ES,48.69,80.52,90.98,72.84,entsoe.eu,false,""
2024-05-20T12:00:00.000000,Spain,Spain,ES,50.34,81.52,91.06,72.79,entsoe.eu,false,""
2024-05-20T13:00:00.000000,Spain,Spain,ES,52.75,84.16,90.55,72.19,entsoe.eu,false,""
2024-05-20T14:00:00.000000,Spain,Spain,ES,54.58,86.53,89.94,72.52,entsoe.eu,false,""
2024-05-20T15:00:00.000000,Spain,Spain,ES,55.23,87.55,89.44,72.99,entsoe.eu,false,""
2024-05-20T16:00:00.000000,Spain,Spain,ES,56.72,89.21,88.64,73.02,entsoe.eu,false,""
2024-05-20T17:00:00.000000,Spain,Spain,ES,62.04,95.15,87.31,68.81,entsoe.eu,false,""
2024-05-20T18:00:00.000000,Spain,Spain,ES,82.38,118.63,82.61,58.89,entsoe.eu,false,""
2024-05-20T19:00:00.000000,Spain,Spain,ES,93.38,129.16,80.13,53.17,entsoe.eu,false,""
2024-05-20T20:00:00.000000,Spain,Spain,ES,89.92,124.44,81.07,53.06,entsoe.eu,false,""
2024-05-20T21:00:00.000000,Spain,Spain,ES,94.47,130.41,80.2,51.17,entsoe.eu,false,""
2024-05-20T22:00:00.000000,Spain,Spain,ES,87.48,121.94,82.13,50.44,entsoe.eu,false,""
2024-05-20T23:00:00.000000,Spain,Spain,ES,91.46,127.22,81.31,47.93,entsoe.eu,false,""
2024-05-21T00:00:00.000000,Spain,Spain,ES,94.06,130.29,80.99,46.88,entsoe.eu,false,""
2024-05-21T01:00:00.000000,Spain,Spain,ES,95.67,131.93,80.81,46.59,entsoe.eu,false,""
2024-05-21T02:00:00.000000,Spain,Spain,ES,96.29,132.65,80.7,46.46,entsoe.eu,false,""
2024-05-21T03:00:00.000000,Spain,Spain,ES,95.29,131.5,80.71,47.19,entsoe.eu,false,""
2024-05-21T04:00:00.000000,Spain,Spain,ES,100.24,137.1,79.41,47.92,entsoe.eu,false,""
2024-05-21T05:00:00.000000,Spain,Spain,ES,101.27,138.84,78.93,50.75,entsoe.eu,false,""
2024-05-21T06:00:00.000000,Spain,Spain,ES,99.17,138.56,79.04,57.16,entsoe.eu,false,""
2024-05-21T07:00:00.000000,Spain,Spain,ES,69.27,104.64,85.81,64.97,entsoe.eu,false,""
2024-05-21T08:00:00.000000,Spain,Spain,ES,49.37,81.84,90.38,70.76,entsoe.eu,false,""
2024-05-21T09:00:00.000000,Spain,Spain,ES,45.18,76.77,91.53,73.06,entsoe.eu,false,""
2024-05-21T10:00:00.000000,Spain,Spain,ES,44.77,76.04,91.73,73.88,entsoe.eu,false,""
2024-05-21T11:00:00.000000,Spain,Spain,ES,45.68,76.71,91.7,74.61,entsoe.eu,false,""
2024-05-21T12:00:00.000000,Spain,Spain,ES,49.19,80.27,91.27,74.05,entsoe.eu,false,""
2024-05-21T13:00:00.000000,Spain,Spain,ES,54.16,85.86,90.29,74.09,entsoe.eu,false,""
2024-05-21T14:00:00.000000,Spain,Spain,ES,52.94,84.44,90.32,74.74,entsoe.eu,false,""
2024-05-21T15:00:00.000000,Spain,Spain,ES,53.43,85.43,89.82,74.14,entsoe.eu,false,""
2024-05-21T16:00:00.000000,Spain,Spain,ES,53.23,85.18,89.4,73.75,entsoe.eu,false,""
2024-05-21T17:00:00.000000,Spain,Spain,ES,60.15,93.16,87.73,69.33,entsoe.eu,false,""
2024-05-21T18:00:00.000000,Spain,Spain,ES,83.21,120.15,82.26,61.18,entsoe.eu,false,""
2024-05-21T19:00:00.000000,Spain,Spain,ES,96.01,133.03,79.41,55.67,entsoe.eu,false,""
2024-05-21T20:00:00.000000,Spain,Spain,ES,92.81,128.13,80.33,56.23,entsoe.eu,false,""
2024-05-21T21:00:00.000000,Spain,Spain,ES,86.8,120.93,81.89,55.55,entsoe.eu,false,""
2024-05-21T22:00:00.000000,Spain,Spain,ES,85.08,119.36,82.51,53.36,entsoe.eu,false,""
2024-05-21T23:00:00.000000,Spain,Spain,ES,86.4,121.17,82.43,52.09,entsoe.eu,false,""
2024-05-22T00:00:00.000000,Spain,Spain,ES,85.76,121.23,82.47,51.49,entsoe.eu,false,""
2024-05-22T01:00:00.000000,Spain,Spain,ES,82.95,117.62,83.28,51.33,entsoe.eu,false,""
2024-05-22T02:00:00.000000,Spain,Spain,ES,81.52,115.88,83.57,51.84,entsoe.eu,false,""
2024-05-22T03:00:00.000000,Spain,Spain,ES,83.68,118.51,82.97,51.58,entsoe.eu,false,""
2024-05-22T04:00:00.000000,Spain,Spain,ES,87.66,122.42,82.06,51.77,entsoe.eu,false,""
2024-05-22T05:00:00.000000,Spain,Spain,ES,85.74,120.14,82.24,53.61,entsoe.eu,false,""
2024-05-22T06:00:00.000000,Spain,Spain,ES,72.39,106.32,85.2,60.97,entsoe.eu,false,""
2024-05-22T07:00:00.000000,Spain,Spain,ES,49.54,81.31,90.3,68.53,entsoe.eu,false,""
2024-05-22T08:00:00.000000,Spain,Spain,ES,39.67,69.86,92.52,71.99,entsoe.eu,false,""
2024-05-22T09:00:00.000000,Spain,Spain,ES,39.26,69.24,92.84,73.48,entsoe.eu,false,""
2024-05-22T10:00:00.000000,Spain,Spain,ES,39.79,69.94,92.84,74.74,entsoe.eu,false,""
2024-05-22T11:00:00.000000,Spain,Spain,ES,40.48,70.56,92.89,75.19,entsoe.eu,false,""
2024-05-22T12:00:00.000000,Spain,Spain,ES,43.07,73.3,92.62,75.72,entsoe.eu,false,""
2024-05-22T13:00:00.000000,Spain,Spain,ES,44.85,75.18,92.39,75.13,entsoe.eu,false,""
2024-05-22T14:00:00.000000,Spain,Spain,ES,43.61,73.78,92.47,75.2,entsoe.eu,false,""
2024-05-22T15:00:00.000000,Spain,Spain,ES,42.5,72.89,92.42,75.49,entsoe.eu,false,""
2024-05-22T16:00:00.000000,Spain,Spain,ES,44.61,75.69,91.55,74.41,entsoe.eu,false,""
2024-05-22T17:00:00.000000,Spain,Spain,ES,56.91,89.94,88.53,70.16,entsoe.eu,false,""
2024-05-22T18:00:00.000000,Spain,Spain,ES,84.55,121.7,82.13,59.87,entsoe.eu,false,""
2024-05-22T19:00:00.000000,Spain,Spain,ES,106.43,146.17,77.02,52.46,entsoe.eu,false,""
2024-05-22T20:00:00.000000,Spain,Spain,ES,101.66,139.79,78.26,54.75,entsoe.eu,false,""
2024-05-22T21:00:00.000000,Spain,Spain,ES,95.4,132.54,79.91,55.77,entsoe.eu,false,""
2024-05-22T22:00:00.000000,Spain,Spain,ES,91.18,127.98,81.01,55.27,entsoe.eu,false,""
2024-05-22T23:00:00.000000,Spain,Spain,ES,91.57,128.92,80.94,54.73,entsoe.eu,false,""
2024-05-23T00:00:00.000000,Spain,Spain,ES,91.62,128.89,81.14,53.96,entsoe.eu,false,""
2024-05-23T01:00:00.000000,Spain,Spain,ES,93.38,131.61,80.74,52.9,entsoe.eu,false,""
2024-05-23T02:00:00.000000,Spain,Spain,ES,92.3,130.48,80.89,52.25,entsoe.eu,false,""
2024-05-23T03:00:00.000000,Spain,Spain,ES,94.5,133.1,80.38,51.28,entsoe.eu,false,""
2024-05-23T04:00:00.000000,Spain,Spain,ES,97.63,136.05,79.61,51.13,entsoe.eu,false,""
2024-05-23T05:00:00.000000,Spain,Spain,ES,101.03,139.89,78.81,54.05,entsoe.eu,false,""
2024-05-23T06:00:00.000000,Spain,Spain,ES,95.63,135.31,79.7,61.09,entsoe.eu,false,""
2024-05-23T07:00:00.000000,Spain,Spain,ES,71.64,108.54,85.22,70.26,entsoe.eu,false,""
2024-05-23T08:00:00.000000,Spain,Spain,ES,55.13,90.11,89.01,73.87,entsoe.eu,false,""
2024-05-23T09:00:00.000000,Spain,Spain,ES,48.09,82.13,90.64,75.25,entsoe.eu,false,""
2024-05-23T10:00:00.000000,Spain,Spain,ES,47.4,81.02,91.0,75.06,entsoe.eu,false,""
2024-05-23T11:00:00.000000,Spain,Spain,ES,48.78,82.05,91.07,75.03,entsoe.eu,false,""
2024-05-23T12:00:00.000000,Spain,Spain,ES,48.88,81.81,91.11,74.48,entsoe.eu,false,""
2024-05-23T13:00:00.000000,Spain,Spain,ES,48.24,81.05,91.08,73.72,entsoe.eu,false,""
2024-05-23T14:00:00.000000,Spain,Spain,ES,45.59,78.19,91.23,73.93,entsoe.eu,false,""
2024-05-23T15:00:00.000000,Spain,Spain,ES,46.13,78.88,91.02,75.31,entsoe.eu,false,""
2024-05-23T16:00:00.000000,Spain,Spain,ES,52.77,86.51,89.42,75.46,entsoe.eu,false,""
2024-05-23T17:00:00.000000,Spain,Spain,ES,69.74,106.63,85.39,71.18,entsoe.eu,false,""
2024-05-23T18:00:00.000000,Spain,Spain,ES,86.81,125.17,81.42,62.79,entsoe.eu,false,""
2024-05-23T19:00:00.000000,Spain,Spain,ES,100.87,139.53,78.29,55.86,entsoe.eu,false,""
2024-05-23T20:00:00.000000,Spain,Spain,ES,102.38,141.22,78.01,57.76,entsoe.eu,false,""
2024-05-23T21:00:00.000000,Spain,Spain,ES,99.61,138.36,78.84,60.82,entsoe.eu,false,""
2024-05-23T22:00:00.000000,Spain,Spain,ES,92.25,130.25,80.66,60.39,entsoe.eu,false,""
2024-05-23T23:00:00.000000,Spain,Spain,ES,87.12,124.11,81.97,59.41,entsoe.eu,false,""
2024-05-24T00:00:00.000000,Spain,Spain,ES,91.13,128.61,81.37,57.8,entsoe.eu,false,""
2024-05-24T01:00:00.000000,Spain,Spain,ES,90.52,128.14,81.37,54.86,entsoe.eu,false,""
2024-05-24T02:00:00.000000,Spain,Spain,ES,93.76,131.68,80.84,53.23,entsoe.eu,false,""
2024-05-24T03:00:00.000000,Spain,Spain,ES,94.9,132.84,80.59,52.71,entsoe.eu,false,""
2024-05-24T04:00:00.000000,Spain,Spain,ES,101.52,141.11,78.74,52.86,entsoe.eu,false,""
2024-05-24T05:00:00.000000,Spain,Spain,ES,109.84,150.66,76.94,55.45,entsoe.eu,false,""
2024-05-24T06:00:00.000000,Spain,Spain,ES,94.49,134.59,80.0,62.45,entsoe.eu,false,""
2024-05-24T07:00:00.000000,Spain,Spain,ES,66.88,104.18,86.22,70.47,entsoe.eu,false,""
2024-05-24T08:00:00.000000,Spain,Spain,ES,51.93,87.02,89.7,75.2,entsoe.eu,false,""
2024-05-24T09:00:00.000000,Spain,Spain,ES,47.85,82.38,90.65,76.69,entsoe.eu,false,""
2024-05-24T10:00:00.000000,Spain,Spain,ES,49.4,84.1,90.51,77.35,entsoe.eu,false,""
2024-05-24T11:00:00.000000,Spain,Spain,ES,50.46,84.86,90.7,77.11,entsoe.eu,false,""
2024-05-24T12:00:00.000000,Spain,Spain,ES,50.41,84.67,90.82,76.95,entsoe.eu,false,""
2024-05-24T13:00:00.000000,Spain,Spain,ES,50.49,84.96,90.61,76.8,entsoe.eu,false,""
2024-05-24T14:00:00.000000,Spain,Spain,ES,51.93,87.05,89.93,76.74,entsoe.eu,false,""
2024-05-24T15:00:00.000000,Spain,Spain,ES,55.27,90.75,89.15,76.21,entsoe.eu,false,""
2024-05-24T16:00:00.000000,Spain,Spain,ES,61.93,98.91,87.4,74.66,entsoe.eu,false,""
2024-05-24T17:00:00.000000,Spain,Spain,ES,84.19,125.37,82.33,68.4,entsoe.eu,false,""
2024-05-24T18:00:00.000000,Spain,Spain,ES,107.44,151.5,76.81,57.57,entsoe.eu,false,""
2024-05-24T19:00:00.000000,Spain,Spain,ES,116.79,159.33,74.72,49.84,entsoe.eu,false,""
2024-05-24T20:00:00.000000,Spain,Spain,ES,111.45,152.33,75.93,50.71,entsoe.eu,false,""
2024-05-24T21:00:00.000000,Spain,Spain,ES,112.84,154.28,75.8,51.75,entsoe.eu,false,""
2024-05-24T22:00:00.000000,Spain,Spain,ES,117.9,160.65,74.84,50.86,entsoe.eu,false,""
2024-05-24T23:00:00.000000,Spain,Spain,ES,109.35,149.96,77.0,49.76,entsoe.eu,false,""
2024-05-25T00:00:00.000000,Spain,Spain,ES,105.81,145.77,77.97,48.97,entsoe.eu,false,""
2024-05-25T01:00:00.000000,Spain,Spain,ES,106.15,145.87,78.26,47.89,entsoe.eu,false,""
2024-05-25T02:00:00.000000,Spain,Spain,ES,103.96,143.48,78.83,47.88,entsoe.eu,false,""
2024-05-25T03:00:00.000000,Spain,Spain,ES,100.78,139.88,79.41,48.03,entsoe.eu,false,""
2024-05-25T04:00:00.000000,Spain,Spain,ES,101.59,140.44,79.32,48.34,entsoe.eu,false,""
2024-05-25T05:00:00.000000,Spain,Spain,ES,101.58,140.54,79.25,50.37,entsoe.eu,false,""
2024-05-25T06:00:00.000000,Spain,Spain,ES,75.03,110.94,84.82,60.26,entsoe.eu,false,""
2024-05-25T07:00:00.000000,Spain,Spain,ES,58.77,93.79,88.29,71.36,entsoe.eu,false,""
2024-05-25T08:00:00.000000,Spain,Spain,ES,50.12,84.15,90.19,76.71,entsoe.eu,false,""
2024-05-25T09:00:00.000000,Spain,Spain,ES,47.72,81.47,90.67,78.0,entsoe.eu,false,""
2024-05-25T10:00:00.000000,Spain,Spain,ES,45.1,78.13,91.22,79.02,entsoe.eu,false,""
2024-05-25T11:00:00.000000,Spain,Spain,ES,46.97,80.27,90.85,78.14,entsoe.eu,false,""
2024-05-25T12:00:00.000000,Spain,Spain,ES,47.31,80.63,90.8,77.94,entsoe.eu,false,""
2024-05-25T13:00:00.000000,Spain,Spain,ES,47.05,80.33,90.91,77.78,entsoe.eu,false,""
2024-05-25T14:00:00.000000,Spain,Spain,ES,50.5,84.19,90.43,77.01,entsoe.eu,false,""
2024-05-25T15:00:00.000000,Spain,Spain,ES,51.04,84.85,90.23,76.71,entsoe.eu,false,""
2024-05-25T16:00:00.000000,Spain,Spain,ES,48.78,82.05,90.49,77.25,entsoe.eu,false,""
2024-05-25T17:00:00.000000,Spain,Spain,ES,56.1,90.15,88.8,75.23,entsoe.eu,false,""
2024-05-25T18:00:00.000000,Spain,Spain,ES,81.7,119.55,82.96,64.22,entsoe.eu,false,""
2024-05-25T19:00:00.000000,Spain,Spain,ES,98.85,137.14,79.18,55.76,entsoe.eu,false,""
2024-05-25T20:00:00.000000,Spain,Spain,ES,103.03,141.68,78.23,54.32,entsoe.eu,false,""
2024-05-25T21:00:00.000000,Spain,Spain,ES,104.52,143.63,78.15,54.97,entsoe.eu,false,""
2024-05-25T22:00:00.000000,Spain,Spain,ES,103.79,142.9,78.39,51.77,entsoe.eu,false,""
2024-05-25T23:00:00.000000,Spain,Spain,ES,102.65,142.17,78.58,49.54,entsoe.eu,false,""
2024-05-26T00:00:00.000000,Spain,Spain,ES,106.32,147.16,77.85,48.16,entsoe.eu,false,""
2024-05-26T01:00:00.000000,Spain,Spain,ES,109.68,151.62,77.12,46.48,entsoe.eu,false,""
2024-05-26T02:00:00.000000,Spain,Spain,ES,114.49,157.35,76.13,45.06,entsoe.eu,false,""
2024-05-26T03:00:00.000000,Spain,Spain,ES,115.8,159.12,75.78,44.23,entsoe.eu,false,""
2024-05-26T04:00:00.000000,Spain,Spain,ES,118.54,162.65,75.18,43.27,entsoe.eu,false,""
2024-05-26T05:00:00.000000,Spain,Spain,ES,121.78,166.86,74.38,43.18,entsoe.eu,false,""
2024-05-26T06:00:00.000000,Spain,Spain,ES,105.11,149.56,77.76,51.17,entsoe.eu,false,""
2024-05-26T07:00:00.000000,Spain,Spain,ES,78.49,118.37,83.72,61.83,entsoe.eu,false,""
2024-05-26T08:00:00.000000,Spain,Spain,ES,60.53,96.86,87.94,67.46,entsoe.eu,false,""
2024-05-26T09:00:00.000000,Spain,Spain,ES,56.1,91.45,89.02,68.53,entsoe.eu,false,""
2024-05-26T10:00:00.000000,Spain,Spain,ES,55.23,90.4,89.21,68.91,entsoe.eu,false,""
2024-05-26T11:00:00.000000,Spain,Spain,ES,55.19,90.36,89.18,69.44,entsoe.eu,false,""
2024-05-26T12:00:00.000000,Spain,Spain,ES,54.35,89.24,89.36,69.36,entsoe.eu,false,""
2024-05-26T13:00:00.000000,Spain,Spain,ES,57.07,92.34,88.83,68.17,entsoe.eu,false,""
2024-05-26T14:00:00.000000,Spain,Spain,ES,60.62,96.91,88.12,69.83,entsoe.eu,false,""
2024-05-26T15:00:00.000000,Spain,Spain,ES,59.64,95.71,88.32,72.19,entsoe.eu,false,""
2024-05-26T16:00:00.000000,Spain,Spain,ES,58.47,93.9,88.41,73.35,entsoe.eu,false,""
2024-05-26T17:00:00.000000,Spain,Spain,ES,64.33,99.79,86.97,71.96,entsoe.eu,false,""
2024-05-26T18:00:00.000000,Spain,Spain,ES,78.82,115.24,83.72,66.99,entsoe.eu,false,""
2024-05-26T19:00:00.000000,Spain,Spain,ES,80.61,114.51,83.35,61.32,entsoe.eu,false,""
2024-05-26T20:00:00.000000,Spain,Spain,ES,78.62,111.46,83.76,60.68,entsoe.eu,false,""
2024-05-26T21:00:00.000000,Spain,Spain,ES,81.71,115.32,83.16,61.39,entsoe.eu,false,""
2024-05-26T22:00:00.000000,Spain,Spain,ES,88.57,124.7,81.53,57.45,entsoe.eu,false,""
2024-05-26T23:00:00.000000,Spain,Spain,ES,95.02,133.5,80.01,55.01,entsoe.eu,false,""
2024-05-27T00:00:00.000000,Spain,Spain,ES,100.13,139.62,78.93,52.98,entsoe.eu,false,""
2024-05-27T01:00:00.000000,Spain,Spain,ES,100.18,139.47,78.95,50.93,entsoe.eu,false,""
2024-05-27T02:00:00.000000,Spain,Spain,ES,102.28,142.17,78.5,49.69,entsoe.eu,false,""
2024-05-27T03:00:00.000000,Spain,Spain,ES,102.91,143.08,78.35,49.15,entsoe.eu,false,""
2024-05-27T04:00:00.000000,Spain,Spain,ES,99.93,138.82,79.04,50.6,entsoe.eu,false,""
2024-05-27T05:00:00.000000,Spain,Spain,ES,93.39,130.09,80.4,53.03,entsoe.eu,false,""
2024-05-27T06:00:00.000000,Spain,Spain,ES,77.33,112.13,84.03,61.91,entsoe.eu,false,""
2024-05-27T07:00:00.000000,Spain,Spain,ES,59.91,93.67,87.93,70.16,entsoe.eu,false,""
2024-05-27T08:00:00.000000,Spain,Spain,ES,47.73,79.85,90.72,74.86,entsoe.eu,false,""
2024-05-27T09:00:00.000000,Spain,Spain,ES,47.94,80.19,90.88,75.93,entsoe.eu,false,""
2024-05-27T10:00:00.000000,Spain,Spain,ES,48.25,80.79,90.96,76.69,entsoe.eu,false,""
2024-05-27T11:00:00.000000,Spain,Spain,ES,48.59,81.04,91.1,76.9,entsoe.eu,false,""
2024-05-27T12:00:00.000000,Spain,Spain,ES,48.47,80.98,91.04,76.54,entsoe.eu,false,""
2024-05-27T13:00:00.000000,Spain,Spain,ES,47.48,80.08,90.94,76.15,entsoe.eu,false,""
2024-05-27T14:00:00.000000,Spain,Spain,ES,46.08,78.47,91.03,76.21,entsoe.eu,false,""
2024-05-27T15:00:00.000000,Spain,Spain,ES,45.97,77.94,91.05,76.39,entsoe.eu,false,""
2024-05-27T16:00:00.000000,Spain,Spain,ES,49.03,81.26,90.29,75.7,entsoe.eu,false,""
2024-05-27T17:00:00.000000,Spain,Spain,ES,58.34,91.84,88.11,72.9,entsoe.eu,false,""
2024-05-27T18:00:00.000000,Spain,Spain,ES,75.21,110.13,84.22,63.36,entsoe.eu,false,""
2024-05-27T19:00:00.000000,Spain,Spain,ES,90.38,125.96,80.71,55.25,entsoe.eu,false,""
2024-05-27T20:00:00.000000,Spain,Spain,ES,95.42,131.84,79.54,54.75,entsoe.eu,false,""
2024-05-27T21:00:00.000000,Spain,Spain,ES,85.92,120.44,81.98,57.12,entsoe.eu,false,""
2024-05-27T22:00:00.000000,Spain,Spain,ES,77.33,109.83,84.14,56.93,entsoe.eu,false,""
2024-05-27T23:00:00.000000,Spain,Spain,ES,76.1,108.46,84.48,55.83,entsoe.eu,false,""
2024-05-28T00:00:00.000000,Spain,Spain,ES,77.73,110.9,84.14,55.12,entsoe.eu,false,""
2024-05-28T01:00:00.000000,Spain,Spain,ES,78.89,112.39,83.93,54.21,entsoe.eu,false,""
2024-05-28T02:00:00.000000,Spain,Spain,ES,80.93,114.49,83.55,53.13,entsoe.eu,false,""
2024-05-28T03:00:00.000000,Spain,Spain,ES,83.28,117.28,82.98,52.6,entsoe.eu,false,""
2024-05-28T04:00:00.000000,Spain,Spain,ES,87.9,122.75,81.84,52.04,entsoe.eu,false,""
2024-05-28T05:00:00.000000,Spain,Spain,ES,87.28,121.76,81.91,53.35,entsoe.eu,false,""
2024-05-28T06:00:00.000000,Spain,Spain,ES,77.53,111.77,83.94,60.18,entsoe.eu,false,""
2024-05-28T07:00:00.000000,Spain,Spain,ES,55.65,88.13,88.91,69.31,entsoe.eu,false,""
2024-05-28T08:00:00.000000,Spain,Spain,ES,42.87,73.69,91.81,72.54,entsoe.eu,false,""
2024-05-28T09:00:00.000000,Spain,Spain,ES,40.4,70.84,92.61,73.51,entsoe.eu,false,""
2024-05-28T10:00:00.000000,Spain,Spain,ES,42.87,74.02,92.15,73.73,entsoe.eu,false,""
2024-05-28T11:00:00.000000,Spain,Spain,ES,45.75,77.48,91.66,73.22,entsoe.eu,false,""
2024-05-28T12:00:00.000000,Spain,Spain,ES,45.55,77.26,91.62,72.79,entsoe.eu,false,""
2024-05-28T13:00:00.000000,Spain,Spain,ES,44.44,76.47,91.42,72.38,entsoe.eu,false,""
2024-05-28T14:00:00.000000,Spain,Spain,ES,45.01,77.24,91.2,72.15,entsoe.eu,false,""
2024-05-28T15:00:00.000000,Spain,Spain,ES,45.01,77.07,91.19,72.25,entsoe.eu,false,""
2024-05-28T16:00:00.000000,Spain,Spain,ES,46.34,78.1,90.86,71.22,entsoe.eu,false,""
2024-05-28T17:00:00.000000,Spain,Spain,ES,62.7,97.49,87.01,67.6,entsoe.eu,false,""
2024-05-28T18:00:00.000000,Spain,Spain,ES,87.89,125.41,81.19,57.54,entsoe.eu,false,""
2024-05-28T19:00:00.000000,Spain,Spain,ES,107.62,147.19,76.59,51.34,entsoe.eu,false,""
2024-05-28T20:00:00.000000,Spain,Spain,ES,103.04,140.97,77.74,52.18,entsoe.eu,false,""
2024-05-28T21:00:00.000000,Spain,Spain,ES,95.45,131.71,79.72,52.93,entsoe.eu,false,""
2024-05-28T22:00:00.000000,Spain,Spain,ES,84.92,119.0,82.4,54.23,entsoe.eu,false,""
2024-05-28T23:00:00.000000,Spain,Spain,ES,77.3,109.65,84.36,55.43,entsoe.eu,false,""
2024-05-29T00:00:00.000000,Spain,Spain,ES,83.05,117.14,83.01,53.58,entsoe.eu,false,""
2024-05-29T01:00:00.000000,Spain,Spain,ES,88.89,124.28,81.7,51.5,entsoe.eu,false,""
2024-05-29T02:00:00.000000,Spain,Spain,ES,91.94,128.3,81.01,50.17,entsoe.eu,false,""
2024-05-29T03:00:00.000000,Spain,Spain,ES,95.44,133.01,80.12,49.2,entsoe.eu,false,""
2024-05-29T04:00:00.000000,Spain,Spain,ES,108.5,149.0,76.86,47.27,entsoe.eu,false,""
2024-05-29T05:00:00.000000,Spain,Spain,ES,111.85,153.18,75.88,48.15,entsoe.eu,false,""
2024-05-29T06:00:00.000000,Spain,Spain,ES,92.49,131.27,80.23,56.06,entsoe.eu,false,""
2024-05-29T07:00:00.000000,Spain,Spain,ES,69.87,106.5,85.43,65.98,entsoe.eu,false,""
2024-05-29T08:00:00.000000,Spain,Spain,ES,58.05,93.72,88.12,70.7,entsoe.eu,false,""
2024-05-29T09:00:00.000000,Spain,Spain,ES,54.01,88.52,89.3,72.18,entsoe.eu,false,""
2024-05-29T10:00:00.000000,Spain,Spain,ES,53.76,88.0,89.42,72.57,entsoe.eu,false,""
2024-05-29T11:00:00.000000,Spain,Spain,ES,55.35,89.75,89.24,73.26,entsoe.eu,false,""
2024-05-29T12:00:00.000000,Spain,Spain,ES,56.07,90.58,89.03,73.27,entsoe.eu,false,""
2024-05-29T13:00:00.000000,Spain,Spain,ES,52.25,86.45,89.43,74.06,entsoe.eu,false,""
2024-05-29T14:00:00.000000,Spain,Spain,ES,52.56,86.78,89.32,74.65,entsoe.eu,false,""
2024-05-29T15:00:00.000000,Spain,Spain,ES,51.71,85.46,89.49,75.22,entsoe.eu,false,""
2024-05-29T16:00:00.000000,Spain,Spain,ES,56.84,91.39,88.26,73.93,entsoe.eu,false,""
2024-05-29T17:00:00.000000,Spain,Spain,ES,69.31,105.61,85.36,70.21,entsoe.eu,false,""
2024-05-29T18:00:00.000000,Spain,Spain,ES,85.8,123.38,81.5,61.81,entsoe.eu,false,""
2024-05-29T19:00:00.000000,Spain,Spain,ES,99.74,138.01,78.3,54.81,entsoe.eu,false,""
2024-05-29T20:00:00.000000,Spain,Spain,ES,99.84,137.79,78.34,55.24,entsoe.eu,false,""
2024-05-29T21:00:00.000000,Spain,Spain,ES,94.42,131.07,79.86,57.64,entsoe.eu,false,""
2024-05-29T22:00:00.000000,Spain,Spain,ES,84.47,119.16,82.32,57.01,entsoe.eu,false,""
2024-05-29T23:00:00.000000,Spain,Spain,ES,76.41,109.5,84.37,56.68,entsoe.eu,false,""
2024-05-30T00:00:00.000000,Spain,Spain,ES,79.03,113.03,83.83,55.5,entsoe.eu,false,""
2024-05-30T01:00:00.000000,Spain,Spain,ES,81.7,116.52,83.26,53.94,entsoe.eu,false,""
2024-05-30T02:00:00.000000,Spain,Spain,ES,82.4,117.28,83.15,52.78,entsoe.eu,false,""
2024-05-30T03:00:00.000000,Spain,Spain,ES,83.8,118.92,82.79,52.69,entsoe.eu,false,""
2024-05-30T04:00:00.000000,Spain,Spain,ES,87.44,122.81,81.87,52.34,entsoe.eu,false,""
2024-05-30T05:00:00.000000,Spain,Spain,ES,93.14,129.8,80.35,55.59,entsoe.eu,false,""
2024-05-30T06:00:00.000000,Spain,Spain,ES,85.22,122.68,81.9,63.69,entsoe.eu,false,""
2024-05-30T07:00:00.000000,Spain,Spain,ES,64.57,99.95,86.61,70.73,entsoe.eu,false,""
2024-05-30T08:00:00.000000,Spain,Spain,ES,49.69,82.63,89.98,75.29,entsoe.eu,false,""
2024-05-30T09:00:00.000000,Spain,Spain,ES,47.66,80.05,90.62,76.55,entsoe.eu,false,""
2024-05-30T10:00:00.000000,Spain,Spain,ES,48.32,80.55,90.63,76.57,entsoe.eu,false,""
2024-05-30T11:00:00.000000,Spain,Spain,ES,49.96,82.29,90.46,76.37,entsoe.eu,false,""
2024-05-30T12:00:00.000000,Spain,Spain,ES,49.34,81.47,90.55,75.8,entsoe.eu,false,""
2024-05-30T13:00:00.000000,Spain,Spain,ES,46.78,78.55,90.69,74.32,entsoe.eu,false,""
2024-05-30T14:00:00.000000,Spain,Spain,ES,47.22,78.87,90.54,72.98,entsoe.eu,false,""
2024-05-30T15:00:00.000000,Spain,Spain,ES,47.13,78.77,90.53,74.82,entsoe.eu,false,""
2024-05-30T16:00:00.000000,Spain,Spain,ES,47.93,79.07,90.25,76.46,entsoe.eu,false,""
2024-05-30T17:00:00.000000,Spain,Spain,ES,51.03,81.6,89.49,75.73,entsoe.eu,false,""
2024-05-30T18:00:00.000000,Spain,Spain,ES,67.32,99.61,85.76,70.62,entsoe.eu,false,""
2024-05-30T19:00:00.000000,Spain,Spain,ES,79.79,112.35,83.04,65.47,entsoe.eu,false,""
2024-05-30T20:00:00.000000,Spain,Spain,ES,84.9,118.44,81.81,64.47,entsoe.eu,false,""
2024-05-30T21:00:00.000000,Spain,Spain,ES,76.77,108.27,83.86,66.07,entsoe.eu,false,""
2024-05-30T22:00:00.000000,Spain,Spain,ES,68.15,97.86,86.01,67.52,entsoe.eu,false,""
2024-05-30T23:00:00.000000,Spain,Spain,ES,59.71,87.47,88.11,69.07,entsoe.eu,false,""
2024-05-31T00:00:00.000000,Spain,Spain,ES,59.6,87.24,88.16,68.94,entsoe.eu,false,""
2024-05-31T01:00:00.000000,Spain,Spain,ES,61.3,89.39,87.83,68.06,entsoe.eu,false,""
2024-05-31T02:00:00.000000,Spain,Spain,ES,61.5,90.03,87.79,68.02,entsoe.eu,false,""
2024-05-31T03:00:00.000000,Spain,Spain,ES,61.16,89.5,87.84,68.42,entsoe.eu,false,""
2024-05-31T04:00:00.000000,Spain,Spain,ES,60.78,88.27,87.93,68.57,entsoe.eu,false,""
2024-05-31T05:00:00.000000,Spain,Spain,ES,62.04,89.47,87.56,68.73,entsoe.eu,false,""
2024-05-31T06:00:00.000000,Spain,Spain,ES,56.52,84.84,88.62,71.73,entsoe.eu,false,""
2024-05-31T07:00:00.000000,Spain,Spain,ES,48.73,78.36,90.27,75.04,entsoe.eu,false,""
2024-05-31T08:00:00.000000,Spain,Spain,ES,50.26,81.62,89.8,75.34,entsoe.eu,false,""
2024-05-31T09:00:00.000000,Spain,Spain,ES,51.62,83.28,89.76,75.27,entsoe.eu,false,""
2024-05-31T10:00:00.000000,Spain,Spain,ES,50.24,81.39,90.2,75.94,entsoe.eu,false,""
2024-05-31T11:00:00.000000,Spain,Spain,ES,51.17,82.48,90.19,76.07,entsoe.eu,false,""
2024-05-31T12:00:00.000000,Spain,Spain,ES,50.54,81.88,90.24,75.97,entsoe.eu,false,""
2024-05-31T13:00:00.000000,Spain,Spain,ES,48.48,80.02,90.33,75.92,entsoe.eu,false,""
2024-05-31T14:00:00.000000,Spain,Spain,ES,46.83,78.12,90.55,76.46,entsoe.eu,false,""
2024-05-31T15:00:00.000000,Spain,Spain,ES,46.17,77.26,90.67,76.9,entsoe.eu,false,""
2024-05-31T16:00:00.000000,Spain,Spain,ES,45.17,75.64,90.95,76.99,entsoe.eu,false,""
2024-05-31T17:00:00.000000,Spain,Spain,ES,45.71,75.4,90.86,76.49,entsoe.eu,false,""
2024-05-31T18:00:00.000000,Spain,Spain,ES,52.94,81.61,89.32,73.58,entsoe.eu,false,""
2024-05-31T19:00:00.000000,Spain,Spain,ES,59.05,86.37,88.06,70.87,entsoe.eu,false,""
2024-05-31T20:00:00.000000,Spain,Spain,ES,59.31,86.48,88.04,70.47,entsoe.eu,false,""
2024-05-31T21:00:00.000000,Spain,Spain,ES,56.48,83.49,88.81,70.55,entsoe.eu,false,""
2024-05-31T22:00:00.000000,Spain,Spain,ES,52.02,78.29,89.92,71.37,entsoe.eu,false,""
2024-05-31T23:00:00.000000,Spain,Spain,ES,50.61,76.71,90.31,71.39,entsoe.eu,false,""
2024-06-01T00:00:00.000000,Spain,Spain,ES,52.07,78.57,90.07,70.34,entsoe.eu,false,""
2024-06-01T01:00:00.000000,Spain,Spain,ES,55.96,83.82,89.3,68.31,entsoe.eu,false,""
2024-06-01T02:00:00.000000,Spain,Spain,ES,58.44,86.92,88.84,66.77,entsoe.eu,false,""
2024-06-01T03:00:00.000000,Spain,Spain,ES,57.43,85.56,89.03,67.45,entsoe.eu,false,""
2024-06-01T04:00:00.000000,Spain,Spain,ES,57.0,85.06,89.07,68.03,entsoe.eu,false,""
2024-06-01T05:00:00.000000,Spain,Spain,ES,56.65,84.56,89.1,68.47,entsoe.eu,false,""
2024-06-01T06:00:00.000000,Spain,Spain,ES,55.39,85.24,89.16,70.05,entsoe.eu,false,""
2024-06-01T07:00:00.000000,Spain,Spain,ES,47.96,78.14,90.66,73.66,entsoe.eu,false,""
2024-06-01T08:00:00.000000,Spain,Spain,ES,43.77,73.88,91.55,75.49,entsoe.eu,false,""
2024-06-01T09:00:00.000000,Spain,Spain,ES,42.68,73.0,91.76,76.06,entsoe.eu,false,""
2024-06-01T10:00:00.000000,Spain,Spain,ES,42.43,72.61,91.79,76.33,entsoe.eu,false,""
2024-06-01T11:00:00.000000,Spain,Spain,ES,42.19,72.45,91.81,76.62,entsoe.eu,false,""
2024-06-01T12:00:00.000000,Spain,Spain,ES,42.35,72.7,91.78,76.58,entsoe.eu,false,""
2024-06-01T13:00:00.000000,Spain,Spain,ES,43.74,74.39,91.52,75.8,entsoe.eu,false,""
2024-06-01T14:00:00.000000,Spain,Spain,ES,45.0,75.96,91.25,75.24,entsoe.eu,false,""
2024-06-01T15:00:00.000000,Spain,Spain,ES,44.79,75.26,91.3,75.39,entsoe.eu,false,""
2024-06-01T16:00:00.000000,Spain,Spain,ES,44.2,73.82,91.4,75.76,entsoe.eu,false,""
2024-06-01T17:00:00.000000,Spain,Spain,ES,43.34,72.24,91.63,75.85,entsoe.eu,false,""
2024-06-01T18:00:00.000000,Spain,Spain,ES,45.86,73.04,91.15,74.49,entsoe.eu,false,""
2024-06-01T19:00:00.000000,Spain,Spain,ES,49.27,74.04,90.52,72.51,entsoe.eu,false,""
2024-06-01T20:00:00.000000,Spain,Spain,ES,49.88,74.23,90.4,71.95,entsoe.eu,false,""
2024-06-01T21:00:00.000000,Spain,Spain,ES,51.18,76.51,90.14,71.31,entsoe.eu,false,""
2024-06-01T22:00:00.000000,Spain,Spain,ES,53.76,80.3,89.55,70.41,entsoe.eu,false,""
2024-06-01T23:00:00.000000,Spain,Spain,ES,53.95,80.66,89.62,69.62,entsoe.eu,false,""
2024-06-02T00:00:00.000000,Spain,Spain,ES,56.18,83.8,89.15,68.62,entsoe.eu,false,""
2024-06-02T01:00:00.000000,Spain,Spain,ES,57.1,84.98,88.99,68.03,entsoe.eu,false,""
2024-06-02T02:00:00.000000,Spain,Spain,ES,59.81,88.5,88.42,66.82,entsoe.eu,false,""
2024-06-02T03:00:00.000000,Spain,Spain,ES,60.32,89.36,88.36,66.39,entsoe.eu,false,""
2024-06-02T04:00:00.000000,Spain,Spain,ES,60.79,90.03,88.26,66.2,entsoe.eu,false,""
2024-06-02T05:00:00.000000,Spain,Spain,ES,59.82,89.02,88.5,66.41,entsoe.eu,false,""
2024-06-02T06:00:00.000000,Spain,Spain,ES,52.23,81.71,90.1,69.72,entsoe.eu,false,""
2024-06-02T07:00:00.000000,Spain,Spain,ES,43.02,72.0,92.03,73.86,entsoe.eu,false,""
2024-06-02T08:00:00.000000,Spain,Spain,ES,38.84,67.97,92.89,75.84,entsoe.eu,false,""
2024-06-02T09:00:00.000000,Spain,Spain,ES,37.95,67.31,93.1,76.14,entsoe.eu,false,""
2024-06-02T10:00:00.000000,Spain,Spain,ES,37.36,66.97,93.21,76.51,entsoe.eu,false,""
2024-06-02T11:00:00.000000,Spain,Spain,ES,38.4,68.15,92.95,76.33,entsoe.eu,false,""
2024-06-02T12:00:00.000000,Spain,Spain,ES,39.25,69.18,92.82,73.95,entsoe.eu,false,""
2024-06-02T13:00:00.000000,Spain,Spain,ES,41.02,71.34,92.48,74.3,entsoe.eu,false,""
2024-06-02T14:00:00.000000,Spain,Spain,ES,40.9,71.01,92.43,75.18,entsoe.eu,false,""
2024-06-02T15:00:00.000000,Spain,Spain,ES,41.2,71.33,92.3,75.55,entsoe.eu,false,""
2024-06-02T16:00:00.000000,Spain,Spain,ES,42.91,72.92,91.82,75.56,entsoe.eu,false,""
2024-06-02T17:00:00.000000,Spain,Spain,ES,43.46,72.65,91.68,75.53,entsoe.eu,false,""
2024-06-02T18:00:00.000000,Spain,Spain,ES,50.31,78.83,90.14,73.12,entsoe.eu,false,""
2024-06-02T19:00:00.000000,Spain,Spain,ES,60.26,87.55,88.02,69.57,entsoe.eu,false,""
2024-06-02T20:00:00.000000,Spain,Spain,ES,61.77,88.63,87.66,69.63,entsoe.eu,false,""
2024-06-02T21:00:00.000000,Spain,Spain,ES,60.84,87.46,87.96,69.81,entsoe.eu,false,""
2024-06-02T22:00:00.000000,Spain,Spain,ES,60.84,88.34,88.09,67.94,entsoe.eu,false,""
2024-06-02T23:00:00.000000,Spain,Spain,ES,58.63,86.32,88.61,66.81,entsoe.eu,false,""
2024-06-03T00:00:00.000000,Spain,Spain,ES,59.68,88.07,88.37,66.24,entsoe.eu,false,""
2024-06-03T01:00:00.000000,Spain,Spain,ES,61.78,90.87,87.86,63.72,entsoe.eu,false,""
2024-06-03T02:00:00.000000,Spain,Spain,ES,65.73,95.8,86.96,61.3,entsoe.eu,false,""
2024-06-03T03:00:00.000000,Spain,Spain,ES,74.41,106.02,85.02,60.65,entsoe.eu,false,""
2024-06-03T04:00:00.000000,Spain,Spain,ES,86.54,119.85,82.25,61.82,entsoe.eu,false,""
2024-06-03T05:00:00.000000,Spain,Spain,ES,89.83,124.44,81.19,63.4,entsoe.eu,false,""
2024-06-03T06:00:00.000000,Spain,Spain,ES,78.34,112.76,83.62,68.1,entsoe.eu,false,""
2024-06-03T07:00:00.000000,Spain,Spain,ES,59.19,92.6,87.97,74.62,entsoe.eu,false,""
2024-06-03T08:00:00.000000,Spain,Spain,ES,47.92,80.24,90.55,78.17,entsoe.eu,false,""
2024-06-03T09:00:00.000000,Spain,Spain,ES,48.52,81.02,90.66,78.5,entsoe.eu,false,""
2024-06-03T10:00:00.000000,Spain,Spain,ES,48.18,80.43,90.88,78.91,entsoe.eu,false,""
2024-06-03T11:00:00.000000,Spain,Spain,ES,47.92,80.2,90.94,78.91,entsoe.eu,false,""
2024-06-03T12:00:00.000000,Spain,Spain,ES,49.52,82.23,90.6,78.28,entsoe.eu,false,""
2024-06-03T13:00:00.000000,Spain,Spain,ES,46.73,78.88,90.88,77.85,entsoe.eu,false,""
2024-06-03T14:00:00.000000,Spain,Spain,ES,47.95,79.98,90.56,76.49,entsoe.eu,false,""
2024-06-03T15:00:00.000000,Spain,Spain,ES,51.08,83.63,89.83,76.31,entsoe.eu,false,""
2024-06-03T16:00:00.000000,Spain,Spain,ES,61.63,96.12,87.28,74.4,entsoe.eu,false,""
2024-06-03T17:00:00.000000,Spain,Spain,ES,79.66,116.5,83.04,69.46,entsoe.eu,false,""
2024-06-03T18:00:00.000000,Spain,Spain,ES,96.83,135.51,79.04,63.43,entsoe.eu,false,""
2024-06-03T19:00:00.000000,Spain,Spain,ES,105.33,144.27,77.1,58.23,entsoe.eu,false,""
2024-06-03T20:00:00.000000,Spain,Spain,ES,110.29,150.36,75.89,57.53,entsoe.eu,false,""
2024-06-03T21:00:00.000000,Spain,Spain,ES,108.44,148.2,76.5,59.69,entsoe.eu,false,""
2024-06-03T22:00:00.000000,Spain,Spain,ES,99.82,137.66,78.77,58.06,entsoe.eu,false,""
2024-06-03T23:00:00.000000,Spain,Spain,ES,90.48,125.93,81.19,55.89,entsoe.eu,false,""
2024-06-04T00:00:00.000000,Spain,Spain,ES,89.61,124.85,81.55,54.09,entsoe.eu,false,""
2024-06-04T01:00:00.000000,Spain,Spain,ES,96.63,132.93,79.97,51.25,entsoe.eu,false,""
2024-06-04T02:00:00.000000,Spain,Spain,ES,108.01,147.17,77.32,47.59,entsoe.eu,false,""
2024-06-04T03:00:00.000000,Spain,Spain,ES,118.63,160.74,74.74,44.84,entsoe.eu,false,""
2024-06-04T04:00:00.000000,Spain,Spain,ES,130.2,174.95,71.85,45.43,entsoe.eu,false,""
2024-06-04T05:00:00.000000,Spain,Spain,ES,130.37,175.29,71.76,48.05,entsoe.eu,false,""
2024-06-04T06:00:00.000000,Spain,Spain,ES,112.35,155.71,75.7,56.15,entsoe.eu,false,""
2024-06-04T07:00:00.000000,Spain,Spain,ES,85.18,125.58,81.94,65.78,entsoe.eu,false,""
2024-06-04T08:00:00.000000,Spain,Spain,ES,64.06,101.17,87.2,72.35,entsoe.eu,false,""
2024-06-04T09:00:00.000000,Spain,Spain,ES,51.73,86.16,90.31,74.27,entsoe.eu,false,""
2024-06-04T10:00:00.000000,Spain,Spain,ES,47.83,81.27,91.12,74.69,entsoe.eu,false,""
2024-06-04T11:00:00.000000,Spain,Spain,ES,48.82,82.48,90.81,75.01,entsoe.eu,false,""
2024-06-04T12:00:00.000000,Spain,Spain,ES,48.71,82.09,90.85,75.15,entsoe.eu,false,""
2024-06-04T13:00:00.000000,Spain,Spain,ES,47.18,80.3,90.85,74.86,entsoe.eu,false,""
2024-06-04T14:00:00.000000,Spain,Spain,ES,46.86,79.59,90.84,74.58,entsoe.eu,false,""
2024-06-04T15:00:00.000000,Spain,Spain,ES,48.97,81.91,90.38,74.29,entsoe.eu,false,""
2024-06-04T16:00:00.000000,Spain,Spain,ES,59.21,94.19,87.96,71.4,entsoe.eu,false,""
2024-06-04T17:00:00.000000,Spain,Spain,ES,81.55,121.1,82.62,65.67,entsoe.eu,false,""
2024-06-04T18:00:00.000000,Spain,Spain,ES,120.78,167.35,73.29,55.1,entsoe.eu,false,""
2024-06-04T19:00:00.000000,Spain,Spain,ES,150.71,201.15,66.52,46.56,entsoe.eu,false,""
2024-06-04T20:00:00.000000,Spain,Spain,ES,159.58,211.86,64.51,43.94,entsoe.eu,false,""
2024-06-04T21:00:00.000000,Spain,Spain,ES,149.54,199.23,67.06,44.63,entsoe.eu,false,""
2024-06-04T22:00:00.000000,Spain,Spain,ES,151.37,202.2,66.6,42.53,entsoe.eu,false,""
2024-06-04T23:00:00.000000,Spain,Spain,ES,152.03,203.74,66.36,42.0,entsoe.eu,false,""
2024-06-05T00:00:00.000000,Spain,Spain,ES,152.01,203.84,66.4,41.67,entsoe.eu,false,""
2024-06-05T01:00:00.000000,Spain,Spain,ES,155.28,208.03,65.68,40.5,entsoe.eu,false,""
2024-06-05T02:00:00.000000,Spain,Spain,ES,153.57,206.0,66.19,40.56,entsoe.eu,false,""
2024-06-05T03:00:00.000000,Spain,Spain,ES,153.93,206.23,66.1,39.77,entsoe.eu,false,""
2024-06-05T04:00:00.000000,Spain,Spain,ES,164.63,219.65,63.31,38.26,entsoe.eu,false,""
2024-06-05T05:00:00.000000,Spain,Spain,ES,165.84,220.85,62.83,42.09,entsoe.eu,false,""
2024-06-05T06:00:00.000000,Spain,Spain,ES,136.13,185.63,69.77,51.83,entsoe.eu,false,""
2024-06-05T07:00:00.000000,Spain,Spain,ES,97.59,141.01,78.73,63.01,entsoe.eu,false,""
2024-06-05T08:00:00.000000,Spain,Spain,ES,68.78,106.33,85.94,69.77,entsoe.eu,false,""
2024-06-05T09:00:00.000000,Spain,Spain,ES,55.37,89.7,89.37,72.18,entsoe.eu,false,""
2024-06-05T10:00:00.000000,Spain,Spain,ES,53.58,87.53,89.68,72.76,entsoe.eu,false,""
2024-06-05T11:00:00.000000,Spain,Spain,ES,51.73,85.11,89.99,73.58,entsoe.eu,false,""
2024-06-05T12:00:00.000000,Spain,Spain,ES,49.6,82.37,90.52,74.32,entsoe.eu,false,""
2024-06-05T13:00:00.000000,Spain,Spain,ES,46.54,78.83,90.95,74.29,entsoe.eu,false,""
2024-06-05T14:00:00.000000,Spain,Spain,ES,46.55,78.92,90.8,73.86,entsoe.eu,false,""
2024-06-05T15:00:00.000000,Spain,Spain,ES,51.42,84.66,89.72,73.08,entsoe.eu,false,""
2024-06-05T16:00:00.000000,Spain,Spain,ES,61.64,96.58,87.33,71.58,entsoe.eu,false,""
2024-06-05T17:00:00.000000,Spain,Spain,ES,83.97,122.79,82.03,66.04,entsoe.eu,false,""
2024-06-05T18:00:00.000000,Spain,Spain,ES,117.39,161.59,74.22,57.04,entsoe.eu,false,""
2024-06-05T19:00:00.000000,Spain,Spain,ES,134.67,180.79,70.4,50.15,entsoe.eu,false,""
2024-06-05T20:00:00.000000,Spain,Spain,ES,132.42,178.17,70.68,49.49,entsoe.eu,false,""
2024-06-05T21:00:00.000000,Spain,Spain,ES,128.15,173.17,71.76,49.29,entsoe.eu,false,""
2024-06-05T22:00:00.000000,Spain,Spain,ES,125.86,170.16,72.41,48.83,entsoe.eu,false,""
2024-06-05T23:00:00.000000,Spain,Spain,ES,118.98,161.73,74.14,50.27,entsoe.eu,false,""
2024-06-06T00:00:00.000000,Spain,Spain,ES,109.01,149.59,76.64,51.91,entsoe.eu,false,""
2024-06-06T01:00:00.000000,Spain,Spain,ES,108.15,148.61,76.89,51.55,entsoe.eu,false,""
2024-06-06T02:00:00.000000,Spain,Spain,ES,107.94,148.34,77.0,51.13,entsoe.eu,false,""
2024-06-06T03:00:00.000000,Spain,Spain,ES,112.1,153.52,75.98,50.28,entsoe.eu,false,""
2024-06-06T04:00:00.000000,Spain,Spain,ES,122.8,166.9,73.3,48.23,entsoe.eu,false,""
2024-06-06T05:00:00.000000,Spain,Spain,ES,117.62,160.22,74.39,51.05,entsoe.eu,false,""
2024-06-06T06:00:00.000000,Spain,Spain,ES,100.91,141.09,78.15,57.3,entsoe.eu,false,""
2024-06-06T07:00:00.000000,Spain,Spain,ES,76.96,113.83,83.75,65.0,entsoe.eu,false,""
2024-06-06T08:00:00.000000,Spain,Spain,ES,59.62,93.67,88.09,70.41,entsoe.eu,false,""
2024-06-06T09:00:00.000000,Spain,Spain,ES,53.33,86.25,89.68,72.85,entsoe.eu,false,""
2024-06-06T10:00:00.000000,Spain,Spain,ES,50.23,82.78,90.25,73.99,entsoe.eu,false,""
2024-06-06T11:00:00.000000,Spain,Spain,ES,51.87,84.69,89.82,74.17,entsoe.eu,false,""
2024-06-06T12:00:00.000000,Spain,Spain,ES,49.82,81.77,90.33,74.94,entsoe.eu,false,""
2024-06-06T13:00:00.000000,Spain,Spain,ES,50.62,82.95,89.87,73.95,entsoe.eu,false,""
2024-06-06T14:00:00.000000,Spain,Spain,ES,52.57,85.19,89.33,72.76,entsoe.eu,false,""
2024-06-06T15:00:00.000000,Spain,Spain,ES,58.52,92.22,88.0,70.67,entsoe.eu,false,""
2024-06-06T16:00:00.000000,Spain,Spain,ES,73.07,108.73,84.57,67.1,entsoe.eu,false,""
2024-06-06T17:00:00.000000,Spain,Spain,ES,90.48,128.57,80.41,61.88,entsoe.eu,false,""
2024-06-06T18:00:00.000000,Spain,Spain,ES,114.97,157.48,74.51,55.12,entsoe.eu,false,""
2024-06-06T19:00:00.000000,Spain,Spain,ES,124.13,168.14,72.36,52.41,entsoe.eu,false,""
2024-06-06T20:00:00.000000,Spain,Spain,ES,120.56,163.6,73.31,53.01,entsoe.eu,false,""
2024-06-06T21:00:00.000000,Spain,Spain,ES,105.3,145.01,77.1,56.39,entsoe.eu,false,""
2024-06-06T22:00:00.000000,Spain,Spain,ES,99.15,137.55,78.7,56.81,entsoe.eu,false,""
2024-06-06T23:00:00.000000,Spain,Spain,ES,95.98,133.64,79.52,56.84,entsoe.eu,false,""
2024-06-07T00:00:00.000000,Spain,Spain,ES,94.56,132.02,79.97,55.85,entsoe.eu,false,""
2024-06-07T01:00:00.000000,Spain,Spain,ES,98.02,136.34,79.23,54.15,entsoe.eu,false,""
2024-06-07T02:00:00.000000,Spain,Spain,ES,103.48,142.81,78.02,52.45,entsoe.eu,false,""
2024-06-07T03:00:00.000000,Spain,Spain,ES,108.78,149.59,76.74,51.43,entsoe.eu,false,""
2024-06-07T04:00:00.000000,Spain,Spain,ES,116.9,159.89,74.63,50.18,entsoe.eu,false,""
2024-06-07T05:00:00.000000,Spain,Spain,ES,112.71,154.66,75.49,52.36,entsoe.eu,false,""
2024-06-07T06:00:00.000000,Spain,Spain,ES,106.45,147.75,76.86,55.56,entsoe.eu,false,""
2024-06-07T07:00:00.000000,Spain,Spain,ES,91.39,130.69,80.3,60.34,entsoe.eu,false,""
2024-06-07T08:00:00.000000,Spain,Spain,ES,79.7,116.91,83.28,64.47,entsoe.eu,false,""
2024-06-07T09:00:00.000000,Spain,Spain,ES,68.44,103.5,86.05,67.8,entsoe.eu,false,""
2024-06-07T10:00:00.000000,Spain,Spain,ES,58.8,91.61,88.31,71.14,entsoe.eu,false,""
2024-06-07T11:00:00.000000,Spain,Spain,ES,55.53,87.85,89.01,72.49,entsoe.eu,false,""
2024-06-07T12:00:00.000000,Spain,Spain,ES,51.08,82.67,90.04,73.77,entsoe.eu,false,""
2024-06-07T13:00:00.000000,Spain,Spain,ES,47.62,78.54,90.64,74.49,entsoe.eu,false,""
2024-06-07T14:00:00.000000,Spain,Spain,ES,47.51,78.49,90.46,73.98,entsoe.eu,false,""
2024-06-07T15:00:00.000000,Spain,Spain,ES,55.78,87.82,88.53,71.59,entsoe.eu,false,""
2024-06-07T16:00:00.000000,Spain,Spain,ES,63.2,96.53,86.8,69.3,entsoe.eu,false,""
2024-06-07T17:00:00.000000,Spain,Spain,ES,74.2,108.68,84.23,66.09,entsoe.eu,false,""
2024-06-07T18:00:00.000000,Spain,Spain,ES,87.13,123.46,81.17,62.21,entsoe.eu,false,""
2024-06-07T19:00:00.000000,Spain,Spain,ES,96.03,133.41,79.1,59.24,entsoe.eu,false,""
2024-06-07T20:00:00.000000,Spain,Spain,ES,98.4,136.2,78.6,58.58,entsoe.eu,false,""
2024-06-07T21:00:00.000000,Spain,Spain,ES,95.55,132.84,79.52,58.51,entsoe.eu,false,""
2024-06-07T22:00:00.000000,Spain,Spain,ES,99.06,137.17,78.87,55.99,entsoe.eu,false,""
2024-06-07T23:00:00.000000,Spain,Spain,ES,89.04,124.69,81.4,56.9,entsoe.eu,false,""
2024-06-08T00:00:00.000000,Spain,Spain,ES,92.49,129.43,80.68,55.01,entsoe.eu,false,""
2024-06-08T01:00:00.000000,Spain,Spain,ES,97.8,136.0,79.5,52.86,entsoe.eu,false,""
2024-06-08T02:00:00.000000,Spain,Spain,ES,105.18,144.89,77.83,50.36,entsoe.eu,false,""
2024-06-08T03:00:00.000000,Spain,Spain,ES,114.17,156.06,75.71,47.9,entsoe.eu,false,""
2024-06-08T04:00:00.000000,Spain,Spain,ES,116.59,159.13,75.12,47.15,entsoe.eu,false,""
2024-06-08T05:00:00.000000,Spain,Spain,ES,115.68,157.95,75.31,48.03,entsoe.eu,false,""
2024-06-08T06:00:00.000000,Spain,Spain,ES,108.71,151.24,76.69,51.36,entsoe.eu,false,""
2024-06-08T07:00:00.000000,Spain,Spain,ES,96.46,137.92,79.4,56.12,entsoe.eu,false,""
2024-06-08T08:00:00.000000,Spain,Spain,ES,86.99,126.85,81.54,59.61,entsoe.eu,false,""
2024-06-08T09:00:00.000000,Spain,Spain,ES,71.62,108.18,85.18,64.33,entsoe.eu,false,""
2024-06-08T10:00:00.000000,Spain,Spain,ES,62.47,97.51,87.3,67.18,entsoe.eu,false,""
2024-06-08T11:00:00.000000,Spain,Spain,ES,61.66,96.83,87.4,68.23,entsoe.eu,false,""
2024-06-08T12:00:00.000000,Spain,Spain,ES,56.8,90.63,88.55,69.69,entsoe.eu,false,""
2024-06-08T13:00:00.000000,Spain,Spain,ES,53.39,86.15,89.36,70.61,entsoe.eu,false,""
2024-06-08T14:00:00.000000,Spain,Spain,ES,51.77,83.53,89.74,71.53,entsoe.eu,false,""
2024-06-08T15:00:00.000000,Spain,Spain,ES,50.12,81.29,90.13,71.88,entsoe.eu,false,""
2024-06-08T16:00:00.000000,Spain,Spain,ES,52.56,83.8,89.55,71.64,entsoe.eu,false,""
2024-06-08T17:00:00.000000,Spain,Spain,ES,54.16,84.28,89.17,72.41,entsoe.eu,false,""
2024-06-08T18:00:00.000000,Spain,Spain,ES,69.66,102.63,85.51,66.31,entsoe.eu,false,""
2024-06-08T19:00:00.000000,Spain,Spain,ES,83.99,118.65,82.3,62.14,entsoe.eu,false,""
2024-06-08T20:00:00.000000,Spain,Spain,ES,86.32,120.59,81.83,61.48,entsoe.eu,false,""
2024-06-08T21:00:00.000000,Spain,Spain,ES,89.15,124.14,81.29,60.49,entsoe.eu,false,""
2024-06-08T22:00:00.000000,Spain,Spain,ES,88.64,123.68,81.42,60.78,entsoe.eu,false,""
2024-06-08T23:00:00.000000,Spain,Spain,ES,76.86,108.9,84.34,63.01,entsoe.eu,false,""
2024-06-09T00:00:00.000000,Spain,Spain,ES,75.28,107.64,84.68,62.43,entsoe.eu,false,""
2024-06-09T01:00:00.000000,Spain,Spain,ES,70.56,101.91,85.69,62.28,entsoe.eu,false,""
2024-06-09T02:00:00.000000,Spain,Spain,ES,68.08,98.86,86.31,62.06,entsoe.eu,false,""
2024-06-09T03:00:00.000000,Spain,Spain,ES,67.53,98.23,86.45,62.32,entsoe.eu,false,""
2024-06-09T04:00:00.000000,Spain,Spain,ES,68.85,100.01,86.13,61.73,entsoe.eu,false,""
2024-06-09T05:00:00.000000,Spain,Spain,ES,68.25,99.4,86.24,61.95,entsoe.eu,false,""
2024-06-09T06:00:00.000000,Spain,Spain,ES,70.36,103.21,85.56,64.46,entsoe.eu,false,""
2024-06-09T07:00:00.000000,Spain,Spain,ES,60.4,92.12,87.81,66.92,entsoe.eu,false,""
2024-06-09T08:00:00.000000,Spain,Spain,ES,50.25,80.59,90.18,70.26,entsoe.eu,false,""
2024-06-09T09:00:00.000000,Spain,Spain,ES,46.92,77.0,90.93,71.33,entsoe.eu,false,""
2024-06-09T10:00:00.000000,Spain,Spain,ES,46.11,76.55,91.08,72.27,entsoe.eu,false,""
2024-06-09T11:00:00.000000,Spain,Spain,ES,46.06,76.86,91.03,72.18,entsoe.eu,false,""
2024-06-09T12:00:00.000000,Spain,Spain,ES,45.43,76.3,91.18,72.82,entsoe.eu,false,""
2024-06-09T13:00:00.000000,Spain,Spain,ES,46.67,77.71,90.96,71.93,entsoe.eu,false,""
2024-06-09T14:00:00.000000,Spain,Spain,ES,48.65,79.73,90.57,70.1,entsoe.eu,false,""
2024-06-09T15:00:00.000000,Spain,Spain,ES,50.26,81.6,90.19,71.74,entsoe.eu,false,""
2024-06-09T16:00:00.000000,Spain,Spain,ES,53.5,85.03,89.35,72.04,entsoe.eu,false,""
2024-06-09T17:00:00.000000,Spain,Spain,ES,57.23,88.52,88.53,71.03,entsoe.eu,false,""
2024-06-09T18:00:00.000000,Spain,Spain,ES,68.69,101.14,85.97,66.9,entsoe.eu,false,""
2024-06-09T19:00:00.000000,Spain,Spain,ES,79.52,112.4,83.51,61.56,entsoe.eu,false,""
2024-06-09T20:00:00.000000,Spain,Spain,ES,85.82,119.78,81.97,61.04,entsoe.eu,false,""
2024-06-09T21:00:00.000000,Spain,Spain,ES,85.23,119.06,82.22,61.62,entsoe.eu,false,""
2024-06-09T22:00:00.000000,Spain,Spain,ES,82.42,116.24,82.99,61.21,entsoe.eu,false,""
2024-06-09T23:00:00.000000,Spain,Spain,ES,79.92,114.19,83.57,59.31,entsoe.eu,false,""
2024-06-10T00:00:00.000000,Spain,Spain,ES,79.12,113.12,83.84,58.83,entsoe.eu,false,""
2024-06-10T01:00:00.000000,Spain,Spain,ES,81.38,116.05,83.3,58.01,entsoe.eu,false,""
2024-06-10T02:00:00.000000,Spain,Spain,ES,80.88,115.3,83.45,57.65,entsoe.eu,false,""
2024-06-10T03:00:00.000000,Spain,Spain,ES,79.68,113.11,84.17,58.23,entsoe.eu,false,""
2024-06-10T04:00:00.000000,Spain,Spain,ES,82.02,115.22,84.05,59.06,entsoe.eu,false,""
2024-06-10T05:00:00.000000,Spain,Spain,ES,86.35,119.27,83.34,59.62,entsoe.eu,false,""
2024-06-10T06:00:00.000000,Spain,Spain,ES,80.53,113.3,84.48,62.84,entsoe.eu,false,""
2024-06-10T07:00:00.000000,Spain,Spain,ES,69.41,101.12,86.97,66.14,entsoe.eu,false,""
2024-06-10T08:00:00.000000,Spain,Spain,ES,63.49,95.13,88.25,68.71,entsoe.eu,false,""
2024-06-10T09:00:00.000000,Spain,Spain,ES,60.63,92.32,88.85,70.14,entsoe.eu,false,""
2024-06-10T10:00:00.000000,Spain,Spain,ES,59.12,91.04,89.11,71.35,entsoe.eu,false,""
2024-06-10T11:00:00.000000,Spain,Spain,ES,56.68,88.25,89.59,72.2,entsoe.eu,false,""
2024-06-10T12:00:00.000000,Spain,Spain,ES,54.9,86.11,90.0,72.79,entsoe.eu,false,""
2024-06-10T13:00:00.000000,Spain,Spain,ES,54.26,85.39,90.21,72.83,entsoe.eu,false,""
2024-06-10T14:00:00.000000,Spain,Spain,ES,55.86,87.38,89.88,72.58,entsoe.eu,false,""
2024-06-10T15:00:00.000000,Spain,Spain,ES,57.81,89.78,89.12,71.47,entsoe.eu,false,""
2024-06-10T16:00:00.000000,Spain,Spain,ES,56.89,88.24,89.02,70.69,entsoe.eu,false,""
2024-06-10T17:00:00.000000,Spain,Spain,ES,59.47,91.27,87.97,69.11,entsoe.eu,false,""
2024-06-10T18:00:00.000000,Spain,Spain,ES,79.06,114.25,83.26,63.35,entsoe.eu,false,""
2024-06-10T19:00:00.000000,Spain,Spain,ES,93.81,130.67,79.87,58.67,entsoe.eu,false,""
2024-06-10T20:00:00.000000,Spain,Spain,ES,96.55,133.36,79.31,57.41,entsoe.eu,false,""
2024-06-10T21:00:00.000000,Spain,Spain,ES,91.73,127.61,80.62,57.21,entsoe.eu,false,""
2024-06-10T22:00:00.000000,Spain,Spain,ES,94.51,131.78,80.01,55.82,entsoe.eu,false,""
2024-06-10T23:00:00.000000,Spain,Spain,ES,95.43,133.3,79.88,54.85,entsoe.eu,false,""
2024-06-11T00:00:00.000000,Spain,Spain,ES,99.03,138.2,79.06,53.56,entsoe.eu,false,""
2024-06-11T01:00:00.000000,Spain,Spain,ES,97.0,135.69,79.6,53.18,entsoe.eu,false,""
2024-06-11T02:00:00.000000,Spain,Spain,ES,94.71,132.75,80.2,53.15,entsoe.eu,false,""
2024-06-11T03:00:00.000000,Spain,Spain,ES,100.36,139.34,79.23,52.31,entsoe.eu,false,""
2024-06-11T04:00:00.000000,Spain,Spain,ES,106.34,145.63,78.31,52.15,entsoe.eu,false,""
2024-06-11T05:00:00.000000,Spain,Spain,ES,108.58,146.88,78.22,54.67,entsoe.eu,false,""
2024-06-11T06:00:00.000000,Spain,Spain,ES,100.48,138.32,79.77,58.81,entsoe.eu,false,""
2024-06-11T07:00:00.000000,Spain,Spain,ES,80.7,116.42,84.2,65.17,entsoe.eu,false,""
2024-06-11T08:00:00.000000,Spain,Spain,ES,62.97,96.22,88.27,69.81,entsoe.eu,false,""
2024-06-11T09:00:00.000000,Spain,Spain,ES,58.44,91.22,89.26,71.33,entsoe.eu,false,""
2024-06-11T10:00:00.000000,Spain,Spain,ES,57.02,89.8,89.53,72.07,entsoe.eu,false,""
2024-06-11T11:00:00.000000,Spain,Spain,ES,57.71,90.77,89.32,72.2,entsoe.eu,false,""
2024-06-11T12:00:00.000000,Spain,Spain,ES,54.5,86.63,90.1,73.0,entsoe.eu,false,""
2024-06-11T13:00:00.000000,Spain,Spain,ES,53.75,85.55,90.32,72.96,entsoe.eu,false,""
2024-06-11T14:00:00.000000,Spain,Spain,ES,54.3,86.15,90.19,72.89,entsoe.eu,false,""
2024-06-11T15:00:00.000000,Spain,Spain,ES,52.75,84.28,90.33,73.76,entsoe.eu,false,""
2024-06-11T16:00:00.000000,Spain,Spain,ES,57.32,90.17,88.87,72.89,entsoe.eu,false,""
2024-06-11T17:00:00.000000,Spain,Spain,ES,70.19,106.12,85.25,69.08,entsoe.eu,false,""
2024-06-11T18:00:00.000000,Spain,Spain,ES,86.13,124.01,81.46,61.77,entsoe.eu,false,""
2024-06-11T19:00:00.000000,Spain,Spain,ES,111.23,152.57,75.58,53.31,entsoe.eu,false,""
2024-06-11T20:00:00.000000,Spain,Spain,ES,117.98,160.08,74.07,51.0,entsoe.eu,false,""
2024-06-11T21:00:00.000000,Spain,Spain,ES,103.31,142.3,77.76,53.48,entsoe.eu,false,""
2024-06-11T22:00:00.000000,Spain,Spain,ES,91.74,128.2,80.74,54.79,entsoe.eu,false,""
2024-06-11T23:00:00.000000,Spain,Spain,ES,90.48,126.6,81.17,53.87,entsoe.eu,false,""
2024-06-12T00:00:00.000000,Spain,Spain,ES,90.73,127.02,81.18,52.9,entsoe.eu,false,""
2024-06-12T01:00:00.000000,Spain,Spain,ES,90.58,127.04,81.25,52.46,entsoe.eu,false,""
2024-06-12T02:00:00.000000,Spain,Spain,ES,89.73,126.05,81.46,52.39,entsoe.eu,false,""
2024-06-12T03:00:00.000000,Spain,Spain,ES,96.54,134.14,80.21,51.52,entsoe.eu,false,""
2024-06-12T04:00:00.000000,Spain,Spain,ES,102.22,139.91,79.52,51.56,entsoe.eu,false,""
2024-06-12T05:00:00.000000,Spain,Spain,ES,109.0,147.93,78.0,51.28,entsoe.eu,false,""
2024-06-12T06:00:00.000000,Spain,Spain,ES,96.47,133.91,80.67,56.87,entsoe.eu,false,""
2024-06-12T07:00:00.000000,Spain,Spain,ES,71.14,104.77,86.47,64.44,entsoe.eu,false,""
2024-06-12T08:00:00.000000,Spain,Spain,ES,58.85,90.7,89.22,69.14,entsoe.eu,false,""
2024-06-12T09:00:00.000000,Spain,Spain,ES,54.25,85.32,90.19,70.35,entsoe.eu,false,""
2024-06-12T10:00:00.000000,Spain,Spain,ES,54.2,85.83,90.13,71.3,entsoe.eu,false,""
2024-06-12T11:00:00.000000,Spain,Spain,ES,52.11,83.26,90.61,71.61,entsoe.eu,false,""
2024-06-12T12:00:00.000000,Spain,Spain,ES,53.45,84.94,90.31,70.85,entsoe.eu,false,""
2024-06-12T13:00:00.000000,Spain,Spain,ES,53.04,84.8,90.42,72.47,entsoe.eu,false,""
2024-06-12T14:00:00.000000,Spain,Spain,ES,52.08,83.04,90.68,73.13,entsoe.eu,false,""
2024-06-12T15:00:00.000000,Spain,Spain,ES,51.86,82.76,90.51,72.19,entsoe.eu,false,""
2024-06-12T16:00:00.000000,Spain,Spain,ES,54.73,86.83,89.45,71.38,entsoe.eu,false,""
2024-06-12T17:00:00.000000,Spain,Spain,ES,63.22,97.41,86.97,68.91,entsoe.eu,false,""
2024-06-12T18:00:00.000000,Spain,Spain,ES,77.28,112.93,83.65,62.81,entsoe.eu,false,""
2024-06-12T19:00:00.000000,Spain,Spain,ES,94.78,131.82,79.67,55.48,entsoe.eu,false,""
2024-06-12T20:00:00.000000,Spain,Spain,ES,105.99,145.4,77.04,52.08,entsoe.eu,false,""
2024-06-12T21:00:00.000000,Spain,Spain,ES,101.54,140.21,78.23,52.03,entsoe.eu,false,""
2024-06-12T22:00:00.000000,Spain,Spain,ES,101.34,140.03,78.5,50.06,entsoe.eu,false,""
2024-06-12T23:00:00.000000,Spain,Spain,ES,98.42,135.96,79.53,49.11,entsoe.eu,false,""
2024-06-13T00:00:00.000000,Spain,Spain,ES,101.95,140.52,78.84,46.95,entsoe.eu,false,""
2024-06-13T01:00:00.000000,Spain,Spain,ES,110.32,150.63,77.14,43.88,entsoe.eu,false,""
2024-06-13T02:00:00.000000,Spain,Spain,ES,114.45,155.11,76.51,42.37,entsoe.eu,false,""
2024-06-13T03:00:00.000000,Spain,Spain,ES,123.16,165.35,74.81,41.64,entsoe.eu,false,""
2024-06-13T04:00:00.000000,Spain,Spain,ES,132.19,175.9,73.04,41.3,entsoe.eu,false,""
2024-06-13T05:00:00.000000,Spain,Spain,ES,129.48,172.32,73.91,44.82,entsoe.eu,false,""
2024-06-13T06:00:00.000000,Spain,Spain,ES,109.25,150.16,78.12,53.09,entsoe.eu,false,""
2024-06-13T07:00:00.000000,Spain,Spain,ES,78.34,114.79,85.01,62.45,entsoe.eu,false,""
2024-06-13T08:00:00.000000,Spain,Spain,ES,59.23,92.28,89.41,67.56,entsoe.eu,false,""
2024-06-13T09:00:00.000000,Spain,Spain,ES,52.25,84.19,90.79,69.59,entsoe.eu,false,""
2024-06-13T10:00:00.000000,Spain,Spain,ES,52.23,84.4,90.68,70.04,entsoe.eu,false,""
2024-06-13T11:00:00.000000,Spain,Spain,ES,48.89,80.05,91.42,71.15,entsoe.eu,false,""
2024-06-13T12:00:00.000000,Spain,Spain,ES,47.77,78.4,91.74,71.14,entsoe.eu,false,""
2024-06-13T13:00:00.000000,Spain,Spain,ES,48.3,78.9,91.69,70.64,entsoe.eu,false,""
2024-06-13T14:00:00.000000,Spain,Spain,ES,49.34,79.9,91.46,70.4,entsoe.eu,false,""
2024-06-13T15:00:00.000000,Spain,Spain,ES,47.65,78.02,91.53,72.8,entsoe.eu,false,""
2024-06-13T16:00:00.000000,Spain,Spain,ES,50.04,81.09,90.46,71.07,entsoe.eu,false,""
2024-06-13T17:00:00.000000,Spain,Spain,ES,60.15,93.8,87.64,68.7,entsoe.eu,false,""
2024-06-13T18:00:00.000000,Spain,Spain,ES,83.84,121.54,82.07,61.12,entsoe.eu,false,""
2024-06-13T19:00:00.000000,Spain,Spain,ES,100.2,138.51,78.41,53.69,entsoe.eu,false,""
2024-06-13T20:00:00.000000,Spain,Spain,ES,105.56,144.32,77.24,51.74,entsoe.eu,false,""
2024-06-13T21:00:00.000000,Spain,Spain,ES,101.66,139.51,78.32,51.19,entsoe.eu,false,""
2024-06-13T22:00:00.000000,Spain,Spain,ES,98.21,135.08,79.37,50.26,entsoe.eu,false,""
2024-06-13T23:00:00.000000,Spain,Spain,ES,96.35,132.81,80.05,49.84,entsoe.eu,false,""
2024-06-14T00:00:00.000000,Spain,Spain,ES,97.9,134.76,79.99,49.44,entsoe.eu,false,""
2024-06-14T01:00:00.000000,Spain,Spain,ES,98.38,135.11,79.95,48.93,entsoe.eu,false,""
2024-06-14T02:00:00.000000,Spain,Spain,ES,98.94,136.12,79.84,48.27,entsoe.eu,false,""
2024-06-14T03:00:00.000000,Spain,Spain,ES,102.8,140.36,79.3,47.59,entsoe.eu,false,""
2024-06-14T04:00:00.000000,Spain,Spain,ES,110.56,149.28,77.8,46.78,entsoe.eu,false,""
2024-06-14T05:00:00.000000,Spain,Spain,ES,112.6,150.9,77.57,49.34,entsoe.eu,false,""
2024-06-14T06:00:00.000000,Spain,Spain,ES,93.34,130.29,81.64,56.98,entsoe.eu,false,""
2024-06-14T07:00:00.000000,Spain,Spain,ES,66.44,100.3,87.69,66.91,entsoe.eu,false,""
2024-06-14T08:00:00.000000,Spain,Spain,ES,51.8,82.98,90.92,71.32,entsoe.eu,false,""
2024-06-14T09:00:00.000000,Spain,Spain,ES,46.07,76.23,92.06,73.61,entsoe.eu,false,""
2024-06-14T10:00:00.000000,Spain,Spain,ES,42.44,71.99,92.77,75.56,entsoe.eu,false,""
2024-06-14T11:00:00.000000,Spain,Spain,ES,41.12,70.23,93.02,76.31,entsoe.eu,false,""
2024-06-14T12:00:00.000000,Spain,Spain,ES,41.42,70.59,93.0,76.02,entsoe.eu,false,""
2024-06-14T13:00:00.000000,Spain,Spain,ES,43.76,73.41,92.52,74.62,entsoe.eu,false,""
2024-06-14T14:00:00.000000,Spain,Spain,ES,44.34,73.82,92.42,74.72,entsoe.eu,false,""
2024-06-14T15:00:00.000000,Spain,Spain,ES,43.56,73.05,92.36,74.41,entsoe.eu,false,""
2024-06-14T16:00:00.000000,Spain,Spain,ES,40.6,69.28,92.64,75.15,entsoe.eu,false,""
2024-06-14T17:00:00.000000,Spain,Spain,ES,39.95,68.06,92.4,74.02,entsoe.eu,false,""
2024-06-14T18:00:00.000000,Spain,Spain,ES,51.92,80.83,89.71,67.14,entsoe.eu,false,""
2024-06-14T19:00:00.000000,Spain,Spain,ES,70.46,101.18,85.64,59.55,entsoe.eu,false,""
2024-06-14T20:00:00.000000,Spain,Spain,ES,74.98,106.12,84.7,57.37,entsoe.eu,false,""
2024-06-14T21:00:00.000000,Spain,Spain,ES,69.24,99.16,86.2,57.88,entsoe.eu,false,""
2024-06-14T22:00:00.000000,Spain,Spain,ES,70.75,101.85,85.85,56.24,entsoe.eu,false,""
2024-06-14T23:00:00.000000,Spain,Spain,ES,72.44,104.82,85.32,54.98,entsoe.eu,false,""
2024-06-15T00:00:00.000000,Spain,Spain,ES,75.74,109.01,84.62,53.52,entsoe.eu,false,""
2024-06-15T01:00:00.000000,Spain,Spain,ES,76.71,110.42,84.42,52.92,entsoe.eu,false,""
2024-06-15T02:00:00.000000,Spain,Spain,ES,78.0,112.14,84.22,52.48,entsoe.eu,false,""
2024-06-15T03:00:00.000000,Spain,Spain,ES,84.13,119.99,82.76,50.37,entsoe.eu,false,""
2024-06-15T04:00:00.000000,Spain,Spain,ES,83.64,119.03,83.01,49.34,entsoe.eu,false,""
2024-06-15T05:00:00.000000,Spain,Spain,ES,81.2,116.04,83.63,50.16,entsoe.eu,false,""
2024-06-15T06:00:00.000000,Spain,Spain,ES,63.37,96.02,87.36,57.92,entsoe.eu,false,""
2024-06-15T07:00:00.000000,Spain,Spain,ES,47.14,77.71,90.95,65.03,entsoe.eu,false,""
2024-06-15T08:00:00.000000,Spain,Spain,ES,39.43,69.0,92.75,67.2,entsoe.eu,false,""
2024-06-15T09:00:00.000000,Spain,Spain,ES,39.64,69.59,92.72,67.15,entsoe.eu,false,""
2024-06-15T10:00:00.000000,Spain,Spain,ES,39.2,69.27,92.79,68.01,entsoe.eu,false,""
2024-06-15T11:00:00.000000,Spain,Spain,ES,39.07,69.25,92.8,68.03,entsoe.eu,false,""
2024-06-15T12:00:00.000000,Spain,Spain,ES,39.04,68.97,92.83,67.96,entsoe.eu,false,""
2024-06-15T13:00:00.000000,Spain,Spain,ES,40.6,70.98,92.56,66.96,entsoe.eu,false,""
2024-06-15T14:00:00.000000,Spain,Spain,ES,41.96,72.62,92.29,65.94,entsoe.eu,false,""
2024-06-15T15:00:00.000000,Spain,Spain,ES,43.43,74.61,91.94,67.33,entsoe.eu,false,""
2024-06-15T16:00:00.000000,Spain,Spain,ES,41.3,72.09,92.29,71.28,entsoe.eu,false,""
2024-06-15T17:00:00.000000,Spain,Spain,ES,41.48,71.33,92.27,71.52,entsoe.eu,false,""
2024-06-15T18:00:00.000000,Spain,Spain,ES,51.18,81.27,90.13,64.97,entsoe.eu,false,""
2024-06-15T19:00:00.000000,Spain,Spain,ES,69.06,99.86,86.26,56.12,entsoe.eu,false,""
2024-06-15T20:00:00.000000,Spain,Spain,ES,72.35,102.5,85.56,54.38,entsoe.eu,false,""
2024-06-15T21:00:00.000000,Spain,Spain,ES,73.75,104.34,85.33,54.12,entsoe.eu,false,""
2024-06-15T22:00:00.000000,Spain,Spain,ES,77.09,108.97,84.55,51.95,entsoe.eu,false,""
2024-06-15T23:00:00.000000,Spain,Spain,ES,80.25,113.01,83.86,49.82,entsoe.eu,false,""
2024-06-16T00:00:00.000000,Spain,Spain,ES,84.14,118.52,83.03,47.6,entsoe.eu,false,""
2024-06-16T01:00:00.000000,Spain,Spain,ES,85.96,120.93,82.71,45.3,entsoe.eu,false,""
2024-06-16T02:00:00.000000,Spain,Spain,ES,89.65,126.09,81.78,44.2,entsoe.eu,false,""
2024-06-16T03:00:00.000000,Spain,Spain,ES,91.43,128.28,81.4,42.76,entsoe.eu,false,""
2024-06-16T04:00:00.000000,Spain,Spain,ES,91.93,128.71,81.32,41.64,entsoe.eu,false,""
2024-06-16T05:00:00.000000,Spain,Spain,ES,92.1,128.96,81.25,42.04,entsoe.eu,false,""
2024-06-16T06:00:00.000000,Spain,Spain,ES,80.5,117.84,83.7,50.92,entsoe.eu,false,""
2024-06-16T07:00:00.000000,Spain,Spain,ES,63.73,98.5,87.4,58.09,entsoe.eu,false,""
2024-06-16T08:00:00.000000,Spain,Spain,ES,51.18,83.27,90.29,61.29,entsoe.eu,false,""
2024-06-16T09:00:00.000000,Spain,Spain,ES,44.07,74.97,91.89,63.09,entsoe.eu,false,""
2024-06-16T10:00:00.000000,Spain,Spain,ES,43.27,73.91,92.06,63.88,entsoe.eu,false,""
2024-06-16T11:00:00.000000,Spain,Spain,ES,42.31,72.93,92.25,64.49,entsoe.eu,false,""
2024-06-16T12:00:00.000000,Spain,Spain,ES,41.84,72.36,92.34,64.49,entsoe.eu,false,""
2024-06-16T13:00:00.000000,Spain,Spain,ES,43.2,73.87,92.09,63.86,entsoe.eu,false,""
2024-06-16T14:00:00.000000,Spain,Spain,ES,45.22,76.6,91.66,64.94,entsoe.eu,false,""
2024-06-16T15:00:00.000000,Spain,Spain,ES,43.17,73.97,92.07,67.79,entsoe.eu,false,""
2024-06-16T16:00:00.000000,Spain,Spain,ES,40.26,70.17,92.64,69.48,entsoe.eu,false,""
2024-06-16T17:00:00.000000,Spain,Spain,ES,41.08,70.47,92.39,69.74,entsoe.eu,false,""
2024-06-16T18:00:00.000000,Spain,Spain,ES,56.47,87.92,88.85,64.33,entsoe.eu,false,""
2024-06-16T19:00:00.000000,Spain,Spain,ES,69.58,99.68,86.03,55.47,entsoe.eu,false,""
2024-06-16T20:00:00.000000,Spain,Spain,ES,77.16,108.18,84.24,53.28,entsoe.eu,false,""
2024-06-16T21:00:00.000000,Spain,Spain,ES,72.96,102.78,85.41,54.73,entsoe.eu,false,""
2024-06-16T22:00:00.000000,Spain,Spain,ES,81.64,114.27,83.45,50.99,entsoe.eu,false,""
2024-06-16T23:00:00.000000,Spain,Spain,ES,83.65,117.47,82.99,47.85,entsoe.eu,false,""
2024-06-17T00:00:00.000000,Spain,Spain,ES,85.16,120.41,82.54,45.7,entsoe.eu,false,""
2024-06-17T01:00:00.000000,Spain,Spain,ES,84.41,119.71,82.78,44.97,entsoe.eu,false,""
2024-06-17T02:00:00.000000,Spain,Spain,ES,84.46,119.48,82.79,44.94,entsoe.eu,false,""
2024-06-17T03:00:00.000000,Spain,Spain,ES,86.36,121.63,82.3,44.69,entsoe.eu,false,""
2024-06-17T04:00:00.000000,Spain,Spain,ES,88.25,123.48,81.71,45.34,entsoe.eu,false,""
2024-06-17T05:00:00.000000,Spain,Spain,ES,94.76,131.18,80.01,48.86,entsoe.eu,false,""
2024-06-17T06:00:00.000000,Spain,Spain,ES,81.48,117.02,83.0,57.74,entsoe.eu,false,""
2024-06-17T07:00:00.000000,Spain,Spain,ES,51.81,83.43,89.97,67.95,entsoe.eu,false,""
2024-06-17T08:00:00.000000,Spain,Spain,ES,37.73,67.81,92.95,72.93,entsoe.eu,false,""
2024-06-17T09:00:00.000000,Spain,Spain,ES,36.64,66.2,93.39,73.39,entsoe.eu,false,""
2024-06-17T10:00:00.000000,Spain,Spain,ES,35.55,64.82,93.75,74.17,entsoe.eu,false,""
2024-06-17T11:00:00.000000,Spain,Spain,ES,34.92,63.95,93.88,74.48,entsoe.eu,false,""
2024-06-17T12:00:00.000000,Spain,Spain,ES,33.76,62.17,94.16,74.74,entsoe.eu,false,""
2024-06-17T13:00:00.000000,Spain,Spain,ES,31.27,59.0,94.48,75.29,entsoe.eu,false,""
2024-06-17T14:00:00.000000,Spain,Spain,ES,30.8,58.37,94.39,75.0,entsoe.eu,false,""
2024-06-17T15:00:00.000000,Spain,Spain,ES,31.92,59.62,94.11,75.04,entsoe.eu,false,""
2024-06-17T16:00:00.000000,Spain,Spain,ES,36.14,64.3,93.16,73.66,entsoe.eu,false,""
2024-06-17T17:00:00.000000,Spain,Spain,ES,49.73,79.83,90.02,69.61,entsoe.eu,false,""
2024-06-17T18:00:00.000000,Spain,Spain,ES,81.22,116.17,82.73,61.22,entsoe.eu,false,""
2024-06-17T19:00:00.000000,Spain,Spain,ES,98.34,135.51,78.69,52.45,entsoe.eu,false,""
2024-06-17T20:00:00.000000,Spain,Spain,ES,108.77,148.21,76.38,49.14,entsoe.eu,false,""
2024-06-17T21:00:00.000000,Spain,Spain,ES,106.64,145.57,77.0,49.68,entsoe.eu,false,""
2024-06-17T22:00:00.000000,Spain,Spain,ES,89.42,123.87,81.3,49.9,entsoe.eu,false,""
2024-06-17T23:00:00.000000,Spain,Spain,ES,82.77,115.78,82.98,49.26,entsoe.eu,false,""
2024-06-18T00:00:00.000000,Spain,Spain,ES,88.89,124.16,81.56,45.92,entsoe.eu,false,""
2024-06-18T01:00:00.000000,Spain,Spain,ES,89.26,124.49,81.57,44.83,entsoe.eu,false,""
2024-06-18T02:00:00.000000,Spain,Spain,ES,88.18,123.38,81.87,44.56,entsoe.eu,false,""
2024-06-18T03:00:00.000000,Spain,Spain,ES,90.08,125.95,81.42,44.01,entsoe.eu,false,""
2024-06-18T04:00:00.000000,Spain,Spain,ES,100.19,138.27,78.94,42.67,entsoe.eu,false,""
2024-06-18T05:00:00.000000,Spain,Spain,ES,104.17,142.88,77.87,44.28,entsoe.eu,false,""
2024-06-18T06:00:00.000000,Spain,Spain,ES,87.97,124.2,81.48,51.21,entsoe.eu,false,""
2024-06-18T07:00:00.000000,Spain,Spain,ES,70.72,104.78,85.48,56.99,entsoe.eu,false,""
2024-06-18T08:00:00.000000,Spain,Spain,ES,56.18,87.57,88.89,61.73,entsoe.eu,false,""
2024-06-18T09:00:00.000000,Spain,Spain,ES,49.86,80.03,90.53,64.53,entsoe.eu,false,""
2024-06-18T10:00:00.000000,Spain,Spain,ES,48.56,78.86,90.88,66.03,entsoe.eu,false,""
2024-06-18T11:00:00.000000,Spain,Spain,ES,47.75,78.62,90.86,67.04,entsoe.eu,false,""
2024-06-18T12:00:00.000000,Spain,Spain,ES,49.66,81.18,90.34,66.88,entsoe.eu,false,""
2024-06-18T13:00:00.000000,Spain,Spain,ES,48.46,79.93,90.4,68.74,entsoe.eu,false,""
2024-06-18T14:00:00.000000,Spain,Spain,ES,45.56,76.31,90.99,70.34,entsoe.eu,false,""
2024-06-18T15:00:00.000000,Spain,Spain,ES,46.87,77.82,90.61,69.5,entsoe.eu,false,""
2024-06-18T16:00:00.000000,Spain,Spain,ES,57.45,90.24,88.18,66.95,entsoe.eu,false,""
2024-06-18T17:00:00.000000,Spain,Spain,ES,73.61,109.67,84.52,62.93,entsoe.eu,false,""
2024-06-18T18:00:00.000000,Spain,Spain,ES,93.03,131.85,80.02,54.71,entsoe.eu,false,""
2024-06-18T19:00:00.000000,Spain,Spain,ES,104.61,143.92,77.43,48.73,entsoe.eu,false,""
2024-06-18T20:00:00.000000,Spain,Spain,ES,98.68,136.42,78.71,49.75,entsoe.eu,false,""
2024-06-18T21:00:00.000000,Spain,Spain,ES,93.64,130.26,79.98,49.64,entsoe.eu,false,""
2024-06-18T22:00:00.000000,Spain,Spain,ES,94.15,131.07,79.97,47.3,entsoe.eu,false,""
2024-06-18T23:00:00.000000,Spain,Spain,ES,98.75,136.86,78.99,44.39,entsoe.eu,false,""
2024-06-19T00:00:00.000000,Spain,Spain,ES,113.62,154.57,75.63,40.03,entsoe.eu,false,""
2024-06-19T01:00:00.000000,Spain,Spain,ES,119.53,162.54,74.31,38.35,entsoe.eu,false,""
2024-06-19T02:00:00.000000,Spain,Spain,ES,120.8,163.41,74.09,37.39,entsoe.eu,false,""
2024-06-19T03:00:00.000000,Spain,Spain,ES,120.67,163.87,74.1,37.47,entsoe.eu,false,""
2024-06-19T04:00:00.000000,Spain,Spain,ES,119.43,162.13,74.36,38.97,entsoe.eu,false,""
2024-06-19T05:00:00.000000,Spain,Spain,ES,123.23,166.42,73.38,40.75,entsoe.eu,false,""
2024-06-19T06:00:00.000000,Spain,Spain,ES,107.4,148.68,76.8,47.64,entsoe.eu,false,""
2024-06-19T07:00:00.000000,Spain,Spain,ES,83.9,122.13,82.09,55.18,entsoe.eu,false,""
2024-06-19T08:00:00.000000,Spain,Spain,ES,69.17,105.08,85.61,58.64,entsoe.eu,false,""
2024-06-19T09:00:00.000000,Spain,Spain,ES,61.14,94.7,87.85,61.07,entsoe.eu,false,""
2024-06-19T10:00:00.000000,Spain,Spain,ES,58.28,91.3,88.61,62.21,entsoe.eu,false,""
2024-06-19T11:00:00.000000,Spain,Spain,ES,54.29,86.83,89.46,63.86,entsoe.eu,false,""
2024-06-19T12:00:00.000000,Spain,Spain,ES,55.36,87.97,89.23,63.83,entsoe.eu,false,""
2024-06-19T13:00:00.000000,Spain,Spain,ES,51.45,83.15,89.85,64.07,entsoe.eu,false,""
2024-06-19T14:00:00.000000,Spain,Spain,ES,51.65,83.34,89.77,64.12,entsoe.eu,false,""
2024-06-19T15:00:00.000000,Spain,Spain,ES,54.0,86.02,89.27,63.47,entsoe.eu,false,""
2024-06-19T16:00:00.000000,Spain,Spain,ES,60.92,94.19,87.67,62.19,entsoe.eu,false,""
2024-06-19T17:00:00.000000,Spain,Spain,ES,75.97,112.7,83.9,58.54,entsoe.eu,false,""
2024-06-19T18:00:00.000000,Spain,Spain,ES,95.89,135.21,79.18,52.22,entsoe.eu,false,""
2024-06-19T19:00:00.000000,Spain,Spain,ES,103.81,143.03,77.46,48.64,entsoe.eu,false,""
2024-06-19T20:00:00.000000,Spain,Spain,ES,101.0,139.57,78.15,49.44,entsoe.eu,false,""
2024-06-19T21:00:00.000000,Spain,Spain,ES,88.09,123.68,81.36,52.14,entsoe.eu,false,""
2024-06-19T22:00:00.000000,Spain,Spain,ES,82.42,117.23,82.79,52.59,entsoe.eu,false,""
2024-06-19T23:00:00.000000,Spain,Spain,ES,81.06,115.35,83.33,51.94,entsoe.eu,false,""
2024-06-20T00:00:00.000000,Spain,Spain,ES,85.12,119.93,82.8,50.74,entsoe.eu,false,""
2024-06-20T01:00:00.000000,Spain,Spain,ES,90.38,126.54,81.52,48.11,entsoe.eu,false,""
2024-06-20T02:00:00.000000,Spain,Spain,ES,92.99,129.56,81.15,46.2,entsoe.eu,false,""
2024-06-20T03:00:00.000000,Spain,Spain,ES,91.58,128.23,81.28,46.24,entsoe.eu,false,""
2024-06-20T04:00:00.000000,Spain,Spain,ES,100.35,138.63,79.24,47.09,entsoe.eu,false,""
2024-06-20T05:00:00.000000,Spain,Spain,ES,117.36,159.52,75.05,46.04,entsoe.eu,false,""
2024-06-20T06:00:00.000000,Spain,Spain,ES,108.77,150.44,76.76,51.9,entsoe.eu,false,""
2024-06-20T07:00:00.000000,Spain,Spain,ES,86.17,124.37,82.07,59.11,entsoe.eu,false,""
2024-06-20T08:00:00.000000,Spain,Spain,ES,66.27,101.07,86.63,64.16,entsoe.eu,false,""
2024-06-20T09:00:00.000000,Spain,Spain,ES,59.14,92.59,88.43,66.81,entsoe.eu,false,""
2024-06-20T10:00:00.000000,Spain,Spain,ES,52.47,83.84,90.04,67.41,entsoe.eu,false,""
2024-06-20T11:00:00.000000,Spain,Spain,ES,47.58,77.81,90.98,68.41,entsoe.eu,false,""
2024-06-20T12:00:00.000000,Spain,Spain,ES,48.96,80.1,90.78,69.87,entsoe.eu,false,""
2024-06-20T13:00:00.000000,Spain,Spain,ES,49.0,80.98,90.33,70.33,entsoe.eu,false,""
2024-06-20T14:00:00.000000,Spain,Spain,ES,53.6,86.68,89.23,69.11,entsoe.eu,false,""
2024-06-20T15:00:00.000000,Spain,Spain,ES,54.67,87.98,88.93,68.45,entsoe.eu,false,""
2024-06-20T16:00:00.000000,Spain,Spain,ES,59.44,94.15,87.78,66.8,entsoe.eu,false,""
2024-06-20T17:00:00.000000,Spain,Spain,ES,79.78,118.85,82.93,61.32,entsoe.eu,false,""
2024-06-20T18:00:00.000000,Spain,Spain,ES,100.78,142.99,78.01,55.2,entsoe.eu,false,""
2024-06-20T19:00:00.000000,Spain,Spain,ES,118.23,161.7,74.15,48.24,entsoe.eu,false,""
2024-06-20T20:00:00.000000,Spain,Spain,ES,121.83,165.1,73.57,46.53,entsoe.eu,false,""
2024-06-20T21:00:00.000000,Spain,Spain,ES,120.95,164.61,73.76,45.73,entsoe.eu,false,""
2024-06-20T22:00:00.000000,Spain,Spain,ES,106.48,146.55,77.28,45.98,entsoe.eu,false,""
2024-06-20T23:00:00.000000,Spain,Spain,ES,98.13,135.82,79.62,45.58,entsoe.eu,false,""
2024-06-21T00:00:00.000000,Spain,Spain,ES,103.25,142.09,78.73,43.09,entsoe.eu,false,""
2024-06-21T01:00:00.000000,Spain,Spain,ES,106.77,146.49,78.08,40.96,entsoe.eu,false,""
2024-06-21T02:00:00.000000,Spain,Spain,ES,105.62,144.93,78.38,39.59,entsoe.eu,false,""
2024-06-21T03:00:00.000000,Spain,Spain,ES,112.95,154.29,76.52,37.53,entsoe.eu,false,""
2024-06-21T04:00:00.000000,Spain,Spain,ES,127.93,172.79,72.69,37.23,entsoe.eu,false,""
2024-06-21T05:00:00.000000,Spain,Spain,ES,138.08,185.06,70.19,40.67,entsoe.eu,false,""
2024-06-21T06:00:00.000000,Spain,Spain,ES,111.93,155.5,76.0,51.06,entsoe.eu,false,""
2024-06-21T07:00:00.000000,Spain,Spain,ES,78.9,117.99,83.58,61.82,entsoe.eu,false,""
2024-06-21T08:00:00.000000,Spain,Spain,ES,62.62,98.5,87.39,66.92,entsoe.eu,false,""
2024-06-21T09:00:00.000000,Spain,Spain,ES,56.51,91.39,88.82,68.56,entsoe.eu,false,""
2024-06-21T10:00:00.000000,Spain,Spain,ES,53.46,87.72,89.61,69.56,entsoe.eu,false,""
2024-06-21T11:00:00.000000,Spain,Spain,ES,52.07,86.12,89.91,70.09,entsoe.eu,false,""
2024-06-21T12:00:00.000000,Spain,Spain,ES,50.65,84.13,90.28,70.75,entsoe.eu,false,""
2024-06-21T13:00:00.000000,Spain,Spain,ES,48.32,81.67,90.48,70.98,entsoe.eu,false,""
2024-06-21T14:00:00.000000,Spain,Spain,ES,45.45,78.02,91.07,71.24,entsoe.eu,false,""
2024-06-21T15:00:00.000000,Spain,Spain,ES,45.81,78.24,91.03,71.03,entsoe.eu,false,""
2024-06-21T16:00:00.000000,Spain,Spain,ES,47.79,80.56,90.58,70.16,entsoe.eu,false,""
2024-06-21T17:00:00.000000,Spain,Spain,ES,63.34,98.61,87.18,65.82,entsoe.eu,false,""
2024-06-21T18:00:00.000000,Spain,Spain,ES,88.96,127.31,81.38,58.08,entsoe.eu,false,""
2024-06-21T19:00:00.000000,Spain,Spain,ES,104.69,144.06,77.66,48.24,entsoe.eu,false,""
2024-06-21T20:00:00.000000,Spain,Spain,ES,108.37,148.06,76.81,44.84,entsoe.eu,false,""
2024-06-21T21:00:00.000000,Spain,Spain,ES,106.11,145.52,77.44,43.8,entsoe.eu,false,""
2024-06-21T22:00:00.000000,Spain,Spain,ES,106.08,145.64,77.58,42.5,entsoe.eu,false,""
2024-06-21T23:00:00.000000,Spain,Spain,ES,97.34,134.5,79.81,43.82,entsoe.eu,false,""
2024-06-22T00:00:00.000000,Spain,Spain,ES,93.45,129.86,80.92,44.33,entsoe.eu,false,""
2024-06-22T01:00:00.000000,Spain,Spain,ES,97.51,134.83,80.31,41.75,entsoe.eu,false,""
2024-06-22T02:00:00.000000,Spain,Spain,ES,98.89,136.86,80.1,40.8,entsoe.eu,false,""
2024-06-22T03:00:00.000000,Spain,Spain,ES,99.84,137.98,79.96,40.73,entsoe.eu,false,""
2024-06-22T04:00:00.000000,Spain,Spain,ES,100.55,138.54,79.91,40.84,entsoe.eu,false,""
2024-06-22T05:00:00.000000,Spain,Spain,ES,99.69,138.17,79.9,41.95,entsoe.eu,false,""
2024-06-22T06:00:00.000000,Spain,Spain,ES,71.94,107.18,85.58,53.33,entsoe.eu,false,""
2024-06-22T07:00:00.000000,Spain,Spain,ES,53.12,86.08,89.7,63.79,entsoe.eu,false,""
2024-06-22T08:00:00.000000,Spain,Spain,ES,42.48,73.79,91.92,69.46,entsoe.eu,false,""
2024-06-22T09:00:00.000000,Spain,Spain,ES,38.38,68.97,92.76,71.44,entsoe.eu,false,""
2024-06-22T10:00:00.000000,Spain,Spain,ES,37.33,67.92,92.98,71.93,entsoe.eu,false,""
2024-06-22T11:00:00.000000,Spain,Spain,ES,37.08,67.71,93.03,71.86,entsoe.eu,false,""
2024-06-22T12:00:00.000000,Spain,Spain,ES,37.49,68.06,92.97,71.42,entsoe.eu,false,""
2024-06-22T13:00:00.000000,Spain,Spain,ES,37.95,68.48,92.88,71.16,entsoe.eu,false,""
2024-06-22T14:00:00.000000,Spain,Spain,ES,37.72,67.9,92.92,71.25,entsoe.eu,false,""
2024-06-22T15:00:00.000000,Spain,Spain,ES,38.08,67.82,92.83,71.24,entsoe.eu,false,""
2024-06-22T16:00:00.000000,Spain,Spain,ES,40.48,69.9,92.25,70.62,entsoe.eu,false,""
2024-06-22T17:00:00.000000,Spain,Spain,ES,48.6,78.68,90.49,67.77,entsoe.eu,false,""
2024-06-22T18:00:00.000000,Spain,Spain,ES,68.67,100.88,86.03,61.39,entsoe.eu,false,""
2024-06-22T19:00:00.000000,Spain,Spain,ES,87.71,122.49,81.7,54.85,entsoe.eu,false,""
2024-06-22T20:00:00.000000,Spain,Spain,ES,90.78,125.93,80.97,53.46,entsoe.eu,false,""
2024-06-22T21:00:00.000000,Spain,Spain,ES,86.69,121.14,82.0,53.74,entsoe.eu,false,""
2024-06-22T22:00:00.000000,Spain,Spain,ES,91.25,127.79,80.95,50.99,entsoe.eu,false,""
2024-06-22T23:00:00.000000,Spain,Spain,ES,92.37,128.92,80.96,50.22,entsoe.eu,false,""
2024-06-23T00:00:00.000000,Spain,Spain,ES,84.56,119.43,82.69,51.36,entsoe.eu,false,""
2024-06-23T01:00:00.000000,Spain,Spain,ES,84.27,119.52,82.73,51.08,entsoe.eu,false,""
2024-06-23T02:00:00.000000,Spain,Spain,ES,84.72,120.01,82.64,50.7,entsoe.eu,false,""
2024-06-23T03:00:00.000000,Spain,Spain,ES,86.08,121.83,82.3,49.94,entsoe.eu,false,""
2024-06-23T04:00:00.000000,Spain,Spain,ES,88.23,124.18,81.84,49.62,entsoe.eu,false,""
2024-06-23T05:00:00.000000,Spain,Spain,ES,92.2,129.22,80.93,49.28,entsoe.eu,false,""
2024-06-23T06:00:00.000000,Spain,Spain,ES,79.57,116.08,83.34,55.64,entsoe.eu,false,""
2024-06-23T07:00:00.000000,Spain,Spain,ES,59.52,92.85,88.07,62.72,entsoe.eu,false,""
2024-06-23T08:00:00.000000,Spain,Spain,ES,46.67,77.84,91.03,66.6,entsoe.eu,false,""
2024-06-23T09:00:00.000000,Spain,Spain,ES,42.58,73.2,91.98,68.28,entsoe.eu,false,""
2024-06-23T10:00:00.000000,Spain,Spain,ES,41.87,72.31,92.11,68.58,entsoe.eu,false,""
2024-06-23T11:00:00.000000,Spain,Spain,ES,41.22,71.79,92.31,67.68,entsoe.eu,false,""
2024-06-23T12:00:00.000000,Spain,Spain,ES,40.35,70.7,92.54,65.4,entsoe.eu,false,""
2024-06-23T13:00:00.000000,Spain,Spain,ES,42.78,73.76,92.05,65.13,entsoe.eu,false,""
2024-06-23T14:00:00.000000,Spain,Spain,ES,43.64,74.44,91.86,67.35,entsoe.eu,false,""
2024-06-23T15:00:00.000000,Spain,Spain,ES,42.4,72.57,92.1,68.29,entsoe.eu,false,""
2024-06-23T16:00:00.000000,Spain,Spain,ES,41.61,71.04,92.21,69.11,entsoe.eu,false,""
2024-06-23T17:00:00.000000,Spain,Spain,ES,43.45,72.57,91.65,69.18,entsoe.eu,false,""
2024-06-23T18:00:00.000000,Spain,Spain,ES,50.76,79.77,89.99,66.65,entsoe.eu,false,""
2024-06-23T19:00:00.000000,Spain,Spain,ES,72.48,103.72,85.36,59.54,entsoe.eu,false,""
2024-06-23T20:00:00.000000,Spain,Spain,ES,76.55,107.9,84.24,57.89,entsoe.eu,false,""
2024-06-23T21:00:00.000000,Spain,Spain,ES,74.65,105.67,84.68,57.82,entsoe.eu,false,""
2024-06-23T22:00:00.000000,Spain,Spain,ES,76.54,108.37,84.5,56.2,entsoe.eu,false,""
2024-06-23T23:00:00.000000,Spain,Spain,ES,78.4,110.37,84.23,55.12,entsoe.eu,false,""
2024-06-24T00:00:00.000000,Spain,Spain,ES,78.9,110.94,84.22,54.56,entsoe.eu,false,""
2024-06-24T01:00:00.000000,Spain,Spain,ES,76.53,108.8,84.7,54.01,entsoe.eu,false,""
2024-06-24T02:00:00.000000,Spain,Spain,ES,73.59,105.95,85.24,52.82,entsoe.eu,false,""
2024-06-24T03:00:00.000000,Spain,Spain,ES,78.22,110.69,84.55,52.79,entsoe.eu,false,""
2024-06-24T04:00:00.000000,Spain,Spain,ES,82.24,115.1,83.92,52.57,entsoe.eu,false,""
2024-06-24T05:00:00.000000,Spain,Spain,ES,77.69,109.2,84.94,54.41,entsoe.eu,false,""
2024-06-24T06:00:00.000000,Spain,Spain,ES,59.52,89.18,88.77,62.08,entsoe.eu,false,""
2024-06-24T07:00:00.000000,Spain,Spain,ES,44.15,73.93,91.69,68.55,entsoe.eu,false,""
2024-06-24T08:00:00.000000,Spain,Spain,ES,38.32,67.86,92.81,71.43,entsoe.eu,false,""
2024-06-24T09:00:00.000000,Spain,Spain,ES,37.25,67.27,92.99,71.98,entsoe.eu,false,""
2024-06-24T10:00:00.000000,Spain,Spain,ES,37.08,67.3,93.05,71.91,entsoe.eu,false,""
2024-06-24T11:00:00.000000,Spain,Spain,ES,37.82,68.14,92.87,71.89,entsoe.eu,false,""
2024-06-24T12:00:00.000000,Spain,Spain,ES,38.56,69.25,92.7,71.76,entsoe.eu,false,""
2024-06-24T13:00:00.000000,Spain,Spain,ES,40.14,71.38,92.37,70.92,entsoe.eu,false,""
2024-06-24T14:00:00.000000,Spain,Spain,ES,41.99,73.64,91.94,70.18,entsoe.eu,false,""
2024-06-24T15:00:00.000000,Spain,Spain,ES,43.31,74.88,91.65,69.86,entsoe.eu,false,""
2024-06-24T16:00:00.000000,Spain,Spain,ES,47.49,79.74,90.63,69.23,entsoe.eu,false,""
2024-06-24T17:00:00.000000,Spain,Spain,ES,62.08,96.69,87.12,65.34,entsoe.eu,false,""
2024-06-24T18:00:00.000000,Spain,Spain,ES,90.43,128.24,80.83,57.59,entsoe.eu,false,""
2024-06-24T19:00:00.000000,Spain,Spain,ES,115.35,156.08,75.18,47.83,entsoe.eu,false,""
2024-06-24T20:00:00.000000,Spain,Spain,ES,113.4,153.57,75.34,45.77,entsoe.eu,false,""
2024-06-24T21:00:00.000000,Spain,Spain,ES,108.77,147.77,76.61,47.24,entsoe.eu,false,""
2024-06-24T22:00:00.000000,Spain,Spain,ES,98.41,134.83,79.17,46.83,entsoe.eu,false,""
2024-06-24T23:00:00.000000,Spain,Spain,ES,92.46,127.47,80.8,46.56,entsoe.eu,false,""
2024-06-25T00:00:00.000000,Spain,Spain,ES,97.13,133.55,79.9,44.68,entsoe.eu,false,""
2024-06-25T01:00:00.000000,Spain,Spain,ES,100.91,138.11,79.18,43.04,entsoe.eu,false,""
2024-06-25T02:00:00.000000,Spain,Spain,ES,101.3,138.64,79.09,42.5,entsoe.eu,false,""
2024-06-25T03:00:00.000000,Spain,Spain,ES,104.53,142.54,78.29,42.35,entsoe.eu,false,""
2024-06-25T04:00:00.000000,Spain,Spain,ES,107.17,145.79,77.38,42.32,entsoe.eu,false,""
2024-06-25T05:00:00.000000,Spain,Spain,ES,107.41,145.83,77.37,44.35,entsoe.eu,false,""
2024-06-25T06:00:00.000000,Spain,Spain,ES,99.96,139.57,78.89,52.48,entsoe.eu,false,""
2024-06-25T07:00:00.000000,Spain,Spain,ES,72.36,108.87,85.02,61.64,entsoe.eu,false,""
2024-06-25T08:00:00.000000,Spain,Spain,ES,51.59,84.19,90.05,67.37,entsoe.eu,false,""
2024-06-25T09:00:00.000000,Spain,Spain,ES,44.19,75.42,91.79,68.96,entsoe.eu,false,""
2024-06-25T10:00:00.000000,Spain,Spain,ES,43.78,75.01,91.81,68.89,entsoe.eu,false,""
2024-06-25T11:00:00.000000,Spain,Spain,ES,43.2,74.09,91.94,69.14,entsoe.eu,false,""
2024-06-25T12:00:00.000000,Spain,Spain,ES,42.3,73.3,91.83,68.87,entsoe.eu,false,""
2024-06-25T13:00:00.000000,Spain,Spain,ES,42.17,73.25,91.73,69.69,entsoe.eu,false,""
2024-06-25T14:00:00.000000,Spain,Spain,ES,41.36,71.91,91.96,69.81,entsoe.eu,false,""
2024-06-25T15:00:00.000000,Spain,Spain,ES,45.58,77.21,90.99,70.5,entsoe.eu,false,""
2024-06-25T16:00:00.000000,Spain,Spain,ES,52.5,85.1,89.37,69.18,entsoe.eu,false,""
2024-06-25T17:00:00.000000,Spain,Spain,ES,75.24,111.74,84.04,63.33,entsoe.eu,false,""
2024-06-25T18:00:00.000000,Spain,Spain,ES,101.12,141.88,78.04,55.55,entsoe.eu,false,""
2024-06-25T19:00:00.000000,Spain,Spain,ES,112.72,153.84,75.3,48.3,entsoe.eu,false,""
2024-06-25T20:00:00.000000,Spain,Spain,ES,112.03,152.65,75.37,47.59,entsoe.eu,false,""
2024-06-25T21:00:00.000000,Spain,Spain,ES,111.01,151.68,75.69,46.85,entsoe.eu,false,""
2024-06-25T22:00:00.000000,Spain,Spain,ES,103.74,142.93,77.57,47.09,entsoe.eu,false,""
2024-06-25T23:00:00.000000,Spain,Spain,ES,104.5,144.27,77.53,46.8,entsoe.eu,false,""
2024-06-26T00:00:00.000000,Spain,Spain,ES,104.54,144.38,77.59,46.13,entsoe.eu,false,""
2024-06-26T01:00:00.000000,Spain,Spain,ES,105.66,145.46,77.48,45.56,entsoe.eu,false,""
2024-06-26T02:00:00.000000,Spain,Spain,ES,99.15,137.59,78.72,46.39,entsoe.eu,false,""
2024-06-26T03:00:00.000000,Spain,Spain,ES,107.2,147.11,77.17,44.97,entsoe.eu,false,""
2024-06-26T04:00:00.000000,Spain,Spain,ES,112.84,154.19,75.51,44.68,entsoe.eu,false,""
2024-06-26T05:00:00.000000,Spain,Spain,ES,116.17,158.4,74.61,45.37,entsoe.eu,false,""
2024-06-26T06:00:00.000000,Spain,Spain,ES,103.58,144.07,77.44,51.53,entsoe.eu,false,""
2024-06-26T07:00:00.000000,Spain,Spain,ES,79.14,115.51,83.16,57.35,entsoe.eu,false,""
2024-06-26T08:00:00.000000,Spain,Spain,ES,63.75,97.77,87.04,61.64,entsoe.eu,false,""
2024-06-26T09:00:00.000000,Spain,Spain,ES,55.91,88.76,89.03,64.27,entsoe.eu,false,""
2024-06-26T10:00:00.000000,Spain,Spain,ES,52.59,84.86,89.77,65.94,entsoe.eu,false,""
2024-06-26T11:00:00.000000,Spain,Spain,ES,52.3,84.68,89.76,66.7,entsoe.eu,false,""
2024-06-26T12:00:00.000000,Spain,Spain,ES,50.31,82.51,89.99,67.36,entsoe.eu,false,""
2024-06-26T13:00:00.000000,Spain,Spain,ES,48.84,80.52,90.25,67.26,entsoe.eu,false,""
2024-06-26T14:00:00.000000,Spain,Spain,ES,49.28,80.56,90.19,67.03,entsoe.eu,false,""
2024-06-26T15:00:00.000000,Spain,Spain,ES,59.42,92.89,87.67,64.37,entsoe.eu,false,""
2024-06-26T16:00:00.000000,Spain,Spain,ES,80.89,118.45,82.61,61.14,entsoe.eu,false,""
2024-06-26T17:00:00.000000,Spain,Spain,ES,92.04,130.93,80.05,58.48,entsoe.eu,false,""
2024-06-26T18:00:00.000000,Spain,Spain,ES,108.53,150.47,76.14,53.49,entsoe.eu,false,""
2024-06-26T19:00:00.000000,Spain,Spain,ES,122.92,166.82,72.72,45.58,entsoe.eu,false,""
2024-06-26T20:00:00.000000,Spain,Spain,ES,123.74,167.25,72.58,43.68,entsoe.eu,false,""
2024-06-26T21:00:00.000000,Spain,Spain,ES,115.27,156.71,74.74,44.65,entsoe.eu,false,""
2024-06-26T22:00:00.000000,Spain,Spain,ES,114.26,156.02,75.01,43.18,entsoe.eu,false,""
2024-06-26T23:00:00.000000,Spain,Spain,ES,117.36,160.0,74.38,41.36,entsoe.eu,false,""
2024-06-27T00:00:00.000000,Spain,Spain,ES,120.92,164.69,73.6,38.91,entsoe.eu,false,""
2024-06-27T01:00:00.000000,Spain,Spain,ES,124.76,169.69,72.85,36.79,entsoe.eu,false,""
2024-06-27T02:00:00.000000,Spain,Spain,ES,129.06,175.27,71.84,35.38,entsoe.eu,false,""
2024-06-27T03:00:00.000000,Spain,Spain,ES,138.73,187.5,69.39,33.11,entsoe.eu,false,""
2024-06-27T04:00:00.000000,Spain,Spain,ES,141.82,191.13,68.54,33.48,entsoe.eu,false,""
2024-06-27T05:00:00.000000,Spain,Spain,ES,141.09,189.68,68.74,35.95,entsoe.eu,false,""
2024-06-27T06:00:00.000000,Spain,Spain,ES,127.89,174.17,71.69,42.7,entsoe.eu,false,""
2024-06-27T07:00:00.000000,Spain,Spain,ES,108.64,151.86,76.15,48.7,entsoe.eu,false,""
2024-06-27T08:00:00.000000,Spain,Spain,ES,84.26,122.16,82.24,55.68,entsoe.eu,false,""
2024-06-27T09:00:00.000000,Spain,Spain,ES,65.09,98.98,86.94,61.3,entsoe.eu,false,""
2024-06-27T10:00:00.000000,Spain,Spain,ES,52.8,84.59,89.73,65.54,entsoe.eu,false,""
2024-06-27T11:00:00.000000,Spain,Spain,ES,50.65,82.37,90.12,67.53,entsoe.eu,false,""
2024-06-27T12:00:00.000000,Spain,Spain,ES,47.51,78.85,90.6,68.57,entsoe.eu,false,""
2024-06-27T13:00:00.000000,Spain,Spain,ES,44.65,75.5,91.13,68.94,entsoe.eu,false,""
2024-06-27T14:00:00.000000,Spain,Spain,ES,42.45,72.66,91.66,69.34,entsoe.eu,false,""
2024-06-27T15:00:00.000000,Spain,Spain,ES,45.15,75.41,91.0,68.6,entsoe.eu,false,""
2024-06-27T16:00:00.000000,Spain,Spain,ES,54.41,86.09,88.79,67.03,entsoe.eu,false,""
2024-06-27T17:00:00.000000,Spain,Spain,ES,67.47,101.33,85.73,62.9,entsoe.eu,false,""
2024-06-27T18:00:00.000000,Spain,Spain,ES,86.07,123.14,81.25,56.91,entsoe.eu,false,""
2024-06-27T19:00:00.000000,Spain,Spain,ES,97.9,135.94,78.51,52.75,entsoe.eu,false,""
2024-06-27T20:00:00.000000,Spain,Spain,ES,98.64,136.49,78.4,52.06,entsoe.eu,false,""
2024-06-27T21:00:00.000000,Spain,Spain,ES,95.64,132.83,79.25,51.3,entsoe.eu,false,""
2024-06-27T22:00:00.000000,Spain,Spain,ES,92.45,129.04,80.19,49.91,entsoe.eu,false,""
2024-06-27T23:00:00.000000,Spain,Spain,ES,95.92,133.8,79.48,47.56,entsoe.eu,false,""
2024-06-28T00:00:00.000000,Spain,Spain,ES,99.52,138.45,78.88,45.78,entsoe.eu,false,""
2024-06-28T01:00:00.000000,Spain,Spain,ES,100.03,139.73,78.56,45.5,entsoe.eu,false,""
2024-06-28T02:00:00.000000,Spain,Spain,ES,101.47,141.4,78.26,44.36,entsoe.eu,false,""
2024-06-28T03:00:00.000000,Spain,Spain,ES,101.98,141.84,78.2,44.43,entsoe.eu,false,""
2024-06-28T04:00:00.000000,Spain,Spain,ES,104.29,144.72,77.44,44.92,entsoe.eu,false,""
2024-06-28T05:00:00.000000,Spain,Spain,ES,103.85,143.75,77.52,46.92,entsoe.eu,false,""
2024-06-28T06:00:00.000000,Spain,Spain,ES,94.83,133.48,79.65,51.09,entsoe.eu,false,""
2024-06-28T07:00:00.000000,Spain,Spain,ES,77.95,114.1,83.39,56.86,entsoe.eu,false,""
2024-06-28T08:00:00.000000,Spain,Spain,ES,66.68,100.62,86.34,60.76,entsoe.eu,false,""
2024-06-28T09:00:00.000000,Spain,Spain,ES,62.79,96.04,87.43,62.41,entsoe.eu,false,""
2024-06-28T10:00:00.000000,Spain,Spain,ES,59.59,92.15,88.11,63.74,entsoe.eu,false,""
2024-06-28T11:00:00.000000,Spain,Spain,ES,53.37,84.87,89.59,66.14,entsoe.eu,false,""
2024-06-28T12:00:00.000000,Spain,Spain,ES,50.69,81.75,89.84,66.48,entsoe.eu,false,""
2024-06-28T13:00:00.000000,Spain,Spain,ES,49.45,80.11,90.09,67.12,entsoe.eu,false,""
2024-06-28T14:00:00.000000,Spain,Spain,ES,45.12,74.94,91.08,68.87,entsoe.eu,false,""
2024-06-28T15:00:00.000000,Spain,Spain,ES,46.86,76.84,90.66,68.62,entsoe.eu,false,""
2024-06-28T16:00:00.000000,Spain,Spain,ES,52.29,82.9,89.36,67.58,entsoe.eu,false,""
2024-06-28T17:00:00.000000,Spain,Spain,ES,72.2,106.99,84.64,63.92,entsoe.eu,false,""
2024-06-28T18:00:00.000000,Spain,Spain,ES,97.46,136.21,78.75,56.97,entsoe.eu,false,""
2024-06-28T19:00:00.000000,Spain,Spain,ES,97.74,135.66,78.73,53.15,entsoe.eu,false,""
2024-06-28T20:00:00.000000,Spain,Spain,ES,92.73,129.07,80.06,54.29,entsoe.eu,false,""
2024-06-28T21:00:00.000000,Spain,Spain,ES,92.98,130.03,80.09,53.87,entsoe.eu,false,""
2024-06-28T22:00:00.000000,Spain,Spain,ES,88.58,124.7,81.17,51.3,entsoe.eu,false,""
2024-06-28T23:00:00.000000,Spain,Spain,ES,81.76,116.22,82.95,51.03,entsoe.eu,false,""
2024-06-29T00:00:00.000000,Spain,Spain,ES,82.89,117.85,82.74,50.84,entsoe.eu,false,""
2024-06-29T01:00:00.000000,Spain,Spain,ES,84.87,120.23,82.38,49.47,entsoe.eu,false,""
2024-06-29T02:00:00.000000,Spain,Spain,ES,93.54,131.6,80.27,47.36,entsoe.eu,false,""
2024-06-29T03:00:00.000000,Spain,Spain,ES,102.01,142.11,78.33,44.27,entsoe.eu,false,""
2024-06-29T04:00:00.000000,Spain,Spain,ES,107.22,148.15,77.17,42.95,entsoe.eu,false,""
2024-06-29T05:00:00.000000,Spain,Spain,ES,107.68,148.16,77.37,42.79,entsoe.eu,false,""
2024-06-29T06:00:00.000000,Spain,Spain,ES,90.91,128.69,80.96,47.73,entsoe.eu,false,""
2024-06-29T07:00:00.000000,Spain,Spain,ES,67.2,100.26,86.34,55.72,entsoe.eu,false,""
2024-06-29T08:00:00.000000,Spain,Spain,ES,63.59,96.43,87.34,59.07,entsoe.eu,false,""
2024-06-29T09:00:00.000000,Spain,Spain,ES,57.34,88.58,88.89,62.5,entsoe.eu,false,""
2024-06-29T10:00:00.000000,Spain,Spain,ES,52.49,82.66,89.99,64.4,entsoe.eu,false,""
2024-06-29T11:00:00.000000,Spain,Spain,ES,49.02,78.86,90.86,65.72,entsoe.eu,false,""
2024-06-29T12:00:00.000000,Spain,Spain,ES,46.56,76.97,90.97,66.93,entsoe.eu,false,""
2024-06-29T13:00:00.000000,Spain,Spain,ES,45.64,76.16,91.17,67.71,entsoe.eu,false,""
2024-06-29T14:00:00.000000,Spain,Spain,ES,47.21,78.05,90.84,67.94,entsoe.eu,false,""
2024-06-29T15:00:00.000000,Spain,Spain,ES,48.11,78.56,90.74,67.32,entsoe.eu,false,""
2024-06-29T16:00:00.000000,Spain,Spain,ES,50.96,81.64,90.11,63.98,entsoe.eu,false,""
2024-06-29T17:00:00.000000,Spain,Spain,ES,60.17,92.53,87.93,59.83,entsoe.eu,false,""
2024-06-29T18:00:00.000000,Spain,Spain,ES,85.19,121.47,82.24,51.07,entsoe.eu,false,""
2024-06-29T19:00:00.000000,Spain,Spain,ES,102.88,141.55,78.12,44.87,entsoe.eu,false,""
2024-06-29T20:00:00.000000,Spain,Spain,ES,105.13,143.89,77.55,43.88,entsoe.eu,false,""
2024-06-29T21:00:00.000000,Spain,Spain,ES,103.81,142.35,78.0,43.14,entsoe.eu,false,""
2024-06-29T22:00:00.000000,Spain,Spain,ES,112.68,154.07,75.95,39.31,entsoe.eu,false,""
2024-06-29T23:00:00.000000,Spain,Spain,ES,117.18,159.8,75.18,37.43,entsoe.eu,false,""
2024-06-30T00:00:00.000000,Spain,Spain,ES,120.47,163.68,74.82,35.81,entsoe.eu,false,""
2024-06-30T01:00:00.000000,Spain,Spain,ES,120.85,164.0,74.93,34.8,entsoe.eu,false,""
2024-06-30T02:00:00.000000,Spain,Spain,ES,121.35,164.94,74.7,34.0,entsoe.eu,false,""
2024-06-30T03:00:00.000000,Spain,Spain,ES,125.11,169.37,73.95,33.56,entsoe.eu,false,""
2024-06-30T04:00:00.000000,Spain,Spain,ES,128.47,173.58,73.05,33.03,entsoe.eu,false,""
2024-06-30T05:00:00.000000,Spain,Spain,ES,129.74,175.26,72.73,33.21,entsoe.eu,false,""
2024-06-30T06:00:00.000000,Spain,Spain,ES,114.47,159.07,75.56,38.99,entsoe.eu,false,""
2024-06-30T07:00:00.000000,Spain,Spain,ES,84.94,124.66,82.39,49.43,entsoe.eu,false,""
2024-06-30T08:00:00.000000,Spain,Spain,ES,63.51,99.3,87.26,57.64,entsoe.eu,false,""
2024-06-30T09:00:00.000000,Spain,Spain,ES,50.64,83.98,90.18,62.46,entsoe.eu,false,""
2024-06-30T10:00:00.000000,Spain,Spain,ES,47.21,80.09,90.86,64.19,entsoe.eu,false,""
2024-06-30T11:00:00.000000,Spain,Spain,ES,46.53,79.18,91.04,64.59,entsoe.eu,false,""
2024-06-30T12:00:00.000000,Spain,Spain,ES,44.73,77.09,91.41,66.4,entsoe.eu,false,""
2024-06-30T13:00:00.000000,Spain,Spain,ES,46.02,78.51,91.2,66.92,entsoe.eu,false,""
2024-06-30T14:00:00.000000,Spain,Spain,ES,47.75,80.46,90.92,67.37,entsoe.eu,false,""
2024-06-30T15:00:00.000000,Spain,Spain,ES,48.11,80.31,90.9,66.63,entsoe.eu,false,""
2024-06-30T16:00:00.000000,Spain,Spain,ES,50.68,82.98,90.27,63.79,entsoe.eu,false,""
2024-06-30T17:00:00.000000,Spain,Spain,ES,62.28,96.98,87.46,61.82,entsoe.eu,false,""
2024-06-30T18:00:00.000000,Spain,Spain,ES,79.47,115.37,83.81,55.1,entsoe.eu,false,""
2024-06-30T19:00:00.000000,Spain,Spain,ES,87.3,122.81,81.92,50.56,entsoe.eu,false,""
2024-06-30T20:00:00.000000,Spain,Spain,ES,86.12,121.05,81.84,50.32,entsoe.eu,false,""
2024-06-30T21:00:00.000000,Spain,Spain,ES,86.4,121.54,81.88,49.83,entsoe.eu,false,""
2024-06-30T22:00:00.000000,Spain,Spain,ES,91.1,127.15,81.3,49.87,entsoe.eu,false,""
2024-06-30T23:00:00.000000,Spain,Spain,ES,87.75,122.97,82.3,47.75,entsoe.eu,false,""
2024-07-01T00:00:00.000000,Spain,Spain,ES,88.47,124.2,82.15,46.36,entsoe.eu,false,""
2024-07-01T01:00:00.000000,Spain,Spain,ES,89.25,125.05,82.08,45.75,entsoe.eu,false,""
2024-07-01T02:00:00.000000,Spain,Spain,ES,86.8,122.22,82.47,46.97,entsoe.eu,false,""
2024-07-01T03:00:00.000000,Spain,Spain,ES,87.93,123.57,82.14,47.46,entsoe.eu,false,""
2024-07-01T04:00:00.000000,Spain,Spain,ES,85.37,120.03,82.65,49.91,entsoe.eu,false,""
2024-07-01T05:00:00.000000,Spain,Spain,ES,89.73,124.79,81.67,53.32,entsoe.eu,false,""
2024-07-01T06:00:00.000000,Spain,Spain,ES,81.3,115.75,83.4,59.04,entsoe.eu,false,""
2024-07-01T07:00:00.000000,Spain,Spain,ES,55.77,87.53,88.78,67.31,entsoe.eu,false,""
2024-07-01T08:00:00.000000,Spain,Spain,ES,47.24,77.93,90.92,70.98,entsoe.eu,false,""
2024-07-01T09:00:00.000000,Spain,Spain,ES,48.56,79.71,90.91,71.07,entsoe.eu,false,""
2024-07-01T10:00:00.000000,Spain,Spain,ES,48.21,79.45,91.01,71.22,entsoe.eu,false,""
2024-07-01T11:00:00.000000,Spain,Spain,ES,43.65,74.73,91.45,71.99,entsoe.eu,false,""
2024-07-01T12:00:00.000000,Spain,Spain,ES,43.06,74.03,91.55,72.12,entsoe.eu,false,""
2024-07-01T13:00:00.000000,Spain,Spain,ES,43.43,74.39,91.45,72.08,entsoe.eu,false,""
2024-07-01T14:00:00.000000,Spain,Spain,ES,43.5,74.21,91.43,71.98,entsoe.eu,false,""
2024-07-01T15:00:00.000000,Spain,Spain,ES,43.73,74.28,91.4,71.84,entsoe.eu,false,""
2024-07-01T16:00:00.000000,Spain,Spain,ES,45.96,76.86,90.88,71.17,entsoe.eu,false,""
2024-07-01T17:00:00.000000,Spain,Spain,ES,53.03,85.03,89.2,69.35,entsoe.eu,false,""
2024-07-01T18:00:00.000000,Spain,Spain,ES,73.05,108.35,84.47,61.07,entsoe.eu,false,""
2024-07-01T19:00:00.000000,Spain,Spain,ES,87.82,123.31,81.18,54.44,entsoe.eu,false,""
2024-07-01T20:00:00.000000,Spain,Spain,ES,99.04,136.34,78.58,53.62,entsoe.eu,false,""
2024-07-01T21:00:00.000000,Spain,Spain,ES,94.53,130.76,79.76,55.07,entsoe.eu,false,""
2024-07-01T22:00:00.000000,Spain,Spain,ES,79.86,112.84,83.42,54.58,entsoe.eu,false,""
2024-07-01T23:00:00.000000,Spain,Spain,ES,72.49,104.01,85.19,53.19,entsoe.eu,false,""
2024-07-02T00:00:00.000000,Spain,Spain,ES,72.48,104.32,85.21,52.16,entsoe.eu,false,""
2024-07-02T01:00:00.000000,Spain,Spain,ES,75.88,108.47,84.58,51.07,entsoe.eu,false,""
2024-07-02T02:00:00.000000,Spain,Spain,ES,75.76,108.75,84.5,50.68,entsoe.eu,false,""
2024-07-02T03:00:00.000000,Spain,Spain,ES,75.35,108.05,84.59,50.54,entsoe.eu,false,""
2024-07-02T04:00:00.000000,Spain,Spain,ES,76.72,109.03,84.26,51.03,entsoe.eu,false,""
2024-07-02T05:00:00.000000,Spain,Spain,ES,85.56,119.61,82.19,54.1,entsoe.eu,false,""
2024-07-02T06:00:00.000000,Spain,Spain,ES,72.03,104.88,85.14,61.3,entsoe.eu,false,""
2024-07-02T07:00:00.000000,Spain,Spain,ES,51.04,82.07,89.78,68.7,entsoe.eu,false,""
2024-07-02T08:00:00.000000,Spain,Spain,ES,44.04,74.67,91.57,71.81,entsoe.eu,false,""
2024-07-02T09:00:00.000000,Spain,Spain,ES,43.37,73.97,91.82,72.35,entsoe.eu,false,""
2024-07-02T10:00:00.000000,Spain,Spain,ES,43.63,73.96,91.88,73.04,entsoe.eu,false,""
2024-07-02T11:00:00.000000,Spain,Spain,ES,43.34,73.63,92.03,73.45,entsoe.eu,false,""
2024-07-02T12:00:00.000000,Spain,Spain,ES,43.51,73.95,91.94,73.65,entsoe.eu,false,""
2024-07-02T13:00:00.000000,Spain,Spain,ES,43.07,73.45,91.82,73.28,entsoe.eu,false,""
2024-07-02T14:00:00.000000,Spain,Spain,ES,45.61,76.48,91.14,72.33,entsoe.eu,false,""
2024-07-02T15:00:00.000000,Spain,Spain,ES,47.33,78.62,90.71,72.09,entsoe.eu,false,""
2024-07-02T16:00:00.000000,Spain,Spain,ES,50.72,82.52,89.97,71.38,entsoe.eu,false,""
2024-07-02T17:00:00.000000,Spain,Spain,ES,58.45,91.93,87.73,68.85,entsoe.eu,false,""
2024-07-02T18:00:00.000000,Spain,Spain,ES,77.96,113.57,83.3,62.35,entsoe.eu,false,""
2024-07-02T19:00:00.000000,Spain,Spain,ES,104.25,143.38,77.24,53.94,entsoe.eu,false,""
2024-07-02T20:00:00.000000,Spain,Spain,ES,109.39,149.41,76.02,51.66,entsoe.eu,false,""
2024-07-02T21:00:00.000000,Spain,Spain,ES,102.68,141.02,77.73,53.0,entsoe.eu,false,""
2024-07-02T22:00:00.000000,Spain,Spain,ES,91.96,127.95,80.44,51.08,entsoe.eu,false,""
2024-07-02T23:00:00.000000,Spain,Spain,ES,88.21,123.35,81.49,49.42,entsoe.eu,false,""
2024-07-03T00:00:00.000000,Spain,Spain,ES,88.03,123.43,81.59,47.82,entsoe.eu,false,""
2024-07-03T01:00:00.000000,Spain,Spain,ES,87.31,122.76,81.85,47.22,entsoe.eu,false,""
2024-07-03T02:00:00.000000,Spain,Spain,ES,88.38,124.34,81.6,46.57,entsoe.eu,false,""
2024-07-03T03:00:00.000000,Spain,Spain,ES,88.1,124.19,81.57,46.93,entsoe.eu,false,""
2024-07-03T04:00:00.000000,Spain,Spain,ES,91.11,127.51,80.8,47.78,entsoe.eu,false,""
2024-07-03T05:00:00.000000,Spain,Spain,ES,92.11,128.14,80.72,48.93,entsoe.eu,false,""
2024-07-03T06:00:00.000000,Spain,Spain,ES,83.9,120.11,82.52,56.22,entsoe.eu,false,""
2024-07-03T07:00:00.000000,Spain,Spain,ES,61.67,95.68,87.46,65.01,entsoe.eu,false,""
2024-07-03T08:00:00.000000,Spain,Spain,ES,50.15,82.57,90.35,69.74,entsoe.eu,false,""
2024-07-03T09:00:00.000000,Spain,Spain,ES,47.34,79.24,91.02,71.18,entsoe.eu,false,""
2024-07-03T10:00:00.000000,Spain,Spain,ES,45.08,76.29,91.74,72.17,entsoe.eu,false,""
2024-07-03T11:00:00.000000,Spain,Spain,ES,43.09,73.71,92.21,72.7,entsoe.eu,false,""
2024-07-03T12:00:00.000000,Spain,Spain,ES,41.53,71.78,92.51,73.62,entsoe.eu,false,""
2024-07-03T13:00:00.000000,Spain,Spain,ES,42.28,72.87,92.1,73.38,entsoe.eu,false,""
2024-07-03T14:00:00.000000,Spain,Spain,ES,42.16,73.0,91.98,73.34,entsoe.eu,false,""
2024-07-03T15:00:00.000000,Spain,Spain,ES,44.53,75.64,91.45,72.72,entsoe.eu,false,""
2024-07-03T16:00:00.000000,Spain,Spain,ES,46.05,77.19,91.14,71.9,entsoe.eu,false,""
2024-07-03T17:00:00.000000,Spain,Spain,ES,56.16,89.44,88.39,67.12,entsoe.eu,false,""
2024-07-03T18:00:00.000000,Spain,Spain,ES,84.83,122.92,81.58,57.53,entsoe.eu,false,""
2024-07-03T19:00:00.000000,Spain,Spain,ES,109.62,150.73,75.84,49.51,entsoe.eu,false,""
2024-07-03T20:00:00.000000,Spain,Spain,ES,113.16,154.44,75.07,48.17,entsoe.eu,false,""
2024-07-03T21:00:00.000000,Spain,Spain,ES,105.63,145.14,76.98,49.04,entsoe.eu,false,""
2024-07-03T22:00:00.000000,Spain,Spain,ES,88.7,123.99,81.22,51.8,entsoe.eu,false,""
2024-07-03T23:00:00.000000,Spain,Spain,ES,80.59,113.8,83.36,52.22,entsoe.eu,false,""
2024-07-04T00:00:00.000000,Spain,Spain,ES,84.55,118.97,82.58,50.09,entsoe.eu,false,""
2024-07-04T01:00:00.000000,Spain,Spain,ES,87.0,122.19,82.09,48.27,entsoe.eu,false,""
2024-07-04T02:00:00.000000,Spain,Spain,ES,85.99,121.08,82.3,48.12,entsoe.eu,false,""
2024-07-04T03:00:00.000000,Spain,Spain,ES,88.7,124.38,81.66,47.14,entsoe.eu,false,""
2024-07-04T04:00:00.000000,Spain,Spain,ES,95.16,132.01,80.12,47.16,entsoe.eu,false,""
2024-07-04T05:00:00.000000,Spain,Spain,ES,92.32,128.37,80.63,49.08,entsoe.eu,false,""
2024-07-04T06:00:00.000000,Spain,Spain,ES,71.06,104.54,85.39,57.19,entsoe.eu,false,""
2024-07-04T07:00:00.000000,Spain,Spain,ES,48.37,79.7,90.46,65.36,entsoe.eu,false,""
2024-07-04T08:00:00.000000,Spain,Spain,ES,35.55,64.38,93.62,70.32,entsoe.eu,false,""
2024-07-04T09:00:00.000000,Spain,Spain,ES,34.58,63.37,93.92,71.65,entsoe.eu,false,""
2024-07-04T10:00:00.000000,Spain,Spain,ES,34.6,63.1,94.12,72.25,entsoe.eu,false,""
2024-07-04T11:00:00.000000,Spain,Spain,ES,35.57,64.23,93.95,72.32,entsoe.eu,false,""
2024-07-04T12:00:00.000000,Spain,Spain,ES,40.33,70.15,92.76,71.15,entsoe.eu,false,""
2024-07-04T13:00:00.000000,Spain,Spain,ES,42.51,72.98,92.02,70.0,entsoe.eu,false,""
2024-07-04T14:00:00.000000,Spain,Spain,ES,42.03,72.37,92.07,69.55,entsoe.eu,false,""
2024-07-04T15:00:00.000000,Spain,Spain,ES,43.08,73.53,91.85,69.74,entsoe.eu,false,""
2024-07-04T16:00:00.000000,Spain,Spain,ES,44.96,75.62,91.45,69.56,entsoe.eu,false,""
2024-07-04T17:00:00.000000,Spain,Spain,ES,58.35,91.81,87.82,65.48,entsoe.eu,false,""
2024-07-04T18:00:00.000000,Spain,Spain,ES,86.79,124.65,81.14,56.91,entsoe.eu,false,""
2024-07-04T19:00:00.000000,Spain,Spain,ES,118.29,161.72,73.62,48.56,entsoe.eu,false,""
2024-07-04T20:00:00.000000,Spain,Spain,ES,117.61,160.44,73.76,48.78,entsoe.eu,false,""
2024-07-04T21:00:00.000000,Spain,Spain,ES,106.15,146.18,76.61,50.89,entsoe.eu,false,""
2024-07-04T22:00:00.000000,Spain,Spain,ES,92.4,128.98,80.12,52.43,entsoe.eu,false,""
2024-07-04T23:00:00.000000,Spain,Spain,ES,88.82,124.96,81.15,52.18,entsoe.eu,false,""
2024-07-05T00:00:00.000000,Spain,Spain,ES,87.32,123.41,81.65,51.09,entsoe.eu,false,""
2024-07-05T01:00:00.000000,Spain,Spain,ES,92.51,129.88,80.52,48.98,entsoe.eu,false,""
2024-07-05T02:00:00.000000,Spain,Spain,ES,97.33,135.75,79.45,47.11,entsoe.eu,false,""
2024-07-05T03:00:00.000000,Spain,Spain,ES,106.4,146.61,77.54,44.9,entsoe.eu,false,""
2024-07-05T04:00:00.000000,Spain,Spain,ES,121.02,165.02,73.79,42.11,entsoe.eu,false,""
2024-07-05T05:00:00.000000,Spain,Spain,ES,116.76,159.0,74.84,43.71,entsoe.eu,false,""
2024-07-05T06:00:00.000000,Spain,Spain,ES,90.72,128.8,80.69,51.86,entsoe.eu,false,""
2024-07-05T07:00:00.000000,Spain,Spain,ES,60.34,94.11,87.66,61.87,entsoe.eu,false,""
2024-07-05T08:00:00.000000,Spain,Spain,ES,42.95,73.45,91.92,68.15,entsoe.eu,false,""
2024-07-05T09:00:00.000000,Spain,Spain,ES,39.13,68.93,92.82,70.91,entsoe.eu,false,""
2024-07-05T10:00:00.000000,Spain,Spain,ES,37.25,66.39,93.39,72.17,entsoe.eu,false,""
2024-07-05T11:00:00.000000,Spain,Spain,ES,36.45,65.23,93.66,73.21,entsoe.eu,false,""
2024-07-05T12:00:00.000000,Spain,Spain,ES,36.27,64.76,93.66,73.18,entsoe.eu,false,""
2024-07-05T13:00:00.000000,Spain,Spain,ES,35.18,63.42,93.72,72.98,entsoe.eu,false,""
2024-07-05T14:00:00.000000,Spain,Spain,ES,36.26,64.63,93.37,72.72,entsoe.eu,false,""
2024-07-05T15:00:00.000000,Spain,Spain,ES,40.48,69.79,92.38,72.91,entsoe.eu,false,""
2024-07-05T16:00:00.000000,Spain,Spain,ES,50.17,81.79,90.14,71.3,entsoe.eu,false,""
2024-07-05T17:00:00.000000,Spain,Spain,ES,70.48,105.91,85.08,65.77,entsoe.eu,false,""
2024-07-05T18:00:00.000000,Spain,Spain,ES,86.74,123.92,81.29,58.75,entsoe.eu,false,""
2024-07-05T19:00:00.000000,Spain,Spain,ES,100.19,138.34,78.48,51.92,entsoe.eu,false,""
2024-07-05T20:00:00.000000,Spain,Spain,ES,102.7,140.29,78.34,50.49,entsoe.eu,false,""
2024-07-05T21:00:00.000000,Spain,Spain,ES,108.73,147.52,77.3,48.05,entsoe.eu,false,""
2024-07-05T22:00:00.000000,Spain,Spain,ES,101.4,138.01,79.67,48.22,entsoe.eu,false,""
2024-07-05T23:00:00.000000,Spain,Spain,ES,95.33,130.37,81.56,48.81,entsoe.eu,false,""
2024-07-06T00:00:00.000000,Spain,Spain,ES,91.66,127.66,81.51,46.39,entsoe.eu,false,""
2024-07-06T01:00:00.000000,Spain,Spain,ES,93.18,130.89,80.29,45.84,entsoe.eu,false,""
2024-07-06T02:00:00.000000,Spain,Spain,ES,89.17,126.29,81.25,45.9,entsoe.eu,false,""
2024-07-06T03:00:00.000000,Spain,Spain,ES,94.95,133.68,80.06,44.69,entsoe.eu,false,""
2024-07-06T04:00:00.000000,Spain,Spain,ES,96.91,135.35,79.68,44.39,entsoe.eu,false,""
2024-07-06T05:00:00.000000,Spain,Spain,ES,90.16,127.07,81.02,45.87,entsoe.eu,false,""
2024-07-06T06:00:00.000000,Spain,Spain,ES,69.12,103.42,85.5,53.34,entsoe.eu,false,""
2024-07-06T07:00:00.000000,Spain,Spain,ES,50.89,82.38,89.86,61.82,entsoe.eu,false,""
2024-07-06T08:00:00.000000,Spain,Spain,ES,37.26,66.55,92.92,67.39,entsoe.eu,false,""
2024-07-06T09:00:00.000000,Spain,Spain,ES,35.46,64.9,93.29,68.65,entsoe.eu,false,""
2024-07-06T10:00:00.000000,Spain,Spain,ES,33.92,62.77,93.62,69.57,entsoe.eu,false,""
2024-07-06T11:00:00.000000,Spain,Spain,ES,33.2,61.89,93.77,70.37,entsoe.eu,false,""
2024-07-06T12:00:00.000000,Spain,Spain,ES,34.11,62.63,93.87,70.56,entsoe.eu,false,""
2024-07-06T13:00:00.000000,Spain,Spain,ES,36.85,65.85,93.3,69.63,entsoe.eu,false,""
2024-07-06T14:00:00.000000,Spain,Spain,ES,36.55,65.33,93.43,68.15,entsoe.eu,false,""
2024-07-06T15:00:00.000000,Spain,Spain,ES,36.71,65.49,93.18,67.89,entsoe.eu,false,""
2024-07-06T16:00:00.000000,Spain,Spain,ES,38.83,68.02,92.35,67.39,entsoe.eu,false,""
2024-07-06T17:00:00.000000,Spain,Spain,ES,40.56,69.67,91.83,69.56,entsoe.eu,false,""
2024-07-06T18:00:00.000000,Spain,Spain,ES,44.26,72.67,90.96,66.64,entsoe.eu,false,""
2024-07-06T19:00:00.000000,Spain,Spain,ES,53.4,82.0,88.98,61.17,entsoe.eu,false,""
2024-07-06T20:00:00.000000,Spain,Spain,ES,63.34,93.03,86.73,57.87,entsoe.eu,false,""
2024-07-06T21:00:00.000000,Spain,Spain,ES,60.13,89.04,87.55,57.55,entsoe.eu,false,""
2024-07-06T22:00:00.000000,Spain,Spain,ES,69.79,102.06,85.2,54.73,entsoe.eu,false,""
2024-07-06T23:00:00.000000,Spain,Spain,ES,72.59,105.66,84.58,53.31,entsoe.eu,false,""
2024-07-07T00:00:00.000000,Spain,Spain,ES,74.88,108.82,84.1,51.75,entsoe.eu,false,""
2024-07-07T01:00:00.000000,Spain,Spain,ES,78.76,113.9,83.29,48.94,entsoe.eu,false,""
2024-07-07T02:00:00.000000,Spain,Spain,ES,82.18,117.87,82.72,47.01,entsoe.eu,false,""
2024-07-07T03:00:00.000000,Spain,Spain,ES,84.76,121.59,82.02,45.68,entsoe.eu,false,""
2024-07-07T04:00:00.000000,Spain,Spain,ES,90.85,129.11,80.63,44.06,entsoe.eu,false,""
2024-07-07T05:00:00.000000,Spain,Spain,ES,99.08,139.56,78.78,41.48,entsoe.eu,false,""
2024-07-07T06:00:00.000000,Spain,Spain,ES,80.16,118.17,82.87,49.04,entsoe.eu,false,""
2024-07-07T07:00:00.000000,Spain,Spain,ES,55.47,89.14,88.65,58.64,entsoe.eu,false,""
2024-07-07T08:00:00.000000,Spain,Spain,ES,45.57,77.45,90.97,61.86,entsoe.eu,false,""
2024-07-07T09:00:00.000000,Spain,Spain,ES,42.64,74.3,91.52,63.12,entsoe.eu,false,""
2024-07-07T10:00:00.000000,Spain,Spain,ES,42.5,74.47,91.54,63.63,entsoe.eu,false,""
2024-07-07T11:00:00.000000,Spain,Spain,ES,41.52,73.25,91.72,64.73,entsoe.eu,false,""
2024-07-07T12:00:00.000000,Spain,Spain,ES,40.75,72.08,91.91,65.13,entsoe.eu,false,""
2024-07-07T13:00:00.000000,Spain,Spain,ES,42.4,73.9,91.55,63.99,entsoe.eu,false,""
2024-07-07T14:00:00.000000,Spain,Spain,ES,44.02,75.86,91.26,64.07,entsoe.eu,false,""
2024-07-07T15:00:00.000000,Spain,Spain,ES,42.0,73.49,91.76,66.33,entsoe.eu,false,""
2024-07-07T16:00:00.000000,Spain,Spain,ES,41.76,73.18,91.78,67.72,entsoe.eu,false,""
2024-07-07T17:00:00.000000,Spain,Spain,ES,48.62,81.15,90.21,65.64,entsoe.eu,false,""
2024-07-07T18:00:00.000000,Spain,Spain,ES,64.86,98.96,86.44,57.54,entsoe.eu,false,""
2024-07-07T19:00:00.000000,Spain,Spain,ES,91.87,128.95,80.22,48.07,entsoe.eu,false,""
2024-07-07T20:00:00.000000,Spain,Spain,ES,100.71,139.1,78.03,46.48,entsoe.eu,false,""
2024-07-07T21:00:00.000000,Spain,Spain,ES,98.22,136.35,78.73,45.83,entsoe.eu,false,""
2024-07-07T22:00:00.000000,Spain,Spain,ES,95.6,133.28,79.52,44.97,entsoe.eu,false,""
2024-07-07T23:00:00.000000,Spain,Spain,ES,100.38,139.43,78.59,42.66,entsoe.eu,false,""
2024-07-08T00:00:00.000000,Spain,Spain,ES,105.56,145.78,77.74,41.48,entsoe.eu,false,""
2024-07-08T01:00:00.000000,Spain,Spain,ES,110.82,151.61,77.48,39.95,entsoe.eu,false,""
2024-07-08T02:00:00.000000,Spain,Spain,ES,116.96,158.26,76.91,38.99,entsoe.eu,false,""
2024-07-08T03:00:00.000000,Spain,Spain,ES,121.04,162.65,76.22,38.43,entsoe.eu,false,""
2024-07-08T04:00:00.000000,Spain,Spain,ES,120.92,162.42,75.51,39.89,entsoe.eu,false,""
2024-07-08T05:00:00.000000,Spain,Spain,ES,106.15,144.89,77.87,44.48,entsoe.eu,false,""
2024-07-08T06:00:00.000000,Spain,Spain,ES,90.84,127.87,81.37,51.96,entsoe.eu,false,""
2024-07-08T07:00:00.000000,Spain,Spain,ES,60.16,93.3,88.2,62.0,entsoe.eu,false,""
2024-07-08T08:00:00.000000,Spain,Spain,ES,45.5,76.31,91.58,67.52,entsoe.eu,false,""
2024-07-08T09:00:00.000000,Spain,Spain,ES,38.65,68.64,92.85,69.73,entsoe.eu,false,""
2024-07-08T10:00:00.000000,Spain,Spain,ES,35.96,65.69,93.24,70.67,entsoe.eu,false,""
2024-07-08T11:00:00.000000,Spain,Spain,ES,34.83,64.23,93.45,71.94,entsoe.eu,false,""
2024-07-08T12:00:00.000000,Spain,Spain,ES,38.12,68.29,92.61,72.98,entsoe.eu,false,""
2024-07-08T13:00:00.000000,Spain,Spain,ES,41.28,72.05,91.85,73.18,entsoe.eu,false,""
2024-07-08T14:00:00.000000,Spain,Spain,ES,41.24,71.96,91.87,73.25,entsoe.eu,false,""
2024-07-08T15:00:00.000000,Spain,Spain,ES,42.76,73.84,91.52,72.76,entsoe.eu,false,""
2024-07-08T16:00:00.000000,Spain,Spain,ES,45.92,77.0,91.01,72.29,entsoe.eu,false,""
2024-07-08T17:00:00.000000,Spain,Spain,ES,58.58,91.83,88.1,69.3,entsoe.eu,false,""
2024-07-08T18:00:00.000000,Spain,Spain,ES,82.07,118.8,82.67,61.84,entsoe.eu,false,""
2024-07-08T19:00:00.000000,Spain,Spain,ES,108.69,148.55,76.56,52.72,entsoe.eu,false,""
2024-07-08T20:00:00.000000,Spain,Spain,ES,111.92,152.09,75.79,50.02,entsoe.eu,false,""
2024-07-08T21:00:00.000000,Spain,Spain,ES,105.02,143.59,77.56,49.25,entsoe.eu,false,""
2024-07-08T22:00:00.000000,Spain,Spain,ES,88.09,122.8,81.52,51.05,entsoe.eu,false,""
2024-07-08T23:00:00.000000,Spain,Spain,ES,78.4,111.2,83.78,52.14,entsoe.eu,false,""
2024-07-09T00:00:00.000000,Spain,Spain,ES,80.4,114.16,83.43,50.75,entsoe.eu,false,""
2024-07-09T01:00:00.000000,Spain,Spain,ES,83.81,118.66,82.63,48.62,entsoe.eu,false,""
2024-07-09T02:00:00.000000,Spain,Spain,ES,85.23,120.28,82.24,48.28,entsoe.eu,false,""
2024-07-09T03:00:00.000000,Spain,Spain,ES,89.33,124.93,81.26,47.85,entsoe.eu,false,""
2024-07-09T04:00:00.000000,Spain,Spain,ES,97.34,135.05,79.28,46.95,entsoe.eu,false,""
2024-07-09T05:00:00.000000,Spain,Spain,ES,98.86,136.83,78.87,47.92,entsoe.eu,false,""
2024-07-09T06:00:00.000000,Spain,Spain,ES,89.01,126.32,80.99,53.7,entsoe.eu,false,""
2024-07-09T07:00:00.000000,Spain,Spain,ES,62.64,96.57,87.12,62.29,entsoe.eu,false,""
2024-07-09T08:00:00.000000,Spain,Spain,ES,44.98,76.14,91.27,67.46,entsoe.eu,false,""
2024-07-09T09:00:00.000000,Spain,Spain,ES,39.44,69.3,92.66,69.82,entsoe.eu,false,""
2024-07-09T10:00:00.000000,Spain,Spain,ES,38.61,68.03,92.91,70.95,entsoe.eu,false,""
2024-07-09T11:00:00.000000,Spain,Spain,ES,36.52,65.43,93.37,71.91,entsoe.eu,false,""
2024-07-09T12:00:00.000000,Spain,Spain,ES,37.34,66.38,93.14,72.02,entsoe.eu,false,""
2024-07-09T13:00:00.000000,Spain,Spain,ES,38.39,67.82,92.92,71.82,entsoe.eu,false,""
2024-07-09T14:00:00.000000,Spain,Spain,ES,42.0,72.36,92.07,71.8,entsoe.eu,false,""
2024-07-09T15:00:00.000000,Spain,Spain,ES,51.03,83.82,89.89,70.98,entsoe.eu,false,""
2024-07-09T16:00:00.000000,Spain,Spain,ES,62.67,97.91,87.14,68.18,entsoe.eu,false,""
2024-07-09T17:00:00.000000,Spain,Spain,ES,81.06,120.11,82.54,63.03,entsoe.eu,false,""
2024-07-09T18:00:00.000000,Spain,Spain,ES,111.34,155.79,75.27,53.11,entsoe.eu,false,""
2024-07-09T19:00:00.000000,Spain,Spain,ES,138.11,186.27,68.99,42.18,entsoe.eu,false,""
2024-07-09T20:00:00.000000,Spain,Spain,ES,145.41,194.84,67.31,39.12,entsoe.eu,false,""
2024-07-09T21:00:00.000000,Spain,Spain,ES,135.19,181.82,69.98,40.03,entsoe.eu,false,""
2024-07-09T22:00:00.000000,Spain,Spain,ES,133.19,179.55,70.5,39.02,entsoe.eu,false,""
2024-07-09T23:00:00.000000,Spain,Spain,ES,135.37,182.63,70.06,37.11,entsoe.eu,false,""
2024-07-10T00:00:00.000000,Spain,Spain,ES,132.88,179.65,70.86,36.12,entsoe.eu,false,""
2024-07-10T01:00:00.000000,Spain,Spain,ES,130.99,177.49,71.34,35.92,entsoe.eu,false,""
2024-07-10T02:00:00.000000,Spain,Spain,ES,132.19,178.96,71.09,35.24,entsoe.eu,false,""
2024-07-10T03:00:00.000000,Spain,Spain,ES,139.13,187.4,69.61,33.97,entsoe.eu,false,""
2024-07-10T04:00:00.000000,Spain,Spain,ES,144.11,193.39,68.13,34.36,entsoe.eu,false,""
2024-07-10T05:00:00.000000,Spain,Spain,ES,143.79,192.53,68.24,36.95,entsoe.eu,false,""
2024-07-10T06:00:00.000000,Spain,Spain,ES,121.05,166.32,73.43,46.82,entsoe.eu,false,""
2024-07-10T07:00:00.000000,Spain,Spain,ES,79.15,117.55,83.16,59.84,entsoe.eu,false,""
2024-07-10T08:00:00.000000,Spain,Spain,ES,51.92,84.58,89.9,67.19,entsoe.eu,false,""
2024-07-10T09:00:00.000000,Spain,Spain,ES,44.92,75.96,91.72,69.45,entsoe.eu,false,""
2024-07-10T10:00:00.000000,Spain,Spain,ES,42.12,72.6,92.3,70.39,entsoe.eu,false,""
2024-07-10T11:00:00.000000,Spain,Spain,ES,40.44,70.57,92.64,70.93,entsoe.eu,false,""
2024-07-10T12:00:00.000000,Spain,Spain,ES,39.07,68.85,92.92,71.11,entsoe.eu,false,""
2024-07-10T13:00:00.000000,Spain,Spain,ES,38.77,68.73,92.9,71.57,entsoe.eu,false,""
2024-07-10T14:00:00.000000,Spain,Spain,ES,38.72,68.57,92.86,71.15,entsoe.eu,false,""
2024-07-10T15:00:00.000000,Spain,Spain,ES,43.5,74.24,91.8,70.0,entsoe.eu,false,""
2024-07-10T16:00:00.000000,Spain,Spain,ES,59.35,93.46,88.04,68.08,entsoe.eu,false,""
2024-07-10T17:00:00.000000,Spain,Spain,ES,86.18,126.33,81.34,61.84,entsoe.eu,false,""
2024-07-10T18:00:00.000000,Spain,Spain,ES,119.78,165.87,73.23,50.63,entsoe.eu,false,""
2024-07-10T19:00:00.000000,Spain,Spain,ES,154.95,207.3,64.82,38.29,entsoe.eu,false,""
2024-07-10T20:00:00.000000,Spain,Spain,ES,161.33,214.85,63.37,35.2,entsoe.eu,false,""
2024-07-10T21:00:00.000000,Spain,Spain,ES,157.94,210.66,64.34,35.4,entsoe.eu,false,""
2024-07-10T22:00:00.000000,Spain,Spain,ES,157.11,210.04,64.6,33.52,entsoe.eu,false,""
2024-07-10T23:00:00.000000,Spain,Spain,ES,153.67,205.95,65.52,33.09,entsoe.eu,false,""
2024-07-11T00:00:00.000000,Spain,Spain,ES,143.24,192.8,68.21,34.49,entsoe.eu,false,""
2024-07-11T01:00:00.000000,Spain,Spain,ES,139.04,187.58,69.31,34.62,entsoe.eu,false,""
2024-07-11T02:00:00.000000,Spain,Spain,ES,136.35,184.46,69.96,34.97,entsoe.eu,false,""
2024-07-11T03:00:00.000000,Spain,Spain,ES,139.39,188.25,69.34,34.88,entsoe.eu,false,""
2024-07-11T04:00:00.000000,Spain,Spain,ES,137.07,185.05,69.78,36.66,entsoe.eu,false,""
2024-07-11T05:00:00.000000,Spain,Spain,ES,131.7,177.89,71.0,39.85,entsoe.eu,false,""
2024-07-11T06:00:00.000000,Spain,Spain,ES,112.85,156.59,75.25,49.48,entsoe.eu,false,""
2024-07-11T07:00:00.000000,Spain,Spain,ES,77.91,116.16,83.32,59.69,entsoe.eu,false,""
2024-07-11T08:00:00.000000,Spain,Spain,ES,54.42,87.76,89.15,67.9,entsoe.eu,false,""
2024-07-11T09:00:00.000000,Spain,Spain,ES,44.56,75.46,91.6,71.96,entsoe.eu,false,""
2024-07-11T10:00:00.000000,Spain,Spain,ES,40.66,70.51,92.46,72.71,entsoe.eu,false,""
2024-07-11T11:00:00.000000,Spain,Spain,ES,38.74,68.22,92.85,72.86,entsoe.eu,false,""
2024-07-11T12:00:00.000000,Spain,Spain,ES,39.38,69.09,92.64,73.19,entsoe.eu,false,""
2024-07-11T13:00:00.000000,Spain,Spain,ES,42.43,72.81,91.91,74.0,entsoe.eu,false,""
2024-07-11T14:00:00.000000,Spain,Spain,ES,48.1,79.77,90.49,73.39,entsoe.eu,false,""
2024-07-11T15:00:00.000000,Spain,Spain,ES,49.84,81.79,90.07,72.91,entsoe.eu,false,""
2024-07-11T16:00:00.000000,Spain,Spain,ES,58.15,91.79,88.16,70.65,entsoe.eu,false,""
2024-07-11T17:00:00.000000,Spain,Spain,ES,75.28,112.42,83.82,65.68,entsoe.eu,false,""
2024-07-11T18:00:00.000000,Spain,Spain,ES,106.92,149.89,76.27,56.9,entsoe.eu,false,""
2024-07-11T19:00:00.000000,Spain,Spain,ES,126.4,171.15,72.11,49.8,entsoe.eu,false,""
2024-07-11T20:00:00.000000,Spain,Spain,ES,128.48,172.93,71.82,48.53,entsoe.eu,false,""
2024-07-11T21:00:00.000000,Spain,Spain,ES,115.99,156.82,75.28,49.76,entsoe.eu,false,""
2024-07-11T22:00:00.000000,Spain,Spain,ES,101.53,138.24,79.28,50.89,entsoe.eu,false,""
2024-07-11T23:00:00.000000,Spain,Spain,ES,93.75,128.46,81.3,51.48,entsoe.eu,false,""
2024-07-12T00:00:00.000000,Spain,Spain,ES,93.82,128.67,81.35,52.2,entsoe.eu,false,""
2024-07-12T01:00:00.000000,Spain,Spain,ES,89.32,122.77,82.94,50.46,entsoe.eu,false,""
2024-07-12T02:00:00.000000,Spain,Spain,ES,90.01,123.64,82.8,49.74,entsoe.eu,false,""
2024-07-12T03:00:00.000000,Spain,Spain,ES,91.62,126.04,81.96,49.0,entsoe.eu,false,""
2024-07-12T04:00:00.000000,Spain,Spain,ES,94.58,131.83,79.52,51.32,entsoe.eu,false,""
2024-07-12T05:00:00.000000,Spain,Spain,ES,105.95,146.02,76.58,50.51,entsoe.eu,false,""
2024-07-12T06:00:00.000000,Spain,Spain,ES,94.13,133.09,79.52,58.33,entsoe.eu,false,""
2024-07-12T07:00:00.000000,Spain,Spain,ES,63.95,98.82,86.51,69.15,entsoe.eu,false,""
2024-07-12T08:00:00.000000,Spain,Spain,ES,51.49,84.66,89.32,73.38,entsoe.eu,false,""
2024-07-12T09:00:00.000000,Spain,Spain,ES,48.01,80.53,90.23,74.65,entsoe.eu,false,""
2024-07-12T10:00:00.000000,Spain,Spain,ES,46.64,78.94,90.56,75.19,entsoe.eu,false,""
2024-07-12T11:00:00.000000,Spain,Spain,ES,44.18,76.0,91.16,75.75,entsoe.eu,false,""
2024-07-12T12:00:00.000000,Spain,Spain,ES,41.45,72.62,91.82,75.94,entsoe.eu,false,""
2024-07-12T13:00:00.000000,Spain,Spain,ES,39.92,70.72,92.18,75.96,entsoe.eu,false,""
2024-07-12T14:00:00.000000,Spain,Spain,ES,39.8,70.43,92.21,76.48,entsoe.eu,false,""
2024-07-12T15:00:00.000000,Spain,Spain,ES,42.9,73.99,91.47,76.06,entsoe.eu,false,""
2024-07-12T16:00:00.000000,Spain,Spain,ES,50.82,83.4,89.55,74.19,entsoe.eu,false,""
2024-07-12T17:00:00.000000,Spain,Spain,ES,66.8,102.62,85.56,69.71,entsoe.eu,false,""
2024-07-12T18:00:00.000000,Spain,Spain,ES,88.95,128.31,80.18,60.92,entsoe.eu,false,""
2024-07-12T19:00:00.000000,Spain,Spain,ES,110.64,152.53,75.13,52.91,entsoe.eu,false,""
2024-07-12T20:00:00.000000,Spain,Spain,ES,114.72,157.17,74.17,50.36,entsoe.eu,false,""
2024-07-12T21:00:00.000000,Spain,Spain,ES,110.83,152.41,75.2,49.8,entsoe.eu,false,""
2024-07-12T22:00:00.000000,Spain,Spain,ES,101.36,140.73,77.59,50.35,entsoe.eu,false,""
2024-07-12T23:00:00.000000,Spain,Spain,ES,92.35,130.23,79.72,51.23,entsoe.eu,false,""
2024-07-13T00:00:00.000000,Spain,Spain,ES,84.12,120.18,81.81,51.96,entsoe.eu,false,""
2024-07-13T01:00:00.000000,Spain,Spain,ES,75.64,109.2,83.95,52.95,entsoe.eu,false,""
2024-07-13T02:00:00.000000,Spain,Spain,ES,75.2,108.87,84.11,52.59,entsoe.eu,false,""
2024-07-13T03:00:00.000000,Spain,Spain,ES,79.06,114.01,83.19,51.2,entsoe.eu,false,""
2024-07-13T04:00:00.000000,Spain,Spain,ES,90.62,128.48,80.4,48.27,entsoe.eu,false,""
2024-07-13T05:00:00.000000,Spain,Spain,ES,101.38,141.26,78.07,46.27,entsoe.eu,false,""
2024-07-13T06:00:00.000000,Spain,Spain,ES,84.69,122.34,81.83,51.95,entsoe.eu,false,""
2024-07-13T07:00:00.000000,Spain,Spain,ES,54.35,87.41,88.77,62.7,entsoe.eu,false,""
2024-07-13T08:00:00.000000,Spain,Spain,ES,37.93,67.94,92.83,69.55,entsoe.eu,false,""
2024-07-13T09:00:00.000000,Spain,Spain,ES,35.97,65.46,93.5,71.74,entsoe.eu,false,""
2024-07-13T10:00:00.000000,Spain,Spain,ES,36.85,66.54,93.52,72.21,entsoe.eu,false,""
2024-07-13T11:00:00.000000,Spain,Spain,ES,39.63,69.42,93.37,73.07,entsoe.eu,false,""
2024-07-13T12:00:00.000000,Spain,Spain,ES,43.21,73.06,93.15,72.45,entsoe.eu,false,""
2024-07-13T13:00:00.000000,Spain,Spain,ES,46.58,76.7,92.79,72.29,entsoe.eu,false,""
2024-07-13T14:00:00.000000,Spain,Spain,ES,50.74,81.75,91.82,72.88,entsoe.eu,false,""
2024-07-13T15:00:00.000000,Spain,Spain,ES,50.02,81.27,91.67,73.64,entsoe.eu,false,""
2024-07-13T16:00:00.000000,Spain,Spain,ES,46.84,78.49,91.12,73.2,entsoe.eu,false,""
2024-07-13T17:00:00.000000,Spain,Spain,ES,53.36,86.37,89.2,70.84,entsoe.eu,false,""
2024-07-13T18:00:00.000000,Spain,Spain,ES,81.68,119.33,82.55,58.86,entsoe.eu,false,""
2024-07-13T19:00:00.000000,Spain,Spain,ES,108.29,149.25,76.38,48.69,entsoe.eu,false,""
2024-07-13T20:00:00.000000,Spain,Spain,ES,111.73,152.44,75.61,47.5,entsoe.eu,false,""
2024-07-13T21:00:00.000000,Spain,Spain,ES,112.54,153.46,75.55,46.38,entsoe.eu,false,""
2024-07-13T22:00:00.000000,Spain,Spain,ES,114.86,156.86,75.11,45.06,entsoe.eu,false,""
2024-07-13T23:00:00.000000,Spain,Spain,ES,109.95,151.18,76.41,44.94,entsoe.eu,false,""
2024-07-14T00:00:00.000000,Spain,Spain,ES,108.55,150.03,76.82,43.89,entsoe.eu,false,""
2024-07-14T01:00:00.000000,Spain,Spain,ES,108.5,150.12,77.02,43.79,entsoe.eu,false,""
2024-07-14T02:00:00.000000,Spain,Spain,ES,110.8,152.77,76.66,42.8,entsoe.eu,false,""
2024-07-14T03:00:00.000000,Spain,Spain,ES,117.37,160.74,75.24,40.53,entsoe.eu,false,""
2024-07-14T04:00:00.000000,Spain,Spain,ES,121.28,165.53,74.36,39.85,entsoe.eu,false,""
2024-07-14T05:00:00.000000,Spain,Spain,ES,122.38,166.96,74.19,40.03,entsoe.eu,false,""
2024-07-14T06:00:00.000000,Spain,Spain,ES,94.79,135.81,80.06,49.6,entsoe.eu,false,""
2024-07-14T07:00:00.000000,Spain,Spain,ES,62.39,97.96,87.28,61.13,entsoe.eu,false,""
2024-07-14T08:00:00.000000,Spain,Spain,ES,48.3,81.1,90.58,65.21,entsoe.eu,false,""
2024-07-14T09:00:00.000000,Spain,Spain,ES,41.95,73.36,92.11,67.34,entsoe.eu,false,""
2024-07-14T10:00:00.000000,Spain,Spain,ES,39.76,70.77,92.63,68.25,entsoe.eu,false,""
2024-07-14T11:00:00.000000,Spain,Spain,ES,39.44,70.55,92.66,68.31,entsoe.eu,false,""
2024-07-14T12:00:00.000000,Spain,Spain,ES,39.2,70.16,92.65,69.12,entsoe.eu,false,""
2024-07-14T13:00:00.000000,Spain,Spain,ES,38.94,69.65,92.76,68.34,entsoe.eu,false,""
2024-07-14T14:00:00.000000,Spain,Spain,ES,39.28,69.82,92.69,68.57,entsoe.eu,false,""
2024-07-14T15:00:00.000000,Spain,Spain,ES,38.7,69.31,92.69,72.72,entsoe.eu,false,""
2024-07-14T16:00:00.000000,Spain,Spain,ES,40.5,71.2,92.18,73.66,entsoe.eu,false,""
2024-07-14T17:00:00.000000,Spain,Spain,ES,52.9,85.94,89.32,70.0,entsoe.eu,false,""
2024-07-14T18:00:00.000000,Spain,Spain,ES,79.06,116.27,83.23,58.86,entsoe.eu,false,""
2024-07-14T19:00:00.000000,Spain,Spain,ES,107.87,148.96,76.49,47.69,entsoe.eu,false,""
2024-07-14T20:00:00.000000,Spain,Spain,ES,109.18,149.85,76.13,47.07,entsoe.eu,false,""
2024-07-14T21:00:00.000000,Spain,Spain,ES,105.57,145.84,77.08,47.69,entsoe.eu,false,""
2024-07-14T22:00:00.000000,Spain,Spain,ES,100.54,139.74,78.4,46.4,entsoe.eu,false,""
2024-07-14T23:00:00.000000,Spain,Spain,ES,94.06,131.77,80.16,46.27,entsoe.eu,false,""
2024-07-15T00:00:00.000000,Spain,Spain,ES,90.75,127.86,81.13,46.61,entsoe.eu,false,""
2024-07-15T01:00:00.000000,Spain,Spain,ES,91.76,129.72,80.81,45.44,entsoe.eu,false,""
2024-07-15T02:00:00.000000,Spain,Spain,ES,93.35,131.76,80.35,44.55,entsoe.eu,false,""
2024-07-15T03:00:00.000000,Spain,Spain,ES,99.99,139.64,78.98,43.44,entsoe.eu,false,""
2024-07-15T04:00:00.000000,Spain,Spain,ES,103.95,143.67,78.18,43.94,entsoe.eu,false,""
2024-07-15T05:00:00.000000,Spain,Spain,ES,102.34,140.99,78.41,46.46,entsoe.eu,false,""
2024-07-15T06:00:00.000000,Spain,Spain,ES,78.9,114.32,83.46,54.65,entsoe.eu,false,""
2024-07-15T07:00:00.000000,Spain,Spain,ES,55.09,87.52,88.88,65.12,entsoe.eu,false,""
2024-07-15T08:00:00.000000,Spain,Spain,ES,41.36,71.12,92.22,69.68,entsoe.eu,false,""
2024-07-15T09:00:00.000000,Spain,Spain,ES,37.18,65.68,93.46,71.86,entsoe.eu,false,""
2024-07-15T10:00:00.000000,Spain,Spain,ES,37.54,66.3,93.35,73.61,entsoe.eu,false,""
2024-07-15T11:00:00.000000,Spain,Spain,ES,40.16,69.68,92.68,74.64,entsoe.eu,false,""
2024-07-15T12:00:00.000000,Spain,Spain,ES,43.95,74.26,91.75,74.85,entsoe.eu,false,""
2024-07-15T13:00:00.000000,Spain,Spain,ES,43.09,73.07,91.89,75.52,entsoe.eu,false,""
2024-07-15T14:00:00.000000,Spain,Spain,ES,47.7,78.83,90.77,74.44,entsoe.eu,false,""
2024-07-15T15:00:00.000000,Spain,Spain,ES,50.22,81.68,90.17,73.7,entsoe.eu,false,""
2024-07-15T16:00:00.000000,Spain,Spain,ES,53.76,85.96,89.37,72.57,entsoe.eu,false,""
2024-07-15T17:00:00.000000,Spain,Spain,ES,67.49,102.99,85.89,68.55,entsoe.eu,false,""
2024-07-15T18:00:00.000000,Spain,Spain,ES,87.55,126.55,80.87,59.88,entsoe.eu,false,""
2024-07-15T19:00:00.000000,Spain,Spain,ES,120.02,164.18,73.23,50.03,entsoe.eu,false,""
2024-07-15T20:00:00.000000,Spain,Spain,ES,125.23,169.92,72.16,46.29,entsoe.eu,false,""
2024-07-15T21:00:00.000000,Spain,Spain,ES,118.67,162.08,73.7,47.03,entsoe.eu,false,""
2024-07-15T22:00:00.000000,Spain,Spain,ES,103.71,143.43,77.4,49.04,entsoe.eu,false,""
2024-07-15T23:00:00.000000,Spain,Spain,ES,97.91,136.8,78.92,49.3,entsoe.eu,false,""
2024-07-16T00:00:00.000000,Spain,Spain,ES,104.47,144.98,77.55,46.4,entsoe.eu,false,""
2024-07-16T01:00:00.000000,Spain,Spain,ES,105.93,146.5,77.46,45.16,entsoe.eu,false,""
2024-07-16T02:00:00.000000,Spain,Spain,ES,112.8,154.85,76.0,43.05,entsoe.eu,false,""
2024-07-16T03:00:00.000000,Spain,Spain,ES,121.64,166.03,73.81,40.94,entsoe.eu,false,""
2024-07-16T04:00:00.000000,Spain,Spain,ES,128.36,173.95,72.09,39.96,entsoe.eu,false,""
2024-07-16T05:00:00.000000,Spain,Spain,ES,133.94,180.24,70.71,39.79,entsoe.eu,false,""
2024-07-16T06:00:00.000000,Spain,Spain,ES,112.11,154.88,76.01,48.12,entsoe.eu,false,""
2024-07-16T07:00:00.000000,Spain,Spain,ES,73.73,110.57,85.14,59.42,entsoe.eu,false,""
2024-07-16T08:00:00.000000,Spain,Spain,ES,56.18,90.37,89.43,65.62,entsoe.eu,false,""
2024-07-16T09:00:00.000000,Spain,Spain,ES,51.95,85.11,90.78,67.72,entsoe.eu,false,""
2024-07-16T10:00:00.000000,Spain,Spain,ES,50.01,82.97,91.06,68.32,entsoe.eu,false,""
2024-07-16T11:00:00.000000,Spain,Spain,ES,48.73,81.64,91.21,68.71,entsoe.eu,false,""
2024-07-16T12:00:00.000000,Spain,Spain,ES,48.9,81.85,91.15,68.89,entsoe.eu,false,""
2024-07-16T13:00:00.000000,Spain,Spain,ES,48.51,81.22,91.24,68.98,entsoe.eu,false,""
2024-07-16T14:00:00.000000,Spain,Spain,ES,48.61,80.78,91.25,68.64,entsoe.eu,false,""
2024-07-16T15:00:00.000000,Spain,Spain,ES,48.83,81.07,91.19,68.53,entsoe.eu,false,""
2024-07-16T16:00:00.000000,Spain,Spain,ES,52.04,84.76,90.17,67.23,entsoe.eu,false,""
2024-07-16T17:00:00.000000,Spain,Spain,ES,70.5,106.91,85.37,62.31,entsoe.eu,false,""
2024-07-16T18:00:00.000000,Spain,Spain,ES,96.02,136.46,78.98,54.36,entsoe.eu,false,""
2024-07-16T19:00:00.000000,Spain,Spain,ES,117.64,160.87,73.77,46.72,entsoe.eu,false,""
2024-07-16T20:00:00.000000,Spain,Spain,ES,122.71,166.55,72.57,45.14,entsoe.eu,false,""
2024-07-16T21:00:00.000000,Spain,Spain,ES,120.4,163.64,73.21,45.18,entsoe.eu,false,""
2024-07-16T22:00:00.000000,Spain,Spain,ES,120.66,164.86,73.16,43.75,entsoe.eu,false,""
2024-07-16T23:00:00.000000,Spain,Spain,ES,119.87,164.66,73.41,42.47,entsoe.eu,false,""
2024-07-17T00:00:00.000000,Spain,Spain,ES,115.01,158.4,74.69,42.44,entsoe.eu,false,""
2024-07-17T01:00:00.000000,Spain,Spain,ES,115.8,159.3,74.58,40.97,entsoe.eu,false,""
2024-07-17T02:00:00.000000,Spain,Spain,ES,117.87,162.35,74.22,39.65,entsoe.eu,false,""
2024-07-17T03:00:00.000000,Spain,Spain,ES,120.94,166.0,73.45,38.42,entsoe.eu,false,""
2024-07-17T04:00:00.000000,Spain,Spain,ES,130.67,177.62,71.09,37.63,entsoe.eu,false,""
2024-07-17T05:00:00.000000,Spain,Spain,ES,143.26,193.03,67.97,37.07,entsoe.eu,false,""
2024-07-17T06:00:00.000000,Spain,Spain,ES,129.19,176.95,71.51,44.8,entsoe.eu,false,""
2024-07-17T07:00:00.000000,Spain,Spain,ES,93.78,135.06,80.22,55.5,entsoe.eu,false,""
2024-07-17T08:00:00.000000,Spain,Spain,ES,64.06,99.46,87.6,63.52,entsoe.eu,false,""
2024-07-17T09:00:00.000000,Spain,Spain,ES,53.05,85.96,90.26,67.12,entsoe.eu,false,""
2024-07-17T10:00:00.000000,Spain,Spain,ES,49.43,81.59,90.95,68.79,entsoe.eu,false,""
2024-07-17T11:00:00.000000,Spain,Spain,ES,48.51,80.56,91.11,69.46,entsoe.eu,false,""
2024-07-17T12:00:00.000000,Spain,Spain,ES,47.63,79.47,91.29,70.0,entsoe.eu,false,""
2024-07-17T13:00:00.000000,Spain,Spain,ES,47.3,78.95,91.38,70.17,entsoe.eu,false,""
2024-07-17T14:00:00.000000,Spain,Spain,ES,48.8,80.74,91.03,69.96,entsoe.eu,false,""
2024-07-17T15:00:00.000000,Spain,Spain,ES,55.16,88.49,89.54,68.71,entsoe.eu,false,""
2024-07-17T16:00:00.000000,Spain,Spain,ES,69.72,106.6,85.91,66.28,entsoe.eu,false,""
2024-07-17T17:00:00.000000,Spain,Spain,ES,91.34,133.18,80.3,61.12,entsoe.eu,false,""
2024-07-17T18:00:00.000000,Spain,Spain,ES,123.31,170.49,72.55,50.96,entsoe.eu,false,""
2024-07-17T19:00:00.000000,Spain,Spain,ES,147.4,197.61,67.08,41.57,entsoe.eu,false,""
2024-07-17T20:00:00.000000,Spain,Spain,ES,154.58,206.15,65.36,38.91,entsoe.eu,false,""
2024-07-17T21:00:00.000000,Spain,Spain,ES,148.21,198.25,66.77,38.64,entsoe.eu,false,""
2024-07-17T22:00:00.000000,Spain,Spain,ES,149.21,200.42,66.35,36.49,entsoe.eu,false,""
2024-07-17T23:00:00.000000,Spain,Spain,ES,151.69,204.26,65.73,34.56,entsoe.eu,false,""
2024-07-18T00:00:00.000000,Spain,Spain,ES,148.42,200.47,66.65,34.11,entsoe.eu,false,""
2024-07-18T01:00:00.000000,Spain,Spain,ES,150.59,203.15,66.24,32.46,entsoe.eu,false,""
2024-07-18T02:00:00.000000,Spain,Spain,ES,154.31,208.04,65.21,30.98,entsoe.eu,false,""
2024-07-18T03:00:00.000000,Spain,Spain,ES,155.96,209.58,65.1,30.57,entsoe.eu,false,""
2024-07-18T04:00:00.000000,Spain,Spain,ES,162.28,217.51,63.35,30.04,entsoe.eu,false,""
2024-07-18T05:00:00.000000,Spain,Spain,ES,168.76,225.13,61.94,30.79,entsoe.eu,false,""
2024-07-18T06:00:00.000000,Spain,Spain,ES,150.82,203.93,66.32,37.67,entsoe.eu,false,""
2024-07-18T07:00:00.000000,Spain,Spain,ES,115.96,162.45,74.74,48.71,entsoe.eu,false,""
2024-07-18T08:00:00.000000,Spain,Spain,ES,90.9,131.94,81.12,56.35,entsoe.eu,false,""
2024-07-18T09:00:00.000000,Spain,Spain,ES,79.68,118.26,83.86,59.92,entsoe.eu,false,""
2024-07-18T10:00:00.000000,Spain,Spain,ES,79.36,117.99,83.82,60.59,entsoe.eu,false,""
2024-07-18T11:00:00.000000,Spain,Spain,ES,76.12,114.19,84.54,61.95,entsoe.eu,false,""
2024-07-18T12:00:00.000000,Spain,Spain,ES,80.02,118.38,83.6,61.09,entsoe.eu,false,""
2024-07-18T13:00:00.000000,Spain,Spain,ES,77.49,114.86,84.03,61.3,entsoe.eu,false,""
2024-07-18T14:00:00.000000,Spain,Spain,ES,81.84,119.68,82.93,59.54,entsoe.eu,false,""
2024-07-18T15:00:00.000000,Spain,Spain,ES,83.67,121.09,82.57,58.79,entsoe.eu,false,""
2024-07-18T16:00:00.000000,Spain,Spain,ES,105.2,147.66,77.36,54.7,entsoe.eu,false,""
2024-07-18T17:00:00.000000,Spain,Spain,ES,137.76,188.3,69.23,48.53,entsoe.eu,false,""
2024-07-18T18:00:00.000000,Spain,Spain,ES,157.59,211.79,64.39,42.42,entsoe.eu,false,""
2024-07-18T19:00:00.000000,Spain,Spain,ES,173.19,229.64,60.88,35.72,entsoe.eu,false,""
2024-07-18T20:00:00.000000,Spain,Spain,ES,172.74,228.89,60.84,34.26,entsoe.eu,false,""
2024-07-18T21:00:00.000000,Spain,Spain,ES,174.1,231.26,60.29,32.92,entsoe.eu,false,""
2024-07-18T22:00:00.000000,Spain,Spain,ES,175.64,233.93,59.8,31.24,entsoe.eu,false,""
2024-07-18T23:00:00.000000,Spain,Spain,ES,169.32,226.24,61.42,31.34,entsoe.eu,false,""
2024-07-19T00:00:00.000000,Spain,Spain,ES,167.86,224.47,61.92,29.96,entsoe.eu,false,""
2024-07-19T01:00:00.000000,Spain,Spain,ES,172.26,230.03,60.93,28.11,entsoe.eu,false,""
2024-07-19T02:00:00.000000,Spain,Spain,ES,171.79,229.31,61.12,27.4,entsoe.eu,false,""
2024-07-19T03:00:00.000000,Spain,Spain,ES,178.91,238.12,59.46,25.77,entsoe.eu,false,""
2024-07-19T04:00:00.000000,Spain,Spain,ES,182.55,242.71,58.43,25.86,entsoe.eu,false,""
2024-07-19T05:00:00.000000,Spain,Spain,ES,185.42,246.07,57.67,27.0,entsoe.eu,false,""
2024-07-19T06:00:00.000000,Spain,Spain,ES,170.22,228.12,61.53,32.9,entsoe.eu,false,""
2024-07-19T07:00:00.000000,Spain,Spain,ES,129.59,179.55,71.57,45.59,entsoe.eu,false,""
2024-07-19T08:00:00.000000,Spain,Spain,ES,98.14,141.85,79.33,55.04,entsoe.eu,false,""
2024-07-19T09:00:00.000000,Spain,Spain,ES,78.54,117.89,84.06,60.83,entsoe.eu,false,""
2024-07-19T10:00:00.000000,Spain,Spain,ES,66.83,103.45,86.8,64.29,entsoe.eu,false,""
2024-07-19T11:00:00.000000,Spain,Spain,ES,63.39,99.23,87.53,65.86,entsoe.eu,false,""
2024-07-19T12:00:00.000000,Spain,Spain,ES,60.59,95.81,87.94,66.51,entsoe.eu,false,""
2024-07-19T13:00:00.000000,Spain,Spain,ES,56.21,90.32,88.89,67.38,entsoe.eu,false,""
2024-07-19T14:00:00.000000,Spain,Spain,ES,57.01,91.09,88.68,67.22,entsoe.eu,false,""
2024-07-19T15:00:00.000000,Spain,Spain,ES,66.67,102.88,86.37,65.64,entsoe.eu,false,""
2024-07-19T16:00:00.000000,Spain,Spain,ES,83.9,124.09,82.32,63.15,entsoe.eu,false,""
2024-07-19T17:00:00.000000,Spain,Spain,ES,112.87,159.23,75.14,56.15,entsoe.eu,false,""
2024-07-19T18:00:00.000000,Spain,Spain,ES,144.13,196.16,67.33,45.05,entsoe.eu,false,""
2024-07-19T19:00:00.000000,Spain,Spain,ES,169.52,225.7,61.26,35.89,entsoe.eu,false,""
2024-07-19T20:00:00.000000,Spain,Spain,ES,173.78,230.5,60.5,34.35,entsoe.eu,false,""
2024-07-19T21:00:00.000000,Spain,Spain,ES,173.24,230.56,60.39,33.6,entsoe.eu,false,""
2024-07-19T22:00:00.000000,Spain,Spain,ES,153.19,205.83,65.41,36.31,entsoe.eu,false,""
2024-07-19T23:00:00.000000,Spain,Spain,ES,136.3,184.91,69.66,38.88,entsoe.eu,false,""
2024-07-20T00:00:00.000000,Spain,Spain,ES,132.16,179.43,70.96,38.32,entsoe.eu,false,""
2024-07-20T01:00:00.000000,Spain,Spain,ES,121.54,166.12,73.61,39.92,entsoe.eu,false,""
2024-07-20T02:00:00.000000,Spain,Spain,ES,114.86,157.96,75.22,39.76,entsoe.eu,false,""
2024-07-20T03:00:00.000000,Spain,Spain,ES,113.52,156.65,75.54,38.79,entsoe.eu,false,""
2024-07-20T04:00:00.000000,Spain,Spain,ES,113.06,156.28,75.61,38.76,entsoe.eu,false,""
2024-07-20T05:00:00.000000,Spain,Spain,ES,112.83,155.48,75.72,39.64,entsoe.eu,false,""
2024-07-20T06:00:00.000000,Spain,Spain,ES,95.34,135.8,79.7,46.62,entsoe.eu,false,""
2024-07-20T07:00:00.000000,Spain,Spain,ES,61.43,96.47,87.5,59.88,entsoe.eu,false,""
2024-07-20T08:00:00.000000,Spain,Spain,ES,42.67,73.78,92.14,69.58,entsoe.eu,false,""
2024-07-20T09:00:00.000000,Spain,Spain,ES,39.65,69.9,92.84,72.17,entsoe.eu,false,""
2024-07-20T10:00:00.000000,Spain,Spain,ES,37.46,67.12,93.28,73.73,entsoe.eu,false,""
2024-07-20T11:00:00.000000,Spain,Spain,ES,36.94,66.19,93.37,71.9,entsoe.eu,false,""
2024-07-20T12:00:00.000000,Spain,Spain,ES,38.98,68.6,92.85,72.48,entsoe.eu,false,""
2024-07-20T13:00:00.000000,Spain,Spain,ES,40.59,70.48,92.38,73.94,entsoe.eu,false,""
2024-07-20T14:00:00.000000,Spain,Spain,ES,41.11,70.97,92.23,74.03,entsoe.eu,false,""
2024-07-20T15:00:00.000000,Spain,Spain,ES,42.92,73.02,91.8,73.52,entsoe.eu,false,""
2024-07-20T16:00:00.000000,Spain,Spain,ES,44.67,74.54,91.38,73.11,entsoe.eu,false,""
2024-07-20T17:00:00.000000,Spain,Spain,ES,47.85,77.55,90.65,72.07,entsoe.eu,false,""
2024-07-20T18:00:00.000000,Spain,Spain,ES,65.89,98.12,86.32,65.15,entsoe.eu,false,""
2024-07-20T19:00:00.000000,Spain,Spain,ES,91.24,127.47,80.28,57.22,entsoe.eu,false,""
2024-07-20T20:00:00.000000,Spain,Spain,ES,96.47,133.69,79.1,55.16,entsoe.eu,false,""
2024-07-20T21:00:00.000000,Spain,Spain,ES,88.4,123.84,81.14,56.63,entsoe.eu,false,""
2024-07-20T22:00:00.000000,Spain,Spain,ES,84.11,118.38,82.23,57.18,entsoe.eu,false,""
2024-07-20T23:00:00.000000,Spain,Spain,ES,86.5,121.42,81.7,55.85,entsoe.eu,false,""
2024-07-21T00:00:00.000000,Spain,Spain,ES,82.95,117.78,82.57,52.95,entsoe.eu,false,""
2024-07-21T01:00:00.000000,Spain,Spain,ES,84.51,119.95,82.24,50.94,entsoe.eu,false,""
2024-07-21T02:00:00.000000,Spain,Spain,ES,89.68,126.56,81.04,50.07,entsoe.eu,false,""
2024-07-21T03:00:00.000000,Spain,Spain,ES,92.62,130.02,80.39,50.43,entsoe.eu,false,""
2024-07-21T04:00:00.000000,Spain,Spain,ES,101.03,140.7,78.37,48.22,entsoe.eu,false,""
2024-07-21T05:00:00.000000,Spain,Spain,ES,101.33,140.88,78.32,47.46,entsoe.eu,false,""
2024-07-21T06:00:00.000000,Spain,Spain,ES,83.79,121.0,82.32,57.14,entsoe.eu,false,""
2024-07-21T07:00:00.000000,Spain,Spain,ES,54.49,86.92,89.09,67.73,entsoe.eu,false,""
2024-07-21T08:00:00.000000,Spain,Spain,ES,48.97,80.8,90.63,70.37,entsoe.eu,false,""
2024-07-21T09:00:00.000000,Spain,Spain,ES,49.03,81.01,90.74,70.73,entsoe.eu,false,""
2024-07-21T10:00:00.000000,Spain,Spain,ES,48.3,80.18,90.82,71.16,entsoe.eu,false,""
2024-07-21T11:00:00.000000,Spain,Spain,ES,46.06,77.54,91.27,72.35,entsoe.eu,false,""
2024-07-21T12:00:00.000000,Spain,Spain,ES,45.96,77.36,91.29,72.14,entsoe.eu,false,""
2024-07-21T13:00:00.000000,Spain,Spain,ES,47.88,79.72,90.86,71.43,entsoe.eu,false,""
2024-07-21T14:00:00.000000,Spain,Spain,ES,48.9,80.91,90.67,70.81,entsoe.eu,false,""
2024-07-21T15:00:00.000000,Spain,Spain,ES,49.15,81.13,90.62,70.64,entsoe.eu,false,""
2024-07-21T16:00:00.000000,Spain,Spain,ES,49.25,80.87,90.48,71.39,entsoe.eu,false,""
2024-07-21T17:00:00.000000,Spain,Spain,ES,55.52,87.82,88.97,69.76,entsoe.eu,false,""
2024-07-21T18:00:00.000000,Spain,Spain,ES,72.62,107.49,84.73,60.53,entsoe.eu,false,""
2024-07-21T19:00:00.000000,Spain,Spain,ES,99.03,137.8,78.44,51.44,entsoe.eu,false,""
2024-07-21T20:00:00.000000,Spain,Spain,ES,105.93,145.58,76.81,49.93,entsoe.eu,false,""
2024-07-21T21:00:00.000000,Spain,Spain,ES,104.64,144.4,77.12,49.87,entsoe.eu,false,""
2024-07-21T22:00:00.000000,Spain,Spain,ES,92.76,129.77,80.09,50.58,entsoe.eu,false,""
2024-07-21T23:00:00.000000,Spain,Spain,ES,90.02,126.61,80.85,50.07,entsoe.eu,false,""
2024-07-22T00:00:00.000000,Spain,Spain,ES,95.08,133.53,79.72,47.8,entsoe.eu,false,""
2024-07-22T01:00:00.000000,Spain,Spain,ES,96.2,135.21,79.48,46.29,entsoe.eu,false,""
2024-07-22T02:00:00.000000,Spain,Spain,ES,97.6,137.01,79.2,45.38,entsoe.eu,false,""
2024-07-22T03:00:00.000000,Spain,Spain,ES,96.89,136.07,79.41,45.15,entsoe.eu,false,""
2024-07-22T04:00:00.000000,Spain,Spain,ES,97.21,135.88,79.32,45.68,entsoe.eu,false,""
2024-07-22T05:00:00.000000,Spain,Spain,ES,94.41,131.81,79.93,47.54,entsoe.eu,false,""
2024-07-22T06:00:00.000000,Spain,Spain,ES,80.24,115.91,83.16,54.45,entsoe.eu,false,""
2024-07-22T07:00:00.000000,Spain,Spain,ES,52.5,84.57,89.46,64.54,entsoe.eu,false,""
2024-07-22T08:00:00.000000,Spain,Spain,ES,41.11,70.82,92.31,69.7,entsoe.eu,false,""
2024-07-22T09:00:00.000000,Spain,Spain,ES,42.77,73.05,92.28,70.41,entsoe.eu,false,""
2024-07-22T10:00:00.000000,Spain,Spain,ES,43.26,73.86,92.19,70.2,entsoe.eu,false,""
2024-07-22T11:00:00.000000,Spain,Spain,ES,41.66,72.02,92.52,70.97,entsoe.eu,false,""
2024-07-22T12:00:00.000000,Spain,Spain,ES,42.82,73.46,92.26,70.61,entsoe.eu,false,""
2024-07-22T13:00:00.000000,Spain,Spain,ES,43.48,74.16,92.08,70.52,entsoe.eu,false,""
2024-07-22T14:00:00.000000,Spain,Spain,ES,43.54,74.14,92.06,70.77,entsoe.eu,false,""
2024-07-22T15:00:00.000000,Spain,Spain,ES,42.79,72.78,92.19,70.99,entsoe.eu,false,""
2024-07-22T16:00:00.000000,Spain,Spain,ES,47.37,77.81,91.04,70.07,entsoe.eu,false,""
2024-07-22T17:00:00.000000,Spain,Spain,ES,65.54,99.87,86.49,65.09,entsoe.eu,false,""
2024-07-22T18:00:00.000000,Spain,Spain,ES,94.62,134.6,79.22,55.66,entsoe.eu,false,""
2024-07-22T19:00:00.000000,Spain,Spain,ES,117.47,159.95,73.84,48.01,entsoe.eu,false,""
2024-07-22T20:00:00.000000,Spain,Spain,ES,118.46,160.95,73.64,47.19,entsoe.eu,false,""
2024-07-22T21:00:00.000000,Spain,Spain,ES,109.54,149.95,75.89,48.57,entsoe.eu,false,""
2024-07-22T22:00:00.000000,Spain,Spain,ES,111.93,153.35,75.4,48.18,entsoe.eu,false,""
2024-07-22T23:00:00.000000,Spain,Spain,ES,112.23,154.18,75.4,47.81,entsoe.eu,false,""
2024-07-23T00:00:00.000000,Spain,Spain,ES,109.4,151.14,76.11,47.56,entsoe.eu,false,""
2024-07-23T01:00:00.000000,Spain,Spain,ES,110.85,153.08,75.85,46.34,entsoe.eu,false,""
2024-07-23T02:00:00.000000,Spain,Spain,ES,113.46,156.2,75.29,45.13,entsoe.eu,false,""
2024-07-23T03:00:00.000000,Spain,Spain,ES,116.11,159.41,74.73,43.73,entsoe.eu,false,""
2024-07-23T04:00:00.000000,Spain,Spain,ES,121.27,165.68,73.36,41.92,entsoe.eu,false,""
2024-07-23T05:00:00.000000,Spain,Spain,ES,126.32,171.44,72.08,41.06,entsoe.eu,false,""
2024-07-23T06:00:00.000000,Spain,Spain,ES,109.32,151.91,76.01,47.63,entsoe.eu,false,""
2024-07-23T07:00:00.000000,Spain,Spain,ES,77.82,115.84,83.3,58.22,entsoe.eu,false,""
2024-07-23T08:00:00.000000,Spain,Spain,ES,58.8,93.24,88.06,64.74,entsoe.eu,false,""
2024-07-23T09:00:00.000000,Spain,Spain,ES,53.13,86.29,89.71,67.42,entsoe.eu,false,""
2024-07-23T10:00:00.000000,Spain,Spain,ES,51.63,84.55,90.11,68.45,entsoe.eu,false,""
2024-07-23T11:00:00.000000,Spain,Spain,ES,51.52,84.57,90.09,68.88,entsoe.eu,false,""
2024-07-23T12:00:00.000000,Spain,Spain,ES,52.0,84.76,90.04,68.69,entsoe.eu,false,""
2024-07-23T13:00:00.000000,Spain,Spain,ES,50.79,83.05,90.34,68.85,entsoe.eu,false,""
2024-07-23T14:00:00.000000,Spain,Spain,ES,52.45,85.02,89.93,68.33,entsoe.eu,false,""
2024-07-23T15:00:00.000000,Spain,Spain,ES,54.81,87.62,89.35,67.68,entsoe.eu,false,""
2024-07-23T16:00:00.000000,Spain,Spain,ES,62.02,95.95,87.62,66.22,entsoe.eu,false,""
2024-07-23T17:00:00.000000,Spain,Spain,ES,82.31,120.41,82.47,60.81,entsoe.eu,false,""
2024-07-23T18:00:00.000000,Spain,Spain,ES,112.45,156.1,74.9,51.29,entsoe.eu,false,""
2024-07-23T19:00:00.000000,Spain,Spain,ES,135.98,182.97,69.42,44.4,entsoe.eu,false,""
2024-07-23T20:00:00.000000,Spain,Spain,ES,134.11,180.37,69.76,45.1,entsoe.eu,false,""
2024-07-23T21:00:00.000000,Spain,Spain,ES,129.79,175.45,70.83,45.54,entsoe.eu,false,""
2024-07-23T22:00:00.000000,Spain,Spain,ES,131.56,177.92,70.45,45.03,entsoe.eu,false,""
2024-07-23T23:00:00.000000,Spain,Spain,ES,134.13,181.66,69.87,44.0,entsoe.eu,false,""
2024-07-24T00:00:00.000000,Spain,Spain,ES,130.2,176.95,70.94,43.74,entsoe.eu,false,""
2024-07-24T01:00:00.000000,Spain,Spain,ES,128.51,174.87,71.42,43.24,entsoe.eu,false,""
2024-07-24T02:00:00.000000,Spain,Spain,ES,131.23,178.27,70.81,41.93,entsoe.eu,false,""
2024-07-24T03:00:00.000000,Spain,Spain,ES,135.83,183.88,69.75,40.4,entsoe.eu,false,""
2024-07-24T04:00:00.000000,Spain,Spain,ES,139.12,187.77,68.88,38.38,entsoe.eu,false,""
2024-07-24T05:00:00.000000,Spain,Spain,ES,151.48,203.0,65.74,37.14,entsoe.eu,false,""
2024-07-24T06:00:00.000000,Spain,Spain,ES,139.36,189.39,68.54,43.03,entsoe.eu,false,""
2024-07-24T07:00:00.000000,Spain,Spain,ES,98.96,141.85,78.1,55.07,entsoe.eu,false,""
2024-07-24T08:00:00.000000,Spain,Spain,ES,67.69,103.86,85.84,63.35,entsoe.eu,false,""
2024-07-24T09:00:00.000000,Spain,Spain,ES,60.69,95.42,87.86,65.88,entsoe.eu,false,""
2024-07-24T10:00:00.000000,Spain,Spain,ES,58.53,92.81,88.44,66.79,entsoe.eu,false,""
2024-07-24T11:00:00.000000,Spain,Spain,ES,59.15,93.74,88.24,66.94,entsoe.eu,false,""
2024-07-24T12:00:00.000000,Spain,Spain,ES,58.29,92.38,88.43,67.23,entsoe.eu,false,""
2024-07-24T13:00:00.000000,Spain,Spain,ES,58.3,92.29,88.41,67.36,entsoe.eu,false,""
2024-07-24T14:00:00.000000,Spain,Spain,ES,59.63,93.83,88.06,67.2,entsoe.eu,false,""
2024-07-24T15:00:00.000000,Spain,Spain,ES,61.32,95.62,87.63,66.81,entsoe.eu,false,""
2024-07-24T16:00:00.000000,Spain,Spain,ES,69.65,105.59,85.63,64.9,entsoe.eu,false,""
2024-07-24T17:00:00.000000,Spain,Spain,ES,94.39,135.52,79.56,60.58,entsoe.eu,false,""
2024-07-24T18:00:00.000000,Spain,Spain,ES,121.85,168.21,72.43,51.21,entsoe.eu,false,""
2024-07-24T19:00:00.000000,Spain,Spain,ES,136.04,183.1,69.33,45.6,entsoe.eu,false,""
2024-07-24T20:00:00.000000,Spain,Spain,ES,139.85,187.88,68.26,44.3,entsoe.eu,false,""
2024-07-24T21:00:00.000000,Spain,Spain,ES,133.99,181.02,69.68,44.8,entsoe.eu,false,""
2024-07-24T22:00:00.000000,Spain,Spain,ES,123.5,167.69,72.4,46.8,entsoe.eu,false,""
2024-07-24T23:00:00.000000,Spain,Spain,ES,123.35,167.81,72.57,45.93,entsoe.eu,false,""
2024-07-25T00:00:00.000000,Spain,Spain,ES,120.82,164.85,73.3,45.06,entsoe.eu,false,""
2024-07-25T01:00:00.000000,Spain,Spain,ES,122.77,167.55,72.9,44.03,entsoe.eu,false,""
2024-07-25T02:00:00.000000,Spain,Spain,ES,122.7,167.38,72.98,43.37,entsoe.eu,false,""
2024-07-25T03:00:00.000000,Spain,Spain,ES,121.39,165.64,73.33,43.16,entsoe.eu,false,""
2024-07-25T04:00:00.000000,Spain,Spain,ES,124.18,168.9,72.64,40.93,entsoe.eu,false,""
2024-07-25T05:00:00.000000,Spain,Spain,ES,129.49,175.43,71.28,40.07,entsoe.eu,false,""
2024-07-25T06:00:00.000000,Spain,Spain,ES,109.68,152.19,75.94,47.62,entsoe.eu,false,""
2024-07-25T07:00:00.000000,Spain,Spain,ES,69.18,104.46,85.46,60.0,entsoe.eu,false,""
2024-07-25T08:00:00.000000,Spain,Spain,ES,54.98,87.9,89.02,64.95,entsoe.eu,false,""
2024-07-25T09:00:00.000000,Spain,Spain,ES,52.43,84.75,89.95,67.09,entsoe.eu,false,""
2024-07-25T10:00:00.000000,Spain,Spain,ES,51.04,83.55,90.23,68.31,entsoe.eu,false,""
2024-07-25T11:00:00.000000,Spain,Spain,ES,50.27,82.82,90.4,69.22,entsoe.eu,false,""
2024-07-25T12:00:00.000000,Spain,Spain,ES,51.25,84.12,90.14,69.18,entsoe.eu,false,""
2024-07-25T13:00:00.000000,Spain,Spain,ES,50.84,83.36,90.2,69.45,entsoe.eu,false,""
2024-07-25T14:00:00.000000,Spain,Spain,ES,50.32,82.38,90.35,69.78,entsoe.eu,false,""
2024-07-25T15:00:00.000000,Spain,Spain,ES,50.4,82.18,90.32,69.19,entsoe.eu,false,""
2024-07-25T16:00:00.000000,Spain,Spain,ES,57.98,90.94,88.58,67.63,entsoe.eu,false,""
2024-07-25T17:00:00.000000,Spain,Spain,ES,76.69,113.7,83.85,63.75,entsoe.eu,false,""
2024-07-25T18:00:00.000000,Spain,Spain,ES,97.46,137.64,78.52,54.5,entsoe.eu,false,""
2024-07-25T19:00:00.000000,Spain,Spain,ES,120.92,164.65,72.96,46.87,entsoe.eu,false,""
2024-07-25T20:00:00.000000,Spain,Spain,ES,122.73,166.75,72.55,46.2,entsoe.eu,false,""
2024-07-25T21:00:00.000000,Spain,Spain,ES,116.0,158.73,74.24,47.18,entsoe.eu,false,""
2024-07-25T22:00:00.000000,Spain,Spain,ES,119.46,163.3,73.52,46.11,entsoe.eu,false,""
2024-07-25T23:00:00.000000,Spain,Spain,ES,120.78,165.17,73.34,44.84,entsoe.eu,false,""
2024-07-26T00:00:00.000000,Spain,Spain,ES,125.34,171.07,72.38,42.19,entsoe.eu,false,""
2024-07-26T01:00:00.000000,Spain,Spain,ES,128.25,174.81,71.78,40.51,entsoe.eu,false,""
2024-07-26T02:00:00.000000,Spain,Spain,ES,128.26,174.64,71.83,39.97,entsoe.eu,false,""
2024-07-26T03:00:00.000000,Spain,Spain,ES,138.19,186.94,69.46,37.31,entsoe.eu,false,""
2024-07-26T04:00:00.000000,Spain,Spain,ES,141.44,190.88,68.53,36.05,entsoe.eu,false,""
2024-07-26T05:00:00.000000,Spain,Spain,ES,140.96,190.08,68.57,36.72,entsoe.eu,false,""
2024-07-26T06:00:00.000000,Spain,Spain,ES,125.13,171.54,72.25,42.53,entsoe.eu,false,""
2024-07-26T07:00:00.000000,Spain,Spain,ES,89.86,130.51,80.52,53.99,entsoe.eu,false,""
2024-07-26T08:00:00.000000,Spain,Spain,ES,66.89,103.1,86.24,61.41,entsoe.eu,false,""
2024-07-26T09:00:00.000000,Spain,Spain,ES,58.76,93.34,88.5,64.58,entsoe.eu,false,""
2024-07-26T10:00:00.000000,Spain,Spain,ES,55.41,89.34,89.31,66.41,entsoe.eu,false,""
2024-07-26T11:00:00.000000,Spain,Spain,ES,53.83,87.43,89.57,67.25,entsoe.eu,false,""
2024-07-26T12:00:00.000000,Spain,Spain,ES,53.62,87.15,89.6,67.46,entsoe.eu,false,""
2024-07-26T13:00:00.000000,Spain,Spain,ES,53.69,87.01,89.58,67.46,entsoe.eu,false,""
2024-07-26T14:00:00.000000,Spain,Spain,ES,54.89,88.14,89.31,67.25,entsoe.eu,false,""
2024-07-26T15:00:00.000000,Spain,Spain,ES,55.27,88.25,89.23,67.06,entsoe.eu,false,""
2024-07-26T16:00:00.000000,Spain,Spain,ES,67.06,102.59,86.41,64.63,entsoe.eu,false,""
2024-07-26T17:00:00.000000,Spain,Spain,ES,91.67,132.33,80.37,57.28,entsoe.eu,false,""
2024-07-26T18:00:00.000000,Spain,Spain,ES,120.01,165.67,73.22,47.92,entsoe.eu,false,""
2024-07-26T19:00:00.000000,Spain,Spain,ES,136.95,184.25,69.28,42.23,entsoe.eu,false,""
2024-07-26T20:00:00.000000,Spain,Spain,ES,141.12,189.28,68.3,41.24,entsoe.eu,false,""
2024-07-26T21:00:00.000000,Spain,Spain,ES,137.29,184.71,69.34,40.86,entsoe.eu,false,""
2024-07-26T22:00:00.000000,Spain,Spain,ES,137.76,185.34,69.27,40.64,entsoe.eu,false,""
2024-07-26T23:00:00.000000,Spain,Spain,ES,141.54,190.87,68.31,39.89,entsoe.eu,false,""
2024-07-27T00:00:00.000000,Spain,Spain,ES,139.33,188.26,68.98,38.4,entsoe.eu,false,""
2024-07-27T01:00:00.000000,Spain,Spain,ES,140.86,190.15,68.75,36.37,entsoe.eu,false,""
2024-07-27T02:00:00.000000,Spain,Spain,ES,140.53,189.81,68.92,36.14,entsoe.eu,false,""
2024-07-27T03:00:00.000000,Spain,Spain,ES,143.44,193.23,68.25,35.02,entsoe.eu,false,""
2024-07-27T04:00:00.000000,Spain,Spain,ES,151.04,202.71,66.35,33.54,entsoe.eu,false,""
2024-07-27T05:00:00.000000,Spain,Spain,ES,155.57,208.45,65.25,32.5,entsoe.eu,false,""
2024-07-27T06:00:00.000000,Spain,Spain,ES,124.53,170.89,72.95,40.33,entsoe.eu,false,""
2024-07-27T07:00:00.000000,Spain,Spain,ES,67.37,102.39,86.71,56.92,entsoe.eu,false,""
2024-07-27T08:00:00.000000,Spain,Spain,ES,47.41,79.02,91.15,64.59,entsoe.eu,false,""
2024-07-27T09:00:00.000000,Spain,Spain,ES,44.09,75.19,91.81,66.87,entsoe.eu,false,""
2024-07-27T10:00:00.000000,Spain,Spain,ES,40.43,70.92,92.62,68.74,entsoe.eu,false,""
2024-07-27T11:00:00.000000,Spain,Spain,ES,39.11,69.38,92.86,70.38,entsoe.eu,false,""
2024-07-27T12:00:00.000000,Spain,Spain,ES,37.12,66.87,93.33,72.16,entsoe.eu,false,""
2024-07-27T13:00:00.000000,Spain,Spain,ES,36.82,66.52,93.42,73.92,entsoe.eu,false,""
2024-07-27T14:00:00.000000,Spain,Spain,ES,36.94,66.41,93.41,74.21,entsoe.eu,false,""
2024-07-27T15:00:00.000000,Spain,Spain,ES,36.11,65.26,93.3,73.19,entsoe.eu,false,""
2024-07-27T16:00:00.000000,Spain,Spain,ES,42.2,72.25,91.72,69.44,entsoe.eu,false,""
2024-07-27T17:00:00.000000,Spain,Spain,ES,62.31,96.03,86.94,62.16,entsoe.eu,false,""
2024-07-27T18:00:00.000000,Spain,Spain,ES,94.36,133.46,79.3,52.76,entsoe.eu,false,""
2024-07-27T19:00:00.000000,Spain,Spain,ES,117.14,159.8,73.88,46.83,entsoe.eu,false,""
2024-07-27T20:00:00.000000,Spain,Spain,ES,116.05,158.08,74.16,47.34,entsoe.eu,false,""
2024-07-27T21:00:00.000000,Spain,Spain,ES,105.58,145.01,76.82,48.63,entsoe.eu,false,""
2024-07-27T22:00:00.000000,Spain,Spain,ES,101.48,140.14,77.95,49.48,entsoe.eu,false,""
2024-07-27T23:00:00.000000,Spain,Spain,ES,91.77,128.21,80.46,50.6,entsoe.eu,false,""
2024-07-28T00:00:00.000000,Spain,Spain,ES,88.05,123.76,81.49,50.04,entsoe.eu,false,""
2024-07-28T01:00:00.000000,Spain,Spain,ES,90.92,127.38,80.91,48.43,entsoe.eu,false,""
2024-07-28T02:00:00.000000,Spain,Spain,ES,93.54,130.46,80.48,47.01,entsoe.eu,false,""
2024-07-28T03:00:00.000000,Spain,Spain,ES,96.46,133.91,79.85,45.51,entsoe.eu,false,""
2024-07-28T04:00:00.000000,Spain,Spain,ES,101.69,140.63,78.44,44.21,entsoe.eu,false,""
2024-07-28T05:00:00.000000,Spain,Spain,ES,101.3,140.1,78.64,44.7,entsoe.eu,false,""
2024-07-28T06:00:00.000000,Spain,Spain,ES,87.11,124.33,81.81,50.5,entsoe.eu,false,""
2024-07-28T07:00:00.000000,Spain,Spain,ES,63.27,97.39,87.07,59.86,entsoe.eu,false,""
2024-07-28T08:00:00.000000,Spain,Spain,ES,43.48,73.84,91.7,67.14,entsoe.eu,false,""
2024-07-28T09:00:00.000000,Spain,Spain,ES,40.69,70.45,92.58,70.63,entsoe.eu,false,""
2024-07-28T10:00:00.000000,Spain,Spain,ES,40.91,70.7,92.64,70.4,entsoe.eu,false,""
2024-07-28T11:00:00.000000,Spain,Spain,ES,39.79,69.35,92.82,70.5,entsoe.eu,false,""
2024-07-28T12:00:00.000000,Spain,Spain,ES,36.68,65.72,93.23,71.45,entsoe.eu,false,""
2024-07-28T13:00:00.000000,Spain,Spain,ES,36.96,66.11,93.02,71.03,entsoe.eu,false,""
2024-07-28T14:00:00.000000,Spain,Spain,ES,39.05,68.53,92.53,70.21,entsoe.eu,false,""
2024-07-28T15:00:00.000000,Spain,Spain,ES,39.39,68.54,92.42,70.8,entsoe.eu,false,""
2024-07-28T16:00:00.000000,Spain,Spain,ES,47.63,77.89,90.45,69.19,entsoe.eu,false,""
2024-07-28T17:00:00.000000,Spain,Spain,ES,61.96,94.56,87.01,63.09,entsoe.eu,false,""
2024-07-28T18:00:00.000000,Spain,Spain,ES,91.8,129.95,79.89,53.49,entsoe.eu,false,""
2024-07-28T19:00:00.000000,Spain,Spain,ES,116.14,158.38,74.15,46.7,entsoe.eu,false,""
2024-07-28T20:00:00.000000,Spain,Spain,ES,121.91,165.12,72.75,45.97,entsoe.eu,false,""
2024-07-28T21:00:00.000000,Spain,Spain,ES,121.84,165.04,72.85,45.03,entsoe.eu,false,""
2024-07-28T22:00:00.000000,Spain,Spain,ES,127.88,172.72,71.57,43.44,entsoe.eu,false,""
2024-07-28T23:00:00.000000,Spain,Spain,ES,128.94,174.42,71.42,42.41,entsoe.eu,false,""
2024-07-29T00:00:00.000000,Spain,Spain,ES,129.84,176.07,71.27,41.29,entsoe.eu,false,""
2024-07-29T01:00:00.000000,Spain,Spain,ES,130.9,177.34,71.25,40.09,entsoe.eu,false,""
2024-07-29T02:00:00.000000,Spain,Spain,ES,136.26,184.37,69.84,38.14,entsoe.eu,false,""
2024-07-29T03:00:00.000000,Spain,Spain,ES,138.24,186.74,69.44,37.09,entsoe.eu,false,""
2024-07-29T04:00:00.000000,Spain,Spain,ES,142.71,191.75,68.32,35.28,entsoe.eu,false,""
2024-07-29T05:00:00.000000,Spain,Spain,ES,151.28,201.73,66.41,35.42,entsoe.eu,false,""
2024-07-29T06:00:00.000000,Spain,Spain,ES,142.34,190.52,68.92,39.57,entsoe.eu,false,""
2024-07-29T07:00:00.000000,Spain,Spain,ES,130.74,177.56,71.39,44.32,entsoe.eu,false,""
2024-07-29T08:00:00.000000,Spain,Spain,ES,122.82,168.07,73.51,48.76,entsoe.eu,false,""
2024-07-29T09:00:00.000000,Spain,Spain,ES,116.94,161.37,74.89,51.63,entsoe.eu,false,""
2024-07-29T10:00:00.000000,Spain,Spain,ES,117.81,163.06,74.56,52.29,entsoe.eu,false,""
2024-07-29T11:00:00.000000,Spain,Spain,ES,109.69,153.33,76.49,54.75,entsoe.eu,false,""
2024-07-29T12:00:00.000000,Spain,Spain,ES,105.98,149.36,77.35,55.79,entsoe.eu,false,""
2024-07-29T13:00:00.000000,Spain,Spain,ES,96.64,138.0,79.57,58.31,entsoe.eu,false,""
2024-07-29T14:00:00.000000,Spain,Spain,ES,92.95,133.29,80.41,59.27,entsoe.eu,false,""
2024-07-29T15:00:00.000000,Spain,Spain,ES,93.44,133.98,80.27,59.06,entsoe.eu,false,""
2024-07-29T16:00:00.000000,Spain,Spain,ES,102.57,144.91,77.83,56.01,entsoe.eu,false,""
2024-07-29T17:00:00.000000,Spain,Spain,ES,122.36,168.93,72.71,50.31,entsoe.eu,false,""
2024-07-29T18:00:00.000000,Spain,Spain,ES,150.74,203.01,65.71,41.97,entsoe.eu,false,""
2024-07-29T19:00:00.000000,Spain,Spain,ES,171.42,227.43,60.66,35.39,entsoe.eu,false,""
2024-07-29T20:00:00.000000,Spain,Spain,ES,174.36,231.06,59.92,34.85,entsoe.eu,false,""
2024-07-29T21:00:00.000000,Spain,Spain,ES,167.43,222.78,61.66,36.3,entsoe.eu,false,""
2024-07-29T22:00:00.000000,Spain,Spain,ES,150.27,201.41,65.91,40.58,entsoe.eu,false,""
2024-07-29T23:00:00.000000,Spain,Spain,ES,137.0,185.24,69.15,42.51,entsoe.eu,false,""
2024-07-30T00:00:00.000000,Spain,Spain,ES,145.9,196.54,67.12,38.88,entsoe.eu,false,""
2024-07-30T01:00:00.000000,Spain,Spain,ES,155.7,208.63,64.9,35.32,entsoe.eu,false,""
2024-07-30T02:00:00.000000,Spain,Spain,ES,149.94,201.39,66.31,36.25,entsoe.eu,false,""
2024-07-30T03:00:00.000000,Spain,Spain,ES,150.06,201.42,66.34,36.25,entsoe.eu,false,""
2024-07-30T04:00:00.000000,Spain,Spain,ES,147.92,198.58,66.7,35.62,entsoe.eu,false,""
2024-07-30T05:00:00.000000,Spain,Spain,ES,155.47,207.0,65.19,35.13,entsoe.eu,false,""
2024-07-30T06:00:00.000000,Spain,Spain,ES,143.59,192.22,68.37,40.21,entsoe.eu,false,""
2024-07-30T07:00:00.000000,Spain,Spain,ES,128.78,175.93,71.78,45.8,entsoe.eu,false,""
2024-07-30T08:00:00.000000,Spain,Spain,ES,106.79,150.06,77.14,53.35,entsoe.eu,false,""
2024-07-30T09:00:00.000000,Spain,Spain,ES,81.07,118.96,83.3,61.23,entsoe.eu,false,""
2024-07-30T10:00:00.000000,Spain,Spain,ES,64.74,99.12,87.09,66.38,entsoe.eu,false,""
2024-07-30T11:00:00.000000,Spain,Spain,ES,60.2,93.67,88.05,68.24,entsoe.eu,false,""
2024-07-30T12:00:00.000000,Spain,Spain,ES,59.9,93.16,88.12,68.57,entsoe.eu,false,""
2024-07-30T13:00:00.000000,Spain,Spain,ES,55.72,87.81,89.12,69.82,entsoe.eu,false,""
2024-07-30T14:00:00.000000,Spain,Spain,ES,56.75,88.88,88.84,69.83,entsoe.eu,false,""
2024-07-30T15:00:00.000000,Spain,Spain,ES,60.56,93.48,87.94,69.6,entsoe.eu,false,""
2024-07-30T16:00:00.000000,Spain,Spain,ES,73.65,109.78,84.68,67.47,entsoe.eu,false,""
2024-07-30T17:00:00.000000,Spain,Spain,ES,94.52,135.43,79.34,61.69,entsoe.eu,false,""
2024-07-30T18:00:00.000000,Spain,Spain,ES,129.31,176.54,70.98,49.93,entsoe.eu,false,""
2024-07-30T19:00:00.000000,Spain,Spain,ES,159.38,211.86,63.87,41.98,entsoe.eu,false,""
2024-07-30T20:00:00.000000,Spain,Spain,ES,156.12,207.55,64.63,41.45,entsoe.eu,false,""
2024-07-30T21:00:00.000000,Spain,Spain,ES,150.56,201.09,65.72,41.55,entsoe.eu,false,""
2024-07-30T22:00:00.000000,Spain,Spain,ES,162.1,215.9,62.96,38.25,entsoe.eu,false,""
2024-07-30T23:00:00.000000,Spain,Spain,ES,169.86,226.18,61.17,35.47,entsoe.eu,false,""
2024-07-31T00:00:00.000000,Spain,Spain,ES,175.06,233.03,60.0,32.71,entsoe.eu,false,""
2024-07-31T01:00:00.000000,Spain,Spain,ES,180.55,239.81,58.8,30.36,entsoe.eu,false,""
2024-07-31T02:00:00.000000,Spain,Spain,ES,184.52,244.72,57.9,28.66,entsoe.eu,false,""
2024-07-31T03:00:00.000000,Spain,Spain,ES,187.44,248.42,57.2,27.39,entsoe.eu,false,""
2024-07-31T04:00:00.000000,Spain,Spain,ES,188.18,248.64,57.38,26.69,entsoe.eu,false,""
2024-07-31T05:00:00.000000,Spain,Spain,ES,191.45,251.62,56.99,27.26,entsoe.eu,false,""
2024-07-31T06:00:00.000000,Spain,Spain,ES,174.75,231.75,61.19,33.82,entsoe.eu,false,""
2024-07-31T07:00:00.000000,Spain,Spain,ES,126.47,174.34,72.67,47.66,entsoe.eu,false,""
2024-07-31T08:00:00.000000,Spain,Spain,ES,91.24,131.66,81.31,57.77,entsoe.eu,false,""
2024-07-31T09:00:00.000000,Spain,Spain,ES,78.95,116.95,84.3,61.98,entsoe.eu,false,""
2024-07-31T10:00:00.000000,Spain,Spain,ES,72.55,109.44,85.72,63.98,entsoe.eu,false,""
2024-07-31T11:00:00.000000,Spain,Spain,ES,72.23,109.23,85.68,64.65,entsoe.eu,false,""
2024-07-31T12:00:00.000000,Spain,Spain,ES,71.14,107.94,85.9,65.11,entsoe.eu,false,""
2024-07-31T13:00:00.000000,Spain,Spain,ES,67.67,103.66,86.5,65.68,entsoe.eu,false,""
2024-07-31T14:00:00.000000,Spain,Spain,ES,70.77,107.5,85.58,65.03,entsoe.eu,false,""
2024-07-31T15:00:00.000000,Spain,Spain,ES,78.01,116.17,83.84,63.28,entsoe.eu,false,""
2024-07-31T16:00:00.000000,Spain,Spain,ES,94.47,136.25,79.94,61.6,entsoe.eu,false,""
2024-07-31T17:00:00.000000,Spain,Spain,ES,115.84,162.14,74.59,55.4,entsoe.eu,false,""
2024-07-31T18:00:00.000000,Spain,Spain,ES,145.25,196.39,67.27,44.62,entsoe.eu,false,""
2024-07-31T19:00:00.000000,Spain,Spain,ES,174.03,230.43,60.35,36.25,entsoe.eu,false,""
2024-07-31T20:00:00.000000,Spain,Spain,ES,173.95,230.21,60.37,36.3,entsoe.eu,false,""
2024-07-31T21:00:00.000000,Spain,Spain,ES,168.49,223.51,61.76,36.74,entsoe.eu,false,""
2024-07-31T22:00:00.000000,Spain,Spain,ES,168.47,224.33,61.42,35.92,entsoe.eu,false,""
2024-07-31T23:00:00.000000,Spain,Spain,ES,179.06,238.16,58.89,32.63,entsoe.eu,false,""
2024-08-01T00:00:00.000000,Spain,Spain,ES,180.85,240.45,58.54,31.06,entsoe.eu,false,""
2024-08-01T01:00:00.000000,Spain,Spain,ES,181.1,240.81,58.58,30.11,entsoe.eu,false,""
2024-08-01T02:00:00.000000,Spain,Spain,ES,185.38,246.17,57.61,28.55,entsoe.eu,false,""
2024-08-01T03:00:00.000000,Spain,Spain,ES,191.24,253.13,56.58,27.21,entsoe.eu,false,""
2024-08-01T04:00:00.000000,Spain,Spain,ES,185.87,245.28,58.35,28.41,entsoe.eu,false,""
2024-08-01T05:00:00.000000,Spain,Spain,ES,179.29,236.14,60.3,31.09,entsoe.eu,false,""
2024-08-01T06:00:00.000000,Spain,Spain,ES,161.18,214.34,64.89,37.74,entsoe.eu,false,""
2024-08-01T07:00:00.000000,Spain,Spain,ES,123.81,170.62,73.72,49.27,entsoe.eu,false,""
2024-08-01T08:00:00.000000,Spain,Spain,ES,90.96,131.62,81.44,59.17,entsoe.eu,false,""
2024-08-01T09:00:00.000000,Spain,Spain,ES,82.81,122.06,83.24,62.0,entsoe.eu,false,""
2024-08-01T10:00:00.000000,Spain,Spain,ES,80.26,119.13,83.85,63.28,entsoe.eu,false,""
2024-08-01T11:00:00.000000,Spain,Spain,ES,79.01,117.63,84.12,64.65,entsoe.eu,false,""
2024-08-01T12:00:00.000000,Spain,Spain,ES,74.82,112.44,85.08,65.14,entsoe.eu,false,""
2024-08-01T13:00:00.000000,Spain,Spain,ES,71.31,107.93,85.87,65.5,entsoe.eu,false,""
2024-08-01T14:00:00.000000,Spain,Spain,ES,70.17,106.23,86.06,65.54,entsoe.eu,false,""
2024-08-01T15:00:00.000000,Spain,Spain,ES,74.24,111.0,85.05,65.43,entsoe.eu,false,""
2024-08-01T16:00:00.000000,Spain,Spain,ES,83.32,121.89,82.88,65.42,entsoe.eu,false,""
2024-08-01T17:00:00.000000,Spain,Spain,ES,99.41,140.92,79.05,59.97,entsoe.eu,false,""
2024-08-01T18:00:00.000000,Spain,Spain,ES,127.75,173.76,72.34,50.26,entsoe.eu,false,""
2024-08-01T19:00:00.000000,Spain,Spain,ES,145.35,193.32,68.3,44.8,entsoe.eu,false,""
2024-08-01T20:00:00.000000,Spain,Spain,ES,144.54,192.0,68.59,45.9,entsoe.eu,false,""
2024-08-01T21:00:00.000000,Spain,Spain,ES,145.24,192.87,68.57,45.18,entsoe.eu,false,""
2024-08-01T22:00:00.000000,Spain,Spain,ES,144.91,192.46,68.86,43.33,entsoe.eu,false,""
2024-08-01T23:00:00.000000,Spain,Spain,ES,146.15,194.06,68.8,42.0,entsoe.eu,false,""
2024-08-02T00:00:00.000000,Spain,Spain,ES,142.22,189.36,69.95,41.94,entsoe.eu,false,""
2024-08-02T01:00:00.000000,Spain,Spain,ES,136.69,182.5,71.44,42.32,entsoe.eu,false,""
2024-08-02T02:00:00.000000,Spain,Spain,ES,137.41,183.37,71.31,41.67,entsoe.eu,false,""
2024-08-02T03:00:00.000000,Spain,Spain,ES,140.41,187.11,70.63,41.02,entsoe.eu,false,""
2024-08-02T04:00:00.000000,Spain,Spain,ES,142.72,189.85,69.97,39.61,entsoe.eu,false,""
2024-08-02T05:00:00.000000,Spain,Spain,ES,139.43,184.82,70.8,40.39,entsoe.eu,false,""
2024-08-02T06:00:00.000000,Spain,Spain,ES,129.58,174.35,72.74,44.91,entsoe.eu,false,""
2024-08-02T07:00:00.000000,Spain,Spain,ES,96.11,135.62,80.42,57.69,entsoe.eu,false,""
2024-08-02T08:00:00.000000,Spain,Spain,ES,67.72,101.82,87.07,67.3,entsoe.eu,false,""
2024-08-02T09:00:00.000000,Spain,Spain,ES,56.21,87.91,89.68,70.21,entsoe.eu,false,""
2024-08-02T10:00:00.000000,Spain,Spain,ES,51.91,82.65,90.6,71.57,entsoe.eu,false,""
2024-08-02T11:00:00.000000,Spain,Spain,ES,50.55,81.09,90.81,71.47,entsoe.eu,false,""
2024-08-02T12:00:00.000000,Spain,Spain,ES,49.83,79.94,90.97,72.09,entsoe.eu,false,""
2024-08-02T13:00:00.000000,Spain,Spain,ES,52.39,83.1,90.4,72.04,entsoe.eu,false,""
2024-08-02T14:00:00.000000,Spain,Spain,ES,52.84,83.55,90.29,72.85,entsoe.eu,false,""
2024-08-02T15:00:00.000000,Spain,Spain,ES,55.65,86.72,89.6,72.36,entsoe.eu,false,""
2024-08-02T16:00:00.000000,Spain,Spain,ES,66.22,99.55,87.1,69.65,entsoe.eu,false,""
2024-08-02T17:00:00.000000,Spain,Spain,ES,79.31,114.77,84.1,65.75,entsoe.eu,false,""
2024-08-02T18:00:00.000000,Spain,Spain,ES,98.11,135.81,79.82,56.59,entsoe.eu,false,""
2024-08-02T19:00:00.000000,Spain,Spain,ES,120.48,161.15,74.63,48.4,entsoe.eu,false,""
2024-08-02T20:00:00.000000,Spain,Spain,ES,118.71,158.55,75.23,48.43,entsoe.eu,false,""
2024-08-02T21:00:00.000000,Spain,Spain,ES,120.83,161.42,74.85,47.63,entsoe.eu,false,""
2024-08-02T22:00:00.000000,Spain,Spain,ES,119.06,160.04,74.94,47.35,entsoe.eu,false,""
2024-08-02T23:00:00.000000,Spain,Spain,ES,114.69,155.6,75.5,46.64,entsoe.eu,false,""
2024-08-03T00:00:00.000000,Spain,Spain,ES,117.25,159.93,74.38,44.36,entsoe.eu,false,""
2024-08-03T01:00:00.000000,Spain,Spain,ES,123.46,168.18,72.75,41.99,entsoe.eu,false,""
2024-08-03T02:00:00.000000,Spain,Spain,ES,120.2,163.81,73.74,41.46,entsoe.eu,false,""
2024-08-03T03:00:00.000000,Spain,Spain,ES,119.63,163.12,73.98,40.5,entsoe.eu,false,""
2024-08-03T04:00:00.000000,Spain,Spain,ES,119.25,162.58,74.11,40.19,entsoe.eu,false,""
2024-08-03T05:00:00.000000,Spain,Spain,ES,118.96,162.01,74.2,40.5,entsoe.eu,false,""
2024-08-03T06:00:00.000000,Spain,Spain,ES,96.13,134.69,79.6,47.12,entsoe.eu,false,""
2024-08-03T07:00:00.000000,Spain,Spain,ES,66.26,100.11,86.67,58.77,entsoe.eu,false,""
2024-08-03T08:00:00.000000,Spain,Spain,ES,52.24,83.39,90.22,65.87,entsoe.eu,false,""
2024-08-03T09:00:00.000000,Spain,Spain,ES,46.51,76.95,91.57,70.05,entsoe.eu,false,""
2024-08-03T10:00:00.000000,Spain,Spain,ES,45.35,75.92,91.77,71.36,entsoe.eu,false,""
2024-08-03T11:00:00.000000,Spain,Spain,ES,45.82,76.54,91.64,70.19,entsoe.eu,false,""
2024-08-03T12:00:00.000000,Spain,Spain,ES,44.48,75.28,91.63,69.64,entsoe.eu,false,""
2024-08-03T13:00:00.000000,Spain,Spain,ES,43.09,73.73,91.92,70.64,entsoe.eu,false,""
2024-08-03T14:00:00.000000,Spain,Spain,ES,41.83,72.14,92.28,71.52,entsoe.eu,false,""
2024-08-03T15:00:00.000000,Spain,Spain,ES,39.21,69.05,92.52,70.54,entsoe.eu,false,""
2024-08-03T16:00:00.000000,Spain,Spain,ES,43.86,74.28,91.34,68.05,entsoe.eu,false,""
2024-08-03T17:00:00.000000,Spain,Spain,ES,61.28,94.68,87.21,62.21,entsoe.eu,false,""
2024-08-03T18:00:00.000000,Spain,Spain,ES,91.07,128.94,80.2,52.79,entsoe.eu,false,""
2024-08-03T19:00:00.000000,Spain,Spain,ES,117.48,159.46,73.95,45.31,entsoe.eu,false,""
2024-08-03T20:00:00.000000,Spain,Spain,ES,118.92,160.77,73.6,45.21,entsoe.eu,false,""
2024-08-03T21:00:00.000000,Spain,Spain,ES,114.86,155.71,74.64,45.79,entsoe.eu,false,""
2024-08-03T22:00:00.000000,Spain,Spain,ES,114.42,155.57,74.78,45.9,entsoe.eu,false,""
2024-08-03T23:00:00.000000,Spain,Spain,ES,120.39,163.6,73.37,44.06,entsoe.eu,false,""
2024-08-04T00:00:00.000000,Spain,Spain,ES,120.95,164.61,73.34,42.34,entsoe.eu,false,""
2024-08-04T01:00:00.000000,Spain,Spain,ES,118.79,161.97,73.99,41.3,entsoe.eu,false,""
2024-08-04T02:00:00.000000,Spain,Spain,ES,121.94,166.05,73.41,39.41,entsoe.eu,false,""
2024-08-04T03:00:00.000000,Spain,Spain,ES,124.37,169.04,72.89,38.01,entsoe.eu,false,""
2024-08-04T04:00:00.000000,Spain,Spain,ES,124.09,168.39,72.98,37.72,entsoe.eu,false,""
2024-08-04T05:00:00.000000,Spain,Spain,ES,129.92,175.54,71.72,35.89,entsoe.eu,false,""
2024-08-04T06:00:00.000000,Spain,Spain,ES,115.42,159.52,75.09,40.91,entsoe.eu,false,""
2024-08-04T07:00:00.000000,Spain,Spain,ES,75.29,112.69,84.31,54.77,entsoe.eu,false,""
2024-08-04T08:00:00.000000,Spain,Spain,ES,47.97,80.3,90.66,64.74,entsoe.eu,false,""
2024-08-04T09:00:00.000000,Spain,Spain,ES,43.69,75.36,91.94,69.15,entsoe.eu,false,""
2024-08-04T10:00:00.000000,Spain,Spain,ES,44.68,76.17,92.1,69.72,entsoe.eu,false,""
2024-08-04T11:00:00.000000,Spain,Spain,ES,44.2,75.59,92.23,69.92,entsoe.eu,false,""
2024-08-04T12:00:00.000000,Spain,Spain,ES,42.29,73.59,92.35,70.52,entsoe.eu,false,""
2024-08-04T13:00:00.000000,Spain,Spain,ES,39.68,70.61,92.58,70.9,entsoe.eu,false,""
2024-08-04T14:00:00.000000,Spain,Spain,ES,38.74,69.29,92.7,70.78,entsoe.eu,false,""
2024-08-04T15:00:00.000000,Spain,Spain,ES,39.17,69.56,92.61,70.32,entsoe.eu,false,""
2024-08-04T16:00:00.000000,Spain,Spain,ES,45.58,76.79,91.11,67.29,entsoe.eu,false,""
2024-08-04T17:00:00.000000,Spain,Spain,ES,65.38,100.43,86.34,60.36,entsoe.eu,false,""
2024-08-04T18:00:00.000000,Spain,Spain,ES,111.57,154.88,75.34,47.07,entsoe.eu,false,""
2024-08-04T19:00:00.000000,Spain,Spain,ES,142.36,190.26,68.39,38.66,entsoe.eu,false,""
2024-08-04T20:00:00.000000,Spain,Spain,ES,143.5,191.23,68.25,38.93,entsoe.eu,false,""
2024-08-04T21:00:00.000000,Spain,Spain,ES,139.59,186.78,68.92,38.92,entsoe.eu,false,""
2024-08-04T22:00:00.000000,Spain,Spain,ES,141.88,190.17,68.27,38.34,entsoe.eu,false,""
2024-08-04T23:00:00.000000,Spain,Spain,ES,149.44,200.45,66.48,35.83,entsoe.eu,false,""
2024-08-05T00:00:00.000000,Spain,Spain,ES,153.72,206.42,65.51,33.54,entsoe.eu,false,""
2024-08-05T01:00:00.000000,Spain,Spain,ES,155.46,208.77,65.21,31.41,entsoe.eu,false,""
2024-08-05T02:00:00.000000,Spain,Spain,ES,157.18,211.02,64.9,29.01,entsoe.eu,false,""
2024-08-05T03:00:00.000000,Spain,Spain,ES,159.89,214.32,64.29,27.59,entsoe.eu,false,""
2024-08-05T04:00:00.000000,Spain,Spain,ES,164.46,219.19,63.46,28.01,entsoe.eu,false,""
2024-08-05T05:00:00.000000,Spain,Spain,ES,167.36,221.85,63.04,29.12,entsoe.eu,false,""
2024-08-05T06:00:00.000000,Spain,Spain,ES,151.22,202.83,66.91,35.4,entsoe.eu,false,""
2024-08-05T07:00:00.000000,Spain,Spain,ES,101.5,144.02,78.62,49.68,entsoe.eu,false,""
2024-08-05T08:00:00.000000,Spain,Spain,ES,63.51,98.41,87.57,60.98,entsoe.eu,false,""
2024-08-05T09:00:00.000000,Spain,Spain,ES,53.21,86.36,89.97,64.77,entsoe.eu,false,""
2024-08-05T10:00:00.000000,Spain,Spain,ES,52.84,86.3,89.98,65.81,entsoe.eu,false,""
2024-08-05T11:00:00.000000,Spain,Spain,ES,50.58,83.51,90.46,66.93,entsoe.eu,false,""
2024-08-05T12:00:00.000000,Spain,Spain,ES,50.36,83.18,90.45,67.52,entsoe.eu,false,""
2024-08-05T13:00:00.000000,Spain,Spain,ES,48.01,79.88,91.04,68.11,entsoe.eu,false,""
2024-08-05T14:00:00.000000,Spain,Spain,ES,47.02,78.62,91.27,68.23,entsoe.eu,false,""
2024-08-05T15:00:00.000000,Spain,Spain,ES,48.72,80.42,90.84,67.63,entsoe.eu,false,""
2024-08-05T16:00:00.000000,Spain,Spain,ES,58.37,91.65,88.53,64.61,entsoe.eu,false,""
2024-08-05T17:00:00.000000,Spain,Spain,ES,85.09,123.95,82.14,56.82,entsoe.eu,false,""
2024-08-05T18:00:00.000000,Spain,Spain,ES,127.91,174.81,71.96,44.71,entsoe.eu,false,""
2024-08-05T19:00:00.000000,Spain,Spain,ES,146.55,195.17,67.82,39.38,entsoe.eu,false,""
2024-08-05T20:00:00.000000,Spain,Spain,ES,146.15,194.54,67.87,39.6,entsoe.eu,false,""
2024-08-05T21:00:00.000000,Spain,Spain,ES,144.58,193.08,68.31,39.03,entsoe.eu,false,""
2024-08-05T22:00:00.000000,Spain,Spain,ES,142.75,191.39,68.8,38.54,entsoe.eu,false,""
2024-08-05T23:00:00.000000,Spain,Spain,ES,142.11,190.84,69.12,37.36,entsoe.eu,false,""
2024-08-06T00:00:00.000000,Spain,Spain,ES,140.32,188.75,69.7,36.97,entsoe.eu,false,""
2024-08-06T01:00:00.000000,Spain,Spain,ES,141.65,190.51,69.53,36.42,entsoe.eu,false,""
2024-08-06T02:00:00.000000,Spain,Spain,ES,143.53,192.77,69.19,34.49,entsoe.eu,false,""
2024-08-06T03:00:00.000000,Spain,Spain,ES,152.11,203.39,67.19,32.23,entsoe.eu,false,""
2024-08-06T04:00:00.000000,Spain,Spain,ES,154.19,205.39,66.55,32.45,entsoe.eu,false,""
2024-08-06T05:00:00.000000,Spain,Spain,ES,156.07,206.98,66.36,32.31,entsoe.eu,false,""
2024-08-06T06:00:00.000000,Spain,Spain,ES,145.53,194.4,69.16,37.37,entsoe.eu,false,""
2024-08-06T07:00:00.000000,Spain,Spain,ES,109.68,152.87,77.52,48.88,entsoe.eu,false,""
2024-08-06T08:00:00.000000,Spain,Spain,ES,72.35,108.48,86.28,59.74,entsoe.eu,false,""
2024-08-06T09:00:00.000000,Spain,Spain,ES,61.13,95.16,88.86,63.95,entsoe.eu,false,""
2024-08-06T10:00:00.000000,Spain,Spain,ES,58.02,92.04,89.22,65.19,entsoe.eu,false,""
2024-08-06T11:00:00.000000,Spain,Spain,ES,55.14,89.04,89.4,66.43,entsoe.eu,false,""
2024-08-06T12:00:00.000000,Spain,Spain,ES,54.05,87.6,89.55,67.01,entsoe.eu,false,""
2024-08-06T13:00:00.000000,Spain,Spain,ES,53.56,86.86,89.66,67.13,entsoe.eu,false,""
2024-08-06T14:00:00.000000,Spain,Spain,ES,50.76,83.0,90.36,67.49,entsoe.eu,false,""
2024-08-06T15:00:00.000000,Spain,Spain,ES,51.51,83.45,90.18,67.13,entsoe.eu,false,""
2024-08-06T16:00:00.000000,Spain,Spain,ES,57.74,90.46,88.71,65.6,entsoe.eu,false,""
2024-08-06T17:00:00.000000,Spain,Spain,ES,80.18,117.02,83.32,59.47,entsoe.eu,false,""
2024-08-06T18:00:00.000000,Spain,Spain,ES,117.2,161.19,74.47,49.04,entsoe.eu,false,""
2024-08-06T19:00:00.000000,Spain,Spain,ES,139.63,187.27,69.13,44.11,entsoe.eu,false,""
2024-08-06T20:00:00.000000,Spain,Spain,ES,147.72,197.49,67.18,43.27,entsoe.eu,false,""
2024-08-06T21:00:00.000000,Spain,Spain,ES,138.35,185.88,69.55,43.06,entsoe.eu,false,""
2024-08-06T22:00:00.000000,Spain,Spain,ES,112.56,153.39,76.05,47.5,entsoe.eu,false,""
2024-08-06T23:00:00.000000,Spain,Spain,ES,101.59,139.52,78.96,48.25,entsoe.eu,false,""
2024-08-07T00:00:00.000000,Spain,Spain,ES,102.65,141.16,78.85,46.69,entsoe.eu,false,""
2024-08-07T01:00:00.000000,Spain,Spain,ES,106.88,146.04,78.02,44.83,entsoe.eu,false,""
2024-08-07T02:00:00.000000,Spain,Spain,ES,103.75,141.97,78.83,44.88,entsoe.eu,false,""
2024-08-07T03:00:00.000000,Spain,Spain,ES,101.53,139.38,79.4,44.84,entsoe.eu,false,""
2024-08-07T04:00:00.000000,Spain,Spain,ES,104.59,143.13,78.52,44.61,entsoe.eu,false,""
2024-08-07T05:00:00.000000,Spain,Spain,ES,106.24,144.26,78.13,44.96,entsoe.eu,false,""
2024-08-07T06:00:00.000000,Spain,Spain,ES,98.88,136.38,79.56,48.71,entsoe.eu,false,""
2024-08-07T07:00:00.000000,Spain,Spain,ES,70.65,104.16,86.02,58.29,entsoe.eu,false,""
2024-08-07T08:00:00.000000,Spain,Spain,ES,53.02,84.79,89.96,65.38,entsoe.eu,false,""
2024-08-07T09:00:00.000000,Spain,Spain,ES,50.75,82.73,90.42,66.62,entsoe.eu,false,""
2024-08-07T10:00:00.000000,Spain,Spain,ES,51.93,84.53,90.06,66.92,entsoe.eu,false,""
2024-08-07T11:00:00.000000,Spain,Spain,ES,50.69,83.29,90.32,67.53,entsoe.eu,false,""
2024-08-07T12:00:00.000000,Spain,Spain,ES,48.92,81.05,90.76,67.82,entsoe.eu,false,""
2024-08-07T13:00:00.000000,Spain,Spain,ES,47.91,79.55,90.98,68.24,entsoe.eu,false,""
2024-08-07T14:00:00.000000,Spain,Spain,ES,47.25,78.39,91.14,68.51,entsoe.eu,false,""
2024-08-07T15:00:00.000000,Spain,Spain,ES,48.05,79.03,90.94,68.34,entsoe.eu,false,""
2024-08-07T16:00:00.000000,Spain,Spain,ES,54.57,86.59,89.39,66.5,entsoe.eu,false,""
2024-08-07T17:00:00.000000,Spain,Spain,ES,76.25,112.29,84.16,60.48,entsoe.eu,false,""
2024-08-07T18:00:00.000000,Spain,Spain,ES,105.31,145.68,77.33,51.53,entsoe.eu,false,""
2024-08-07T19:00:00.000000,Spain,Spain,ES,130.79,175.61,71.27,44.71,entsoe.eu,false,""
2024-08-07T20:00:00.000000,Spain,Spain,ES,131.19,176.02,71.21,44.55,entsoe.eu,false,""
2024-08-07T21:00:00.000000,Spain,Spain,ES,124.0,167.02,73.11,44.88,entsoe.eu,false,""
2024-08-07T22:00:00.000000,Spain,Spain,ES,113.54,153.78,75.82,45.48,entsoe.eu,false,""
2024-08-07T23:00:00.000000,Spain,Spain,ES,114.42,155.15,75.75,43.95,entsoe.eu,false,""
2024-08-08T00:00:00.000000,Spain,Spain,ES,113.45,154.14,76.14,42.61,entsoe.eu,false,""
2024-08-08T01:00:00.000000,Spain,Spain,ES,111.83,152.1,76.69,41.4,entsoe.eu,false,""
2024-08-08T02:00:00.000000,Spain,Spain,ES,111.34,152.04,76.28,39.9,entsoe.eu,false,""
2024-08-08T03:00:00.000000,Spain,Spain,ES,118.89,160.64,75.08,38.45,entsoe.eu,false,""
2024-08-08T04:00:00.000000,Spain,Spain,ES,117.94,159.06,75.3,38.99,entsoe.eu,false,""
2024-08-08T05:00:00.000000,Spain,Spain,ES,123.9,166.06,73.78,38.78,entsoe.eu,false,""
2024-08-08T06:00:00.000000,Spain,Spain,ES,115.53,156.78,75.66,43.52,entsoe.eu,false,""
2024-08-08T07:00:00.000000,Spain,Spain,ES,77.02,112.11,84.55,55.31,entsoe.eu,false,""
2024-08-08T08:00:00.000000,Spain,Spain,ES,55.22,87.49,89.54,63.68,entsoe.eu,false,""
2024-08-08T09:00:00.000000,Spain,Spain,ES,49.44,80.89,90.77,66.32,entsoe.eu,false,""
2024-08-08T10:00:00.000000,Spain,Spain,ES,48.96,80.74,90.81,67.6,entsoe.eu,false,""
2024-08-08T11:00:00.000000,Spain,Spain,ES,48.17,79.92,90.93,68.21,entsoe.eu,false,""
2024-08-08T12:00:00.000000,Spain,Spain,ES,48.65,80.49,90.78,68.37,entsoe.eu,false,""
2024-08-08T13:00:00.000000,Spain,Spain,ES,48.38,80.0,90.85,68.43,entsoe.eu,false,""
2024-08-08T14:00:00.000000,Spain,Spain,ES,47.25,78.49,91.12,68.61,entsoe.eu,false,""
2024-08-08T15:00:00.000000,Spain,Spain,ES,50.67,82.54,90.31,67.6,entsoe.eu,false,""
2024-08-08T16:00:00.000000,Spain,Spain,ES,58.57,91.77,88.41,65.37,entsoe.eu,false,""
2024-08-08T17:00:00.000000,Spain,Spain,ES,80.54,117.69,83.15,58.48,entsoe.eu,false,""
2024-08-08T18:00:00.000000,Spain,Spain,ES,117.46,160.65,74.41,47.6,entsoe.eu,false,""
2024-08-08T19:00:00.000000,Spain,Spain,ES,142.19,189.76,68.48,41.17,entsoe.eu,false,""
2024-08-08T20:00:00.000000,Spain,Spain,ES,139.12,185.66,69.28,41.47,entsoe.eu,false,""
2024-08-08T21:00:00.000000,Spain,Spain,ES,128.82,172.64,71.94,42.56,entsoe.eu,false,""
2024-08-08T22:00:00.000000,Spain,Spain,ES,130.25,174.76,71.75,41.74,entsoe.eu,false,""
2024-08-08T23:00:00.000000,Spain,Spain,ES,125.32,168.96,73.11,41.82,entsoe.eu,false,""
2024-08-09T00:00:00.000000,Spain,Spain,ES,126.7,170.96,72.96,40.11,entsoe.eu,false,""
2024-08-09T01:00:00.000000,Spain,Spain,ES,130.42,175.63,72.23,37.84,entsoe.eu,false,""
2024-08-09T02:00:00.000000,Spain,Spain,ES,135.94,182.37,71.1,36.13,entsoe.eu,false,""
2024-08-09T03:00:00.000000,Spain,Spain,ES,141.99,189.87,69.69,34.8,entsoe.eu,false,""
2024-08-09T04:00:00.000000,Spain,Spain,ES,140.38,187.81,69.95,35.29,entsoe.eu,false,""
2024-08-09T05:00:00.000000,Spain,Spain,ES,136.23,181.94,70.76,36.84,entsoe.eu,false,""
2024-08-09T06:00:00.000000,Spain,Spain,ES,123.36,166.94,73.69,41.9,entsoe.eu,false,""
2024-08-09T07:00:00.000000,Spain,Spain,ES,90.75,129.68,81.18,52.91,entsoe.eu,false,""
2024-08-09T08:00:00.000000,Spain,Spain,ES,61.54,96.21,87.97,62.34,entsoe.eu,false,""
2024-08-09T09:00:00.000000,Spain,Spain,ES,52.28,85.26,90.11,66.2,entsoe.eu,false,""
2024-08-09T10:00:00.000000,Spain,Spain,ES,50.58,83.41,90.44,67.46,entsoe.eu,false,""
2024-08-09T11:00:00.000000,Spain,Spain,ES,50.59,83.58,90.35,68.08,entsoe.eu,false,""
2024-08-09T12:00:00.000000,Spain,Spain,ES,49.72,82.31,90.51,68.34,entsoe.eu,false,""
2024-08-09T13:00:00.000000,Spain,Spain,ES,49.45,81.85,90.53,68.26,entsoe.eu,false,""
2024-08-09T14:00:00.000000,Spain,Spain,ES,49.06,81.12,90.65,68.52,entsoe.eu,false,""
2024-08-09T15:00:00.000000,Spain,Spain,ES,49.21,81.05,90.6,68.5,entsoe.eu,false,""
2024-08-09T16:00:00.000000,Spain,Spain,ES,55.77,88.59,89.03,66.31,entsoe.eu,false,""
2024-08-09T17:00:00.000000,Spain,Spain,ES,75.56,111.64,84.36,59.81,entsoe.eu,false,""
2024-08-09T18:00:00.000000,Spain,Spain,ES,110.42,151.89,76.13,49.6,entsoe.eu,false,""
2024-08-09T19:00:00.000000,Spain,Spain,ES,133.37,178.87,70.68,43.53,entsoe.eu,false,""
2024-08-09T20:00:00.000000,Spain,Spain,ES,130.97,175.73,71.31,43.76,entsoe.eu,false,""
2024-08-09T21:00:00.000000,Spain,Spain,ES,123.47,166.23,73.27,44.6,entsoe.eu,false,""
2024-08-09T22:00:00.000000,Spain,Spain,ES,118.72,160.74,74.25,43.8,entsoe.eu,false,""
2024-08-09T23:00:00.000000,Spain,Spain,ES,109.52,150.17,76.12,43.89,entsoe.eu,false,""
2024-08-10T00:00:00.000000,Spain,Spain,ES,102.07,141.0,78.01,43.69,entsoe.eu,false,""
2024-08-10T01:00:00.000000,Spain,Spain,ES,98.84,136.75,79.06,42.8,entsoe.eu,false,""
2024-08-10T02:00:00.000000,Spain,Spain,ES,94.19,131.17,80.16,42.51,entsoe.eu,false,""
2024-08-10T03:00:00.000000,Spain,Spain,ES,93.42,130.06,80.44,41.9,entsoe.eu,false,""
2024-08-10T04:00:00.000000,Spain,Spain,ES,107.7,147.7,77.13,38.65,entsoe.eu,false,""
2024-08-10T05:00:00.000000,Spain,Spain,ES,114.09,155.84,75.56,37.93,entsoe.eu,false,""
2024-08-10T06:00:00.000000,Spain,Spain,ES,100.79,140.71,78.59,43.56,entsoe.eu,false,""
2024-08-10T07:00:00.000000,Spain,Spain,ES,64.35,98.8,86.86,56.62,entsoe.eu,false,""
2024-08-10T08:00:00.000000,Spain,Spain,ES,41.05,70.79,92.22,65.56,entsoe.eu,false,""
2024-08-10T09:00:00.000000,Spain,Spain,ES,35.36,64.24,93.46,69.06,entsoe.eu,false,""
2024-08-10T10:00:00.000000,Spain,Spain,ES,38.64,68.64,92.88,69.57,entsoe.eu,false,""
2024-08-10T11:00:00.000000,Spain,Spain,ES,37.92,67.57,93.13,70.34,entsoe.eu,false,""
2024-08-10T12:00:00.000000,Spain,Spain,ES,37.49,66.93,93.18,70.82,entsoe.eu,false,""
2024-08-10T13:00:00.000000,Spain,Spain,ES,37.09,66.36,93.27,70.8,entsoe.eu,false,""
2024-08-10T14:00:00.000000,Spain,Spain,ES,37.06,66.2,93.28,70.35,entsoe.eu,false,""
2024-08-10T15:00:00.000000,Spain,Spain,ES,36.81,65.86,93.06,70.14,entsoe.eu,false,""
2024-08-10T16:00:00.000000,Spain,Spain,ES,43.51,73.78,91.31,68.14,entsoe.eu,false,""
2024-08-10T17:00:00.000000,Spain,Spain,ES,65.58,99.69,86.08,61.46,entsoe.eu,false,""
2024-08-10T18:00:00.000000,Spain,Spain,ES,99.45,138.96,78.08,51.35,entsoe.eu,false,""
2024-08-10T19:00:00.000000,Spain,Spain,ES,116.73,158.91,74.01,46.05,entsoe.eu,false,""
2024-08-10T20:00:00.000000,Spain,Spain,ES,120.39,163.65,73.11,45.4,entsoe.eu,false,""
2024-08-10T21:00:00.000000,Spain,Spain,ES,112.55,154.06,75.04,46.6,entsoe.eu,false,""
2024-08-10T22:00:00.000000,Spain,Spain,ES,105.73,145.82,76.78,47.04,entsoe.eu,false,""
2024-08-10T23:00:00.000000,Spain,Spain,ES,92.73,129.63,80.06,47.89,entsoe.eu,false,""
2024-08-11T00:00:00.000000,Spain,Spain,ES,83.56,118.27,82.39,49.24,entsoe.eu,false,""
2024-08-11T01:00:00.000000,Spain,Spain,ES,83.55,118.41,82.52,48.05,entsoe.eu,false,""
2024-08-11T02:00:00.000000,Spain,Spain,ES,87.93,124.1,81.39,45.8,entsoe.eu,false,""
2024-08-11T03:00:00.000000,Spain,Spain,ES,95.57,133.47,79.8,43.07,entsoe.eu,false,""
2024-08-11T04:00:00.000000,Spain,Spain,ES,100.64,139.96,78.52,41.56,entsoe.eu,false,""
2024-08-11T05:00:00.000000,Spain,Spain,ES,103.5,142.47,78.41,41.43,entsoe.eu,false,""
2024-08-11T06:00:00.000000,Spain,Spain,ES,93.74,131.01,81.18,45.46,entsoe.eu,false,""
2024-08-11T07:00:00.000000,Spain,Spain,ES,68.25,102.07,87.24,56.59,entsoe.eu,false,""
2024-08-11T08:00:00.000000,Spain,Spain,ES,50.67,81.28,91.29,64.81,entsoe.eu,false,""
2024-08-11T09:00:00.000000,Spain,Spain,ES,45.65,75.82,92.34,67.48,entsoe.eu,false,""
2024-08-11T10:00:00.000000,Spain,Spain,ES,44.76,75.01,92.49,67.77,entsoe.eu,false,""
2024-08-11T11:00:00.000000,Spain,Spain,ES,43.23,73.16,92.76,68.34,entsoe.eu,false,""
2024-08-11T12:00:00.000000,Spain,Spain,ES,42.14,71.67,92.94,69.05,entsoe.eu,false,""
2024-08-11T13:00:00.000000,Spain,Spain,ES,43.15,72.86,92.69,68.77,entsoe.eu,false,""
2024-08-11T14:00:00.000000,Spain,Spain,ES,44.9,74.91,92.29,69.83,entsoe.eu,false,""
2024-08-11T15:00:00.000000,Spain,Spain,ES,45.94,76.13,91.98,71.84,entsoe.eu,false,""
2024-08-11T16:00:00.000000,Spain,Spain,ES,47.52,77.73,91.31,70.53,entsoe.eu,false,""
2024-08-11T17:00:00.000000,Spain,Spain,ES,62.63,95.53,87.33,63.31,entsoe.eu,false,""
2024-08-11T18:00:00.000000,Spain,Spain,ES,94.28,133.25,79.42,52.21,entsoe.eu,false,""
2024-08-11T19:00:00.000000,Spain,Spain,ES,109.99,150.83,75.63,47.18,entsoe.eu,false,""
2024-08-11T20:00:00.000000,Spain,Spain,ES,115.18,156.8,74.46,46.07,entsoe.eu,false,""
2024-08-11T21:00:00.000000,Spain,Spain,ES,115.62,157.42,74.42,45.09,entsoe.eu,false,""
2024-08-11T22:00:00.000000,Spain,Spain,ES,118.89,161.87,73.72,43.04,entsoe.eu,false,""
2024-08-11T23:00:00.000000,Spain,Spain,ES,113.01,154.63,75.3,42.82,entsoe.eu,false,""
2024-08-12T00:00:00.000000,Spain,Spain,ES,105.87,145.78,77.18,43.14,entsoe.eu,false,""
2024-08-12T01:00:00.000000,Spain,Spain,ES,104.12,143.61,77.65,42.2,entsoe.eu,false,""
2024-08-12T02:00:00.000000,Spain,Spain,ES,115.78,158.26,74.95,39.11,entsoe.eu,false,""
2024-08-12T03:00:00.000000,Spain,Spain,ES,130.45,176.87,71.36,35.21,entsoe.eu,false,""
2024-08-12T04:00:00.000000,Spain,Spain,ES,137.54,185.34,69.64,33.44,entsoe.eu,false,""
2024-08-12T05:00:00.000000,Spain,Spain,ES,141.7,189.72,68.68,33.55,entsoe.eu,false,""
2024-08-12T06:00:00.000000,Spain,Spain,ES,131.28,177.35,71.35,38.44,entsoe.eu,false,""
2024-08-12T07:00:00.000000,Spain,Spain,ES,103.99,146.38,78.03,49.04,entsoe.eu,false,""
2024-08-12T08:00:00.000000,Spain,Spain,ES,68.5,104.19,86.72,60.46,entsoe.eu,false,""
2024-08-12T09:00:00.000000,Spain,Spain,ES,54.39,87.25,90.12,65.32,entsoe.eu,false,""
2024-08-12T10:00:00.000000,Spain,Spain,ES,51.81,84.6,90.54,67.12,entsoe.eu,false,""
2024-08-12T11:00:00.000000,Spain,Spain,ES,50.19,82.48,90.91,67.84,entsoe.eu,false,""
2024-08-12T12:00:00.000000,Spain,Spain,ES,49.74,81.92,90.95,68.16,entsoe.eu,false,""
2024-08-12T13:00:00.000000,Spain,Spain,ES,48.19,80.12,91.11,68.96,entsoe.eu,false,""
2024-08-12T14:00:00.000000,Spain,Spain,ES,45.07,76.62,91.4,69.29,entsoe.eu,false,""
2024-08-12T15:00:00.000000,Spain,Spain,ES,46.11,77.54,91.08,68.72,entsoe.eu,false,""
2024-08-12T16:00:00.000000,Spain,Spain,ES,56.27,89.88,88.38,66.94,entsoe.eu,false,""
2024-08-12T17:00:00.000000,Spain,Spain,ES,84.2,123.79,81.58,61.32,entsoe.eu,false,""
2024-08-12T18:00:00.000000,Spain,Spain,ES,112.36,155.95,74.92,51.43,entsoe.eu,false,""
2024-08-12T19:00:00.000000,Spain,Spain,ES,128.98,174.38,71.16,45.66,entsoe.eu,false,""
2024-08-12T20:00:00.000000,Spain,Spain,ES,133.4,179.71,70.02,44.08,entsoe.eu,false,""
2024-08-12T21:00:00.000000,Spain,Spain,ES,129.18,174.27,71.18,42.2,entsoe.eu,false,""
2024-08-12T22:00:00.000000,Spain,Spain,ES,125.25,169.4,72.29,40.56,entsoe.eu,false,""
2024-08-12T23:00:00.000000,Spain,Spain,ES,123.1,166.97,72.97,39.22,entsoe.eu,false,""
2024-08-13T00:00:00.000000,Spain,Spain,ES,124.47,168.77,72.78,37.29,entsoe.eu,false,""
2024-08-13T01:00:00.000000,Spain,Spain,ES,109.27,149.68,76.7,40.47,entsoe.eu,false,""
2024-08-13T02:00:00.000000,Spain,Spain,ES,107.08,146.58,77.51,39.71,entsoe.eu,false,""
2024-08-13T03:00:00.000000,Spain,Spain,ES,121.19,164.04,74.1,35.86,entsoe.eu,false,""
2024-08-13T04:00:00.000000,Spain,Spain,ES,128.4,173.29,72.02,34.1,entsoe.eu,false,""
2024-08-13T05:00:00.000000,Spain,Spain,ES,131.1,176.3,71.39,35.76,entsoe.eu,false,""
2024-08-13T06:00:00.000000,Spain,Spain,ES,125.67,169.83,73.02,40.31,entsoe.eu,false,""
2024-08-13T07:00:00.000000,Spain,Spain,ES,98.15,138.22,79.52,51.39,entsoe.eu,false,""
2024-08-13T08:00:00.000000,Spain,Spain,ES,73.38,108.94,85.71,58.88,entsoe.eu,false,""
2024-08-13T09:00:00.000000,Spain,Spain,ES,59.95,92.97,88.93,62.51,entsoe.eu,false,""
2024-08-13T10:00:00.000000,Spain,Spain,ES,57.32,89.99,89.39,64.31,entsoe.eu,false,""
2024-08-13T11:00:00.000000,Spain,Spain,ES,52.29,83.58,90.53,66.48,entsoe.eu,false,""
2024-08-13T12:00:00.000000,Spain,Spain,ES,50.87,81.83,90.78,67.06,entsoe.eu,false,""
2024-08-13T13:00:00.000000,Spain,Spain,ES,51.25,82.61,90.4,67.22,entsoe.eu,false,""
2024-08-13T14:00:00.000000,Spain,Spain,ES,51.59,83.4,90.01,68.06,entsoe.eu,false,""
2024-08-13T15:00:00.000000,Spain,Spain,ES,55.94,88.43,88.94,67.82,entsoe.eu,false,""
2024-08-13T16:00:00.000000,Spain,Spain,ES,63.85,97.8,86.69,64.81,entsoe.eu,false,""
2024-08-13T17:00:00.000000,Spain,Spain,ES,89.6,129.32,80.41,57.2,entsoe.eu,false,""
2024-08-13T18:00:00.000000,Spain,Spain,ES,120.57,165.44,73.31,47.09,entsoe.eu,false,""
2024-08-13T19:00:00.000000,Spain,Spain,ES,142.83,191.58,67.86,40.11,entsoe.eu,false,""
2024-08-13T20:00:00.000000,Spain,Spain,ES,140.79,188.74,68.39,40.07,entsoe.eu,false,""
2024-08-13T21:00:00.000000,Spain,Spain,ES,131.4,176.75,70.82,40.66,entsoe.eu,false,""
2024-08-13T22:00:00.000000,Spain,Spain,ES,125.0,169.0,72.49,38.84,entsoe.eu,false,""
2024-08-13T23:00:00.000000,Spain,Spain,ES,119.96,162.84,73.88,38.06,entsoe.eu,false,""
2024-08-14T00:00:00.000000,Spain,Spain,ES,116.95,158.81,74.92,37.66,entsoe.eu,false,""
2024-08-14T01:00:00.000000,Spain,Spain,ES,109.6,149.86,76.67,38.38,entsoe.eu,false,""
2024-08-14T02:00:00.000000,Spain,Spain,ES,108.1,147.62,77.2,38.24,entsoe.eu,false,""
2024-08-14T03:00:00.000000,Spain,Spain,ES,105.6,144.7,77.8,38.76,entsoe.eu,false,""
2024-08-14T04:00:00.000000,Spain,Spain,ES,107.4,147.2,77.21,40.39,entsoe.eu,false,""
2024-08-14T05:00:00.000000,Spain,Spain,ES,113.65,154.65,75.72,40.86,entsoe.eu,false,""
2024-08-14T06:00:00.000000,Spain,Spain,ES,106.16,145.68,77.8,44.57,entsoe.eu,false,""
2024-08-14T07:00:00.000000,Spain,Spain,ES,87.07,124.93,82.42,56.65,entsoe.eu,false,""
2024-08-14T08:00:00.000000,Spain,Spain,ES,68.8,103.86,86.62,65.64,entsoe.eu,false,""
2024-08-14T09:00:00.000000,Spain,Spain,ES,60.99,94.77,88.32,68.9,entsoe.eu,false,""
2024-08-14T10:00:00.000000,Spain,Spain,ES,57.62,90.8,89.0,70.28,entsoe.eu,false,""
2024-08-14T11:00:00.000000,Spain,Spain,ES,56.11,88.76,89.3,70.99,entsoe.eu,false,""
2024-08-14T12:00:00.000000,Spain,Spain,ES,52.84,84.5,90.05,72.03,entsoe.eu,false,""
2024-08-14T13:00:00.000000,Spain,Spain,ES,52.52,84.29,89.93,71.67,entsoe.eu,false,""
2024-08-14T14:00:00.000000,Spain,Spain,ES,53.0,85.1,89.51,70.67,entsoe.eu,false,""
2024-08-14T15:00:00.000000,Spain,Spain,ES,54.74,87.19,89.07,70.14,entsoe.eu,false,""
2024-08-14T16:00:00.000000,Spain,Spain,ES,57.49,90.56,88.04,68.82,entsoe.eu,false,""
2024-08-14T17:00:00.000000,Spain,Spain,ES,71.9,107.67,84.63,64.24,entsoe.eu,false,""
2024-08-14T18:00:00.000000,Spain,Spain,ES,97.19,137.08,78.73,56.05,entsoe.eu,false,""
2024-08-14T19:00:00.000000,Spain,Spain,ES,103.64,142.63,77.33,51.77,entsoe.eu,false,""
2024-08-14T20:00:00.000000,Spain,Spain,ES,104.48,143.66,77.15,52.11,entsoe.eu,false,""
2024-08-14T21:00:00.000000,Spain,Spain,ES,99.68,137.87,78.39,51.77,entsoe.eu,false,""
2024-08-14T22:00:00.000000,Spain,Spain,ES,94.77,131.86,79.64,49.26,entsoe.eu,false,""
2024-08-14T23:00:00.000000,Spain,Spain,ES,92.19,129.06,80.3,48.14,entsoe.eu,false,""
2024-08-15T00:00:00.000000,Spain,Spain,ES,95.99,134.16,79.47,46.65,entsoe.eu,false,""
2024-08-15T01:00:00.000000,Spain,Spain,ES,98.75,137.71,78.8,45.2,entsoe.eu,false,""
2024-08-15T02:00:00.000000,Spain,Spain,ES,100.31,139.56,78.48,44.71,entsoe.eu,false,""
2024-08-15T03:00:00.000000,Spain,Spain,ES,95.07,132.8,79.84,45.35,entsoe.eu,false,""
2024-08-15T04:00:00.000000,Spain,Spain,ES,96.66,134.74,79.53,44.42,entsoe.eu,false,""
2024-08-15T05:00:00.000000,Spain,Spain,ES,96.47,134.44,79.55,44.02,entsoe.eu,false,""
2024-08-15T06:00:00.000000,Spain,Spain,ES,80.65,115.72,83.34,51.01,entsoe.eu,false,""
2024-08-15T07:00:00.000000,Spain,Spain,ES,52.45,83.37,89.74,64.62,entsoe.eu,false,""
2024-08-15T08:00:00.000000,Spain,Spain,ES,42.23,71.99,91.97,69.58,entsoe.eu,false,""
2024-08-15T09:00:00.000000,Spain,Spain,ES,44.74,76.06,91.27,69.7,entsoe.eu,false,""
2024-08-15T10:00:00.000000,Spain,Spain,ES,44.44,76.12,91.3,70.17,entsoe.eu,false,""
2024-08-15T11:00:00.000000,Spain,Spain,ES,43.92,75.68,91.44,70.2,entsoe.eu,false,""
2024-08-15T12:00:00.000000,Spain,Spain,ES,44.27,76.13,91.38,69.97,entsoe.eu,false,""
2024-08-15T13:00:00.000000,Spain,Spain,ES,46.18,78.39,90.91,69.58,entsoe.eu,false,""
2024-08-15T14:00:00.000000,Spain,Spain,ES,47.37,79.85,90.62,69.33,entsoe.eu,false,""
2024-08-15T15:00:00.000000,Spain,Spain,ES,45.98,77.93,90.95,69.7,entsoe.eu,false,""
2024-08-15T16:00:00.000000,Spain,Spain,ES,43.44,74.15,91.6,70.0,entsoe.eu,false,""
2024-08-15T17:00:00.000000,Spain,Spain,ES,51.49,83.26,89.79,65.88,entsoe.eu,false,""
2024-08-15T18:00:00.000000,Spain,Spain,ES,79.13,114.27,83.34,53.4,entsoe.eu,false,""
2024-08-15T19:00:00.000000,Spain,Spain,ES,100.07,137.67,78.39,46.57,entsoe.eu,false,""
2024-08-15T20:00:00.000000,Spain,Spain,ES,99.51,136.87,78.52,47.22,entsoe.eu,false,""
2024-08-15T21:00:00.000000,Spain,Spain,ES,92.58,128.39,80.27,48.07,entsoe.eu,false,""
2024-08-15T22:00:00.000000,Spain,Spain,ES,90.65,126.34,80.83,46.46,entsoe.eu,false,""
2024-08-15T23:00:00.000000,Spain,Spain,ES,93.22,129.97,80.33,45.05,entsoe.eu,false,""
2024-08-16T00:00:00.000000,Spain,Spain,ES,94.31,131.82,80.13,44.21,entsoe.eu,false,""
2024-08-16T01:00:00.000000,Spain,Spain,ES,97.67,136.06,79.46,42.56,entsoe.eu,false,""
2024-08-16T02:00:00.000000,Spain,Spain,ES,99.6,138.5,79.11,41.91,entsoe.eu,false,""
2024-08-16T03:00:00.000000,Spain,Spain,ES,97.28,135.82,79.66,41.16,entsoe.eu,false,""
2024-08-16T04:00:00.000000,Spain,Spain,ES,98.56,137.42,79.19,40.96,entsoe.eu,false,""
2024-08-16T05:00:00.000000,Spain,Spain,ES,101.13,140.04,78.6,40.73,entsoe.eu,false,""
2024-08-16T06:00:00.000000,Spain,Spain,ES,83.29,118.07,83.21,47.13,entsoe.eu,false,""
2024-08-16T07:00:00.000000,Spain,Spain,ES,59.13,91.12,89.11,60.66,entsoe.eu,false,""
2024-08-16T08:00:00.000000,Spain,Spain,ES,53.05,84.96,90.56,67.28,entsoe.eu,false,""
2024-08-16T09:00:00.000000,Spain,Spain,ES,49.9,81.6,91.28,69.9,entsoe.eu,false,""
2024-08-16T10:00:00.000000,Spain,Spain,ES,47.29,78.56,91.8,70.35,entsoe.eu,false,""
2024-08-16T11:00:00.000000,Spain,Spain,ES,45.32,76.14,92.21,69.21,entsoe.eu,false,""
2024-08-16T12:00:00.000000,Spain,Spain,ES,44.92,75.79,92.26,69.8,entsoe.eu,false,""
2024-08-16T13:00:00.000000,Spain,Spain,ES,43.94,75.02,92.29,71.2,entsoe.eu,false,""
2024-08-16T14:00:00.000000,Spain,Spain,ES,43.53,74.97,91.99,71.44,entsoe.eu,false,""
2024-08-16T15:00:00.000000,Spain,Spain,ES,43.63,75.02,91.86,71.52,entsoe.eu,false,""
2024-08-16T16:00:00.000000,Spain,Spain,ES,48.1,80.59,90.59,69.97,entsoe.eu,false,""
2024-08-16T17:00:00.000000,Spain,Spain,ES,65.26,100.9,86.37,62.13,entsoe.eu,false,""
2024-08-16T18:00:00.000000,Spain,Spain,ES,93.61,132.05,79.74,50.02,entsoe.eu,false,""
2024-08-16T19:00:00.000000,Spain,Spain,ES,117.18,159.23,74.14,43.43,entsoe.eu,false,""
2024-08-16T20:00:00.000000,Spain,Spain,ES,113.5,154.67,75.06,43.94,entsoe.eu,false,""
2024-08-16T21:00:00.000000,Spain,Spain,ES,109.33,149.44,76.22,44.58,entsoe.eu,false,""
2024-08-16T22:00:00.000000,Spain,Spain,ES,97.14,134.32,79.32,44.66,entsoe.eu,false,""
2024-08-16T23:00:00.000000,Spain,Spain,ES,95.74,132.53,79.81,44.09,entsoe.eu,false,""
2024-08-17T00:00:00.000000,Spain,Spain,ES,97.97,136.05,79.33,42.79,entsoe.eu,false,""
2024-08-17T01:00:00.000000,Spain,Spain,ES,100.57,139.61,78.76,40.97,entsoe.eu,false,""
2024-08-17T02:00:00.000000,Spain,Spain,ES,103.8,143.69,77.99,39.57,entsoe.eu,false,""
2024-08-17T03:00:00.000000,Spain,Spain,ES,101.21,139.98,78.71,40.01,entsoe.eu,false,""
2024-08-17T04:00:00.000000,Spain,Spain,ES,99.13,137.34,79.22,40.01,entsoe.eu,false,""
2024-08-17T05:00:00.000000,Spain,Spain,ES,99.85,138.04,79.09,40.16,entsoe.eu,false,""
2024-08-17T06:00:00.000000,Spain,Spain,ES,84.13,119.27,82.86,46.32,entsoe.eu,false,""
2024-08-17T07:00:00.000000,Spain,Spain,ES,61.87,95.89,87.66,59.74,entsoe.eu,false,""
2024-08-17T08:00:00.000000,Spain,Spain,ES,48.81,81.52,90.47,67.33,entsoe.eu,false,""
2024-08-17T09:00:00.000000,Spain,Spain,ES,44.37,76.74,91.37,69.9,entsoe.eu,false,""
2024-08-17T10:00:00.000000,Spain,Spain,ES,41.78,73.65,91.95,70.9,entsoe.eu,false,""
2024-08-17T11:00:00.000000,Spain,Spain,ES,42.78,74.92,91.69,70.83,entsoe.eu,false,""
2024-08-17T12:00:00.000000,Spain,Spain,ES,42.99,75.14,91.62,70.97,entsoe.eu,false,""
2024-08-17T13:00:00.000000,Spain,Spain,ES,41.03,72.46,92.08,71.56,entsoe.eu,false,""
2024-08-17T14:00:00.000000,Spain,Spain,ES,42.44,73.84,91.76,71.06,entsoe.eu,false,""
2024-08-17T15:00:00.000000,Spain,Spain,ES,45.87,77.66,90.94,70.16,entsoe.eu,false,""
2024-08-17T16:00:00.000000,Spain,Spain,ES,48.81,80.59,90.28,69.08,entsoe.eu,false,""
2024-08-17T17:00:00.000000,Spain,Spain,ES,68.24,103.47,85.74,61.9,entsoe.eu,false,""
2024-08-17T18:00:00.000000,Spain,Spain,ES,96.2,135.2,79.11,50.69,entsoe.eu,false,""
2024-08-17T19:00:00.000000,Spain,Spain,ES,108.97,148.91,76.09,46.97,entsoe.eu,false,""
2024-08-17T20:00:00.000000,Spain,Spain,ES,108.03,147.59,76.36,46.86,entsoe.eu,false,""
2024-08-17T21:00:00.000000,Spain,Spain,ES,110.66,151.0,75.83,44.83,entsoe.eu,false,""
2024-08-17T22:00:00.000000,Spain,Spain,ES,104.72,143.68,77.45,43.71,entsoe.eu,false,""
2024-08-17T23:00:00.000000,Spain,Spain,ES,101.29,139.63,78.44,42.33,entsoe.eu,false,""
2024-08-18T00:00:00.000000,Spain,Spain,ES,102.76,141.99,78.18,40.42,entsoe.eu,false,""
2024-08-18T01:00:00.000000,Spain,Spain,ES,108.25,148.91,77.04,37.75,entsoe.eu,false,""
2024-08-18T02:00:00.000000,Spain,Spain,ES,118.88,162.71,74.29,34.5,entsoe.eu,false,""
2024-08-18T03:00:00.000000,Spain,Spain,ES,123.09,167.28,73.65,33.33,entsoe.eu,false,""
2024-08-18T04:00:00.000000,Spain,Spain,ES,127.64,172.78,72.57,32.78,entsoe.eu,false,""
2024-08-18T05:00:00.000000,Spain,Spain,ES,127.12,172.15,72.54,33.59,entsoe.eu,false,""
2024-08-18T06:00:00.000000,Spain,Spain,ES,115.26,158.67,75.28,38.42,entsoe.eu,false,""
2024-08-18T07:00:00.000000,Spain,Spain,ES,73.07,109.35,84.95,56.83,entsoe.eu,false,""
2024-08-18T08:00:00.000000,Spain,Spain,ES,52.24,84.97,89.61,66.46,entsoe.eu,false,""
2024-08-18T09:00:00.000000,Spain,Spain,ES,46.18,78.01,90.93,69.3,entsoe.eu,false,""
2024-08-18T10:00:00.000000,Spain,Spain,ES,44.41,76.04,91.29,70.41,entsoe.eu,false,""
2024-08-18T11:00:00.000000,Spain,Spain,ES,42.01,73.0,91.78,71.8,entsoe.eu,false,""
2024-08-18T12:00:00.000000,Spain,Spain,ES,41.06,71.71,91.96,72.44,entsoe.eu,false,""
2024-08-18T13:00:00.000000,Spain,Spain,ES,41.03,71.58,91.99,72.32,entsoe.eu,false,""
2024-08-18T14:00:00.000000,Spain,Spain,ES,42.37,72.94,91.7,71.64,entsoe.eu,false,""
2024-08-18T15:00:00.000000,Spain,Spain,ES,43.32,73.85,91.47,71.49,entsoe.eu,false,""
2024-08-18T16:00:00.000000,Spain,Spain,ES,43.69,73.82,91.33,71.81,entsoe.eu,false,""
2024-08-18T17:00:00.000000,Spain,Spain,ES,53.64,84.86,89.01,68.64,entsoe.eu,false,""
2024-08-18T18:00:00.000000,Spain,Spain,ES,86.46,123.25,81.42,57.49,entsoe.eu,false,""
2024-08-18T19:00:00.000000,Spain,Spain,ES,101.52,139.45,77.85,51.39,entsoe.eu,false,""
2024-08-18T20:00:00.000000,Spain,Spain,ES,102.24,139.78,77.68,51.97,entsoe.eu,false,""
2024-08-18T21:00:00.000000,Spain,Spain,ES,95.77,131.73,79.35,52.1,entsoe.eu,false,""
2024-08-18T22:00:00.000000,Spain,Spain,ES,90.79,126.13,80.58,50.91,entsoe.eu,false,""
2024-08-18T23:00:00.000000,Spain,Spain,ES,91.93,127.98,80.32,49.28,entsoe.eu,false,""
2024-08-19T00:00:00.000000,Spain,Spain,ES,94.9,131.99,79.67,47.98,entsoe.eu,false,""
2024-08-19T01:00:00.000000,Spain,Spain,ES,95.26,132.68,79.66,47.53,entsoe.eu,false,""
2024-08-19T02:00:00.000000,Spain,Spain,ES,94.33,131.57,79.89,47.19,entsoe.eu,false,""
2024-08-19T03:00:00.000000,Spain,Spain,ES,98.26,136.39,78.99,45.62,entsoe.eu,false,""
2024-08-19T04:00:00.000000,Spain,Spain,ES,99.3,137.59,78.72,44.0,entsoe.eu,false,""
2024-08-19T05:00:00.000000,Spain,Spain,ES,102.29,140.21,78.08,44.24,entsoe.eu,false,""
2024-08-19T06:00:00.000000,Spain,Spain,ES,97.9,135.14,79.35,48.05,entsoe.eu,false,""
2024-08-19T07:00:00.000000,Spain,Spain,ES,69.36,103.09,86.36,59.13,entsoe.eu,false,""
2024-08-19T08:00:00.000000,Spain,Spain,ES,50.87,82.67,90.39,67.36,entsoe.eu,false,""
2024-08-19T09:00:00.000000,Spain,Spain,ES,47.77,78.93,91.43,69.27,entsoe.eu,false,""
2024-08-19T10:00:00.000000,Spain,Spain,ES,44.82,75.83,91.83,69.27,entsoe.eu,false,""
2024-08-19T11:00:00.000000,Spain,Spain,ES,44.73,75.7,91.81,68.96,entsoe.eu,false,""
2024-08-19T12:00:00.000000,Spain,Spain,ES,44.46,75.4,91.88,68.94,entsoe.eu,false,""
2024-08-19T13:00:00.000000,Spain,Spain,ES,44.18,75.02,91.95,68.97,entsoe.eu,false,""
2024-08-19T14:00:00.000000,Spain,Spain,ES,43.56,74.38,91.88,68.94,entsoe.eu,false,""
2024-08-19T15:00:00.000000,Spain,Spain,ES,46.0,77.45,91.24,69.28,entsoe.eu,false,""
2024-08-19T16:00:00.000000,Spain,Spain,ES,56.99,91.05,88.37,67.59,entsoe.eu,false,""
2024-08-19T17:00:00.000000,Spain,Spain,ES,87.29,127.07,80.99,57.66,entsoe.eu,false,""
2024-08-19T18:00:00.000000,Spain,Spain,ES,124.27,169.5,72.22,44.27,entsoe.eu,false,""
2024-08-19T19:00:00.000000,Spain,Spain,ES,144.08,192.27,67.61,38.78,entsoe.eu,false,""
2024-08-19T20:00:00.000000,Spain,Spain,ES,136.94,183.34,69.31,39.35,entsoe.eu,false,""
2024-08-19T21:00:00.000000,Spain,Spain,ES,126.31,170.16,71.93,40.86,entsoe.eu,false,""
2024-08-19T22:00:00.000000,Spain,Spain,ES,117.2,158.89,74.24,41.75,entsoe.eu,false,""
2024-08-19T23:00:00.000000,Spain,Spain,ES,112.19,152.86,75.6,42.06,entsoe.eu,false,""
2024-08-20T00:00:00.000000,Spain,Spain,ES,113.87,155.31,75.28,40.96,entsoe.eu,false,""
2024-08-20T01:00:00.000000,Spain,Spain,ES,114.56,156.46,75.2,39.15,entsoe.eu,false,""
2024-08-20T02:00:00.000000,Spain,Spain,ES,110.98,151.84,76.14,38.53,entsoe.eu,false,""
2024-08-20T03:00:00.000000,Spain,Spain,ES,112.41,153.73,75.82,37.6,entsoe.eu,false,""
2024-08-20T04:00:00.000000,Spain,Spain,ES,118.99,161.51,74.19,37.09,entsoe.eu,false,""
2024-08-20T05:00:00.000000,Spain,Spain,ES,127.42,171.43,72.23,37.06,entsoe.eu,false,""
2024-08-20T06:00:00.000000,Spain,Spain,ES,124.31,167.53,73.32,40.02,entsoe.eu,false,""
2024-08-20T07:00:00.000000,Spain,Spain,ES,88.44,126.71,81.54,51.95,entsoe.eu,false,""
2024-08-20T08:00:00.000000,Spain,Spain,ES,57.34,90.14,89.07,62.56,entsoe.eu,false,""
2024-08-20T09:00:00.000000,Spain,Spain,ES,48.91,80.13,91.1,66.25,entsoe.eu,false,""
2024-08-20T10:00:00.000000,Spain,Spain,ES,44.54,75.13,92.0,68.64,entsoe.eu,false,""
2024-08-20T11:00:00.000000,Spain,Spain,ES,42.5,72.98,92.32,69.74,entsoe.eu,false,""
2024-08-20T12:00:00.000000,Spain,Spain,ES,41.27,71.44,92.57,70.51,entsoe.eu,false,""
2024-08-20T13:00:00.000000,Spain,Spain,ES,39.72,69.14,92.97,71.22,entsoe.eu,false,""
2024-08-20T14:00:00.000000,Spain,Spain,ES,40.27,69.65,92.64,70.19,entsoe.eu,false,""
2024-08-20T15:00:00.000000,Spain,Spain,ES,44.23,74.29,91.53,69.31,entsoe.eu,false,""
2024-08-20T16:00:00.000000,Spain,Spain,ES,51.67,83.13,89.47,68.01,entsoe.eu,false,""
2024-08-20T17:00:00.000000,Spain,Spain,ES,70.59,105.43,84.84,62.38,entsoe.eu,false,""
2024-08-20T18:00:00.000000,Spain,Spain,ES,100.32,139.35,77.9,52.89,entsoe.eu,false,""
2024-08-20T19:00:00.000000,Spain,Spain,ES,112.38,152.87,75.0,49.16,entsoe.eu,false,""
2024-08-20T20:00:00.000000,Spain,Spain,ES,109.29,148.97,75.8,49.77,entsoe.eu,false,""
2024-08-20T21:00:00.000000,Spain,Spain,ES,102.44,140.76,77.52,50.05,entsoe.eu,false,""
2024-08-20T22:00:00.000000,Spain,Spain,ES,90.96,126.48,80.42,50.72,entsoe.eu,false,""
2024-08-20T23:00:00.000000,Spain,Spain,ES,85.57,119.61,81.81,50.9,entsoe.eu,false,""
2024-08-21T00:00:00.000000,Spain,Spain,ES,84.11,118.1,82.24,50.51,entsoe.eu,false,""
2024-08-21T01:00:00.000000,Spain,Spain,ES,86.32,121.11,81.73,49.08,entsoe.eu,false,""
2024-08-21T02:00:00.000000,Spain,Spain,ES,84.53,118.8,82.19,48.94,entsoe.eu,false,""
2024-08-21T03:00:00.000000,Spain,Spain,ES,86.09,120.71,81.8,48.14,entsoe.eu,false,""
2024-08-21T04:00:00.000000,Spain,Spain,ES,90.0,125.4,80.81,47.87,entsoe.eu,false,""
2024-08-21T05:00:00.000000,Spain,Spain,ES,96.15,132.48,79.41,48.1,entsoe.eu,false,""
2024-08-21T06:00:00.000000,Spain,Spain,ES,86.74,120.81,82.0,50.82,entsoe.eu,false,""
2024-08-21T07:00:00.000000,Spain,Spain,ES,58.09,88.22,88.61,60.35,entsoe.eu,false,""
2024-08-21T08:00:00.000000,Spain,Spain,ES,40.32,67.88,92.85,68.42,entsoe.eu,false,""
2024-08-21T09:00:00.000000,Spain,Spain,ES,37.25,64.8,93.58,70.79,entsoe.eu,false,""
2024-08-21T10:00:00.000000,Spain,Spain,ES,36.63,64.63,93.66,71.32,entsoe.eu,false,""
2024-08-21T11:00:00.000000,Spain,Spain,ES,37.17,65.52,93.49,71.22,entsoe.eu,false,""
2024-08-21T12:00:00.000000,Spain,Spain,ES,39.23,68.02,93.02,70.7,entsoe.eu,false,""
2024-08-21T13:00:00.000000,Spain,Spain,ES,39.8,68.64,92.94,69.73,entsoe.eu,false,""
2024-08-21T14:00:00.000000,Spain,Spain,ES,40.06,69.09,92.68,68.98,entsoe.eu,false,""
2024-08-21T15:00:00.000000,Spain,Spain,ES,46.11,76.47,91.12,66.93,entsoe.eu,false,""
2024-08-21T16:00:00.000000,Spain,Spain,ES,68.67,103.94,85.8,61.45,entsoe.eu,false,""
2024-08-21T17:00:00.000000,Spain,Spain,ES,100.19,141.64,77.92,52.27,entsoe.eu,false,""
2024-08-21T18:00:00.000000,Spain,Spain,ES,139.91,188.59,68.38,40.96,entsoe.eu,false,""
2024-08-21T19:00:00.000000,Spain,Spain,ES,155.47,206.4,64.97,37.26,entsoe.eu,false,""
2024-08-21T20:00:00.000000,Spain,Spain,ES,157.74,208.8,64.66,36.42,entsoe.eu,false,""
2024-08-21T21:00:00.000000,Spain,Spain,ES,158.21,209.86,64.37,34.65,entsoe.eu,false,""
2024-08-21T22:00:00.000000,Spain,Spain,ES,158.87,211.02,64.18,32.3,entsoe.eu,false,""
2024-08-21T23:00:00.000000,Spain,Spain,ES,157.03,209.2,64.69,30.85,entsoe.eu,false,""
2024-08-22T00:00:00.000000,Spain,Spain,ES,157.7,210.21,64.71,28.8,entsoe.eu,false,""
2024-08-22T01:00:00.000000,Spain,Spain,ES,157.8,210.07,64.86,27.38,entsoe.eu,false,""
2024-08-22T02:00:00.000000,Spain,Spain,ES,154.94,206.47,65.63,27.85,entsoe.eu,false,""
2024-08-22T03:00:00.000000,Spain,Spain,ES,161.45,214.73,64.14,26.69,entsoe.eu,false,""
2024-08-22T04:00:00.000000,Spain,Spain,ES,163.58,217.09,63.57,27.48,entsoe.eu,false,""
2024-08-22T05:00:00.000000,Spain,Spain,ES,164.41,218.09,63.12,29.17,entsoe.eu,false,""
2024-08-22T06:00:00.000000,Spain,Spain,ES,153.96,205.23,65.9,33.12,entsoe.eu,false,""
2024-08-22T07:00:00.000000,Spain,Spain,ES,116.4,161.17,74.76,44.81,entsoe.eu,false,""
2024-08-22T08:00:00.000000,Spain,Spain,ES,80.41,118.73,83.5,56.16,entsoe.eu,false,""
2024-08-22T09:00:00.000000,Spain,Spain,ES,60.47,95.04,88.37,62.77,entsoe.eu,false,""
2024-08-22T10:00:00.000000,Spain,Spain,ES,55.11,88.77,89.55,65.11,entsoe.eu,false,""
2024-08-22T11:00:00.000000,Spain,Spain,ES,52.08,85.14,90.23,66.39,entsoe.eu,false,""
2024-08-22T12:00:00.000000,Spain,Spain,ES,50.47,83.18,90.47,67.38,entsoe.eu,false,""
2024-08-22T13:00:00.000000,Spain,Spain,ES,49.34,81.37,90.86,67.55,entsoe.eu,false,""
2024-08-22T14:00:00.000000,Spain,Spain,ES,50.08,82.54,90.34,66.81,entsoe.eu,false,""
2024-08-22T15:00:00.000000,Spain,Spain,ES,50.86,83.15,90.08,66.11,entsoe.eu,false,""
2024-08-22T16:00:00.000000,Spain,Spain,ES,68.91,105.06,85.51,60.72,entsoe.eu,false,""
2024-08-22T17:00:00.000000,Spain,Spain,ES,104.95,148.9,76.69,51.78,entsoe.eu,false,""
2024-08-22T18:00:00.000000,Spain,Spain,ES,141.83,191.63,67.93,40.0,entsoe.eu,false,""
2024-08-22T19:00:00.000000,Spain,Spain,ES,153.35,203.97,65.44,36.99,entsoe.eu,false,""
2024-08-22T20:00:00.000000,Spain,Spain,ES,144.9,193.78,67.28,38.6,entsoe.eu,false,""
2024-08-22T21:00:00.000000,Spain,Spain,ES,138.2,185.51,69.0,39.11,entsoe.eu,false,""
2024-08-22T22:00:00.000000,Spain,Spain,ES,131.31,176.89,70.76,39.78,entsoe.eu,false,""
2024-08-22T23:00:00.000000,Spain,Spain,ES,133.59,180.06,70.32,38.07,entsoe.eu,false,""
2024-08-23T00:00:00.000000,Spain,Spain,ES,140.56,189.1,68.8,34.88,entsoe.eu,false,""
2024-08-23T01:00:00.000000,Spain,Spain,ES,139.58,187.93,69.12,33.9,entsoe.eu,false,""
2024-08-23T02:00:00.000000,Spain,Spain,ES,144.81,194.55,67.92,31.84,entsoe.eu,false,""
2024-08-23T03:00:00.000000,Spain,Spain,ES,148.83,199.28,67.0,30.82,entsoe.eu,false,""
2024-08-23T04:00:00.000000,Spain,Spain,ES,146.67,196.1,67.47,31.93,entsoe.eu,false,""
2024-08-23T05:00:00.000000,Spain,Spain,ES,143.98,192.33,68.01,33.96,entsoe.eu,false,""
2024-08-23T06:00:00.000000,Spain,Spain,ES,140.25,187.65,69.31,37.25,entsoe.eu,false,""
2024-08-23T07:00:00.000000,Spain,Spain,ES,109.32,152.65,76.48,48.04,entsoe.eu,false,""
2024-08-23T08:00:00.000000,Spain,Spain,ES,70.72,107.07,85.76,60.02,entsoe.eu,false,""
2024-08-23T09:00:00.000000,Spain,Spain,ES,55.23,88.52,89.51,65.26,entsoe.eu,false,""
2024-08-23T10:00:00.000000,Spain,Spain,ES,53.04,85.96,90.02,66.53,entsoe.eu,false,""
2024-08-23T11:00:00.000000,Spain,Spain,ES,50.64,83.1,90.5,67.5,entsoe.eu,false,""
2024-08-23T12:00:00.000000,Spain,Spain,ES,49.64,81.72,90.72,67.86,entsoe.eu,false,""
2024-08-23T13:00:00.000000,Spain,Spain,ES,48.77,80.57,90.87,67.93,entsoe.eu,false,""
2024-08-23T14:00:00.000000,Spain,Spain,ES,48.26,79.88,90.76,67.77,entsoe.eu,false,""
2024-08-23T15:00:00.000000,Spain,Spain,ES,52.0,83.97,89.86,66.15,entsoe.eu,false,""
2024-08-23T16:00:00.000000,Spain,Spain,ES,70.59,107.01,84.99,60.31,entsoe.eu,false,""
2024-08-23T17:00:00.000000,Spain,Spain,ES,111.19,156.13,75.14,49.79,entsoe.eu,false,""
2024-08-23T18:00:00.000000,Spain,Spain,ES,149.83,201.31,65.93,39.18,entsoe.eu,false,""
2024-08-23T19:00:00.000000,Spain,Spain,ES,156.16,207.98,64.44,36.58,entsoe.eu,false,""
2024-08-23T20:00:00.000000,Spain,Spain,ES,148.25,197.8,66.64,37.49,entsoe.eu,false,""
2024-08-23T21:00:00.000000,Spain,Spain,ES,140.62,188.42,68.54,37.46,entsoe.eu,false,""
2024-08-23T22:00:00.000000,Spain,Spain,ES,133.67,180.19,70.19,38.42,entsoe.eu,false,""
2024-08-23T23:00:00.000000,Spain,Spain,ES,124.18,168.74,72.53,39.91,entsoe.eu,false,""
2024-08-24T00:00:00.000000,Spain,Spain,ES,111.1,152.34,75.91,42.03,entsoe.eu,false,""
2024-08-24T01:00:00.000000,Spain,Spain,ES,102.7,141.67,78.22,43.41,entsoe.eu,false,""
2024-08-24T02:00:00.000000,Spain,Spain,ES,96.16,133.31,80.02,44.79,entsoe.eu,false,""
2024-08-24T03:00:00.000000,Spain,Spain,ES,90.11,125.79,81.4,45.89,entsoe.eu,false,""
2024-08-24T04:00:00.000000,Spain,Spain,ES,87.42,122.24,82.0,46.4,entsoe.eu,false,""
2024-08-24T05:00:00.000000,Spain,Spain,ES,89.5,124.32,81.56,46.4,entsoe.eu,false,""
2024-08-24T06:00:00.000000,Spain,Spain,ES,80.35,113.61,83.63,50.25,entsoe.eu,false,""
2024-08-24T07:00:00.000000,Spain,Spain,ES,52.27,82.4,89.78,59.75,entsoe.eu,false,""
2024-08-24T08:00:00.000000,Spain,Spain,ES,36.98,65.27,93.18,66.93,entsoe.eu,false,""
2024-08-24T09:00:00.000000,Spain,Spain,ES,34.4,62.87,93.75,69.8,entsoe.eu,false,""
2024-08-24T10:00:00.000000,Spain,Spain,ES,33.48,62.0,93.94,71.37,entsoe.eu,false,""
2024-08-24T11:00:00.000000,Spain,Spain,ES,33.0,61.25,94.01,70.87,entsoe.eu,false,""
2024-08-24T12:00:00.000000,Spain,Spain,ES,31.63,59.39,94.33,71.07,entsoe.eu,false,""
2024-08-24T13:00:00.000000,Spain,Spain,ES,30.86,58.32,94.56,70.88,entsoe.eu,false,""
2024-08-24T14:00:00.000000,Spain,Spain,ES,31.76,59.31,94.36,71.22,entsoe.eu,false,""
2024-08-24T15:00:00.000000,Spain,Spain,ES,34.34,62.33,93.73,71.87,entsoe.eu,false,""
2024-08-24T16:00:00.000000,Spain,Spain,ES,38.91,67.12,92.65,69.77,entsoe.eu,false,""
2024-08-24T17:00:00.000000,Spain,Spain,ES,61.64,93.92,87.18,62.0,entsoe.eu,false,""
2024-08-24T18:00:00.000000,Spain,Spain,ES,92.43,129.27,79.86,52.25,entsoe.eu,false,""
2024-08-24T19:00:00.000000,Spain,Spain,ES,106.89,146.23,76.34,49.29,entsoe.eu,false,""
2024-08-24T20:00:00.000000,Spain,Spain,ES,100.12,137.73,78.05,50.53,entsoe.eu,false,""
2024-08-24T21:00:00.000000,Spain,Spain,ES,94.09,130.63,79.62,50.49,entsoe.eu,false,""
2024-08-24T22:00:00.000000,Spain,Spain,ES,91.22,127.27,80.42,49.52,entsoe.eu,false,""
2024-08-24T23:00:00.000000,Spain,Spain,ES,87.64,123.36,81.36,49.7,entsoe.eu,false,""
2024-08-25T00:00:00.000000,Spain,Spain,ES,85.18,120.51,81.99,49.65,entsoe.eu,false,""
2024-08-25T01:00:00.000000,Spain,Spain,ES,83.81,118.75,82.36,49.58,entsoe.eu,false,""
2024-08-25T02:00:00.000000,Spain,Spain,ES,81.19,115.13,83.04,49.18,entsoe.eu,false,""
2024-08-25T03:00:00.000000,Spain,Spain,ES,81.05,114.9,83.08,48.2,entsoe.eu,false,""
2024-08-25T04:00:00.000000,Spain,Spain,ES,84.14,118.87,82.32,47.38,entsoe.eu,false,""
2024-08-25T05:00:00.000000,Spain,Spain,ES,86.71,122.01,81.71,46.77,entsoe.eu,false,""
2024-08-25T06:00:00.000000,Spain,Spain,ES,74.9,107.47,84.58,49.81,entsoe.eu,false,""
2024-08-25T07:00:00.000000,Spain,Spain,ES,58.63,89.47,88.35,56.69,entsoe.eu,false,""
2024-08-25T08:00:00.000000,Spain,Spain,ES,41.87,70.3,92.26,61.94,entsoe.eu,false,""
2024-08-25T09:00:00.000000,Spain,Spain,ES,35.59,63.25,93.72,64.74,entsoe.eu,false,""
2024-08-25T10:00:00.000000,Spain,Spain,ES,34.06,61.75,94.05,66.61,entsoe.eu,false,""
2024-08-25T11:00:00.000000,Spain,Spain,ES,32.86,60.63,94.24,68.15,entsoe.eu,false,""
2024-08-25T12:00:00.000000,Spain,Spain,ES,31.77,59.58,94.42,68.94,entsoe.eu,false,""
2024-08-25T13:00:00.000000,Spain,Spain,ES,31.22,58.65,94.54,68.71,entsoe.eu,false,""
2024-08-25T14:00:00.000000,Spain,Spain,ES,32.28,59.53,94.33,67.71,entsoe.eu,false,""
2024-08-25T15:00:00.000000,Spain,Spain,ES,34.08,61.38,93.89,69.98,entsoe.eu,false,""
2024-08-25T16:00:00.000000,Spain,Spain,ES,40.01,68.16,92.43,70.24,entsoe.eu,false,""
2024-08-25T17:00:00.000000,Spain,Spain,ES,57.84,89.2,88.14,63.94,entsoe.eu,false,""
2024-08-25T18:00:00.000000,Spain,Spain,ES,85.4,121.24,81.64,55.19,entsoe.eu,false,""
2024-08-25T19:00:00.000000,Spain,Spain,ES,105.65,144.76,76.97,49.58,entsoe.eu,false,""
2024-08-25T20:00:00.000000,Spain,Spain,ES,104.67,143.78,77.08,49.62,entsoe.eu,false,""
2024-08-25T21:00:00.000000,Spain,Spain,ES,95.27,132.3,79.3,51.35,entsoe.eu,false,""
2024-08-25T22:00:00.000000,Spain,Spain,ES,83.8,118.28,82.16,50.93,entsoe.eu,false,""
2024-08-25T23:00:00.000000,Spain,Spain,ES,84.38,119.54,82.12,48.66,entsoe.eu,false,""
2024-08-26T00:00:00.000000,Spain,Spain,ES,89.19,125.48,81.07,47.07,entsoe.eu,false,""
2024-08-26T01:00:00.000000,Spain,Spain,ES,90.75,126.88,80.96,46.18,entsoe.eu,false,""
2024-08-26T02:00:00.000000,Spain,Spain,ES,90.94,127.33,80.89,45.05,entsoe.eu,false,""
2024-08-26T03:00:00.000000,Spain,Spain,ES,93.15,130.19,80.34,44.05,entsoe.eu,false,""
2024-08-26T04:00:00.000000,Spain,Spain,ES,104.62,144.08,77.45,42.7,entsoe.eu,false,""
2024-08-26T05:00:00.000000,Spain,Spain,ES,113.47,154.28,75.32,41.95,entsoe.eu,false,""
2024-08-26T06:00:00.000000,Spain,Spain,ES,112.25,153.23,75.42,43.75,entsoe.eu,false,""
2024-08-26T07:00:00.000000,Spain,Spain,ES,81.69,117.59,82.6,54.5,entsoe.eu,false,""
2024-08-26T08:00:00.000000,Spain,Spain,ES,49.88,80.19,90.34,64.52,entsoe.eu,false,""
2024-08-26T09:00:00.000000,Spain,Spain,ES,44.82,74.46,91.84,67.89,entsoe.eu,false,""
2024-08-26T10:00:00.000000,Spain,Spain,ES,45.64,76.05,91.65,68.58,entsoe.eu,false,""
2024-08-26T11:00:00.000000,Spain,Spain,ES,48.03,79.27,91.09,68.13,entsoe.eu,false,""
2024-08-26T12:00:00.000000,Spain,Spain,ES,47.29,78.44,91.31,68.06,entsoe.eu,false,""
2024-08-26T13:00:00.000000,Spain,Spain,ES,48.9,80.6,90.95,67.39,entsoe.eu,false,""
2024-08-26T14:00:00.000000,Spain,Spain,ES,52.26,84.98,89.9,65.99,entsoe.eu,false,""
2024-08-26T15:00:00.000000,Spain,Spain,ES,64.41,99.8,86.57,63.32,entsoe.eu,false,""
2024-08-26T16:00:00.000000,Spain,Spain,ES,92.04,133.62,79.81,58.02,entsoe.eu,false,""
2024-08-26T17:00:00.000000,Spain,Spain,ES,128.98,177.64,70.92,48.12,entsoe.eu,false,""
2024-08-26T18:00:00.000000,Spain,Spain,ES,166.51,221.75,62.09,36.87,entsoe.eu,false,""
2024-08-26T19:00:00.000000,Spain,Spain,ES,172.56,228.02,60.79,34.29,entsoe.eu,false,""
2024-08-26T20:00:00.000000,Spain,Spain,ES,169.92,225.1,61.26,34.12,entsoe.eu,false,""
2024-08-26T21:00:00.000000,Spain,Spain,ES,168.58,223.52,61.58,33.28,entsoe.eu,false,""
2024-08-26T22:00:00.000000,Spain,Spain,ES,161.58,214.4,63.4,33.29,entsoe.eu,false,""
2024-08-26T23:00:00.000000,Spain,Spain,ES,161.36,214.15,63.61,31.97,entsoe.eu,false,""
2024-08-27T00:00:00.000000,Spain,Spain,ES,163.67,217.19,63.21,30.17,entsoe.eu,false,""
2024-08-27T01:00:00.000000,Spain,Spain,ES,165.37,219.35,62.89,28.87,entsoe.eu,false,""
2024-08-27T02:00:00.000000,Spain,Spain,ES,164.67,218.41,63.05,28.33,entsoe.eu,false,""
2024-08-27T03:00:00.000000,Spain,Spain,ES,167.55,222.03,62.35,27.97,entsoe.eu,false,""
2024-08-27T04:00:00.000000,Spain,Spain,ES,170.38,225.56,61.51,28.78,entsoe.eu,false,""
2024-08-27T05:00:00.000000,Spain,Spain,ES,172.55,227.92,60.82,30.02,entsoe.eu,false,""
2024-08-27T06:00:00.000000,Spain,Spain,ES,169.04,224.04,61.6,32.29,entsoe.eu,false,""
2024-08-27T07:00:00.000000,Spain,Spain,ES,130.3,178.4,70.8,43.45,entsoe.eu,false,""
2024-08-27T08:00:00.000000,Spain,Spain,ES,84.21,122.82,82.13,56.33,entsoe.eu,false,""
2024-08-27T09:00:00.000000,Spain,Spain,ES,66.79,101.97,86.65,61.87,entsoe.eu,false,""
2024-08-27T10:00:00.000000,Spain,Spain,ES,61.04,95.14,88.07,64.33,entsoe.eu,false,""
2024-08-27T11:00:00.000000,Spain,Spain,ES,59.76,94.22,88.27,65.38,entsoe.eu,false,""
2024-08-27T12:00:00.000000,Spain,Spain,ES,58.39,92.57,88.61,66.05,entsoe.eu,false,""
2024-08-27T13:00:00.000000,Spain,Spain,ES,58.01,91.96,88.69,65.96,entsoe.eu,false,""
2024-08-27T14:00:00.000000,Spain,Spain,ES,57.96,91.98,88.47,65.32,entsoe.eu,false,""
2024-08-27T15:00:00.000000,Spain,Spain,ES,64.03,99.45,86.59,62.95,entsoe.eu,false,""
2024-08-27T16:00:00.000000,Spain,Spain,ES,87.75,128.1,80.98,59.83,entsoe.eu,false,""
2024-08-27T17:00:00.000000,Spain,Spain,ES,127.56,175.75,71.3,49.67,entsoe.eu,false,""
2024-08-27T18:00:00.000000,Spain,Spain,ES,173.76,230.28,60.44,35.36,entsoe.eu,false,""
2024-08-27T19:00:00.000000,Spain,Spain,ES,190.73,250.44,56.4,30.49,entsoe.eu,false,""
2024-08-27T20:00:00.000000,Spain,Spain,ES,188.59,248.22,56.63,30.26,entsoe.eu,false,""
2024-08-27T21:00:00.000000,Spain,Spain,ES,182.26,240.57,58.2,30.46,entsoe.eu,false,""
2024-08-27T22:00:00.000000,Spain,Spain,ES,183.12,241.67,58.37,29.0,entsoe.eu,false,""
2024-08-27T23:00:00.000000,Spain,Spain,ES,178.97,236.92,59.28,28.22,entsoe.eu,false,""
2024-08-28T00:00:00.000000,Spain,Spain,ES,172.89,229.44,60.76,27.87,entsoe.eu,false,""
2024-08-28T01:00:00.000000,Spain,Spain,ES,179.05,236.8,59.56,26.12,entsoe.eu,false,""
2024-08-28T02:00:00.000000,Spain,Spain,ES,183.6,242.82,58.33,24.46,entsoe.eu,false,""
2024-08-28T03:00:00.000000,Spain,Spain,ES,188.24,248.65,57.2,23.42,entsoe.eu,false,""
2024-08-28T04:00:00.000000,Spain,Spain,ES,191.5,252.55,56.32,23.45,entsoe.eu,false,""
2024-08-28T05:00:00.000000,Spain,Spain,ES,189.03,248.44,57.13,26.26,entsoe.eu,false,""
2024-08-28T06:00:00.000000,Spain,Spain,ES,180.04,237.18,59.48,30.42,entsoe.eu,false,""
2024-08-28T07:00:00.000000,Spain,Spain,ES,141.38,191.5,68.81,41.68,entsoe.eu,false,""
2024-08-28T08:00:00.000000,Spain,Spain,ES,97.75,139.08,79.55,54.65,entsoe.eu,false,""
2024-08-28T09:00:00.000000,Spain,Spain,ES,74.56,111.23,85.16,61.59,entsoe.eu,false,""
2024-08-28T10:00:00.000000,Spain,Spain,ES,65.56,100.4,87.22,64.6,entsoe.eu,false,""
2024-08-28T11:00:00.000000,Spain,Spain,ES,56.79,89.48,89.24,67.62,entsoe.eu,false,""
2024-08-28T12:00:00.000000,Spain,Spain,ES,52.68,84.31,90.18,69.06,entsoe.eu,false,""
2024-08-28T13:00:00.000000,Spain,Spain,ES,50.53,81.79,90.43,69.72,entsoe.eu,false,""
2024-08-28T14:00:00.000000,Spain,Spain,ES,52.59,84.62,89.6,69.75,entsoe.eu,false,""
2024-08-28T15:00:00.000000,Spain,Spain,ES,59.19,92.53,88.01,68.47,entsoe.eu,false,""
2024-08-28T16:00:00.000000,Spain,Spain,ES,76.0,113.36,83.6,64.75,entsoe.eu,false,""
2024-08-28T17:00:00.000000,Spain,Spain,ES,102.1,143.98,77.31,57.11,entsoe.eu,false,""
2024-08-28T18:00:00.000000,Spain,Spain,ES,132.77,179.33,70.13,46.88,entsoe.eu,false,""
2024-08-28T19:00:00.000000,Spain,Spain,ES,136.82,183.53,69.09,44.52,entsoe.eu,false,""
2024-08-28T20:00:00.000000,Spain,Spain,ES,134.56,180.97,69.64,43.82,entsoe.eu,false,""
2024-08-28T21:00:00.000000,Spain,Spain,ES,131.47,177.36,70.44,43.6,entsoe.eu,false,""
2024-08-28T22:00:00.000000,Spain,Spain,ES,133.87,180.88,69.88,41.44,entsoe.eu,false,""
2024-08-28T23:00:00.000000,Spain,Spain,ES,130.6,176.7,70.89,40.68,entsoe.eu,false,""
2024-08-29T00:00:00.000000,Spain,Spain,ES,135.2,182.85,69.74,38.22,entsoe.eu,false,""
2024-08-29T01:00:00.000000,Spain,Spain,ES,137.88,186.12,69.23,36.84,entsoe.eu,false,""
2024-08-29T02:00:00.000000,Spain,Spain,ES,136.57,184.32,69.66,36.4,entsoe.eu,false,""
2024-08-29T03:00:00.000000,Spain,Spain,ES,139.69,188.35,68.88,36.18,entsoe.eu,false,""
2024-08-29T04:00:00.000000,Spain,Spain,ES,147.07,196.89,67.33,35.75,entsoe.eu,false,""
2024-08-29T05:00:00.000000,Spain,Spain,ES,149.53,199.1,66.94,37.68,entsoe.eu,false,""
2024-08-29T06:00:00.000000,Spain,Spain,ES,148.35,197.83,67.17,40.24,entsoe.eu,false,""
2024-08-29T07:00:00.000000,Spain,Spain,ES,132.6,179.05,70.97,45.0,entsoe.eu,false,""
2024-08-29T08:00:00.000000,Spain,Spain,ES,115.13,158.77,75.29,50.61,entsoe.eu,false,""
2024-08-29T09:00:00.000000,Spain,Spain,ES,94.75,135.13,80.35,57.07,entsoe.eu,false,""
2024-08-29T10:00:00.000000,Spain,Spain,ES,75.84,112.64,84.76,61.11,entsoe.eu,false,""
2024-08-29T11:00:00.000000,Spain,Spain,ES,73.68,110.2,85.29,61.81,entsoe.eu,false,""
2024-08-29T12:00:00.000000,Spain,Spain,ES,74.51,111.24,85.1,61.72,entsoe.eu,false,""
2024-08-29T13:00:00.000000,Spain,Spain,ES,72.99,109.4,85.23,61.74,entsoe.eu,false,""
2024-08-29T14:00:00.000000,Spain,Spain,ES,75.91,113.26,84.1,61.87,entsoe.eu,false,""
2024-08-29T15:00:00.000000,Spain,Spain,ES,84.62,123.81,81.9,60.6,entsoe.eu,false,""
2024-08-29T16:00:00.000000,Spain,Spain,ES,97.47,139.08,78.91,58.8,entsoe.eu,false,""
2024-08-29T17:00:00.000000,Spain,Spain,ES,124.09,171.21,72.43,53.01,entsoe.eu,false,""
2024-08-29T18:00:00.000000,Spain,Spain,ES,149.41,200.56,66.4,45.53,entsoe.eu,false,""
2024-08-29T19:00:00.000000,Spain,Spain,ES,167.1,221.6,62.11,39.04,entsoe.eu,false,""
2024-08-29T20:00:00.000000,Spain,Spain,ES,164.14,218.13,62.78,38.23,entsoe.eu,false,""
2024-08-29T21:00:00.000000,Spain,Spain,ES,155.83,208.27,64.58,38.51,entsoe.eu,false,""
2024-08-29T22:00:00.000000,Spain,Spain,ES,155.45,207.99,64.7,37.01,entsoe.eu,false,""
2024-08-29T23:00:00.000000,Spain,Spain,ES,145.98,196.01,67.2,37.7,entsoe.eu,false,""
2024-08-30T00:00:00.000000,Spain,Spain,ES,147.36,197.91,66.97,37.05,entsoe.eu,false,""
2024-08-30T01:00:00.000000,Spain,Spain,ES,146.12,196.32,67.36,36.38,entsoe.eu,false,""
2024-08-30T02:00:00.000000,Spain,Spain,ES,151.6,202.97,66.24,33.51,entsoe.eu,false,""
2024-08-30T03:00:00.000000,Spain,Spain,ES,159.68,213.08,64.36,31.78,entsoe.eu,false,""
2024-08-30T04:00:00.000000,Spain,Spain,ES,162.19,216.03,63.65,32.08,entsoe.eu,false,""
2024-08-30T05:00:00.000000,Spain,Spain,ES,161.63,215.06,63.56,33.67,entsoe.eu,false,""
2024-08-30T06:00:00.000000,Spain,Spain,ES,161.23,214.54,63.81,35.4,entsoe.eu,false,""
2024-08-30T07:00:00.000000,Spain,Spain,ES,136.8,185.74,69.9,43.45,entsoe.eu,false,""
2024-08-30T08:00:00.000000,Spain,Spain,ES,99.61,140.9,79.16,54.95,entsoe.eu,false,""
2024-08-30T09:00:00.000000,Spain,Spain,ES,79.04,116.55,84.12,61.13,entsoe.eu,false,""
2024-08-30T10:00:00.000000,Spain,Spain,ES,69.3,104.91,86.35,63.81,entsoe.eu,false,""
2024-08-30T11:00:00.000000,Spain,Spain,ES,63.12,97.44,87.73,66.13,entsoe.eu,false,""
2024-08-30T12:00:00.000000,Spain,Spain,ES,60.77,94.2,88.29,66.03,entsoe.eu,false,""
2024-08-30T13:00:00.000000,Spain,Spain,ES,59.57,92.79,88.35,66.07,entsoe.eu,false,""
2024-08-30T14:00:00.000000,Spain,Spain,ES,61.84,95.84,87.4,64.92,entsoe.eu,false,""
2024-08-30T15:00:00.000000,Spain,Spain,ES,71.08,106.83,85.15,62.65,entsoe.eu,false,""
2024-08-30T16:00:00.000000,Spain,Spain,ES,94.3,135.21,79.28,56.54,entsoe.eu,false,""
2024-08-30T17:00:00.000000,Spain,Spain,ES,119.95,165.65,72.95,48.71,entsoe.eu,false,""
2024-08-30T18:00:00.000000,Spain,Spain,ES,145.05,194.72,67.14,41.78,entsoe.eu,false,""
2024-08-30T19:00:00.000000,Spain,Spain,ES,158.59,210.77,64.05,38.81,entsoe.eu,false,""
2024-08-30T20:00:00.000000,Spain,Spain,ES,158.55,210.66,64.31,38.65,entsoe.eu,false,""
2024-08-30T21:00:00.000000,Spain,Spain,ES,151.16,201.92,65.88,38.42,entsoe.eu,false,""
2024-08-30T22:00:00.000000,Spain,Spain,ES,149.05,199.68,66.33,37.11,entsoe.eu,false,""
2024-08-30T23:00:00.000000,Spain,Spain,ES,149.25,199.81,66.46,36.19,entsoe.eu,false,""
2024-08-31T00:00:00.000000,Spain,Spain,ES,142.42,191.71,68.17,36.72,entsoe.eu,false,""
2024-08-31T01:00:00.000000,Spain,Spain,ES,141.44,190.66,68.45,36.36,entsoe.eu,false,""
2024-08-31T02:00:00.000000,Spain,Spain,ES,146.09,196.85,67.43,33.84,entsoe.eu,false,""
2024-08-31T03:00:00.000000,Spain,Spain,ES,149.76,201.36,66.69,32.1,entsoe.eu,false,""
2024-08-31T04:00:00.000000,Spain,Spain,ES,149.84,201.56,66.57,31.84,entsoe.eu,false,""
2024-08-31T05:00:00.000000,Spain,Spain,ES,150.62,202.2,66.42,31.94,entsoe.eu,false,""
2024-08-31T06:00:00.000000,Spain,Spain,ES,139.18,188.03,69.19,36.48,entsoe.eu,false,""
2024-08-31T07:00:00.000000,Spain,Spain,ES,111.86,155.56,75.58,44.6,entsoe.eu,false,""
2024-08-31T08:00:00.000000,Spain,Spain,ES,86.04,125.41,81.63,52.77,entsoe.eu,false,""
2024-08-31T09:00:00.000000,Spain,Spain,ES,67.92,104.34,85.88,59.04,entsoe.eu,false,""
2024-08-31T10:00:00.000000,Spain,Spain,ES,59.91,95.11,87.66,62.75,entsoe.eu,false,""
2024-08-31T11:00:00.000000,Spain,Spain,ES,60.59,96.04,87.46,63.46,entsoe.eu,false,""
2024-08-31T12:00:00.000000,Spain,Spain,ES,56.3,90.68,88.46,64.66,entsoe.eu,false,""
2024-08-31T13:00:00.000000,Spain,Spain,ES,52.93,86.38,89.27,65.66,entsoe.eu,false,""
2024-08-31T14:00:00.000000,Spain,Spain,ES,53.27,86.54,89.24,64.78,entsoe.eu,false,""
2024-08-31T15:00:00.000000,Spain,Spain,ES,63.23,98.11,86.85,61.67,entsoe.eu,false,""
2024-08-31T16:00:00.000000,Spain,Spain,ES,84.62,123.83,81.78,57.54,entsoe.eu,false,""
2024-08-31T17:00:00.000000,Spain,Spain,ES,129.2,177.73,71.08,46.33,entsoe.eu,false,""
2024-08-31T18:00:00.000000,Spain,Spain,ES,158.27,212.27,64.17,36.56,entsoe.eu,false,""
2024-08-31T19:00:00.000000,Spain,Spain,ES,166.39,221.05,62.59,35.22,entsoe.eu,false,""
2024-08-31T20:00:00.000000,Spain,Spain,ES,160.66,213.9,63.99,35.79,entsoe.eu,false,""
2024-08-31T21:00:00.000000,Spain,Spain,ES,158.38,211.47,64.45,33.44,entsoe.eu,false,""
2024-08-31T22:00:00.000000,Spain,Spain,ES,162.1,216.53,63.62,30.65,entsoe.eu,false,""
2024-08-31T23:00:00.000000,Spain,Spain,ES,169.52,226.03,62.02,27.81,entsoe.eu,false,""
2024-09-01T00:00:00.000000,Spain,Spain,ES,174.65,232.51,60.91,25.0,entsoe.eu,false,""
2024-09-01T01:00:00.000000,Spain,Spain,ES,179.71,238.85,59.81,23.08,entsoe.eu,false,""
2024-09-01T02:00:00.000000,Spain,Spain,ES,180.47,239.83,59.79,22.3,entsoe.eu,false,""
2024-09-01T03:00:00.000000,Spain,Spain,ES,179.23,238.28,60.18,21.93,entsoe.eu,false,""
2024-09-01T04:00:00.000000,Spain,Spain,ES,179.99,239.25,59.92,21.74,entsoe.eu,false,""
2024-09-01T05:00:00.000000,Spain,Spain,ES,174.48,231.92,61.37,23.66,entsoe.eu,false,""
2024-09-01T06:00:00.000000,Spain,Spain,ES,163.37,217.97,64.14,26.77,entsoe.eu,false,""
2024-09-01T07:00:00.000000,Spain,Spain,ES,127.58,175.75,72.51,37.73,entsoe.eu,false,""
2024-09-01T08:00:00.000000,Spain,Spain,ES,86.97,127.15,82.47,50.55,entsoe.eu,false,""
2024-09-01T09:00:00.000000,Spain,Spain,ES,70.96,107.28,86.84,57.17,entsoe.eu,false,""
2024-09-01T10:00:00.000000,Spain,Spain,ES,63.02,97.39,88.98,60.63,entsoe.eu,false,""
2024-09-01T11:00:00.000000,Spain,Spain,ES,60.78,94.44,89.52,61.57,entsoe.eu,false,""
2024-09-01T12:00:00.000000,Spain,Spain,ES,52.93,85.21,90.77,65.11,entsoe.eu,false,""
2024-09-01T13:00:00.000000,Spain,Spain,ES,51.17,82.97,91.06,65.01,entsoe.eu,false,""
2024-09-01T14:00:00.000000,Spain,Spain,ES,51.89,84.08,90.67,64.32,entsoe.eu,false,""
2024-09-01T15:00:00.000000,Spain,Spain,ES,58.73,93.25,88.65,64.88,entsoe.eu,false,""
2024-09-01T16:00:00.000000,Spain,Spain,ES,72.44,109.9,85.18,61.21,entsoe.eu,false,""
2024-09-01T17:00:00.000000,Spain,Spain,ES,116.08,162.58,74.7,48.65,entsoe.eu,false,""
2024-09-01T18:00:00.000000,Spain,Spain,ES,157.4,211.14,64.72,33.43,entsoe.eu,false,""
2024-09-01T19:00:00.000000,Spain,Spain,ES,177.21,235.06,59.75,29.0,entsoe.eu,false,""
2024-09-01T20:00:00.000000,Spain,Spain,ES,179.23,237.76,59.28,28.57,entsoe.eu,false,""
2024-09-01T21:00:00.000000,Spain,Spain,ES,172.2,228.84,61.16,28.99,entsoe.eu,false,""
2024-09-01T22:00:00.000000,Spain,Spain,ES,158.96,212.35,64.56,29.75,entsoe.eu,false,""
2024-09-01T23:00:00.000000,Spain,Spain,ES,157.25,210.39,65.2,28.31,entsoe.eu,false,""
2024-09-02T00:00:00.000000,Spain,Spain,ES,161.36,214.94,64.95,26.47,entsoe.eu,false,""
2024-09-02T01:00:00.000000,Spain,Spain,ES,170.54,225.11,63.82,24.87,entsoe.eu,false,""
2024-09-02T02:00:00.000000,Spain,Spain,ES,176.67,232.51,62.56,23.24,entsoe.eu,false,""
2024-09-02T03:00:00.000000,Spain,Spain,ES,175.26,230.78,62.86,23.31,entsoe.eu,false,""
2024-09-02T04:00:00.000000,Spain,Spain,ES,176.09,231.67,62.39,25.27,entsoe.eu,false,""
2024-09-02T05:00:00.000000,Spain,Spain,ES,174.78,228.96,62.67,28.88,entsoe.eu,false,""
2024-09-02T06:00:00.000000,Spain,Spain,ES,186.75,244.06,59.94,31.1,entsoe.eu,false,""
2024-09-02T07:00:00.000000,Spain,Spain,ES,153.61,205.2,67.83,42.07,entsoe.eu,false,""
2024-09-02T08:00:00.000000,Spain,Spain,ES,104.3,145.75,79.72,55.15,entsoe.eu,false,""
2024-09-02T09:00:00.000000,Spain,Spain,ES,84.89,122.86,84.36,60.59,entsoe.eu,false,""
2024-09-02T10:00:00.000000,Spain,Spain,ES,79.62,116.87,85.45,62.39,entsoe.eu,false,""
2024-09-02T11:00:00.000000,Spain,Spain,ES,80.82,118.49,85.04,62.38,entsoe.eu,false,""
2024-09-02T12:00:00.000000,Spain,Spain,ES,76.37,112.95,86.1,63.39,entsoe.eu,false,""
2024-09-02T13:00:00.000000,Spain,Spain,ES,77.89,114.63,85.81,63.29,entsoe.eu,false,""
2024-09-02T14:00:00.000000,Spain,Spain,ES,79.79,116.63,85.44,63.26,entsoe.eu,false,""
2024-09-02T15:00:00.000000,Spain,Spain,ES,87.47,125.76,83.61,63.16,entsoe.eu,false,""
2024-09-02T16:00:00.000000,Spain,Spain,ES,101.68,142.5,80.3,60.25,entsoe.eu,false,""
2024-09-02T17:00:00.000000,Spain,Spain,ES,125.84,171.43,74.34,53.43,entsoe.eu,false,""
2024-09-02T18:00:00.000000,Spain,Spain,ES,160.1,211.24,66.16,44.09,entsoe.eu,false,""
2024-09-02T19:00:00.000000,Spain,Spain,ES,155.99,205.43,66.96,43.25,entsoe.eu,false,""
2024-09-02T20:00:00.000000,Spain,Spain,ES,145.43,192.55,69.52,43.92,entsoe.eu,false,""
2024-09-02T21:00:00.000000,Spain,Spain,ES,134.6,179.4,72.15,43.32,entsoe.eu,false,""
2024-09-02T22:00:00.000000,Spain,Spain,ES,126.43,168.61,74.54,42.05,entsoe.eu,false,""
2024-09-02T23:00:00.000000,Spain,Spain,ES,119.62,159.49,76.54,41.82,entsoe.eu,false,""
2024-09-03T00:00:00.000000,Spain,Spain,ES,119.38,159.01,76.93,40.2,entsoe.eu,false,""
2024-09-03T01:00:00.000000,Spain,Spain,ES,121.51,161.73,76.48,39.31,entsoe.eu,false,""
2024-09-03T02:00:00.000000,Spain,Spain,ES,122.2,162.28,76.35,38.7,entsoe.eu,false,""
2024-09-03T03:00:00.000000,Spain,Spain,ES,124.37,164.49,76.06,38.49,entsoe.eu,false,""
2024-09-03T04:00:00.000000,Spain,Spain,ES,133.12,175.8,73.57,38.0,entsoe.eu,false,""
2024-09-03T05:00:00.000000,Spain,Spain,ES,151.23,197.39,69.31,36.23,entsoe.eu,false,""
2024-09-03T06:00:00.000000,Spain,Spain,ES,163.08,212.58,66.35,39.57,entsoe.eu,false,""
2024-09-03T07:00:00.000000,Spain,Spain,ES,145.03,192.43,70.17,46.66,entsoe.eu,false,""
2024-09-03T08:00:00.000000,Spain,Spain,ES,110.91,152.19,78.19,56.69,entsoe.eu,false,""
2024-09-03T09:00:00.000000,Spain,Spain,ES,92.3,130.98,82.48,62.71,entsoe.eu,false,""
2024-09-03T10:00:00.000000,Spain,Spain,ES,85.82,123.57,83.89,64.8,entsoe.eu,false,""
2024-09-03T11:00:00.000000,Spain,Spain,ES,83.14,120.5,84.41,65.83,entsoe.eu,false,""
2024-09-03T12:00:00.000000,Spain,Spain,ES,77.84,114.03,85.64,67.29,entsoe.eu,false,""
2024-09-03T13:00:00.000000,Spain,Spain,ES,74.93,110.38,86.39,67.83,entsoe.eu,false,""
2024-09-03T14:00:00.000000,Spain,Spain,ES,73.97,108.94,86.65,67.96,entsoe.eu,false,""
2024-09-03T15:00:00.000000,Spain,Spain,ES,73.85,108.42,86.73,67.82,entsoe.eu,false,""
2024-09-03T16:00:00.000000,Spain,Spain,ES,83.77,120.07,84.32,65.38,entsoe.eu,false,""
2024-09-03T17:00:00.000000,Spain,Spain,ES,116.94,160.24,76.22,56.24,entsoe.eu,false,""
2024-09-03T18:00:00.000000,Spain,Spain,ES,151.39,200.41,68.07,46.39,entsoe.eu,false,""
2024-09-03T19:00:00.000000,Spain,Spain,ES,156.51,205.59,66.91,44.03,entsoe.eu,false,""
2024-09-03T20:00:00.000000,Spain,Spain,ES,151.4,199.35,68.16,44.36,entsoe.eu,false,""
2024-09-03T21:00:00.000000,Spain,Spain,ES,137.5,182.49,71.62,44.32,entsoe.eu,false,""
2024-09-03T22:00:00.000000,Spain,Spain,ES,124.05,165.78,75.2,43.55,entsoe.eu,false,""
2024-09-03T23:00:00.000000,Spain,Spain,ES,116.34,155.8,77.39,43.46,entsoe.eu,false,""
2024-09-04T00:00:00.000000,Spain,Spain,ES,114.55,153.17,78.14,42.69,entsoe.eu,false,""
2024-09-04T01:00:00.000000,Spain,Spain,ES,117.59,157.32,77.5,40.88,entsoe.eu,false,""
2024-09-04T02:00:00.000000,Spain,Spain,ES,121.08,161.28,76.8,39.86,entsoe.eu,false,""
2024-09-04T03:00:00.000000,Spain,Spain,ES,119.86,159.71,77.03,40.17,entsoe.eu,false,""
2024-09-04T04:00:00.000000,Spain,Spain,ES,125.27,166.66,75.34,40.29,entsoe.eu,false,""
2024-09-04T05:00:00.000000,Spain,Spain,ES,136.17,179.82,72.65,41.82,entsoe.eu,false,""
2024-09-04T06:00:00.000000,Spain,Spain,ES,144.47,189.97,70.58,44.55,entsoe.eu,false,""
2024-09-04T07:00:00.000000,Spain,Spain,ES,122.48,165.07,75.38,52.57,entsoe.eu,false,""
2024-09-04T08:00:00.000000,Spain,Spain,ES,86.08,122.06,84.07,63.65,entsoe.eu,false,""
2024-09-04T09:00:00.000000,Spain,Spain,ES,65.85,97.99,88.67,69.79,entsoe.eu,false,""
2024-09-04T10:00:00.000000,Spain,Spain,ES,62.25,94.06,89.39,71.08,entsoe.eu,false,""
2024-09-04T11:00:00.000000,Spain,Spain,ES,63.43,95.82,89.02,71.01,entsoe.eu,false,""
2024-09-04T12:00:00.000000,Spain,Spain,ES,64.76,97.51,88.72,70.63,entsoe.eu,false,""
2024-09-04T13:00:00.000000,Spain,Spain,ES,63.97,96.16,89.03,70.42,entsoe.eu,false,""
2024-09-04T14:00:00.000000,Spain,Spain,ES,63.63,95.46,89.18,70.29,entsoe.eu,false,""
2024-09-04T15:00:00.000000,Spain,Spain,ES,63.61,95.27,89.18,70.33,entsoe.eu,false,""
2024-09-04T16:00:00.000000,Spain,Spain,ES,70.48,103.4,87.53,68.64,entsoe.eu,false,""
2024-09-04T17:00:00.000000,Spain,Spain,ES,103.17,143.31,79.6,59.59,entsoe.eu,false,""
2024-09-04T18:00:00.000000,Spain,Spain,ES,148.47,196.49,68.96,46.32,entsoe.eu,false,""
2024-09-04T19:00:00.000000,Spain,Spain,ES,161.95,212.46,65.6,41.72,entsoe.eu,false,""
2024-09-04T20:00:00.000000,Spain,Spain,ES,145.33,191.64,69.56,42.72,entsoe.eu,false,""
2024-09-04T21:00:00.000000,Spain,Spain,ES,138.27,183.28,71.36,42.26,entsoe.eu,false,""
2024-09-04T22:00:00.000000,Spain,Spain,ES,123.68,164.98,75.01,43.43,entsoe.eu,false,""
2024-09-04T23:00:00.000000,Spain,Spain,ES,125.15,167.13,74.66,41.86,entsoe.eu,false,""
2024-09-05T00:00:00.000000,Spain,Spain,ES,126.5,168.69,74.65,40.23,entsoe.eu,false,""
2024-09-05T01:00:00.000000,Spain,Spain,ES,126.12,167.84,75.02,39.4,entsoe.eu,false,""
2024-09-05T02:00:00.000000,Spain,Spain,ES,127.03,169.01,74.76,38.54,entsoe.eu,false,""
2024-09-05T03:00:00.000000,Spain,Spain,ES,135.01,178.89,72.99,37.08,entsoe.eu,false,""
2024-09-05T04:00:00.000000,Spain,Spain,ES,138.42,183.27,71.81,37.11,entsoe.eu,false,""
2024-09-05T05:00:00.000000,Spain,Spain,ES,142.59,187.71,70.66,37.77,entsoe.eu,false,""
2024-09-05T06:00:00.000000,Spain,Spain,ES,142.38,187.61,70.65,40.36,entsoe.eu,false,""
2024-09-05T07:00:00.000000,Spain,Spain,ES,115.27,156.64,77.13,49.53,entsoe.eu,false,""
2024-09-05T08:00:00.000000,Spain,Spain,ES,81.36,116.86,85.34,60.5,entsoe.eu,false,""
2024-09-05T09:00:00.000000,Spain,Spain,ES,66.51,99.36,88.76,65.39,entsoe.eu,false,""
2024-09-05T10:00:00.000000,Spain,Spain,ES,62.93,95.42,89.46,66.72,entsoe.eu,false,""
2024-09-05T11:00:00.000000,Spain,Spain,ES,60.11,91.94,90.13,67.28,entsoe.eu,false,""
2024-09-05T12:00:00.000000,Spain,Spain,ES,60.05,91.77,90.18,67.31,entsoe.eu,false,""
2024-09-05T13:00:00.000000,Spain,Spain,ES,60.53,92.17,90.13,67.07,entsoe.eu,false,""
2024-09-05T14:00:00.000000,Spain,Spain,ES,62.78,94.56,89.68,66.18,entsoe.eu,false,""
2024-09-05T15:00:00.000000,Spain,Spain,ES,69.63,102.43,88.15,63.74,entsoe.eu,false,""
2024-09-05T16:00:00.000000,Spain,Spain,ES,94.12,131.45,82.51,59.52,entsoe.eu,false,""
2024-09-05T17:00:00.000000,Spain,Spain,ES,133.25,178.3,73.13,48.51,entsoe.eu,false,""
2024-09-05T18:00:00.000000,Spain,Spain,ES,161.32,211.4,66.19,38.7,entsoe.eu,false,""
2024-09-05T19:00:00.000000,Spain,Spain,ES,159.73,209.03,66.29,38.39,entsoe.eu,false,""
2024-09-05T20:00:00.000000,Spain,Spain,ES,152.95,200.84,67.79,38.9,entsoe.eu,false,""
2024-09-05T21:00:00.000000,Spain,Spain,ES,141.24,186.64,70.47,40.27,entsoe.eu,false,""
2024-09-05T22:00:00.000000,Spain,Spain,ES,127.51,169.81,74.02,40.17,entsoe.eu,false,""
2024-09-05T23:00:00.000000,Spain,Spain,ES,118.6,158.51,76.4,42.11,entsoe.eu,false,""
2024-09-06T00:00:00.000000,Spain,Spain,ES,119.22,159.32,76.43,41.33,entsoe.eu,false,""
2024-09-06T01:00:00.000000,Spain,Spain,ES,118.46,158.14,76.79,41.18,entsoe.eu,false,""
2024-09-06T02:00:00.000000,Spain,Spain,ES,122.05,162.32,75.97,40.34,entsoe.eu,false,""
2024-09-06T03:00:00.000000,Spain,Spain,ES,123.42,163.78,75.67,40.6,entsoe.eu,false,""
2024-09-06T04:00:00.000000,Spain,Spain,ES,122.27,162.37,75.77,41.75,entsoe.eu,false,""
2024-09-06T05:00:00.000000,Spain,Spain,ES,127.71,169.0,74.08,42.47,entsoe.eu,false,""
2024-09-06T06:00:00.000000,Spain,Spain,ES,132.78,175.66,72.91,43.71,entsoe.eu,false,""
2024-09-06T07:00:00.000000,Spain,Spain,ES,104.56,143.7,79.65,55.27,entsoe.eu,false,""
2024-09-06T08:00:00.000000,Spain,Spain,ES,71.84,105.39,87.44,67.13,entsoe.eu,false,""
2024-09-06T09:00:00.000000,Spain,Spain,ES,58.1,89.05,90.61,71.53,entsoe.eu,false,""
2024-09-06T10:00:00.000000,Spain,Spain,ES,55.41,85.98,91.07,72.56,entsoe.eu,false,""
2024-09-06T11:00:00.000000,Spain,Spain,ES,52.75,82.7,91.69,73.43,entsoe.eu,false,""
2024-09-06T12:00:00.000000,Spain,Spain,ES,52.04,81.86,91.86,73.47,entsoe.eu,false,""
2024-09-06T13:00:00.000000,Spain,Spain,ES,52.32,81.83,91.86,73.19,entsoe.eu,false,""
2024-09-06T14:00:00.000000,Spain,Spain,ES,52.93,82.25,91.79,72.82,entsoe.eu,false,""
2024-09-06T15:00:00.000000,Spain,Spain,ES,53.28,82.83,91.46,72.43,entsoe.eu,false,""
2024-09-06T16:00:00.000000,Spain,Spain,ES,62.85,94.76,88.82,69.51,entsoe.eu,false,""
2024-09-06T17:00:00.000000,Spain,Spain,ES,101.48,141.7,79.25,57.76,entsoe.eu,false,""
2024-09-06T18:00:00.000000,Spain,Spain,ES,134.66,181.14,69.97,43.64,entsoe.eu,false,""
2024-09-06T19:00:00.000000,Spain,Spain,ES,152.43,202.52,65.47,38.58,entsoe.eu,false,""
2024-09-06T20:00:00.000000,Spain,Spain,ES,154.34,204.97,65.14,37.62,entsoe.eu,false,""
2024-09-06T21:00:00.000000,Spain,Spain,ES,145.94,194.41,67.36,37.68,entsoe.eu,false,""
2024-09-06T22:00:00.000000,Spain,Spain,ES,132.37,177.59,70.85,38.16,entsoe.eu,false,""
2024-09-06T23:00:00.000000,Spain,Spain,ES,116.67,157.68,75.05,39.86,entsoe.eu,false,""
2024-09-07T00:00:00.000000,Spain,Spain,ES,116.29,157.44,75.13,38.11,entsoe.eu,false,""
2024-09-07T01:00:00.000000,Spain,Spain,ES,115.93,157.28,75.18,37.0,entsoe.eu,false,""
2024-09-07T02:00:00.000000,Spain,Spain,ES,114.76,155.57,75.54,36.68,entsoe.eu,false,""
2024-09-07T03:00:00.000000,Spain,Spain,ES,110.95,150.72,76.47,37.83,entsoe.eu,false,""
2024-09-07T04:00:00.000000,Spain,Spain,ES,114.33,155.03,75.57,37.39,entsoe.eu,false,""
2024-09-07T05:00:00.000000,Spain,Spain,ES,118.19,160.22,74.53,37.4,entsoe.eu,false,""
2024-09-07T06:00:00.000000,Spain,Spain,ES,111.54,152.33,76.24,40.48,entsoe.eu,false,""
2024-09-07T07:00:00.000000,Spain,Spain,ES,66.92,100.21,86.48,56.66,entsoe.eu,false,""
2024-09-07T08:00:00.000000,Spain,Spain,ES,45.88,76.37,91.17,67.94,entsoe.eu,false,""
2024-09-07T09:00:00.000000,Spain,Spain,ES,37.86,67.28,92.93,71.75,entsoe.eu,false,""
2024-09-07T10:00:00.000000,Spain,Spain,ES,35.32,64.02,93.48,72.86,entsoe.eu,false,""
2024-09-07T11:00:00.000000,Spain,Spain,ES,35.85,64.71,93.37,71.9,entsoe.eu,false,""
2024-09-07T12:00:00.000000,Spain,Spain,ES,36.39,65.36,93.26,71.34,entsoe.eu,false,""
2024-09-07T13:00:00.000000,Spain,Spain,ES,41.25,71.09,92.12,70.47,entsoe.eu,false,""
2024-09-07T14:00:00.000000,Spain,Spain,ES,46.22,76.89,91.0,68.61,entsoe.eu,false,""
2024-09-07T15:00:00.000000,Spain,Spain,ES,54.18,85.83,89.24,65.13,entsoe.eu,false,""
2024-09-07T16:00:00.000000,Spain,Spain,ES,74.36,109.16,84.55,57.75,entsoe.eu,false,""
2024-09-07T17:00:00.000000,Spain,Spain,ES,124.32,169.15,72.52,43.55,entsoe.eu,false,""
2024-09-07T18:00:00.000000,Spain,Spain,ES,149.12,198.73,66.84,35.78,entsoe.eu,false,""
2024-09-07T19:00:00.000000,Spain,Spain,ES,160.13,212.0,64.27,33.93,entsoe.eu,false,""
2024-09-07T20:00:00.000000,Spain,Spain,ES,158.67,210.77,64.23,32.42,entsoe.eu,false,""
2024-09-07T21:00:00.000000,Spain,Spain,ES,152.76,203.31,65.77,33.04,entsoe.eu,false,""
2024-09-07T22:00:00.000000,Spain,Spain,ES,141.6,189.32,68.63,34.29,entsoe.eu,false,""
2024-09-07T23:00:00.000000,Spain,Spain,ES,133.59,179.31,70.72,34.48,entsoe.eu,false,""
2024-09-08T00:00:00.000000,Spain,Spain,ES,135.15,181.72,70.41,33.08,entsoe.eu,false,""
2024-09-08T01:00:00.000000,Spain,Spain,ES,135.3,182.12,70.42,31.97,entsoe.eu,false,""
2024-09-08T02:00:00.000000,Spain,Spain,ES,146.45,196.29,67.72,29.51,entsoe.eu,false,""
2024-09-08T03:00:00.000000,Spain,Spain,ES,150.45,201.44,66.79,28.6,entsoe.eu,false,""
2024-09-08T04:00:00.000000,Spain,Spain,ES,148.71,199.13,67.22,28.9,entsoe.eu,false,""
2024-09-08T05:00:00.000000,Spain,Spain,ES,143.88,192.68,68.41,29.2,entsoe.eu,false,""
2024-09-08T06:00:00.000000,Spain,Spain,ES,131.87,177.89,71.26,32.78,entsoe.eu,false,""
2024-09-08T07:00:00.000000,Spain,Spain,ES,98.13,139.16,79.0,46.63,entsoe.eu,false,""
2024-09-08T08:00:00.000000,Spain,Spain,ES,59.55,93.33,88.02,62.36,entsoe.eu,false,""
2024-09-08T09:00:00.000000,Spain,Spain,ES,47.15,78.74,90.83,67.85,entsoe.eu,false,""
2024-09-08T10:00:00.000000,Spain,Spain,ES,45.37,76.4,91.2,68.78,entsoe.eu,false,""
2024-09-08T11:00:00.000000,Spain,Spain,ES,46.07,77.17,91.05,68.05,entsoe.eu,false,""
2024-09-08T12:00:00.000000,Spain,Spain,ES,46.05,77.27,91.01,68.78,entsoe.eu,false,""
2024-09-08T13:00:00.000000,Spain,Spain,ES,47.69,79.05,90.65,68.08,entsoe.eu,false,""
2024-09-08T14:00:00.000000,Spain,Spain,ES,48.55,79.87,90.5,67.36,entsoe.eu,false,""
2024-09-08T15:00:00.000000,Spain,Spain,ES,48.59,79.96,90.5,67.29,entsoe.eu,false,""
2024-09-08T16:00:00.000000,Spain,Spain,ES,49.83,80.85,90.14,67.58,entsoe.eu,false,""
2024-09-08T17:00:00.000000,Spain,Spain,ES,68.53,102.39,85.63,62.22,entsoe.eu,false,""
2024-09-08T18:00:00.000000,Spain,Spain,ES,116.17,158.65,74.46,46.62,entsoe.eu,false,""
2024-09-08T19:00:00.000000,Spain,Spain,ES,123.13,166.04,72.74,44.17,entsoe.eu,false,""
2024-09-08T20:00:00.000000,Spain,Spain,ES,123.36,166.81,72.68,43.65,entsoe.eu,false,""
2024-09-08T21:00:00.000000,Spain,Spain,ES,122.59,166.05,72.94,43.1,entsoe.eu,false,""
2024-09-08T22:00:00.000000,Spain,Spain,ES,117.08,159.24,74.54,44.29,entsoe.eu,false,""
2024-09-08T23:00:00.000000,Spain,Spain,ES,116.81,159.38,74.7,44.12,entsoe.eu,false,""
2024-09-09T00:00:00.000000,Spain,Spain,ES,117.85,160.95,74.55,43.06,entsoe.eu,false,""
2024-09-09T01:00:00.000000,Spain,Spain,ES,121.1,164.64,74.06,42.09,entsoe.eu,false,""
2024-09-09T02:00:00.000000,Spain,Spain,ES,120.55,163.53,74.49,41.39,entsoe.eu,false,""
2024-09-09T03:00:00.000000,Spain,Spain,ES,123.41,166.98,73.81,40.97,entsoe.eu,false,""
2024-09-09T04:00:00.000000,Spain,Spain,ES,130.41,175.31,71.94,40.05,entsoe.eu,false,""
2024-09-09T05:00:00.000000,Spain,Spain,ES,132.77,177.51,71.25,40.94,entsoe.eu,false,""
2024-09-09T06:00:00.000000,Spain,Spain,ES,128.33,171.74,72.52,44.1,entsoe.eu,false,""
2024-09-09T07:00:00.000000,Spain,Spain,ES,99.08,138.68,79.64,55.99,entsoe.eu,false,""
2024-09-09T08:00:00.000000,Spain,Spain,ES,63.91,97.71,87.85,66.61,entsoe.eu,false,""
2024-09-09T09:00:00.000000,Spain,Spain,ES,50.03,81.11,90.98,71.16,entsoe.eu,false,""
2024-09-09T10:00:00.000000,Spain,Spain,ES,49.0,80.33,91.15,72.06,entsoe.eu,false,""
2024-09-09T11:00:00.000000,Spain,Spain,ES,49.39,80.78,91.08,71.78,entsoe.eu,false,""
2024-09-09T12:00:00.000000,Spain,Spain,ES,50.1,81.64,90.87,71.36,entsoe.eu,false,""
2024-09-09T13:00:00.000000,Spain,Spain,ES,51.35,82.95,90.6,71.15,entsoe.eu,false,""
2024-09-09T14:00:00.000000,Spain,Spain,ES,49.82,80.77,91.01,71.2,entsoe.eu,false,""
2024-09-09T15:00:00.000000,Spain,Spain,ES,51.41,82.47,90.64,70.48,entsoe.eu,false,""
2024-09-09T16:00:00.000000,Spain,Spain,ES,62.53,95.82,88.04,67.68,entsoe.eu,false,""
2024-09-09T17:00:00.000000,Spain,Spain,ES,100.06,140.61,78.91,56.05,entsoe.eu,false,""
2024-09-09T18:00:00.000000,Spain,Spain,ES,138.25,185.12,69.44,43.98,entsoe.eu,false,""
2024-09-09T19:00:00.000000,Spain,Spain,ES,140.66,187.52,68.7,43.7,entsoe.eu,false,""
2024-09-09T20:00:00.000000,Spain,Spain,ES,133.5,178.43,70.63,44.05,entsoe.eu,false,""
2024-09-09T21:00:00.000000,Spain,Spain,ES,128.47,172.3,72.02,43.76,entsoe.eu,false,""
2024-09-09T22:00:00.000000,Spain,Spain,ES,116.56,157.11,75.19,46.08,entsoe.eu,false,""
2024-09-09T23:00:00.000000,Spain,Spain,ES,114.41,154.48,75.9,46.07,entsoe.eu,false,""
2024-09-10T00:00:00.000000,Spain,Spain,ES,118.38,159.71,75.2,44.35,entsoe.eu,false,""
2024-09-10T01:00:00.000000,Spain,Spain,ES,120.43,162.42,74.68,43.68,entsoe.eu,false,""
2024-09-10T02:00:00.000000,Spain,Spain,ES,119.16,160.59,75.12,42.64,entsoe.eu,false,""
2024-09-10T03:00:00.000000,Spain,Spain,ES,125.84,167.72,74.46,41.74,entsoe.eu,false,""
2024-09-10T04:00:00.000000,Spain,Spain,ES,131.43,173.79,73.49,42.81,entsoe.eu,false,""
2024-09-10T05:00:00.000000,Spain,Spain,ES,140.28,184.16,71.37,43.05,entsoe.eu,false,""
2024-09-10T06:00:00.000000,Spain,Spain,ES,134.39,176.4,73.1,46.05,entsoe.eu,false,""
2024-09-10T07:00:00.000000,Spain,Spain,ES,102.47,140.83,80.12,56.48,entsoe.eu,false,""
2024-09-10T08:00:00.000000,Spain,Spain,ES,70.33,103.35,87.69,66.47,entsoe.eu,false,""
2024-09-10T09:00:00.000000,Spain,Spain,ES,59.09,89.99,90.36,69.31,entsoe.eu,false,""
2024-09-10T10:00:00.000000,Spain,Spain,ES,53.75,83.59,91.59,70.51,entsoe.eu,false,""
2024-09-10T11:00:00.000000,Spain,Spain,ES,51.44,80.97,92.05,71.51,entsoe.eu,false,""
2024-09-10T12:00:00.000000,Spain,Spain,ES,51.96,81.48,91.97,71.33,entsoe.eu,false,""
2024-09-10T13:00:00.000000,Spain,Spain,ES,54.16,83.96,91.49,70.47,entsoe.eu,false,""
2024-09-10T14:00:00.000000,Spain,Spain,ES,55.77,85.78,91.11,70.5,entsoe.eu,false,""
2024-09-10T15:00:00.000000,Spain,Spain,ES,58.06,88.58,90.52,70.03,entsoe.eu,false,""
2024-09-10T16:00:00.000000,Spain,Spain,ES,68.88,101.79,87.76,67.75,entsoe.eu,false,""
2024-09-10T17:00:00.000000,Spain,Spain,ES,103.47,143.17,79.27,57.28,entsoe.eu,false,""
2024-09-10T18:00:00.000000,Spain,Spain,ES,142.81,189.31,69.55,45.25,entsoe.eu,false,""
2024-09-10T19:00:00.000000,Spain,Spain,ES,150.04,197.84,67.69,43.57,entsoe.eu,false,""
2024-09-10T20:00:00.000000,Spain,Spain,ES,141.05,186.88,70.06,44.98,entsoe.eu,false,""
2024-09-10T21:00:00.000000,Spain,Spain,ES,134.71,178.93,71.96,44.78,entsoe.eu,false,""
2024-09-10T22:00:00.000000,Spain,Spain,ES,116.5,155.65,76.71,47.44,entsoe.eu,false,""
2024-09-10T23:00:00.000000,Spain,Spain,ES,112.97,150.95,77.84,47.52,entsoe.eu,false,""
2024-09-11T00:00:00.000000,Spain,Spain,ES,112.04,149.17,78.57,46.96,entsoe.eu,false,""
2024-09-11T01:00:00.000000,Spain,Spain,ES,111.86,148.83,78.79,46.58,entsoe.eu,false,""
2024-09-11T02:00:00.000000,Spain,Spain,ES,110.13,146.43,79.3,47.43,entsoe.eu,false,""
2024-09-11T03:00:00.000000,Spain,Spain,ES,112.73,148.96,78.95,47.29,entsoe.eu,false,""
2024-09-11T04:00:00.000000,Spain,Spain,ES,117.97,155.71,77.34,46.5,entsoe.eu,false,""
2024-09-11T05:00:00.000000,Spain,Spain,ES,124.75,163.41,75.76,46.58,entsoe.eu,false,""
2024-09-11T06:00:00.000000,Spain,Spain,ES,129.62,169.81,74.6,47.22,entsoe.eu,false,""
2024-09-11T07:00:00.000000,Spain,Spain,ES,93.32,127.84,82.93,58.3,entsoe.eu,false,""
2024-09-11T08:00:00.000000,Spain,Spain,ES,68.99,100.73,88.5,66.85,entsoe.eu,false,""
2024-09-11T09:00:00.000000,Spain,Spain,ES,59.26,89.89,90.61,70.27,entsoe.eu,false,""
2024-09-11T10:00:00.000000,Spain,Spain,ES,55.85,85.95,91.28,71.42,entsoe.eu,false,""
2024-09-11T11:00:00.000000,Spain,Spain,ES,54.67,84.69,91.53,71.79,entsoe.eu,false,""
2024-09-11T12:00:00.000000,Spain,Spain,ES,54.63,84.61,91.48,72.01,entsoe.eu,false,""
2024-09-11T13:00:00.000000,Spain,Spain,ES,55.46,85.43,91.35,71.58,entsoe.eu,false,""
2024-09-11T14:00:00.000000,Spain,Spain,ES,54.26,83.5,91.68,71.75,entsoe.eu,false,""
2024-09-11T15:00:00.000000,Spain,Spain,ES,58.69,89.17,90.59,70.78,entsoe.eu,false,""
2024-09-11T16:00:00.000000,Spain,Spain,ES,69.22,101.38,87.96,67.51,entsoe.eu,false,""
2024-09-11T17:00:00.000000,Spain,Spain,ES,105.88,145.16,79.09,56.67,entsoe.eu,false,""
2024-09-11T18:00:00.000000,Spain,Spain,ES,139.8,185.3,70.51,46.37,entsoe.eu,false,""
2024-09-11T19:00:00.000000,Spain,Spain,ES,145.09,191.56,69.04,43.68,entsoe.eu,false,""
2024-09-11T20:00:00.000000,Spain,Spain,ES,142.34,187.8,70.0,42.81,entsoe.eu,false,""
2024-09-11T21:00:00.000000,Spain,Spain,ES,136.86,180.59,71.78,43.06,entsoe.eu,false,""
2024-09-11T22:00:00.000000,Spain,Spain,ES,127.05,168.14,74.58,41.78,entsoe.eu,false,""
2024-09-11T23:00:00.000000,Spain,Spain,ES,123.23,163.25,75.77,41.69,entsoe.eu,false,""
2024-09-12T00:00:00.000000,Spain,Spain,ES,124.7,165.05,75.7,40.48,entsoe.eu,false,""
2024-09-12T01:00:00.000000,Spain,Spain,ES,120.65,159.93,76.74,41.21,entsoe.eu,false,""
2024-09-12T02:00:00.000000,Spain,Spain,ES,117.66,155.89,77.71,42.22,entsoe.eu,false,""
2024-09-12T03:00:00.000000,Spain,Spain,ES,125.86,166.42,75.6,40.76,entsoe.eu,false,""
2024-09-12T04:00:00.000000,Spain,Spain,ES,137.57,180.51,72.86,42.15,entsoe.eu,false,""
2024-09-12T05:00:00.000000,Spain,Spain,ES,146.3,191.24,70.47,43.37,entsoe.eu,false,""
2024-09-12T06:00:00.000000,Spain,Spain,ES,147.43,192.27,70.2,45.01,entsoe.eu,false,""
2024-09-12T07:00:00.000000,Spain,Spain,ES,124.76,166.37,75.44,51.85,entsoe.eu,false,""
2024-09-12T08:00:00.000000,Spain,Spain,ES,89.22,125.06,83.69,61.61,entsoe.eu,false,""
2024-09-12T09:00:00.000000,Spain,Spain,ES,64.43,96.11,89.24,69.18,entsoe.eu,false,""
2024-09-12T10:00:00.000000,Spain,Spain,ES,54.34,84.13,91.35,72.49,entsoe.eu,false,""
2024-09-12T11:00:00.000000,Spain,Spain,ES,50.36,78.97,92.26,73.63,entsoe.eu,false,""
2024-09-12T12:00:00.000000,Spain,Spain,ES,50.36,78.91,92.23,73.7,entsoe.eu,false,""
2024-09-12T13:00:00.000000,Spain,Spain,ES,51.58,80.16,92.02,73.11,entsoe.eu,false,""
2024-09-12T14:00:00.000000,Spain,Spain,ES,53.51,82.46,91.64,72.42,entsoe.eu,false,""
2024-09-12T15:00:00.000000,Spain,Spain,ES,53.48,82.36,91.36,72.37,entsoe.eu,false,""
2024-09-12T16:00:00.000000,Spain,Spain,ES,66.41,98.27,87.65,68.48,entsoe.eu,false,""
2024-09-12T17:00:00.000000,Spain,Spain,ES,102.85,141.3,79.59,59.6,entsoe.eu,false,""
2024-09-12T18:00:00.000000,Spain,Spain,ES,125.87,167.96,74.2,52.45,entsoe.eu,false,""
2024-09-12T19:00:00.000000,Spain,Spain,ES,131.37,173.65,73.01,50.23,entsoe.eu,false,""
2024-09-12T20:00:00.000000,Spain,Spain,ES,132.49,175.73,72.56,49.61,entsoe.eu,false,""
2024-09-12T21:00:00.000000,Spain,Spain,ES,119.69,160.49,75.37,50.94,entsoe.eu,false,""
2024-09-12T22:00:00.000000,Spain,Spain,ES,97.57,133.91,80.21,53.22,entsoe.eu,false,""
2024-09-12T23:00:00.000000,Spain,Spain,ES,95.24,129.53,82.03,53.23,entsoe.eu,false,""
2024-09-13T00:00:00.000000,Spain,Spain,ES,102.18,138.26,80.54,51.05,entsoe.eu,false,""
2024-09-13T01:00:00.000000,Spain,Spain,ES,103.79,139.73,80.45,50.16,entsoe.eu,false,""
2024-09-13T02:00:00.000000,Spain,Spain,ES,102.34,137.51,80.88,49.94,entsoe.eu,false,""
2024-09-13T03:00:00.000000,Spain,Spain,ES,102.65,137.53,81.0,50.94,entsoe.eu,false,""
2024-09-13T04:00:00.000000,Spain,Spain,ES,102.19,137.06,81.05,52.26,entsoe.eu,false,""
2024-09-13T05:00:00.000000,Spain,Spain,ES,109.32,145.72,79.16,53.07,entsoe.eu,false,""
2024-09-13T06:00:00.000000,Spain,Spain,ES,109.17,145.44,79.25,54.74,entsoe.eu,false,""
2024-09-13T07:00:00.000000,Spain,Spain,ES,85.79,119.66,84.42,62.82,entsoe.eu,false,""
2024-09-13T08:00:00.000000,Spain,Spain,ES,60.94,90.54,90.0,70.11,entsoe.eu,false,""
2024-09-13T09:00:00.000000,Spain,Spain,ES,52.79,81.56,91.86,72.22,entsoe.eu,false,""
2024-09-13T10:00:00.000000,Spain,Spain,ES,52.05,80.96,92.04,72.52,entsoe.eu,false,""
2024-09-13T11:00:00.000000,Spain,Spain,ES,51.92,80.89,92.05,72.48,entsoe.eu,false,""
2024-09-13T12:00:00.000000,Spain,Spain,ES,52.16,81.22,92.03,72.3,entsoe.eu,false,""
2024-09-13T13:00:00.000000,Spain,Spain,ES,52.39,81.33,91.98,72.24,entsoe.eu,false,""
2024-09-13T14:00:00.000000,Spain,Spain,ES,52.72,81.66,91.92,72.1,entsoe.eu,false,""
2024-09-13T15:00:00.000000,Spain,Spain,ES,51.98,80.0,92.1,72.48,entsoe.eu,false,""
2024-09-13T16:00:00.000000,Spain,Spain,ES,52.65,80.83,91.53,72.18,entsoe.eu,false,""
2024-09-13T17:00:00.000000,Spain,Spain,ES,66.97,98.21,87.19,66.41,entsoe.eu,false,""
2024-09-13T18:00:00.000000,Spain,Spain,ES,86.81,119.65,82.48,60.06,entsoe.eu,false,""
2024-09-13T19:00:00.000000,Spain,Spain,ES,85.83,118.15,82.72,60.35,entsoe.eu,false,""
2024-09-13T20:00:00.000000,Spain,Spain,ES,76.93,107.99,84.69,61.76,entsoe.eu,false,""
2024-09-13T21:00:00.000000,Spain,Spain,ES,64.05,92.38,87.52,63.34,entsoe.eu,false,""
2024-09-13T22:00:00.000000,Spain,Spain,ES,58.41,85.89,88.51,63.27,entsoe.eu,false,""
2024-09-13T23:00:00.000000,Spain,Spain,ES,55.81,82.45,89.24,61.74,entsoe.eu,false,""
2024-09-14T00:00:00.000000,Spain,Spain,ES,55.8,82.44,89.26,59.14,entsoe.eu,false,""
2024-09-14T01:00:00.000000,Spain,Spain,ES,60.78,89.1,88.13,56.0,entsoe.eu,false,""
2024-09-14T02:00:00.000000,Spain,Spain,ES,62.15,90.88,87.71,53.77,entsoe.eu,false,""
2024-09-14T03:00:00.000000,Spain,Spain,ES,67.43,97.26,86.73,51.7,entsoe.eu,false,""
2024-09-14T04:00:00.000000,Spain,Spain,ES,71.7,102.49,85.87,51.4,entsoe.eu,false,""
2024-09-14T05:00:00.000000,Spain,Spain,ES,71.32,101.7,85.95,51.97,entsoe.eu,false,""
2024-09-14T06:00:00.000000,Spain,Spain,ES,68.8,98.09,86.62,53.81,entsoe.eu,false,""
2024-09-14T07:00:00.000000,Spain,Spain,ES,58.88,89.18,88.56,60.26,entsoe.eu,false,""
2024-09-14T08:00:00.000000,Spain,Spain,ES,44.78,74.18,91.58,66.89,entsoe.eu,false,""
2024-09-14T09:00:00.000000,Spain,Spain,ES,37.98,66.85,93.02,70.47,entsoe.eu,false,""
2024-09-14T10:00:00.000000,Spain,Spain,ES,36.86,66.06,93.2,71.5,entsoe.eu,false,""
2024-09-14T11:00:00.000000,Spain,Spain,ES,40.4,70.39,92.66,70.92,entsoe.eu,false,""
2024-09-14T12:00:00.000000,Spain,Spain,ES,41.73,71.61,92.54,69.68,entsoe.eu,false,""
2024-09-14T13:00:00.000000,Spain,Spain,ES,40.88,70.88,92.41,69.67,entsoe.eu,false,""
2024-09-14T14:00:00.000000,Spain,Spain,ES,40.53,70.62,92.4,69.78,entsoe.eu,false,""
2024-09-14T15:00:00.000000,Spain,Spain,ES,42.12,72.26,92.06,69.06,entsoe.eu,false,""
2024-09-14T16:00:00.000000,Spain,Spain,ES,51.41,83.33,89.88,66.23,entsoe.eu,false,""
2024-09-14T17:00:00.000000,Spain,Spain,ES,86.51,123.97,81.68,55.37,entsoe.eu,false,""
2024-09-14T18:00:00.000000,Spain,Spain,ES,106.09,144.75,77.13,47.18,entsoe.eu,false,""
2024-09-14T19:00:00.000000,Spain,Spain,ES,101.96,139.27,77.99,48.71,entsoe.eu,false,""
2024-09-14T20:00:00.000000,Spain,Spain,ES,91.63,126.43,80.55,50.74,entsoe.eu,false,""
2024-09-14T21:00:00.000000,Spain,Spain,ES,87.63,121.92,81.61,51.18,entsoe.eu,false,""
2024-09-14T22:00:00.000000,Spain,Spain,ES,84.63,118.43,82.37,49.61,entsoe.eu,false,""
2024-09-14T23:00:00.000000,Spain,Spain,ES,83.05,116.21,82.9,48.62,entsoe.eu,false,""
2024-09-15T00:00:00.000000,Spain,Spain,ES,88.02,122.81,81.76,46.61,entsoe.eu,false,""
2024-09-15T01:00:00.000000,Spain,Spain,ES,91.49,127.42,80.95,45.61,entsoe.eu,false,""
2024-09-15T02:00:00.000000,Spain,Spain,ES,91.66,127.53,80.89,44.04,entsoe.eu,false,""
2024-09-15T03:00:00.000000,Spain,Spain,ES,92.36,127.98,80.85,43.57,entsoe.eu,false,""
2024-09-15T04:00:00.000000,Spain,Spain,ES,91.51,126.44,81.18,43.43,entsoe.eu,false,""
2024-09-15T05:00:00.000000,Spain,Spain,ES,89.37,123.74,81.59,44.64,entsoe.eu,false,""
2024-09-15T06:00:00.000000,Spain,Spain,ES,85.67,119.31,82.53,48.2,entsoe.eu,false,""
2024-09-15T07:00:00.000000,Spain,Spain,ES,64.2,95.81,87.04,59.5,entsoe.eu,false,""
2024-09-15T08:00:00.000000,Spain,Spain,ES,49.41,79.88,90.33,66.71,entsoe.eu,false,""
2024-09-15T09:00:00.000000,Spain,Spain,ES,44.18,73.79,91.55,68.19,entsoe.eu,false,""
2024-09-15T10:00:00.000000,Spain,Spain,ES,46.92,76.79,91.29,67.53,entsoe.eu,false,""
2024-09-15T11:00:00.000000,Spain,Spain,ES,47.52,77.53,91.25,68.09,entsoe.eu,false,""
2024-09-15T12:00:00.000000,Spain,Spain,ES,45.0,74.93,91.45,68.35,entsoe.eu,false,""
2024-09-15T13:00:00.000000,Spain,Spain,ES,45.65,75.78,91.24,67.46,entsoe.eu,false,""
2024-09-15T14:00:00.000000,Spain,Spain,ES,46.13,76.29,91.15,67.39,entsoe.eu,false,""
2024-09-15T15:00:00.000000,Spain,Spain,ES,45.39,75.33,91.28,68.04,entsoe.eu,false,""
2024-09-15T16:00:00.000000,Spain,Spain,ES,45.79,75.28,91.12,68.57,entsoe.eu,false,""
2024-09-15T17:00:00.000000,Spain,Spain,ES,60.47,91.36,87.67,64.05,entsoe.eu,false,""
2024-09-15T18:00:00.000000,Spain,Spain,ES,73.69,103.97,84.77,59.16,entsoe.eu,false,""
2024-09-15T19:00:00.000000,Spain,Spain,ES,70.62,99.86,85.41,60.77,entsoe.eu,false,""
2024-09-15T20:00:00.000000,Spain,Spain,ES,66.89,95.44,86.34,61.26,entsoe.eu,false,""
2024-09-15T21:00:00.000000,Spain,Spain,ES,62.11,89.82,87.55,61.65,entsoe.eu,false,""
2024-09-15T22:00:00.000000,Spain,Spain,ES,64.43,93.3,87.06,59.25,entsoe.eu,false,""
2024-09-15T23:00:00.000000,Spain,Spain,ES,69.72,99.94,85.86,56.75,entsoe.eu,false,""
2024-09-16T00:00:00.000000,Spain,Spain,ES,69.5,99.49,85.96,57.23,entsoe.eu,false,""
2024-09-16T01:00:00.000000,Spain,Spain,ES,65.11,93.93,87.03,58.43,entsoe.eu,false,""
2024-09-16T02:00:00.000000,Spain,Spain,ES,66.71,95.89,86.71,57.42,entsoe.eu,false,""
2024-09-16T03:00:00.000000,Spain,Spain,ES,65.92,94.8,86.9,57.66,entsoe.eu,false,""
2024-09-16T04:00:00.000000,Spain,Spain,ES,67.31,96.35,86.49,58.13,entsoe.eu,false,""
2024-09-16T05:00:00.000000,Spain,Spain,ES,71.44,99.94,85.97,59.36,entsoe.eu,false,""
2024-09-16T06:00:00.000000,Spain,Spain,ES,76.8,105.59,85.2,59.71,entsoe.eu,false,""
2024-09-16T07:00:00.000000,Spain,Spain,ES,61.05,89.4,88.7,65.86,entsoe.eu,false,""
2024-09-16T08:00:00.000000,Spain,Spain,ES,47.16,74.71,91.74,71.45,entsoe.eu,false,""
2024-09-16T09:00:00.000000,Spain,Spain,ES,46.29,74.71,91.83,72.29,entsoe.eu,false,""
2024-09-16T10:00:00.000000,Spain,Spain,ES,46.81,75.9,91.65,72.41,entsoe.eu,false,""
2024-09-16T11:00:00.000000,Spain,Spain,ES,45.51,74.35,91.93,72.95,entsoe.eu,false,""
2024-09-16T12:00:00.000000,Spain,Spain,ES,44.82,73.54,92.1,73.14,entsoe.eu,false,""
2024-09-16T13:00:00.000000,Spain,Spain,ES,45.56,74.46,91.94,72.84,entsoe.eu,false,""
2024-09-16T14:00:00.000000,Spain,Spain,ES,46.04,74.94,91.85,72.56,entsoe.eu,false,""
2024-09-16T15:00:00.000000,Spain,Spain,ES,46.01,74.51,91.84,72.7,entsoe.eu,false,""
2024-09-16T16:00:00.000000,Spain,Spain,ES,55.81,85.87,89.47,70.32,entsoe.eu,false,""
2024-09-16T17:00:00.000000,Spain,Spain,ES,82.29,116.65,83.05,62.37,entsoe.eu,false,""
2024-09-16T18:00:00.000000,Spain,Spain,ES,98.73,134.43,79.1,57.43,entsoe.eu,false,""
2024-09-16T19:00:00.000000,Spain,Spain,ES,96.77,132.12,79.27,57.55,entsoe.eu,false,""
2024-09-16T20:00:00.000000,Spain,Spain,ES,86.16,118.85,81.9,59.06,entsoe.eu,false,""
2024-09-16T21:00:00.000000,Spain,Spain,ES,74.52,104.44,84.94,60.26,entsoe.eu,false,""
2024-09-16T22:00:00.000000,Spain,Spain,ES,63.62,90.83,87.7,59.55,entsoe.eu,false,""
2024-09-16T23:00:00.000000,Spain,Spain,ES,63.01,90.18,87.95,58.17,entsoe.eu,false,""
2024-09-17T00:00:00.000000,Spain,Spain,ES,61.03,87.56,88.5,59.64,entsoe.eu,false,""
2024-09-17T01:00:00.000000,Spain,Spain,ES,63.11,90.56,88.07,58.93,entsoe.eu,false,""
2024-09-17T02:00:00.000000,Spain,Spain,ES,60.95,87.68,88.67,58.48,entsoe.eu,false,""
2024-09-17T03:00:00.000000,Spain,Spain,ES,58.43,84.33,89.28,58.58,entsoe.eu,false,""
2024-09-17T04:00:00.000000,Spain,Spain,ES,60.32,86.52,88.73,58.69,entsoe.eu,false,""
2024-09-17T05:00:00.000000,Spain,Spain,ES,75.04,104.32,85.26,58.91,entsoe.eu,false,""
2024-09-17T06:00:00.000000,Spain,Spain,ES,83.53,114.85,83.54,58.46,entsoe.eu,false,""
2024-09-17T07:00:00.000000,Spain,Spain,ES,62.8,91.42,88.4,65.38,entsoe.eu,false,""
2024-09-17T08:00:00.000000,Spain,Spain,ES,44.72,71.23,92.72,71.7,entsoe.eu,false,""
2024-09-17T09:00:00.000000,Spain,Spain,ES,43.22,70.45,93.11,72.68,entsoe.eu,false,""
2024-09-17T10:00:00.000000,Spain,Spain,ES,41.46,68.65,93.46,73.43,entsoe.eu,false,""
2024-09-17T11:00:00.000000,Spain,Spain,ES,42.57,69.94,93.23,72.17,entsoe.eu,false,""
2024-09-17T12:00:00.000000,Spain,Spain,ES,42.89,70.25,93.21,71.39,entsoe.eu,false,""
2024-09-17T13:00:00.000000,Spain,Spain,ES,43.3,70.89,93.1,71.44,entsoe.eu,false,""
2024-09-17T14:00:00.000000,Spain,Spain,ES,44.82,72.9,92.71,72.19,entsoe.eu,false,""
2024-09-17T15:00:00.000000,Spain,Spain,ES,46.09,74.06,92.34,72.4,entsoe.eu,false,""
2024-09-17T16:00:00.000000,Spain,Spain,ES,52.79,81.51,90.48,70.35,entsoe.eu,false,""
2024-09-17T17:00:00.000000,Spain,Spain,ES,74.12,106.14,85.01,64.35,entsoe.eu,false,""
2024-09-17T18:00:00.000000,Spain,Spain,ES,91.07,125.21,80.71,58.23,entsoe.eu,false,""
2024-09-17T19:00:00.000000,Spain,Spain,ES,91.91,126.02,80.4,57.38,entsoe.eu,false,""
2024-09-17T20:00:00.000000,Spain,Spain,ES,84.9,117.4,82.3,58.04,entsoe.eu,false,""
2024-09-17T21:00:00.000000,Spain,Spain,ES,76.72,107.33,84.46,58.22,entsoe.eu,false,""
2024-09-17T22:00:00.000000,Spain,Spain,ES,68.31,96.7,86.69,56.89,entsoe.eu,false,""
2024-09-17T23:00:00.000000,Spain,Spain,ES,67.61,96.0,87.0,55.67,entsoe.eu,false,""
2024-09-18T00:00:00.000000,Spain,Spain,ES,70.8,99.85,86.38,54.32,entsoe.eu,false,""
2024-09-18T01:00:00.000000,Spain,Spain,ES,72.94,102.66,85.9,52.41,entsoe.eu,false,""
2024-09-18T02:00:00.000000,Spain,Spain,ES,77.4,108.37,84.85,49.67,entsoe.eu,false,""
2024-09-18T03:00:00.000000,Spain,Spain,ES,94.51,129.93,80.69,45.64,entsoe.eu,false,""
2024-09-18T04:00:00.000000,Spain,Spain,ES,109.75,148.68,76.95,45.37,entsoe.eu,false,""
2024-09-18T05:00:00.000000,Spain,Spain,ES,118.91,159.43,74.74,46.98,entsoe.eu,false,""
2024-09-18T06:00:00.000000,Spain,Spain,ES,121.39,161.95,74.4,47.25,entsoe.eu,false,""
2024-09-18T07:00:00.000000,Spain,Spain,ES,112.89,152.97,76.39,50.35,entsoe.eu,false,""
2024-09-18T08:00:00.000000,Spain,Spain,ES,78.61,112.62,84.83,60.53,entsoe.eu,false,""
2024-09-18T09:00:00.000000,Spain,Spain,ES,59.22,90.01,89.41,64.9,entsoe.eu,false,""
2024-09-18T10:00:00.000000,Spain,Spain,ES,58.17,89.42,89.45,65.66,entsoe.eu,false,""
2024-09-18T11:00:00.000000,Spain,Spain,ES,57.47,88.76,89.57,66.52,entsoe.eu,false,""
2024-09-18T12:00:00.000000,Spain,Spain,ES,52.46,82.53,90.75,67.6,entsoe.eu,false,""
2024-09-18T13:00:00.000000,Spain,Spain,ES,50.97,80.55,91.07,67.61,entsoe.eu,false,""
2024-09-18T14:00:00.000000,Spain,Spain,ES,54.49,84.79,90.29,67.06,entsoe.eu,false,""
2024-09-18T15:00:00.000000,Spain,Spain,ES,63.51,95.27,88.24,64.69,entsoe.eu,false,""
2024-09-18T16:00:00.000000,Spain,Spain,ES,88.82,126.09,81.97,59.71,entsoe.eu,false,""
2024-09-18T17:00:00.000000,Spain,Spain,ES,128.63,173.83,72.28,50.11,entsoe.eu,false,""
2024-09-18T18:00:00.000000,Spain,Spain,ES,141.44,188.55,68.78,44.14,entsoe.eu,false,""
2024-09-18T19:00:00.000000,Spain,Spain,ES,137.26,183.24,69.66,43.98,entsoe.eu,false,""
2024-09-18T20:00:00.000000,Spain,Spain,ES,140.07,187.15,68.93,41.36,entsoe.eu,false,""
2024-09-18T21:00:00.000000,Spain,Spain,ES,131.74,176.73,71.09,41.48,entsoe.eu,false,""
2024-09-18T22:00:00.000000,Spain,Spain,ES,130.64,175.15,71.57,40.05,entsoe.eu,false,""
2024-09-18T23:00:00.000000,Spain,Spain,ES,128.42,172.39,72.27,40.05,entsoe.eu,false,""
2024-09-19T00:00:00.000000,Spain,Spain,ES,129.08,173.29,72.2,38.94,entsoe.eu,false,""
2024-09-19T01:00:00.000000,Spain,Spain,ES,132.56,177.68,71.45,37.02,entsoe.eu,false,""
2024-09-19T02:00:00.000000,Spain,Spain,ES,136.45,182.5,70.55,35.68,entsoe.eu,false,""
2024-09-19T03:00:00.000000,Spain,Spain,ES,140.41,187.51,69.52,35.09,entsoe.eu,false,""
2024-09-19T04:00:00.000000,Spain,Spain,ES,149.79,198.94,67.53,34.37,entsoe.eu,false,""
2024-09-19T05:00:00.000000,Spain,Spain,ES,160.22,211.06,65.24,34.78,entsoe.eu,false,""
2024-09-19T06:00:00.000000,Spain,Spain,ES,166.02,218.0,64.01,35.73,entsoe.eu,false,""
2024-09-19T07:00:00.000000,Spain,Spain,ES,141.75,188.8,69.92,42.45,entsoe.eu,false,""
2024-09-19T08:00:00.000000,Spain,Spain,ES,109.82,150.97,77.36,51.55,entsoe.eu,false,""
2024-09-19T09:00:00.000000,Spain,Spain,ES,93.72,132.3,81.2,56.02,entsoe.eu,false,""
2024-09-19T10:00:00.000000,Spain,Spain,ES,87.85,125.73,82.59,57.86,entsoe.eu,false,""
2024-09-19T11:00:00.000000,Spain,Spain,ES,94.59,134.44,80.86,56.77,entsoe.eu,false,""
2024-09-19T12:00:00.000000,Spain,Spain,ES,89.57,127.94,82.12,57.8,entsoe.eu,false,""
2024-09-19T13:00:00.000000,Spain,Spain,ES,91.12,129.71,81.8,57.1,entsoe.eu,false,""
2024-09-19T14:00:00.000000,Spain,Spain,ES,103.47,144.62,78.87,53.83,entsoe.eu,false,""
2024-09-19T15:00:00.000000,Spain,Spain,ES,117.46,161.63,75.42,50.44,entsoe.eu,false,""
2024-09-19T16:00:00.000000,Spain,Spain,ES,130.29,176.28,72.4,46.87,entsoe.eu,false,""
2024-09-19T17:00:00.000000,Spain,Spain,ES,159.41,211.19,65.31,38.61,entsoe.eu,false,""
2024-09-19T18:00:00.000000,Spain,Spain,ES,173.46,227.85,61.75,35.6,entsoe.eu,false,""
2024-09-19T19:00:00.000000,Spain,Spain,ES,174.06,228.68,61.47,35.89,entsoe.eu,false,""
2024-09-19T20:00:00.000000,Spain,Spain,ES,167.87,221.24,62.85,35.13,entsoe.eu,false,""
2024-09-19T21:00:00.000000,Spain,Spain,ES,161.8,214.13,64.07,34.57,entsoe.eu,false,""
2024-09-19T22:00:00.000000,Spain,Spain,ES,157.11,208.47,65.25,33.52,entsoe.eu,false,""
2024-09-19T23:00:00.000000,Spain,Spain,ES,156.85,208.12,65.45,32.29,entsoe.eu,false,""
2024-09-20T00:00:00.000000,Spain,Spain,ES,157.26,208.74,65.39,31.96,entsoe.eu,false,""
2024-09-20T01:00:00.000000,Spain,Spain,ES,157.87,209.53,65.28,31.26,entsoe.eu,false,""
2024-09-20T02:00:00.000000,Spain,Spain,ES,159.32,211.29,65.02,30.18,entsoe.eu,false,""
2024-09-20T03:00:00.000000,Spain,Spain,ES,161.19,213.52,64.64,29.45,entsoe.eu,false,""
2024-09-20T04:00:00.000000,Spain,Spain,ES,163.9,216.36,64.19,30.36,entsoe.eu,false,""
2024-09-20T05:00:00.000000,Spain,Spain,ES,170.06,223.47,62.83,31.98,entsoe.eu,false,""
2024-09-20T06:00:00.000000,Spain,Spain,ES,177.03,231.92,61.32,32.62,entsoe.eu,false,""
2024-09-20T07:00:00.000000,Spain,Spain,ES,160.31,212.07,65.34,37.87,entsoe.eu,false,""
2024-09-20T08:00:00.000000,Spain,Spain,ES,129.78,175.72,72.55,45.66,entsoe.eu,false,""
2024-09-20T09:00:00.000000,Spain,Spain,ES,109.69,151.98,77.35,51.31,entsoe.eu,false,""
2024-09-20T10:00:00.000000,Spain,Spain,ES,97.58,137.8,80.12,55.36,entsoe.eu,false,""
2024-09-20T11:00:00.000000,Spain,Spain,ES,86.26,124.18,82.84,58.76,entsoe.eu,false,""
2024-09-20T12:00:00.000000,Spain,Spain,ES,78.32,114.43,84.74,60.55,entsoe.eu,false,""
2024-09-20T13:00:00.000000,Spain,Spain,ES,74.65,109.51,85.66,61.07,entsoe.eu,false,""
2024-09-20T14:00:00.000000,Spain,Spain,ES,79.66,115.36,84.49,59.11,entsoe.eu,false,""
2024-09-20T15:00:00.000000,Spain,Spain,ES,99.9,139.56,79.7,53.9,entsoe.eu,false,""
2024-09-20T16:00:00.000000,Spain,Spain,ES,126.29,171.26,73.42,46.92,entsoe.eu,false,""
2024-09-20T17:00:00.000000,Spain,Spain,ES,155.31,205.79,66.4,39.36,entsoe.eu,false,""
2024-09-20T18:00:00.000000,Spain,Spain,ES,162.51,213.57,64.59,36.83,entsoe.eu,false,""
2024-09-20T19:00:00.000000,Spain,Spain,ES,158.5,208.45,65.32,37.45,entsoe.eu,false,""
2024-09-20T20:00:00.000000,Spain,Spain,ES,153.7,202.72,66.32,37.68,entsoe.eu,false,""
2024-09-20T21:00:00.000000,Spain,Spain,ES,143.67,190.85,68.46,37.7,entsoe.eu,false,""
2024-09-20T22:00:00.000000,Spain,Spain,ES,131.35,175.88,71.09,38.15,entsoe.eu,false,""
2024-09-20T23:00:00.000000,Spain,Spain,ES,119.73,161.54,73.81,39.44,entsoe.eu,false,""
2024-09-21T00:00:00.000000,Spain,Spain,ES,126.2,170.19,72.23,37.85,entsoe.eu,false,""
2024-09-21T01:00:00.000000,Spain,Spain,ES,124.77,168.19,72.72,37.07,entsoe.eu,false,""
2024-09-21T02:00:00.000000,Spain,Spain,ES,128.64,173.12,71.86,35.22,entsoe.eu,false,""
2024-09-21T03:00:00.000000,Spain,Spain,ES,133.5,179.22,70.72,34.3,entsoe.eu,false,""
2024-09-21T04:00:00.000000,Spain,Spain,ES,130.33,175.15,71.41,35.59,entsoe.eu,false,""
2024-09-21T05:00:00.000000,Spain,Spain,ES,120.94,163.12,73.63,38.54,entsoe.eu,false,""
2024-09-21T06:00:00.000000,Spain,Spain,ES,119.58,161.36,73.92,39.13,entsoe.eu,false,""
2024-09-21T07:00:00.000000,Spain,Spain,ES,112.46,153.56,75.51,42.47,entsoe.eu,false,""
2024-09-21T08:00:00.000000,Spain,Spain,ES,95.11,134.31,79.46,49.47,entsoe.eu,false,""
2024-09-21T09:00:00.000000,Spain,Spain,ES,78.71,115.3,83.33,54.69,entsoe.eu,false,""
2024-09-21T10:00:00.000000,Spain,Spain,ES,60.97,93.96,87.61,59.98,entsoe.eu,false,""
2024-09-21T11:00:00.000000,Spain,Spain,ES,54.99,86.79,89.23,63.19,entsoe.eu,false,""
2024-09-21T12:00:00.000000,Spain,Spain,ES,54.77,86.09,89.43,63.23,entsoe.eu,false,""
2024-09-21T13:00:00.000000,Spain,Spain,ES,52.87,83.57,89.62,62.16,entsoe.eu,false,""
2024-09-21T14:00:00.000000,Spain,Spain,ES,50.59,80.7,90.02,63.1,entsoe.eu,false,""
2024-09-21T15:00:00.000000,Spain,Spain,ES,53.56,83.7,89.34,60.89,entsoe.eu,false,""
2024-09-21T16:00:00.000000,Spain,Spain,ES,78.48,113.76,83.37,53.35,entsoe.eu,false,""
2024-09-21T17:00:00.000000,Spain,Spain,ES,116.92,159.87,74.22,42.61,entsoe.eu,false,""
2024-09-21T18:00:00.000000,Spain,Spain,ES,127.84,171.6,71.64,39.87,entsoe.eu,false,""
2024-09-21T19:00:00.000000,Spain,Spain,ES,131.63,175.72,70.89,39.51,entsoe.eu,false,""
2024-09-21T20:00:00.000000,Spain,Spain,ES,131.77,175.78,70.87,38.43,entsoe.eu,false,""
2024-09-21T21:00:00.000000,Spain,Spain,ES,130.7,174.53,71.19,36.91,entsoe.eu,false,""
2024-09-21T22:00:00.000000,Spain,Spain,ES,130.91,174.97,71.29,34.77,entsoe.eu,false,""
2024-09-21T23:00:00.000000,Spain,Spain,ES,129.56,173.43,71.74,33.98,entsoe.eu,false,""
2024-09-22T00:00:00.000000,Spain,Spain,ES,127.36,171.1,72.28,33.23,entsoe.eu,false,""
2024-09-22T01:00:00.000000,Spain,Spain,ES,126.29,170.03,72.68,32.29,entsoe.eu,false,""
2024-09-22T02:00:00.000000,Spain,Spain,ES,123.52,166.87,73.35,31.87,entsoe.eu,false,""
2024-09-22T03:00:00.000000,Spain,Spain,ES,131.63,177.09,71.43,29.81,entsoe.eu,false,""
2024-09-22T04:00:00.000000,Spain,Spain,ES,135.97,182.19,70.53,28.84,entsoe.eu,false,""
2024-09-22T05:00:00.000000,Spain,Spain,ES,140.76,187.52,69.59,28.39,entsoe.eu,false,""
2024-09-22T06:00:00.000000,Spain,Spain,ES,143.05,189.25,69.69,29.4,entsoe.eu,false,""
2024-09-22T07:00:00.000000,Spain,Spain,ES,119.38,162.09,75.23,39.0,entsoe.eu,false,""
2024-09-22T08:00:00.000000,Spain,Spain,ES,80.47,115.92,84.69,51.69,entsoe.eu,false,""
2024-09-22T09:00:00.000000,Spain,Spain,ES,60.71,92.64,89.25,59.11,entsoe.eu,false,""
2024-09-22T10:00:00.000000,Spain,Spain,ES,59.51,92.23,89.33,62.64,entsoe.eu,false,""
2024-09-22T11:00:00.000000,Spain,Spain,ES,54.21,85.84,90.5,63.67,entsoe.eu,false,""
2024-09-22T12:00:00.000000,Spain,Spain,ES,55.22,86.88,90.26,63.7,entsoe.eu,false,""
2024-09-22T13:00:00.000000,Spain,Spain,ES,60.47,92.81,89.2,64.05,entsoe.eu,false,""
2024-09-22T14:00:00.000000,Spain,Spain,ES,59.14,90.94,89.55,64.26,entsoe.eu,false,""
2024-09-22T15:00:00.000000,Spain,Spain,ES,66.38,99.39,87.85,61.3,entsoe.eu,false,""
2024-09-22T16:00:00.000000,Spain,Spain,ES,83.82,119.76,83.41,52.34,entsoe.eu,false,""
2024-09-22T17:00:00.000000,Spain,Spain,ES,125.49,169.71,73.4,41.33,entsoe.eu,false,""
2024-09-22T18:00:00.000000,Spain,Spain,ES,138.59,184.08,69.99,36.23,entsoe.eu,false,""
2024-09-22T19:00:00.000000,Spain,Spain,ES,137.46,182.62,69.98,36.77,entsoe.eu,false,""
2024-09-22T20:00:00.000000,Spain,Spain,ES,131.27,174.76,71.59,37.44,entsoe.eu,false,""
2024-09-22T21:00:00.000000,Spain,Spain,ES,127.02,169.52,72.77,37.46,entsoe.eu,false,""
2024-09-22T22:00:00.000000,Spain,Spain,ES,124.6,166.89,73.5,36.37,entsoe.eu,false,""
2024-09-22T23:00:00.000000,Spain,Spain,ES,125.04,167.69,73.55,34.96,entsoe.eu,false,""
2024-09-23T00:00:00.000000,Spain,Spain,ES,123.01,165.06,74.11,34.79,entsoe.eu,false,""
2024-09-23T01:00:00.000000,Spain,Spain,ES,124.41,166.44,74.04,34.44,entsoe.eu,false,""
2024-09-23T02:00:00.000000,Spain,Spain,ES,127.64,170.05,73.53,33.49,entsoe.eu,false,""
2024-09-23T03:00:00.000000,Spain,Spain,ES,141.33,185.63,71.31,31.89,entsoe.eu,false,""
2024-09-23T04:00:00.000000,Spain,Spain,ES,152.44,199.38,68.6,31.69,entsoe.eu,false,""
2024-09-23T05:00:00.000000,Spain,Spain,ES,152.18,198.69,68.45,33.87,entsoe.eu,false,""
2024-09-23T06:00:00.000000,Spain,Spain,ES,154.52,201.6,67.84,35.36,entsoe.eu,false,""
2024-09-23T07:00:00.000000,Spain,Spain,ES,133.59,177.35,72.95,43.05,entsoe.eu,false,""
2024-09-23T08:00:00.000000,Spain,Spain,ES,92.84,129.5,82.56,55.27,entsoe.eu,false,""
2024-09-23T09:00:00.000000,Spain,Spain,ES,65.32,97.24,88.94,63.15,entsoe.eu,false,""
2024-09-23T10:00:00.000000,Spain,Spain,ES,55.39,85.43,91.22,66.39,entsoe.eu,false,""
2024-09-23T11:00:00.000000,Spain,Spain,ES,55.19,85.66,91.14,67.08,entsoe.eu,false,""
2024-09-23T12:00:00.000000,Spain,Spain,ES,53.61,83.63,91.53,67.39,entsoe.eu,false,""
2024-09-23T13:00:00.000000,Spain,Spain,ES,53.09,82.56,91.77,67.43,entsoe.eu,false,""
2024-09-23T14:00:00.000000,Spain,Spain,ES,54.7,84.28,91.44,66.36,entsoe.eu,false,""
2024-09-23T15:00:00.000000,Spain,Spain,ES,61.94,92.9,89.7,64.23,entsoe.eu,false,""
2024-09-23T16:00:00.000000,Spain,Spain,ES,89.7,126.16,83.2,56.55,entsoe.eu,false,""
2024-09-23T17:00:00.000000,Spain,Spain,ES,127.09,170.68,74.18,46.24,entsoe.eu,false,""
2024-09-23T18:00:00.000000,Spain,Spain,ES,147.66,194.54,68.82,40.32,entsoe.eu,false,""
2024-09-23T19:00:00.000000,Spain,Spain,ES,147.57,194.36,68.66,40.57,entsoe.eu,false,""
2024-09-23T20:00:00.000000,Spain,Spain,ES,143.05,188.61,70.03,39.56,entsoe.eu,false,""
2024-09-23T21:00:00.000000,Spain,Spain,ES,138.38,182.7,71.43,38.82,entsoe.eu,false,""
2024-09-23T22:00:00.000000,Spain,Spain,ES,122.03,161.71,75.72,40.21,entsoe.eu,false,""
2024-09-23T23:00:00.000000,Spain,Spain,ES,116.09,153.88,77.49,39.89,entsoe.eu,false,""
2024-09-24T00:00:00.000000,Spain,Spain,ES,119.46,157.91,76.9,37.77,entsoe.eu,false,""
2024-09-24T01:00:00.000000,Spain,Spain,ES,120.28,158.59,77.04,36.81,entsoe.eu,false,""
2024-09-24T02:00:00.000000,Spain,Spain,ES,122.04,160.07,77.08,36.8,entsoe.eu,false,""
2024-09-24T03:00:00.000000,Spain,Spain,ES,127.79,167.28,75.59,36.15,entsoe.eu,false,""
2024-09-24T04:00:00.000000,Spain,Spain,ES,137.33,179.88,72.71,34.91,entsoe.eu,false,""
2024-09-24T05:00:00.000000,Spain,Spain,ES,138.82,181.85,71.85,37.56,entsoe.eu,false,""
2024-09-24T06:00:00.000000,Spain,Spain,ES,139.35,181.7,71.97,39.89,entsoe.eu,false,""
2024-09-24T07:00:00.000000,Spain,Spain,ES,137.06,180.16,72.45,42.33,entsoe.eu,false,""
2024-09-24T08:00:00.000000,Spain,Spain,ES,114.42,153.68,77.86,49.2,entsoe.eu,false,""
2024-09-24T09:00:00.000000,Spain,Spain,ES,95.46,131.33,82.48,54.19,entsoe.eu,false,""
2024-09-24T10:00:00.000000,Spain,Spain,ES,85.09,118.99,84.96,56.79,entsoe.eu,false,""
2024-09-24T11:00:00.000000,Spain,Spain,ES,74.26,106.09,87.42,60.41,entsoe.eu,false,""
2024-09-24T12:00:00.000000,Spain,Spain,ES,70.2,101.41,88.31,62.33,entsoe.eu,false,""
2024-09-24T13:00:00.000000,Spain,Spain,ES,67.35,97.48,89.02,62.92,entsoe.eu,false,""
2024-09-24T14:00:00.000000,Spain,Spain,ES,68.88,98.96,88.72,62.29,entsoe.eu,false,""
2024-09-24T15:00:00.000000,Spain,Spain,ES,80.42,112.79,85.95,59.01,entsoe.eu,false,""
2024-09-24T16:00:00.000000,Spain,Spain,ES,103.69,140.81,80.2,51.62,entsoe.eu,false,""
2024-09-24T17:00:00.000000,Spain,Spain,ES,133.07,175.52,73.2,43.91,entsoe.eu,false,""
2024-09-24T18:00:00.000000,Spain,Spain,ES,151.58,197.49,68.49,39.26,entsoe.eu,false,""
2024-09-24T19:00:00.000000,Spain,Spain,ES,150.86,196.72,68.48,39.61,entsoe.eu,false,""
2024-09-24T20:00:00.000000,Spain,Spain,ES,148.65,194.18,69.06,39.09,entsoe.eu,false,""
2024-09-24T21:00:00.000000,Spain,Spain,ES,136.99,180.27,71.65,39.75,entsoe.eu,false,""
2024-09-24T22:00:00.000000,Spain,Spain,ES,118.83,157.53,76.32,41.63,entsoe.eu,false,""
2024-09-24T23:00:00.000000,Spain,Spain,ES,106.35,141.85,79.59,43.45,entsoe.eu,false,""
2024-09-25T00:00:00.000000,Spain,Spain,ES,98.77,132.18,81.65,44.31,entsoe.eu,false,""
2024-09-25T01:00:00.000000,Spain,Spain,ES,97.98,131.19,81.91,45.18,entsoe.eu,false,""
2024-09-25T02:00:00.000000,Spain,Spain,ES,97.54,130.15,82.28,46.49,entsoe.eu,false,""
2024-09-25T03:00:00.000000,Spain,Spain,ES,98.7,131.49,82.02,46.67,entsoe.eu,false,""
2024-09-25T04:00:00.000000,Spain,Spain,ES,102.05,136.58,80.57,46.9,entsoe.eu,false,""
2024-09-25T05:00:00.000000,Spain,Spain,ES,106.98,142.21,79.38,48.04,entsoe.eu,false,""
2024-09-25T06:00:00.000000,Spain,Spain,ES,108.44,142.88,79.43,49.47,entsoe.eu,false,""
2024-09-25T07:00:00.000000,Spain,Spain,ES,96.82,129.43,81.92,53.81,entsoe.eu,false,""
2024-09-25T08:00:00.000000,Spain,Spain,ES,80.2,110.31,85.91,58.76,entsoe.eu,false,""
2024-09-25T09:00:00.000000,Spain,Spain,ES,63.73,91.09,89.77,64.66,entsoe.eu,false,""
2024-09-25T10:00:00.000000,Spain,Spain,ES,56.24,82.7,91.32,67.52,entsoe.eu,false,""
2024-09-25T11:00:00.000000,Spain,Spain,ES,54.85,81.22,91.58,69.95,entsoe.eu,false,""
2024-09-25T12:00:00.000000,Spain,Spain,ES,57.43,84.63,90.91,70.62,entsoe.eu,false,""
2024-09-25T13:00:00.000000,Spain,Spain,ES,56.88,83.75,91.05,71.13,entsoe.eu,false,""
2024-09-25T14:00:00.000000,Spain,Spain,ES,56.66,82.73,91.11,71.16,entsoe.eu,false,""
2024-09-25T15:00:00.000000,Spain,Spain,ES,56.69,82.27,91.17,70.21,entsoe.eu,false,""
2024-09-25T16:00:00.000000,Spain,Spain,ES,61.56,88.02,89.71,66.88,entsoe.eu,false,""
2024-09-25T17:00:00.000000,Spain,Spain,ES,74.29,102.9,86.38,63.06,entsoe.eu,false,""
2024-09-25T18:00:00.000000,Spain,Spain,ES,83.02,112.87,83.97,58.54,entsoe.eu,false,""
2024-09-25T19:00:00.000000,Spain,Spain,ES,86.3,117.05,82.98,57.13,entsoe.eu,false,""
2024-09-25T20:00:00.000000,Spain,Spain,ES,84.34,114.61,83.65,57.2,entsoe.eu,false,""
2024-09-25T21:00:00.000000,Spain,Spain,ES,71.32,98.34,87.15,59.7,entsoe.eu,false,""
2024-09-25T22:00:00.000000,Spain,Spain,ES,58.44,82.11,90.44,61.2,entsoe.eu,false,""
2024-09-25T23:00:00.000000,Spain,Spain,ES,57.72,81.13,90.69,61.66,entsoe.eu,false,""
2024-09-26T00:00:00.000000,Spain,Spain,ES,63.93,88.41,89.57,61.66,entsoe.eu,false,""
2024-09-26T01:00:00.000000,Spain,Spain,ES,62.5,86.79,89.68,62.03,entsoe.eu,false,""
2024-09-26T02:00:00.000000,Spain,Spain,ES,64.3,89.09,89.23,61.36,entsoe.eu,false,""
2024-09-26T03:00:00.000000,Spain,Spain,ES,64.44,89.54,89.15,62.66,entsoe.eu,false,""
2024-09-26T04:00:00.000000,Spain,Spain,ES,63.41,87.79,89.61,63.69,entsoe.eu,false,""
2024-09-26T05:00:00.000000,Spain,Spain,ES,69.48,95.31,88.22,64.66,entsoe.eu,false,""
2024-09-26T06:00:00.000000,Spain,Spain,ES,71.51,97.09,88.0,65.19,entsoe.eu,false,""
2024-09-26T07:00:00.000000,Spain,Spain,ES,67.48,93.51,88.77,67.36,entsoe.eu,false,""
2024-09-26T08:00:00.000000,Spain,Spain,ES,58.03,83.86,90.6,70.94,entsoe.eu,false,""
2024-09-26T09:00:00.000000,Spain,Spain,ES,56.86,83.13,90.77,71.63,entsoe.eu,false,""
2024-09-26T10:00:00.000000,Spain,Spain,ES,52.44,78.39,91.78,72.96,entsoe.eu,false,""
2024-09-26T11:00:00.000000,Spain,Spain,ES,51.7,77.94,91.92,73.3,entsoe.eu,false,""
2024-09-26T12:00:00.000000,Spain,Spain,ES,51.87,77.92,91.95,72.97,entsoe.eu,false,""
2024-09-26T13:00:00.000000,Spain,Spain,ES,53.86,80.13,91.7,71.35,entsoe.eu,false,""
2024-09-26T14:00:00.000000,Spain,Spain,ES,54.57,80.83,91.58,70.98,entsoe.eu,false,""
2024-09-26T15:00:00.000000,Spain,Spain,ES,54.96,81.02,91.39,71.52,entsoe.eu,false,""
2024-09-26T16:00:00.000000,Spain,Spain,ES,58.49,84.35,90.43,71.05,entsoe.eu,false,""
2024-09-26T17:00:00.000000,Spain,Spain,ES,77.99,107.28,85.77,64.74,entsoe.eu,false,""
2024-09-26T18:00:00.000000,Spain,Spain,ES,92.1,123.83,82.24,58.43,entsoe.eu,false,""
2024-09-26T19:00:00.000000,Spain,Spain,ES,97.19,130.03,81.02,56.63,entsoe.eu,false,""
2024-09-26T20:00:00.000000,Spain,Spain,ES,77.0,105.09,85.9,59.84,entsoe.eu,false,""
2024-09-26T21:00:00.000000,Spain,Spain,ES,62.32,86.82,89.4,61.49,entsoe.eu,false,""
2024-09-26T22:00:00.000000,Spain,Spain,ES,56.96,80.39,90.61,61.67,entsoe.eu,false,""
2024-09-26T23:00:00.000000,Spain,Spain,ES,58.13,81.85,90.47,60.47,entsoe.eu,false,""
2024-09-27T00:00:00.000000,Spain,Spain,ES,59.33,83.37,90.23,59.09,entsoe.eu,false,""
2024-09-27T01:00:00.000000,Spain,Spain,ES,60.58,84.91,89.97,58.83,entsoe.eu,false,""
2024-09-27T02:00:00.000000,Spain,Spain,ES,60.64,84.89,90.01,59.05,entsoe.eu,false,""
2024-09-27T03:00:00.000000,Spain,Spain,ES,62.34,87.3,89.64,58.2,entsoe.eu,false,""
2024-09-27T04:00:00.000000,Spain,Spain,ES,63.41,88.14,89.62,59.16,entsoe.eu,false,""
2024-09-27T05:00:00.000000,Spain,Spain,ES,68.35,93.68,88.7,59.58,entsoe.eu,false,""
2024-09-27T06:00:00.000000,Spain,Spain,ES,71.13,96.73,88.14,60.18,entsoe.eu,false,""
2024-09-27T07:00:00.000000,Spain,Spain,ES,61.52,86.59,90.37,64.91,entsoe.eu,false,""
2024-09-27T08:00:00.000000,Spain,Spain,ES,49.58,74.62,92.95,69.42,entsoe.eu,false,""
2024-09-27T09:00:00.000000,Spain,Spain,ES,47.89,73.62,93.26,70.16,entsoe.eu,false,""
2024-09-27T10:00:00.000000,Spain,Spain,ES,47.47,73.67,93.34,72.6,entsoe.eu,false,""
2024-09-27T11:00:00.000000,Spain,Spain,ES,48.16,74.72,93.25,72.01,entsoe.eu,false,""
2024-09-27T12:00:00.000000,Spain,Spain,ES,44.93,71.35,93.51,73.37,entsoe.eu,false,""
2024-09-27T13:00:00.000000,Spain,Spain,ES,44.52,71.77,92.76,72.8,entsoe.eu,false,""
2024-09-27T14:00:00.000000,Spain,Spain,ES,47.38,75.3,92.15,71.29,entsoe.eu,false,""
2024-09-27T15:00:00.000000,Spain,Spain,ES,44.4,71.32,92.81,72.4,entsoe.eu,false,""
2024-09-27T16:00:00.000000,Spain,Spain,ES,51.75,79.65,91.01,70.69,entsoe.eu,false,""
2024-09-27T17:00:00.000000,Spain,Spain,ES,83.89,117.7,83.34,58.63,entsoe.eu,false,""
2024-09-27T18:00:00.000000,Spain,Spain,ES,103.33,139.78,78.74,50.57,entsoe.eu,false,""
2024-09-27T19:00:00.000000,Spain,Spain,ES,107.82,144.96,77.71,48.84,entsoe.eu,false,""
2024-09-27T20:00:00.000000,Spain,Spain,ES,100.43,135.85,79.39,48.28,entsoe.eu,false,""
2024-09-27T21:00:00.000000,Spain,Spain,ES,87.58,120.27,82.25,49.3,entsoe.eu,false,""
2024-09-27T22:00:00.000000,Spain,Spain,ES,83.91,116.31,82.89,49.12,entsoe.eu,false,""
2024-09-27T23:00:00.000000,Spain,Spain,ES,82.7,114.82,83.17,48.33,entsoe.eu,false,""
2024-09-28T00:00:00.000000,Spain,Spain,ES,80.98,112.34,83.66,47.65,entsoe.eu,false,""
2024-09-28T01:00:00.000000,Spain,Spain,ES,81.56,113.03,83.6,46.66,entsoe.eu,false,""
2024-09-28T02:00:00.000000,Spain,Spain,ES,80.16,111.62,83.84,44.75,entsoe.eu,false,""
2024-09-28T03:00:00.000000,Spain,Spain,ES,80.89,112.85,83.59,44.7,entsoe.eu,false,""
2024-09-28T04:00:00.000000,Spain,Spain,ES,81.39,113.32,83.45,45.21,entsoe.eu,false,""
2024-09-28T05:00:00.000000,Spain,Spain,ES,81.35,112.19,83.51,45.21,entsoe.eu,false,""
2024-09-28T06:00:00.000000,Spain,Spain,ES,83.18,113.7,83.45,46.11,entsoe.eu,false,""
2024-09-28T07:00:00.000000,Spain,Spain,ES,60.82,88.95,88.88,56.35,entsoe.eu,false,""
2024-09-28T08:00:00.000000,Spain,Spain,ES,44.05,70.69,92.86,68.6,entsoe.eu,false,""
2024-09-28T09:00:00.000000,Spain,Spain,ES,40.47,67.62,93.68,71.24,entsoe.eu,false,""
2024-09-28T10:00:00.000000,Spain,Spain,ES,39.99,67.59,93.78,71.36,entsoe.eu,false,""
2024-09-28T11:00:00.000000,Spain,Spain,ES,41.07,68.81,93.59,70.72,entsoe.eu,false,""
2024-09-28T12:00:00.000000,Spain,Spain,ES,42.38,70.06,93.39,69.21,entsoe.eu,false,""
2024-09-28T13:00:00.000000,Spain,Spain,ES,44.01,71.79,93.15,68.24,entsoe.eu,false,""
2024-09-28T14:00:00.000000,Spain,Spain,ES,43.89,71.68,93.11,68.98,entsoe.eu,false,""
2024-09-28T15:00:00.000000,Spain,Spain,ES,47.24,75.83,92.18,68.81,entsoe.eu,false,""
2024-09-28T16:00:00.000000,Spain,Spain,ES,68.48,101.31,86.85,62.73,entsoe.eu,false,""
2024-09-28T17:00:00.000000,Spain,Spain,ES,111.38,151.15,76.8,48.04,entsoe.eu,false,""
2024-09-28T18:00:00.000000,Spain,Spain,ES,120.24,160.53,74.48,42.15,entsoe.eu,false,""
2024-09-28T19:00:00.000000,Spain,Spain,ES,114.42,153.56,75.33,42.22,entsoe.eu,false,""
2024-09-28T20:00:00.000000,Spain,Spain,ES,105.9,143.13,77.18,43.31,entsoe.eu,false,""
2024-09-28T21:00:00.000000,Spain,Spain,ES,103.15,139.86,77.96,42.11,entsoe.eu,false,""
2024-09-28T22:00:00.000000,Spain,Spain,ES,95.45,130.46,80.03,41.89,entsoe.eu,false,""
2024-09-28T23:00:00.000000,Spain,Spain,ES,87.91,121.49,81.86,42.67,entsoe.eu,false,""
2024-09-29T00:00:00.000000,Spain,Spain,ES,90.88,125.31,81.18,41.8,entsoe.eu,false,""
2024-09-29T01:00:00.000000,Spain,Spain,ES,90.46,124.81,81.14,42.68,entsoe.eu,false,""
2024-09-29T02:00:00.000000,Spain,Spain,ES,85.5,118.64,82.32,44.14,entsoe.eu,false,""
2024-09-29T03:00:00.000000,Spain,Spain,ES,85.64,118.6,82.41,43.71,entsoe.eu,false,""
2024-09-29T04:00:00.000000,Spain,Spain,ES,87.96,121.64,81.75,43.71,entsoe.eu,false,""
2024-09-29T05:00:00.000000,Spain,Spain,ES,89.13,123.05,81.5,43.53,entsoe.eu,false,""
2024-09-29T06:00:00.000000,Spain,Spain,ES,88.75,122.35,81.71,44.57,entsoe.eu,false,""
2024-09-29T07:00:00.000000,Spain,Spain,ES,62.8,93.01,87.51,57.25,entsoe.eu,false,""
2024-09-29T08:00:00.000000,Spain,Spain,ES,44.76,72.78,91.87,67.44,entsoe.eu,false,""
2024-09-29T09:00:00.000000,Spain,Spain,ES,42.3,70.58,92.56,69.26,entsoe.eu,false,""
2024-09-29T10:00:00.000000,Spain,Spain,ES,42.66,70.95,92.4,69.56,entsoe.eu,false,""
2024-09-29T11:00:00.000000,Spain,Spain,ES,42.73,70.89,92.4,69.45,entsoe.eu,false,""
2024-09-29T12:00:00.000000,Spain,Spain,ES,43.18,71.51,92.31,69.25,entsoe.eu,false,""
2024-09-29T13:00:00.000000,Spain,Spain,ES,45.15,73.64,91.95,67.91,entsoe.eu,false,""
2024-09-29T14:00:00.000000,Spain,Spain,ES,45.42,74.12,91.91,67.7,entsoe.eu,false,""
2024-09-29T15:00:00.000000,Spain,Spain,ES,43.18,71.55,92.08,68.32,entsoe.eu,false,""
2024-09-29T16:00:00.000000,Spain,Spain,ES,49.65,78.85,90.36,66.28,entsoe.eu,false,""
2024-09-29T17:00:00.000000,Spain,Spain,ES,81.45,115.44,82.83,52.73,entsoe.eu,false,""
2024-09-29T18:00:00.000000,Spain,Spain,ES,100.06,136.13,78.44,46.24,entsoe.eu,false,""
2024-09-29T19:00:00.000000,Spain,Spain,ES,97.52,132.76,79.06,46.97,entsoe.eu,false,""
2024-09-29T20:00:00.000000,Spain,Spain,ES,96.89,131.9,79.31,45.93,entsoe.eu,false,""
2024-09-29T21:00:00.000000,Spain,Spain,ES,93.48,127.68,80.26,45.33,entsoe.eu,false,""
2024-09-29T22:00:00.000000,Spain,Spain,ES,101.55,137.72,78.83,42.87,entsoe.eu,false,""
2024-09-29T23:00:00.000000,Spain,Spain,ES,102.56,138.66,79.01,41.8,entsoe.eu,false,""
2024-09-30T00:00:00.000000,Spain,Spain,ES,104.33,140.69,78.94,40.44,entsoe.eu,false,""
2024-09-30T01:00:00.000000,Spain,Spain,ES,110.15,147.6,77.73,38.96,entsoe.eu,false,""
2024-09-30T02:00:00.000000,Spain,Spain,ES,116.75,155.66,76.28,36.87,entsoe.eu,false,""
2024-09-30T03:00:00.000000,Spain,Spain,ES,126.99,168.71,73.6,34.52,entsoe.eu,false,""
2024-09-30T04:00:00.000000,Spain,Spain,ES,141.1,185.9,70.03,33.53,entsoe.eu,false,""
2024-09-30T05:00:00.000000,Spain,Spain,ES,140.91,186.14,69.46,35.69,entsoe.eu,false,""
2024-09-30T06:00:00.000000,Spain,Spain,ES,148.57,195.39,67.85,35.88,entsoe.eu,false,""
2024-09-30T07:00:00.000000,Spain,Spain,ES,120.51,163.14,74.61,46.9,entsoe.eu,false,""
2024-09-30T08:00:00.000000,Spain,Spain,ES,78.26,113.76,84.59,59.21,entsoe.eu,false,""
2024-09-30T09:00:00.000000,Spain,Spain,ES,52.54,82.81,90.73,66.18,entsoe.eu,false,""
2024-09-30T10:00:00.000000,Spain,Spain,ES,44.75,73.85,92.5,69.41,entsoe.eu,false,""
2024-09-30T11:00:00.000000,Spain,Spain,ES,44.3,73.12,92.61,69.45,entsoe.eu,false,""
2024-09-30T12:00:00.000000,Spain,Spain,ES,43.37,71.74,92.83,69.47,entsoe.eu,false,""
2024-09-30T13:00:00.000000,Spain,Spain,ES,45.14,74.58,92.46,71.29,entsoe.eu,false,""
2024-09-30T14:00:00.000000,Spain,Spain,ES,48.89,79.29,91.57,70.23,entsoe.eu,false,""
2024-09-30T15:00:00.000000,Spain,Spain,ES,62.07,95.29,88.31,65.37,entsoe.eu,false,""
2024-09-30T16:00:00.000000,Spain,Spain,ES,102.88,144.48,78.64,53.56,entsoe.eu,false,""
2024-09-30T17:00:00.000000,Spain,Spain,ES,146.41,195.72,68.34,41.06,entsoe.eu,false,""
2024-09-30T18:00:00.000000,Spain,Spain,ES,170.67,224.31,62.15,34.85,entsoe.eu,false,""
2024-09-30T19:00:00.000000,Spain,Spain,ES,166.96,220.1,62.7,35.69,entsoe.eu,false,""
2024-09-30T20:00:00.000000,Spain,Spain,ES,159.09,210.35,64.59,35.84,entsoe.eu,false,""
2024-09-30T21:00:00.000000,Spain,Spain,ES,146.66,194.72,67.82,36.25,entsoe.eu,false,""
2024-09-30T22:00:00.000000,Spain,Spain,ES,123.83,166.05,73.64,38.97,entsoe.eu,false,""
2024-09-30T23:00:00.000000,Spain,Spain,ES,114.2,154.21,76.08,40.09,entsoe.eu,false,""
2024-10-01T00:00:00.000000,Spain,Spain,ES,109.6,148.7,77.38,40.39,entsoe.eu,false,""
2024-10-01T01:00:00.000000,Spain,Spain,ES,102.65,140.27,78.98,41.51,entsoe.eu,false,""
2024-10-01T02:00:00.000000,Spain,Spain,ES,100.6,137.54,79.47,41.9,entsoe.eu,false,""
2024-10-01T03:00:00.000000,Spain,Spain,ES,107.11,145.38,77.82,40.77,entsoe.eu,false,""
2024-10-01T04:00:00.000000,Spain,Spain,ES,118.26,159.15,74.95,40.29,entsoe.eu,false,""
2024-10-01T05:00:00.000000,Spain,Spain,ES,124.04,165.74,73.63,41.35,entsoe.eu,false,""
2024-10-01T06:00:00.000000,Spain,Spain,ES,132.1,175.41,71.96,41.55,entsoe.eu,false,""
2024-10-01T07:00:00.000000,Spain,Spain,ES,121.76,164.31,74.64,47.07,entsoe.eu,false,""
2024-10-01T08:00:00.000000,Spain,Spain,ES,100.46,140.42,79.64,54.51,entsoe.eu,false,""
2024-10-01T09:00:00.000000,Spain,Spain,ES,77.23,112.67,85.13,60.98,entsoe.eu,false,""
2024-10-01T10:00:00.000000,Spain,Spain,ES,61.89,94.16,88.76,66.23,entsoe.eu,false,""
2024-10-01T11:00:00.000000,Spain,Spain,ES,56.03,87.21,90.1,69.18,entsoe.eu,false,""
2024-10-01T12:00:00.000000,Spain,Spain,ES,54.72,85.33,90.38,70.09,entsoe.eu,false,""
2024-10-01T13:00:00.000000,Spain,Spain,ES,52.9,82.89,90.78,70.72,entsoe.eu,false,""
2024-10-01T14:00:00.000000,Spain,Spain,ES,55.55,86.18,90.09,70.34,entsoe.eu,false,""
2024-10-01T15:00:00.000000,Spain,Spain,ES,69.18,102.63,86.84,66.9,entsoe.eu,false,""
2024-10-01T16:00:00.000000,Spain,Spain,ES,95.12,134.25,80.36,59.86,entsoe.eu,false,""
2024-10-01T17:00:00.000000,Spain,Spain,ES,131.52,176.95,71.68,48.61,entsoe.eu,false,""
2024-10-01T18:00:00.000000,Spain,Spain,ES,150.95,199.8,66.82,39.99,entsoe.eu,false,""
2024-10-01T19:00:00.000000,Spain,Spain,ES,144.5,191.85,68.1,39.42,entsoe.eu,false,""
2024-10-01T20:00:00.000000,Spain,Spain,ES,137.43,183.17,69.83,39.87,entsoe.eu,false,""
2024-10-01T21:00:00.000000,Spain,Spain,ES,123.74,165.76,73.38,41.16,entsoe.eu,false,""
2024-10-01T22:00:00.000000,Spain,Spain,ES,118.61,159.44,74.77,42.86,entsoe.eu,false,""
2024-10-01T23:00:00.000000,Spain,Spain,ES,111.94,150.91,76.48,44.19,entsoe.eu,false,""
2024-10-02T00:00:00.000000,Spain,Spain,ES,104.88,142.29,78.29,44.71,entsoe.eu,false,""
2024-10-02T01:00:00.000000,Spain,Spain,ES,108.23,146.88,77.48,43.73,entsoe.eu,false,""
2024-10-02T02:00:00.000000,Spain,Spain,ES,105.78,143.78,78.02,42.0,entsoe.eu,false,""
2024-10-02T03:00:00.000000,Spain,Spain,ES,110.38,149.28,76.88,41.84,entsoe.eu,false,""
2024-10-02T04:00:00.000000,Spain,Spain,ES,120.38,162.13,74.3,42.1,entsoe.eu,false,""
2024-10-02T05:00:00.000000,Spain,Spain,ES,125.16,167.4,73.16,45.65,entsoe.eu,false,""
2024-10-02T06:00:00.000000,Spain,Spain,ES,129.7,172.57,72.34,46.74,entsoe.eu,false,""
2024-10-02T07:00:00.000000,Spain,Spain,ES,117.46,158.71,75.25,51.73,entsoe.eu,false,""
2024-10-02T08:00:00.000000,Spain,Spain,ES,98.66,137.45,79.78,58.45,entsoe.eu,false,""
2024-10-02T09:00:00.000000,Spain,Spain,ES,83.43,119.44,83.48,63.16,entsoe.eu,false,""
2024-10-02T10:00:00.000000,Spain,Spain,ES,70.79,104.14,86.33,67.08,entsoe.eu,false,""
2024-10-02T11:00:00.000000,Spain,Spain,ES,71.66,105.29,86.06,67.14,entsoe.eu,false,""
2024-10-02T12:00:00.000000,Spain,Spain,ES,72.58,105.96,85.84,66.9,entsoe.eu,false,""
2024-10-02T13:00:00.000000,Spain,Spain,ES,75.02,108.8,85.3,66.11,entsoe.eu,false,""
2024-10-02T14:00:00.000000,Spain,Spain,ES,83.79,118.97,83.22,63.75,entsoe.eu,false,""
2024-10-02T15:00:00.000000,Spain,Spain,ES,96.35,133.51,80.34,59.96,entsoe.eu,false,""
2024-10-02T16:00:00.000000,Spain,Spain,ES,103.8,142.37,78.34,57.56,entsoe.eu,false,""
2024-10-02T17:00:00.000000,Spain,Spain,ES,112.96,153.36,75.79,54.43,entsoe.eu,false,""
2024-10-02T18:00:00.000000,Spain,Spain,ES,113.31,153.21,75.35,52.58,entsoe.eu,false,""
2024-10-02T19:00:00.000000,Spain,Spain,ES,103.06,140.32,77.67,54.16,entsoe.eu,false,""
2024-10-02T20:00:00.000000,Spain,Spain,ES,99.15,135.77,78.73,54.96,entsoe.eu,false,""
2024-10-02T21:00:00.000000,Spain,Spain,ES,97.49,133.79,79.24,54.77,entsoe.eu,false,""
2024-10-02T22:00:00.000000,Spain,Spain,ES,84.36,116.89,82.51,57.97,entsoe.eu,false,""
2024-10-02T23:00:00.000000,Spain,Spain,ES,72.31,101.62,85.52,60.21,entsoe.eu,false,""
2024-10-03T00:00:00.000000,Spain,Spain,ES,69.27,97.71,86.33,59.81,entsoe.eu,false,""
2024-10-03T01:00:00.000000,Spain,Spain,ES,78.33,109.1,84.11,55.41,entsoe.eu,false,""
2024-10-03T02:00:00.000000,Spain,Spain,ES,81.63,112.77,83.53,53.16,entsoe.eu,false,""
2024-10-03T03:00:00.000000,Spain,Spain,ES,86.78,119.32,82.27,52.22,entsoe.eu,false,""
2024-10-03T04:00:00.000000,Spain,Spain,ES,104.54,141.09,78.27,50.37,entsoe.eu,false,""
2024-10-03T05:00:00.000000,Spain,Spain,ES,117.48,156.69,75.4,50.66,entsoe.eu,false,""
2024-10-03T06:00:00.000000,Spain,Spain,ES,119.25,158.55,75.22,51.43,entsoe.eu,false,""
2024-10-03T07:00:00.000000,Spain,Spain,ES,100.32,136.59,79.73,57.23,entsoe.eu,false,""
2024-10-03T08:00:00.000000,Spain,Spain,ES,74.91,107.63,85.47,65.31,entsoe.eu,false,""
2024-10-03T09:00:00.000000,Spain,Spain,ES,52.23,80.38,90.83,71.45,entsoe.eu,false,""
2024-10-03T10:00:00.000000,Spain,Spain,ES,46.81,73.9,92.13,72.73,entsoe.eu,false,""
2024-10-03T11:00:00.000000,Spain,Spain,ES,46.17,73.27,92.26,72.98,entsoe.eu,false,""
2024-10-03T12:00:00.000000,Spain,Spain,ES,46.26,73.58,92.26,72.81,entsoe.eu,false,""
2024-10-03T13:00:00.000000,Spain,Spain,ES,47.93,75.53,91.87,72.39,entsoe.eu,false,""
2024-10-03T14:00:00.000000,Spain,Spain,ES,53.07,81.73,90.68,70.85,entsoe.eu,false,""
2024-10-03T15:00:00.000000,Spain,Spain,ES,67.73,99.24,87.17,67.15,entsoe.eu,false,""
2024-10-03T16:00:00.000000,Spain,Spain,ES,104.24,143.53,78.36,58.23,entsoe.eu,false,""
2024-10-03T17:00:00.000000,Spain,Spain,ES,138.85,184.29,69.99,48.08,entsoe.eu,false,""
2024-10-03T18:00:00.000000,Spain,Spain,ES,147.69,194.39,68.01,43.45,entsoe.eu,false,""
2024-10-03T19:00:00.000000,Spain,Spain,ES,144.96,191.12,68.6,42.88,entsoe.eu,false,""
2024-10-03T20:00:00.000000,Spain,Spain,ES,136.2,180.61,70.5,42.91,entsoe.eu,false,""
2024-10-03T21:00:00.000000,Spain,Spain,ES,131.79,175.41,71.33,42.55,entsoe.eu,false,""
2024-10-03T22:00:00.000000,Spain,Spain,ES,123.06,164.79,73.49,41.83,entsoe.eu,false,""
2024-10-03T23:00:00.000000,Spain,Spain,ES,117.3,157.58,75.1,41.62,entsoe.eu,false,""
2024-10-04T00:00:00.000000,Spain,Spain,ES,120.66,161.71,74.42,40.03,entsoe.eu,false,""
2024-10-04T01:00:00.000000,Spain,Spain,ES,115.95,155.28,75.83,40.6,entsoe.eu,false,""
2024-10-04T02:00:00.000000,Spain,Spain,ES,123.72,164.74,74.16,40.4,entsoe.eu,false,""
2024-10-04T03:00:00.000000,Spain,Spain,ES,124.51,165.82,73.87,41.03,entsoe.eu,false,""
2024-10-04T04:00:00.000000,Spain,Spain,ES,134.51,177.91,71.69,40.53,entsoe.eu,false,""
2024-10-04T05:00:00.000000,Spain,Spain,ES,143.22,188.52,69.69,42.35,entsoe.eu,false,""
2024-10-04T06:00:00.000000,Spain,Spain,ES,151.01,198.64,67.69,42.74,entsoe.eu,false,""
2024-10-04T07:00:00.000000,Spain,Spain,ES,126.21,169.4,73.46,50.76,entsoe.eu,false,""
2024-10-04T08:00:00.000000,Spain,Spain,ES,92.38,129.76,81.43,60.12,entsoe.eu,false,""
2024-10-04T09:00:00.000000,Spain,Spain,ES,71.52,105.12,86.42,65.62,entsoe.eu,false,""
2024-10-04T10:00:00.000000,Spain,Spain,ES,58.71,89.84,89.42,69.22,entsoe.eu,false,""
2024-10-04T11:00:00.000000,Spain,Spain,ES,54.66,85.0,90.32,70.48,entsoe.eu,false,""
2024-10-04T12:00:00.000000,Spain,Spain,ES,52.61,82.19,90.88,70.75,entsoe.eu,false,""
2024-10-04T13:00:00.000000,Spain,Spain,ES,55.05,85.2,90.38,70.02,entsoe.eu,false,""
2024-10-04T14:00:00.000000,Spain,Spain,ES,59.44,90.47,89.33,68.97,entsoe.eu,false,""
2024-10-04T15:00:00.000000,Spain,Spain,ES,72.34,106.09,86.26,65.94,entsoe.eu,false,""
2024-10-04T16:00:00.000000,Spain,Spain,ES,105.17,146.0,78.32,57.55,entsoe.eu,false,""
2024-10-04T17:00:00.000000,Spain,Spain,ES,152.74,203.06,66.9,43.65,entsoe.eu,false,""
2024-10-04T18:00:00.000000,Spain,Spain,ES,158.65,208.94,65.35,39.12,entsoe.eu,false,""
2024-10-04T19:00:00.000000,Spain,Spain,ES,151.6,199.86,67.11,39.59,entsoe.eu,false,""
2024-10-04T20:00:00.000000,Spain,Spain,ES,148.81,196.42,67.9,38.7,entsoe.eu,false,""
2024-10-04T21:00:00.000000,Spain,Spain,ES,143.03,189.05,69.46,38.68,entsoe.eu,false,""
2024-10-04T22:00:00.000000,Spain,Spain,ES,127.14,169.55,73.02,38.92,entsoe.eu,false,""
2024-10-04T23:00:00.000000,Spain,Spain,ES,112.6,152.17,75.9,39.64,entsoe.eu,false,""
2024-10-05T00:00:00.000000,Spain,Spain,ES,109.53,147.91,76.92,39.61,entsoe.eu,false,""
2024-10-05T01:00:00.000000,Spain,Spain,ES,106.76,143.9,78.12,40.38,entsoe.eu,false,""
2024-10-05T02:00:00.000000,Spain,Spain,ES,109.62,146.35,78.31,39.94,entsoe.eu,false,""
2024-10-05T03:00:00.000000,Spain,Spain,ES,115.22,152.4,77.71,40.06,entsoe.eu,false,""
2024-10-05T04:00:00.000000,Spain,Spain,ES,113.48,150.85,77.66,40.42,entsoe.eu,false,""
2024-10-05T05:00:00.000000,Spain,Spain,ES,107.5,144.62,77.99,42.57,entsoe.eu,false,""
2024-10-05T06:00:00.000000,Spain,Spain,ES,112.52,152.51,75.65,43.07,entsoe.eu,false,""
2024-10-05T07:00:00.000000,Spain,Spain,ES,86.86,122.68,81.61,52.02,entsoe.eu,false,""
2024-10-05T08:00:00.000000,Spain,Spain,ES,57.09,88.71,88.36,63.42,entsoe.eu,false,""
2024-10-05T09:00:00.000000,Spain,Spain,ES,41.74,70.21,91.97,69.2,entsoe.eu,false,""
2024-10-05T10:00:00.000000,Spain,Spain,ES,39.17,67.29,92.5,70.46,entsoe.eu,false,""
2024-10-05T11:00:00.000000,Spain,Spain,ES,36.78,64.19,93.04,71.37,entsoe.eu,false,""
2024-10-05T12:00:00.000000,Spain,Spain,ES,38.22,65.69,92.76,70.66,entsoe.eu,false,""
2024-10-05T13:00:00.000000,Spain,Spain,ES,38.73,66.47,92.73,69.68,entsoe.eu,false,""
2024-10-05T14:00:00.000000,Spain,Spain,ES,38.95,66.68,92.69,69.57,entsoe.eu,false,""
2024-10-05T15:00:00.000000,Spain,Spain,ES,41.8,69.7,91.98,69.15,entsoe.eu,false,""
2024-10-05T16:00:00.000000,Spain,Spain,ES,53.68,82.94,89.13,66.05,entsoe.eu,false,""
2024-10-05T17:00:00.000000,Spain,Spain,ES,80.3,114.05,82.83,58.28,entsoe.eu,false,""
2024-10-05T18:00:00.000000,Spain,Spain,ES,88.73,122.76,80.88,54.1,entsoe.eu,false,""
2024-10-05T19:00:00.000000,Spain,Spain,ES,78.99,110.49,83.18,54.3,entsoe.eu,false,""
2024-10-05T20:00:00.000000,Spain,Spain,ES,74.99,105.85,84.13,54.57,entsoe.eu,false,""
2024-10-05T21:00:00.000000,Spain,Spain,ES,72.89,103.25,84.76,55.32,entsoe.eu,false,""
2024-10-05T22:00:00.000000,Spain,Spain,ES,67.01,95.76,86.44,56.91,entsoe.eu,false,""
2024-10-05T23:00:00.000000,Spain,Spain,ES,66.04,94.59,86.82,55.95,entsoe.eu,false,""
2024-10-06T00:00:00.000000,Spain,Spain,ES,68.54,97.74,86.29,55.05,entsoe.eu,false,""
2024-10-06T01:00:00.000000,Spain,Spain,ES,70.07,99.66,85.95,55.15,entsoe.eu,false,""
2024-10-06T02:00:00.000000,Spain,Spain,ES,67.14,95.85,86.65,54.62,entsoe.eu,false,""
2024-10-06T03:00:00.000000,Spain,Spain,ES,70.25,99.78,85.92,53.0,entsoe.eu,false,""
2024-10-06T04:00:00.000000,Spain,Spain,ES,72.37,102.57,85.39,53.0,entsoe.eu,false,""
2024-10-06T05:00:00.000000,Spain,Spain,ES,70.67,100.27,85.76,53.32,entsoe.eu,false,""
2024-10-06T06:00:00.000000,Spain,Spain,ES,68.11,97.21,86.32,53.92,entsoe.eu,false,""
2024-10-06T07:00:00.000000,Spain,Spain,ES,59.58,88.11,88.22,60.94,entsoe.eu,false,""
2024-10-06T08:00:00.000000,Spain,Spain,ES,49.28,77.27,90.46,66.24,entsoe.eu,false,""
2024-10-06T09:00:00.000000,Spain,Spain,ES,41.38,68.15,92.3,68.89,entsoe.eu,false,""
2024-10-06T10:00:00.000000,Spain,Spain,ES,38.1,64.87,93.07,69.9,entsoe.eu,false,""
2024-10-06T11:00:00.000000,Spain,Spain,ES,36.27,62.59,93.44,71.01,entsoe.eu,false,""
2024-10-06T12:00:00.000000,Spain,Spain,ES,36.64,62.91,93.33,71.17,entsoe.eu,false,""
2024-10-06T13:00:00.000000,Spain,Spain,ES,40.26,67.43,92.67,68.24,entsoe.eu,false,""
2024-10-06T14:00:00.000000,Spain,Spain,ES,44.24,72.35,91.71,67.36,entsoe.eu,false,""
2024-10-06T15:00:00.000000,Spain,Spain,ES,46.05,73.84,91.24,67.8,entsoe.eu,false,""
2024-10-06T16:00:00.000000,Spain,Spain,ES,61.64,92.05,87.55,63.71,entsoe.eu,false,""
2024-10-06T17:00:00.000000,Spain,Spain,ES,94.82,131.89,79.68,54.68,entsoe.eu,false,""
2024-10-06T18:00:00.000000,Spain,Spain,ES,96.26,132.21,79.26,52.03,entsoe.eu,false,""
2024-10-06T19:00:00.000000,Spain,Spain,ES,92.59,127.46,80.12,52.76,entsoe.eu,false,""
2024-10-06T20:00:00.000000,Spain,Spain,ES,85.56,119.17,81.84,53.57,entsoe.eu,false,""
2024-10-06T21:00:00.000000,Spain,Spain,ES,83.67,116.78,82.49,54.03,entsoe.eu,false,""
2024-10-06T22:00:00.000000,Spain,Spain,ES,81.92,113.63,83.56,53.25,entsoe.eu,false,""
2024-10-06T23:00:00.000000,Spain,Spain,ES,82.85,114.58,83.82,52.83,entsoe.eu,false,""
2024-10-07T00:00:00.000000,Spain,Spain,ES,87.74,119.81,83.39,52.53,entsoe.eu,false,""
2024-10-07T01:00:00.000000,Spain,Spain,ES,91.7,124.08,82.97,51.82,entsoe.eu,false,""
2024-10-07T02:00:00.000000,Spain,Spain,ES,91.56,124.06,82.93,51.26,entsoe.eu,false,""
2024-10-07T03:00:00.000000,Spain,Spain,ES,89.93,121.94,83.28,50.82,entsoe.eu,false,""
2024-10-07T04:00:00.000000,Spain,Spain,ES,92.78,125.46,82.49,52.96,entsoe.eu,false,""
2024-10-07T05:00:00.000000,Spain,Spain,ES,106.3,142.62,78.68,55.6,entsoe.eu,false,""
2024-10-07T06:00:00.000000,Spain,Spain,ES,112.89,150.86,76.81,55.67,entsoe.eu,false,""
2024-10-07T07:00:00.000000,Spain,Spain,ES,104.41,140.92,78.76,58.19,entsoe.eu,false,""
2024-10-07T08:00:00.000000,Spain,Spain,ES,93.05,128.01,81.3,61.72,entsoe.eu,false,""
2024-10-07T09:00:00.000000,Spain,Spain,ES,78.3,110.5,84.73,65.9,entsoe.eu,false,""
2024-10-07T10:00:00.000000,Spain,Spain,ES,62.12,90.87,88.63,70.09,entsoe.eu,false,""
2024-10-07T11:00:00.000000,Spain,Spain,ES,56.19,84.13,89.98,71.93,entsoe.eu,false,""
2024-10-07T12:00:00.000000,Spain,Spain,ES,56.99,85.18,89.78,71.72,entsoe.eu,false,""
2024-10-07T13:00:00.000000,Spain,Spain,ES,62.16,91.41,88.59,70.29,entsoe.eu,false,""
2024-10-07T14:00:00.000000,Spain,Spain,ES,60.65,88.99,88.93,70.76,entsoe.eu,false,""
2024-10-07T15:00:00.000000,Spain,Spain,ES,66.12,94.51,87.73,68.89,entsoe.eu,false,""
2024-10-07T16:00:00.000000,Spain,Spain,ES,80.4,111.66,84.33,65.28,entsoe.eu,false,""
2024-10-07T17:00:00.000000,Spain,Spain,ES,104.96,142.05,78.35,59.29,entsoe.eu,false,""
2024-10-07T18:00:00.000000,Spain,Spain,ES,106.82,143.38,77.96,58.48,entsoe.eu,false,""
2024-10-07T19:00:00.000000,Spain,Spain,ES,94.93,129.97,79.79,57.87,entsoe.eu,false,""
2024-10-07T20:00:00.000000,Spain,Spain,ES,84.5,117.34,82.43,59.07,entsoe.eu,false,""
2024-10-07T21:00:00.000000,Spain,Spain,ES,73.67,103.68,85.29,61.66,entsoe.eu,false,""
2024-10-07T22:00:00.000000,Spain,Spain,ES,63.66,90.46,87.92,62.69,entsoe.eu,false,""
2024-10-07T23:00:00.000000,Spain,Spain,ES,56.32,80.95,89.75,64.38,entsoe.eu,false,""
2024-10-08T00:00:00.000000,Spain,Spain,ES,53.84,78.2,90.24,65.31,entsoe.eu,false,""
2024-10-08T01:00:00.000000,Spain,Spain,ES,54.83,79.6,89.97,64.55,entsoe.eu,false,""
2024-10-08T02:00:00.000000,Spain,Spain,ES,55.12,79.84,89.9,63.83,entsoe.eu,false,""
2024-10-08T03:00:00.000000,Spain,Spain,ES,57.08,82.12,89.45,65.5,entsoe.eu,false,""
2024-10-08T04:00:00.000000,Spain,Spain,ES,65.13,92.55,87.37,65.1,entsoe.eu,false,""
2024-10-08T05:00:00.000000,Spain,Spain,ES,75.51,105.12,84.97,63.91,entsoe.eu,false,""
2024-10-08T06:00:00.000000,Spain,Spain,ES,78.42,108.21,84.58,64.39,entsoe.eu,false,""
2024-10-08T07:00:00.000000,Spain,Spain,ES,74.33,103.94,85.56,66.03,entsoe.eu,false,""
2024-10-08T08:00:00.000000,Spain,Spain,ES,60.51,88.61,88.91,70.81,entsoe.eu,false,""
2024-10-08T09:00:00.000000,Spain,Spain,ES,47.6,72.83,92.09,74.57,entsoe.eu,false,""
2024-10-08T10:00:00.000000,Spain,Spain,ES,43.29,67.83,93.07,75.66,entsoe.eu,false,""
2024-10-08T11:00:00.000000,Spain,Spain,ES,44.27,69.34,92.93,73.17,entsoe.eu,false,""
2024-10-08T12:00:00.000000,Spain,Spain,ES,45.42,70.93,92.65,73.2,entsoe.eu,false,""
2024-10-08T13:00:00.000000,Spain,Spain,ES,46.88,72.74,92.31,71.59,entsoe.eu,false,""
2024-10-08T14:00:00.000000,Spain,Spain,ES,48.97,75.17,91.85,70.7,entsoe.eu,false,""
2024-10-08T15:00:00.000000,Spain,Spain,ES,55.71,82.78,90.22,70.89,entsoe.eu,false,""
2024-10-08T16:00:00.000000,Spain,Spain,ES,77.34,108.93,84.93,65.69,entsoe.eu,false,""
2024-10-08T17:00:00.000000,Spain,Spain,ES,87.5,120.76,82.21,61.49,entsoe.eu,false,""
2024-10-08T18:00:00.000000,Spain,Spain,ES,81.71,112.94,83.13,60.48,entsoe.eu,false,""
2024-10-08T19:00:00.000000,Spain,Spain,ES,72.9,101.87,85.13,61.81,entsoe.eu,false,""
2024-10-08T20:00:00.000000,Spain,Spain,ES,63.34,90.02,87.6,62.59,entsoe.eu,false,""
2024-10-08T21:00:00.000000,Spain,Spain,ES,56.92,81.9,89.37,63.55,entsoe.eu,false,""
2024-10-08T22:00:00.000000,Spain,Spain,ES,53.73,77.94,90.21,63.22,entsoe.eu,false,""
2024-10-08T23:00:00.000000,Spain,Spain,ES,59.6,84.16,89.83,61.45,entsoe.eu,false,""
2024-10-09T00:00:00.000000,Spain,Spain,ES,62.98,88.24,89.21,60.73,entsoe.eu,false,""
2024-10-09T01:00:00.000000,Spain,Spain,ES,67.59,93.51,88.67,58.82,entsoe.eu,false,""
2024-10-09T02:00:00.000000,Spain,Spain,ES,67.98,93.94,88.59,58.86,entsoe.eu,false,""
2024-10-09T03:00:00.000000,Spain,Spain,ES,66.77,92.28,88.85,59.25,entsoe.eu,false,""
2024-10-09T04:00:00.000000,Spain,Spain,ES,66.88,92.74,88.61,61.51,entsoe.eu,false,""
2024-10-09T05:00:00.000000,Spain,Spain,ES,71.57,98.81,87.12,64.18,entsoe.eu,false,""
2024-10-09T06:00:00.000000,Spain,Spain,ES,73.97,101.36,86.33,65.09,entsoe.eu,false,""
2024-10-09T07:00:00.000000,Spain,Spain,ES,74.07,101.78,86.28,65.34,entsoe.eu,false,""
2024-10-09T08:00:00.000000,Spain,Spain,ES,64.1,91.26,88.59,68.18,entsoe.eu,false,""
2024-10-09T09:00:00.000000,Spain,Spain,ES,61.0,88.47,89.27,69.53,entsoe.eu,false,""
2024-10-09T10:00:00.000000,Spain,Spain,ES,53.89,79.78,90.85,71.68,entsoe.eu,false,""
2024-10-09T11:00:00.000000,Spain,Spain,ES,50.92,76.3,91.39,73.06,entsoe.eu,false,""
2024-10-09T12:00:00.000000,Spain,Spain,ES,48.84,73.66,91.82,73.82,entsoe.eu,false,""
2024-10-09T13:00:00.000000,Spain,Spain,ES,51.5,77.0,91.31,72.67,entsoe.eu,false,""
2024-10-09T14:00:00.000000,Spain,Spain,ES,51.71,77.19,91.26,72.63,entsoe.eu,false,""
2024-10-09T15:00:00.000000,Spain,Spain,ES,53.3,78.48,90.9,72.15,entsoe.eu,false,""
2024-10-09T16:00:00.000000,Spain,Spain,ES,60.2,86.49,89.23,70.55,entsoe.eu,false,""
2024-10-09T17:00:00.000000,Spain,Spain,ES,71.26,99.17,86.61,67.62,entsoe.eu,false,""
2024-10-09T18:00:00.000000,Spain,Spain,ES,70.03,96.97,86.82,65.63,entsoe.eu,false,""
2024-10-09T19:00:00.000000,Spain,Spain,ES,68.23,94.44,87.27,64.67,entsoe.eu,false,""
2024-10-09T20:00:00.000000,Spain,Spain,ES,67.27,93.18,87.74,63.72,entsoe.eu,false,""
2024-10-09T21:00:00.000000,Spain,Spain,ES,62.23,86.85,89.26,64.48,entsoe.eu,false,""
2024-10-09T22:00:00.000000,Spain,Spain,ES,61.64,86.59,89.38,63.38,entsoe.eu,false,""
2024-10-09T23:00:00.000000,Spain,Spain,ES,66.95,93.2,88.38,61.2,entsoe.eu,false,""
2024-10-10T00:00:00.000000,Spain,Spain,ES,69.65,96.57,87.91,59.79,entsoe.eu,false,""
2024-10-10T01:00:00.000000,Spain,Spain,ES,69.42,96.04,88.14,58.96,entsoe.eu,false,""
2024-10-10T02:00:00.000000,Spain,Spain,ES,70.5,97.12,88.04,58.31,entsoe.eu,false,""
2024-10-10T03:00:00.000000,Spain,Spain,ES,77.04,105.56,86.48,56.87,entsoe.eu,false,""
2024-10-10T04:00:00.000000,Spain,Spain,ES,91.14,123.55,82.76,53.98,entsoe.eu,false,""
2024-10-10T05:00:00.000000,Spain,Spain,ES,100.03,134.46,80.27,53.12,entsoe.eu,false,""
2024-10-10T06:00:00.000000,Spain,Spain,ES,107.72,143.83,78.34,51.77,entsoe.eu,false,""
2024-10-10T07:00:00.000000,Spain,Spain,ES,98.11,133.41,80.4,55.49,entsoe.eu,false,""
2024-10-10T08:00:00.000000,Spain,Spain,ES,78.58,111.79,85.04,62.82,entsoe.eu,false,""
2024-10-10T09:00:00.000000,Spain,Spain,ES,61.51,92.3,88.95,67.25,entsoe.eu,false,""
2024-10-10T10:00:00.000000,Spain,Spain,ES,55.15,85.05,90.38,69.34,entsoe.eu,false,""
2024-10-10T11:00:00.000000,Spain,Spain,ES,55.19,85.17,90.36,69.87,entsoe.eu,false,""
2024-10-10T12:00:00.000000,Spain,Spain,ES,53.74,83.55,90.74,70.16,entsoe.eu,false,""
2024-10-10T13:00:00.000000,Spain,Spain,ES,57.85,88.76,89.83,69.36,entsoe.eu,false,""
2024-10-10T14:00:00.000000,Spain,Spain,ES,69.74,103.45,87.07,67.6,entsoe.eu,false,""
2024-10-10T15:00:00.000000,Spain,Spain,ES,93.25,132.48,81.37,62.38,entsoe.eu,false,""
2024-10-10T16:00:00.000000,Spain,Spain,ES,131.73,179.09,72.34,52.52,entsoe.eu,false,""
2024-10-10T17:00:00.000000,Spain,Spain,ES,178.66,234.37,61.44,39.93,entsoe.eu,false,""
2024-10-10T18:00:00.000000,Spain,Spain,ES,192.28,250.58,57.81,33.79,entsoe.eu,false,""
2024-10-10T19:00:00.000000,Spain,Spain,ES,185.91,242.37,59.29,33.64,entsoe.eu,false,""
2024-10-10T20:00:00.000000,Spain,Spain,ES,182.01,237.08,60.53,33.13,entsoe.eu,false,""
2024-10-10T21:00:00.000000,Spain,Spain,ES,173.0,225.61,62.97,33.52,entsoe.eu,false,""
2024-10-10T22:00:00.000000,Spain,Spain,ES,160.54,210.07,66.17,34.67,entsoe.eu,false,""
2024-10-10T23:00:00.000000,Spain,Spain,ES,140.42,184.64,71.47,37.32,entsoe.eu,false,""
2024-10-11T00:00:00.000000,Spain,Spain,ES,136.35,179.24,72.86,37.22,entsoe.eu,false,""
2024-10-11T01:00:00.000000,Spain,Spain,ES,132.15,173.92,74.12,37.14,entsoe.eu,false,""
2024-10-11T02:00:00.000000,Spain,Spain,ES,130.17,172.01,74.53,38.92,entsoe.eu,false,""
2024-10-11T03:00:00.000000,Spain,Spain,ES,133.06,175.94,73.79,39.94,entsoe.eu,false,""
2024-10-11T04:00:00.000000,Spain,Spain,ES,147.92,194.75,69.67,41.52,entsoe.eu,false,""
2024-10-11T05:00:00.000000,Spain,Spain,ES,159.55,209.35,66.25,42.69,entsoe.eu,false,""
2024-10-11T06:00:00.000000,Spain,Spain,ES,159.08,208.74,66.14,44.01,entsoe.eu,false,""
2024-10-11T07:00:00.000000,Spain,Spain,ES,132.99,177.47,72.25,50.34,entsoe.eu,false,""
2024-10-11T08:00:00.000000,Spain,Spain,ES,102.68,142.14,79.44,57.16,entsoe.eu,false,""
2024-10-11T09:00:00.000000,Spain,Spain,ES,88.08,124.67,83.02,60.0,entsoe.eu,false,""
2024-10-11T10:00:00.000000,Spain,Spain,ES,72.37,105.3,86.65,62.57,entsoe.eu,false,""
2024-10-11T11:00:00.000000,Spain,Spain,ES,62.51,93.25,88.96,65.38,entsoe.eu,false,""
2024-10-11T12:00:00.000000,Spain,Spain,ES,61.57,92.02,89.2,65.13,entsoe.eu,false,""
2024-10-11T13:00:00.000000,Spain,Spain,ES,65.5,96.64,88.32,66.19,entsoe.eu,false,""
2024-10-11T14:00:00.000000,Spain,Spain,ES,71.5,103.51,86.91,66.25,entsoe.eu,false,""
2024-10-11T15:00:00.000000,Spain,Spain,ES,78.71,111.95,84.93,64.08,entsoe.eu,false,""
2024-10-11T16:00:00.000000,Spain,Spain,ES,89.6,124.07,82.15,61.35,entsoe.eu,false,""
2024-10-11T17:00:00.000000,Spain,Spain,ES,102.67,139.29,78.64,58.06,entsoe.eu,false,""
2024-10-11T18:00:00.000000,Spain,Spain,ES,102.96,140.05,78.06,57.97,entsoe.eu,false,""
2024-10-11T19:00:00.000000,Spain,Spain,ES,93.96,129.4,79.88,59.21,entsoe.eu,false,""
2024-10-11T20:00:00.000000,Spain,Spain,ES,85.53,119.14,81.88,60.37,entsoe.eu,false,""
2024-10-11T21:00:00.000000,Spain,Spain,ES,76.53,108.02,84.17,61.71,entsoe.eu,false,""
2024-10-11T22:00:00.000000,Spain,Spain,ES,68.56,98.14,86.18,62.51,entsoe.eu,false,""
2024-10-11T23:00:00.000000,Spain,Spain,ES,66.46,95.5,86.7,62.67,entsoe.eu,false,""
2024-10-12T00:00:00.000000,Spain,Spain,ES,69.49,99.22,86.07,61.11,entsoe.eu,false,""
2024-10-12T01:00:00.000000,Spain,Spain,ES,70.03,99.8,86.0,59.6,entsoe.eu,false,""
2024-10-12T02:00:00.000000,Spain,Spain,ES,67.6,96.59,86.61,58.49,entsoe.eu,false,""
2024-10-12T03:00:00.000000,Spain,Spain,ES,67.96,97.11,86.51,56.93,entsoe.eu,false,""
2024-10-12T04:00:00.000000,Spain,Spain,ES,70.71,100.57,85.86,56.9,entsoe.eu,false,""
2024-10-12T05:00:00.000000,Spain,Spain,ES,70.41,100.13,85.84,57.51,entsoe.eu,false,""
2024-10-12T06:00:00.000000,Spain,Spain,ES,71.44,101.56,85.54,56.78,entsoe.eu,false,""
2024-10-12T07:00:00.000000,Spain,Spain,ES,68.92,98.92,86.07,56.9,entsoe.eu,false,""
2024-10-12T08:00:00.000000,Spain,Spain,ES,65.74,95.46,86.74,58.33,entsoe.eu,false,""
2024-10-12T09:00:00.000000,Spain,Spain,ES,64.72,94.23,87.01,59.27,entsoe.eu,false,""
2024-10-12T10:00:00.000000,Spain,Spain,ES,61.12,90.75,87.81,60.06,entsoe.eu,false,""
2024-10-12T11:00:00.000000,Spain,Spain,ES,61.83,92.56,87.56,60.1,entsoe.eu,false,""
2024-10-12T12:00:00.000000,Spain,Spain,ES,66.89,98.88,86.4,58.79,entsoe.eu,false,""
2024-10-12T13:00:00.000000,Spain,Spain,ES,68.75,101.33,86.01,59.41,entsoe.eu,false,""
2024-10-12T14:00:00.000000,Spain,Spain,ES,74.34,108.04,84.76,57.71,entsoe.eu,false,""
2024-10-12T15:00:00.000000,Spain,Spain,ES,86.41,122.04,81.94,53.56,entsoe.eu,false,""
2024-10-12T16:00:00.000000,Spain,Spain,ES,103.2,141.31,78.01,48.62,entsoe.eu,false,""
2024-10-12T17:00:00.000000,Spain,Spain,ES,113.98,153.96,75.4,44.72,entsoe.eu,false,""
2024-10-12T18:00:00.000000,Spain,Spain,ES,111.66,150.79,75.81,45.75,entsoe.eu,false,""
2024-10-12T19:00:00.000000,Spain,Spain,ES,110.54,149.38,76.09,46.2,entsoe.eu,false,""
2024-10-12T20:00:00.000000,Spain,Spain,ES,110.09,149.04,76.33,45.14,entsoe.eu,false,""
2024-10-12T21:00:00.000000,Spain,Spain,ES,108.4,147.07,76.91,44.67,entsoe.eu,false,""
2024-10-12T22:00:00.000000,Spain,Spain,ES,102.9,140.63,78.34,45.01,entsoe.eu,false,""
2024-10-12T23:00:00.000000,Spain,Spain,ES,101.56,139.23,78.78,44.33,entsoe.eu,false,""
2024-10-13T00:00:00.000000,Spain,Spain,ES,106.05,144.88,77.8,41.98,entsoe.eu,false,""
2024-10-13T01:00:00.000000,Spain,Spain,ES,110.59,150.69,76.84,38.71,entsoe.eu,false,""
2024-10-13T02:00:00.000000,Spain,Spain,ES,112.47,153.09,76.45,37.09,entsoe.eu,false,""
2024-10-13T03:00:00.000000,Spain,Spain,ES,110.6,150.66,76.95,37.38,entsoe.eu,false,""
2024-10-13T04:00:00.000000,Spain,Spain,ES,113.29,153.9,76.24,37.46,entsoe.eu,false,""
2024-10-13T05:00:00.000000,Spain,Spain,ES,112.43,152.19,76.82,39.61,entsoe.eu,false,""
2024-10-13T06:00:00.000000,Spain,Spain,ES,106.11,143.57,78.97,42.26,entsoe.eu,false,""
2024-10-13T07:00:00.000000,Spain,Spain,ES,94.35,129.91,81.66,47.75,entsoe.eu,false,""
2024-10-13T08:00:00.000000,Spain,Spain,ES,72.32,104.73,86.43,56.53,entsoe.eu,false,""
2024-10-13T09:00:00.000000,Spain,Spain,ES,57.39,87.43,89.78,62.41,entsoe.eu,false,""
2024-10-13T10:00:00.000000,Spain,Spain,ES,58.68,89.5,89.43,64.72,entsoe.eu,false,""
2024-10-13T11:00:00.000000,Spain,Spain,ES,58.06,88.68,89.53,63.64,entsoe.eu,false,""
2024-10-13T12:00:00.000000,Spain,Spain,ES,54.92,84.75,90.25,64.94,entsoe.eu,false,""
2024-10-13T13:00:00.000000,Spain,Spain,ES,56.2,86.2,90.07,63.48,entsoe.eu,false,""
2024-10-13T14:00:00.000000,Spain,Spain,ES,61.62,92.76,88.82,64.24,entsoe.eu,false,""
2024-10-13T15:00:00.000000,Spain,Spain,ES,72.1,105.58,86.31,60.35,entsoe.eu,false,""
2024-10-13T16:00:00.000000,Spain,Spain,ES,101.53,141.05,78.97,50.86,entsoe.eu,false,""
2024-10-13T17:00:00.000000,Spain,Spain,ES,125.27,169.15,72.54,41.71,entsoe.eu,false,""
2024-10-13T18:00:00.000000,Spain,Spain,ES,133.9,178.84,70.48,39.64,entsoe.eu,false,""
2024-10-13T19:00:00.000000,Spain,Spain,ES,135.67,180.96,70.0,39.3,entsoe.eu,false,""
2024-10-13T20:00:00.000000,Spain,Spain,ES,131.09,175.07,71.2,38.85,entsoe.eu,false,""
2024-10-13T21:00:00.000000,Spain,Spain,ES,126.57,169.47,72.45,38.72,entsoe.eu,false,""
2024-10-13T22:00:00.000000,Spain,Spain,ES,123.71,165.39,73.7,39.03,entsoe.eu,false,""
2024-10-13T23:00:00.000000,Spain,Spain,ES,117.39,157.43,75.62,39.5,entsoe.eu,false,""
2024-10-14T00:00:00.000000,Spain,Spain,ES,116.63,156.97,75.83,38.8,entsoe.eu,false,""
2024-10-14T01:00:00.000000,Spain,Spain,ES,117.9,158.67,75.52,39.0,entsoe.eu,false,""
2024-10-14T02:00:00.000000,Spain,Spain,ES,118.71,159.8,75.35,38.69,entsoe.eu,false,""
2024-10-14T03:00:00.000000,Spain,Spain,ES,126.34,169.31,73.47,37.55,entsoe.eu,false,""
2024-10-14T04:00:00.000000,Spain,Spain,ES,141.18,187.73,69.64,36.85,entsoe.eu,false,""
2024-10-14T05:00:00.000000,Spain,Spain,ES,154.79,204.32,66.27,37.89,entsoe.eu,false,""
2024-10-14T06:00:00.000000,Spain,Spain,ES,156.63,206.2,65.98,38.51,entsoe.eu,false,""
2024-10-14T07:00:00.000000,Spain,Spain,ES,151.96,200.41,67.19,39.74,entsoe.eu,false,""
2024-10-14T08:00:00.000000,Spain,Spain,ES,145.09,192.74,68.79,42.28,entsoe.eu,false,""
2024-10-14T09:00:00.000000,Spain,Spain,ES,138.88,185.93,70.18,45.14,entsoe.eu,false,""
2024-10-14T10:00:00.000000,Spain,Spain,ES,134.5,181.68,71.17,47.94,entsoe.eu,false,""
2024-10-14T11:00:00.000000,Spain,Spain,ES,116.98,160.53,75.7,52.24,entsoe.eu,false,""
2024-10-14T12:00:00.000000,Spain,Spain,ES,109.02,149.98,78.24,55.1,entsoe.eu,false,""
2024-10-14T13:00:00.000000,Spain,Spain,ES,105.02,144.26,79.6,55.65,entsoe.eu,false,""
2024-10-14T14:00:00.000000,Spain,Spain,ES,105.51,144.64,79.6,55.73,entsoe.eu,false,""
2024-10-14T15:00:00.000000,Spain,Spain,ES,119.75,161.04,76.8,53.07,entsoe.eu,false,""
2024-10-14T16:00:00.000000,Spain,Spain,ES,148.55,194.81,70.41,47.26,entsoe.eu,false,""
2024-10-14T17:00:00.000000,Spain,Spain,ES,167.68,217.6,65.48,43.5,entsoe.eu,false,""
2024-10-14T18:00:00.000000,Spain,Spain,ES,158.74,207.09,66.71,43.15,entsoe.eu,false,""
2024-10-14T19:00:00.000000,Spain,Spain,ES,146.58,192.43,69.31,45.12,entsoe.eu,false,""
2024-10-14T20:00:00.000000,Spain,Spain,ES,134.98,178.16,72.01,47.42,entsoe.eu,false,""
2024-10-14T21:00:00.000000,Spain,Spain,ES,119.48,158.44,76.01,50.43,entsoe.eu,false,""
2024-10-14T22:00:00.000000,Spain,Spain,ES,101.62,136.05,80.51,51.57,entsoe.eu,false,""
2024-10-14T23:00:00.000000,Spain,Spain,ES,88.77,119.71,83.88,52.77,entsoe.eu,false,""
2024-10-15T00:00:00.000000,Spain,Spain,ES,88.6,119.57,84.12,51.87,entsoe.eu,false,""
2024-10-15T01:00:00.000000,Spain,Spain,ES,90.01,121.54,83.72,51.74,entsoe.eu,false,""
2024-10-15T02:00:00.000000,Spain,Spain,ES,89.65,121.05,83.83,51.69,entsoe.eu,false,""
2024-10-15T03:00:00.000000,Spain,Spain,ES,94.43,127.11,82.63,50.86,entsoe.eu,false,""
2024-10-15T04:00:00.000000,Spain,Spain,ES,101.84,136.52,80.63,51.39,entsoe.eu,false,""
2024-10-15T05:00:00.000000,Spain,Spain,ES,110.57,147.68,78.23,52.05,entsoe.eu,false,""
2024-10-15T06:00:00.000000,Spain,Spain,ES,116.16,154.47,76.79,54.75,entsoe.eu,false,""
2024-10-15T07:00:00.000000,Spain,Spain,ES,117.54,155.63,76.94,54.96,entsoe.eu,false,""
2024-10-15T08:00:00.000000,Spain,Spain,ES,107.47,144.17,79.29,58.3,entsoe.eu,false,""
2024-10-15T09:00:00.000000,Spain,Spain,ES,90.79,124.92,83.12,61.28,entsoe.eu,false,""
2024-10-15T10:00:00.000000,Spain,Spain,ES,78.25,109.69,85.94,63.3,entsoe.eu,false,""
2024-10-15T11:00:00.000000,Spain,Spain,ES,75.51,106.52,86.49,63.83,entsoe.eu,false,""
2024-10-15T12:00:00.000000,Spain,Spain,ES,74.73,105.1,86.91,63.63,entsoe.eu,false,""
2024-10-15T13:00:00.000000,Spain,Spain,ES,78.63,109.6,86.06,61.78,entsoe.eu,false,""
2024-10-15T14:00:00.000000,Spain,Spain,ES,88.87,121.93,83.63,59.61,entsoe.eu,false,""
2024-10-15T15:00:00.000000,Spain,Spain,ES,102.57,138.04,80.37,55.89,entsoe.eu,false,""
2024-10-15T16:00:00.000000,Spain,Spain,ES,121.71,161.31,75.86,51.51,entsoe.eu,false,""
2024-10-15T17:00:00.000000,Spain,Spain,ES,147.19,193.12,69.44,47.7,entsoe.eu,false,""
2024-10-15T18:00:00.000000,Spain,Spain,ES,144.34,190.25,69.42,46.44,entsoe.eu,false,""
2024-10-15T19:00:00.000000,Spain,Spain,ES,129.1,171.25,72.96,48.0,entsoe.eu,false,""
2024-10-15T20:00:00.000000,Spain,Spain,ES,122.31,162.53,74.98,47.79,entsoe.eu,false,""
2024-10-15T21:00:00.000000,Spain,Spain,ES,106.78,143.01,78.9,50.65,entsoe.eu,false,""
2024-10-15T22:00:00.000000,Spain,Spain,ES,88.75,119.79,83.61,53.08,entsoe.eu,false,""
2024-10-15T23:00:00.000000,Spain,Spain,ES,79.14,107.58,86.0,55.08,entsoe.eu,false,""
2024-10-16T00:00:00.000000,Spain,Spain,ES,77.31,105.35,86.43,55.66,entsoe.eu,false,""
2024-10-16T01:00:00.000000,Spain,Spain,ES,75.91,103.66,86.68,56.76,entsoe.eu,false,""
2024-10-16T02:00:00.000000,Spain,Spain,ES,73.36,100.34,87.34,57.74,entsoe.eu,false,""
2024-10-16T03:00:00.000000,Spain,Spain,ES,70.48,96.61,88.03,58.2,entsoe.eu,false,""
2024-10-16T04:00:00.000000,Spain,Spain,ES,68.78,94.12,88.6,59.67,entsoe.eu,false,""
2024-10-16T05:00:00.000000,Spain,Spain,ES,69.94,95.32,88.45,62.62,entsoe.eu,false,""
2024-10-16T06:00:00.000000,Spain,Spain,ES,78.11,105.1,86.72,63.09,entsoe.eu,false,""
2024-10-16T07:00:00.000000,Spain,Spain,ES,73.52,99.91,87.73,64.91,entsoe.eu,false,""
2024-10-16T08:00:00.000000,Spain,Spain,ES,61.14,86.08,90.39,67.52,entsoe.eu,false,""
2024-10-16T09:00:00.000000,Spain,Spain,ES,55.98,80.94,91.55,69.69,entsoe.eu,false,""
2024-10-16T10:00:00.000000,Spain,Spain,ES,57.13,83.0,91.11,69.56,entsoe.eu,false,""
2024-10-16T11:00:00.000000,Spain,Spain,ES,56.02,82.0,91.43,70.74,entsoe.eu,false,""
2024-10-16T12:00:00.000000,Spain,Spain,ES,56.98,83.6,91.28,72.35,entsoe.eu,false,""
2024-10-16T13:00:00.000000,Spain,Spain,ES,55.9,82.65,91.44,73.44,entsoe.eu,false,""
2024-10-16T14:00:00.000000,Spain,Spain,ES,61.43,89.64,90.15,71.98,entsoe.eu,false,""
2024-10-16T15:00:00.000000,Spain,Spain,ES,73.0,103.69,87.52,67.68,entsoe.eu,false,""
2024-10-16T16:00:00.000000,Spain,Spain,ES,104.13,141.08,80.14,58.44,entsoe.eu,false,""
2024-10-16T17:00:00.000000,Spain,Spain,ES,136.92,179.14,72.36,47.96,entsoe.eu,false,""
2024-10-16T18:00:00.000000,Spain,Spain,ES,147.51,191.85,69.74,44.64,entsoe.eu,false,""
2024-10-16T19:00:00.000000,Spain,Spain,ES,144.85,188.27,70.54,45.03,entsoe.eu,false,""
2024-10-16T20:00:00.000000,Spain,Spain,ES,134.09,174.65,73.3,45.68,entsoe.eu,false,""
2024-10-16T21:00:00.000000,Spain,Spain,ES,117.84,154.01,77.42,48.0,entsoe.eu,false,""
2024-10-16T22:00:00.000000,Spain,Spain,ES,106.26,139.04,80.72,49.8,entsoe.eu,false,""
2024-10-16T23:00:00.000000,Spain,Spain,ES,101.47,133.05,82.17,50.61,entsoe.eu,false,""
2024-10-17T00:00:00.000000,Spain,Spain,ES,108.05,141.22,80.94,48.95,entsoe.eu,false,""
2024-10-17T01:00:00.000000,Spain,Spain,ES,113.0,147.43,79.82,47.38,entsoe.eu,false,""
2024-10-17T02:00:00.000000,Spain,Spain,ES,110.64,144.67,80.31,47.9,entsoe.eu,false,""
2024-10-17T03:00:00.000000,Spain,Spain,ES,107.32,140.25,81.23,48.95,entsoe.eu,false,""
2024-10-17T04:00:00.000000,Spain,Spain,ES,108.92,142.77,80.48,50.1,entsoe.eu,false,""
2024-10-17T05:00:00.000000,Spain,Spain,ES,116.82,153.65,77.69,53.84,entsoe.eu,false,""
2024-10-17T06:00:00.000000,Spain,Spain,ES,127.38,166.34,75.12,53.96,entsoe.eu,false,""
2024-10-17T07:00:00.000000,Spain,Spain,ES,115.47,152.28,77.78,57.69,entsoe.eu,false,""
2024-10-17T08:00:00.000000,Spain,Spain,ES,84.07,115.62,84.86,66.35,entsoe.eu,false,""
2024-10-17T09:00:00.000000,Spain,Spain,ES,63.49,91.54,89.55,71.9,entsoe.eu,false,""
2024-10-17T10:00:00.000000,Spain,Spain,ES,58.17,85.66,90.7,73.22,entsoe.eu,false,""
2024-10-17T11:00:00.000000,Spain,Spain,ES,58.34,85.81,90.71,73.1,entsoe.eu,false,""
2024-10-17T12:00:00.000000,Spain,Spain,ES,60.52,88.3,90.47,71.85,entsoe.eu,false,""
2024-10-17T13:00:00.000000,Spain,Spain,ES,61.12,89.04,90.47,72.25,entsoe.eu,false,""
2024-10-17T14:00:00.000000,Spain,Spain,ES,60.19,87.59,90.51,72.04,entsoe.eu,false,""
2024-10-17T15:00:00.000000,Spain,Spain,ES,59.85,86.72,90.54,72.32,entsoe.eu,false,""
2024-10-17T16:00:00.000000,Spain,Spain,ES,69.83,98.19,88.02,70.24,entsoe.eu,false,""
2024-10-17T17:00:00.000000,Spain,Spain,ES,97.52,131.02,81.42,62.92,entsoe.eu,false,""
2024-10-17T18:00:00.000000,Spain,Spain,ES,96.85,129.48,81.29,62.4,entsoe.eu,false,""
2024-10-17T19:00:00.000000,Spain,Spain,ES,93.38,124.21,82.76,62.68,entsoe.eu,false,""
2024-10-17T20:00:00.000000,Spain,Spain,ES,91.52,121.37,83.78,62.64,entsoe.eu,false,""
2024-10-17T21:00:00.000000,Spain,Spain,ES,92.3,122.26,83.83,62.02,entsoe.eu,false,""
2024-10-17T22:00:00.000000,Spain,Spain,ES,80.05,109.06,85.14,59.78,entsoe.eu,false,""
2024-10-17T23:00:00.000000,Spain,Spain,ES,76.15,104.6,85.94,58.09,entsoe.eu,false,""
2024-10-18T00:00:00.000000,Spain,Spain,ES,77.82,106.71,85.57,56.9,entsoe.eu,false,""
2024-10-18T01:00:00.000000,Spain,Spain,ES,78.73,108.07,85.29,57.02,entsoe.eu,false,""
2024-10-18T02:00:00.000000,Spain,Spain,ES,78.99,108.17,85.31,57.0,entsoe.eu,false,""
2024-10-18T03:00:00.000000,Spain,Spain,ES,79.1,108.23,85.19,56.42,entsoe.eu,false,""
2024-10-18T04:00:00.000000,Spain,Spain,ES,84.95,115.13,83.99,56.88,entsoe.eu,false,""
2024-10-18T05:00:00.000000,Spain,Spain,ES,94.68,127.08,81.38,58.41,entsoe.eu,false,""
2024-10-18T06:00:00.000000,Spain,Spain,ES,99.76,132.88,80.36,59.21,entsoe.eu,false,""
2024-10-18T07:00:00.000000,Spain,Spain,ES,88.52,120.44,82.76,62.86,entsoe.eu,false,""
2024-10-18T08:00:00.000000,Spain,Spain,ES,62.51,91.58,88.66,70.45,entsoe.eu,false,""
2024-10-18T09:00:00.000000,Spain,Spain,ES,48.89,75.71,91.65,74.56,entsoe.eu,false,""
2024-10-18T10:00:00.000000,Spain,Spain,ES,46.16,72.73,92.23,75.47,entsoe.eu,false,""
2024-10-18T11:00:00.000000,Spain,Spain,ES,46.09,72.66,92.27,75.4,entsoe.eu,false,""
2024-10-18T12:00:00.000000,Spain,Spain,ES,46.38,73.07,92.26,75.08,entsoe.eu,false,""
2024-10-18T13:00:00.000000,Spain,Spain,ES,48.85,76.0,91.73,74.23,entsoe.eu,false,""
2024-10-18T14:00:00.000000,Spain,Spain,ES,51.64,79.02,91.08,73.47,entsoe.eu,false,""
2024-10-18T15:00:00.000000,Spain,Spain,ES,64.75,94.88,87.77,69.55,entsoe.eu,false,""
2024-10-18T16:00:00.000000,Spain,Spain,ES,90.76,125.58,81.65,62.16,entsoe.eu,false,""
2024-10-18T17:00:00.000000,Spain,Spain,ES,110.58,147.65,77.21,56.08,entsoe.eu,false,""
2024-10-18T18:00:00.000000,Spain,Spain,ES,110.08,147.01,77.18,55.22,entsoe.eu,false,""
2024-10-18T19:00:00.000000,Spain,Spain,ES,98.74,132.8,80.01,56.57,entsoe.eu,false,""
2024-10-18T20:00:00.000000,Spain,Spain,ES,96.64,130.11,80.84,55.4,entsoe.eu,false,""
2024-10-18T21:00:00.000000,Spain,Spain,ES,89.67,120.67,82.97,56.35,entsoe.eu,false,""
2024-10-18T22:00:00.000000,Spain,Spain,ES,76.23,104.4,85.98,55.97,entsoe.eu,false,""
2024-10-18T23:00:00.000000,Spain,Spain,ES,72.69,101.08,86.28,53.93,entsoe.eu,false,""
2024-10-19T00:00:00.000000,Spain,Spain,ES,68.26,96.17,86.72,53.9,entsoe.eu,false,""
2024-10-19T01:00:00.000000,Spain,Spain,ES,66.07,93.76,87.04,54.76,entsoe.eu,false,""
2024-10-19T02:00:00.000000,Spain,Spain,ES,65.99,93.54,87.1,54.63,entsoe.eu,false,""
2024-10-19T03:00:00.000000,Spain,Spain,ES,65.16,92.55,87.29,54.65,entsoe.eu,false,""
2024-10-19T04:00:00.000000,Spain,Spain,ES,69.47,97.99,86.29,53.88,entsoe.eu,false,""
2024-10-19T05:00:00.000000,Spain,Spain,ES,74.51,104.09,85.12,52.45,entsoe.eu,false,""
2024-10-19T06:00:00.000000,Spain,Spain,ES,75.05,103.88,85.25,52.31,entsoe.eu,false,""
2024-10-19T07:00:00.000000,Spain,Spain,ES,65.65,93.28,87.26,55.48,entsoe.eu,false,""
2024-10-19T08:00:00.000000,Spain,Spain,ES,50.87,77.92,90.48,64.06,entsoe.eu,false,""
2024-10-19T09:00:00.000000,Spain,Spain,ES,42.01,69.1,92.41,69.11,entsoe.eu,false,""
2024-10-19T10:00:00.000000,Spain,Spain,ES,39.01,66.01,93.01,71.38,entsoe.eu,false,""
2024-10-19T11:00:00.000000,Spain,Spain,ES,38.27,65.69,93.11,71.26,entsoe.eu,false,""
2024-10-19T12:00:00.000000,Spain,Spain,ES,37.69,64.93,93.24,72.52,entsoe.eu,false,""
2024-10-19T13:00:00.000000,Spain,Spain,ES,38.34,65.62,93.11,72.12,entsoe.eu,false,""
2024-10-19T14:00:00.000000,Spain,Spain,ES,42.15,69.94,92.21,71.03,entsoe.eu,false,""
2024-10-19T15:00:00.000000,Spain,Spain,ES,50.98,79.78,90.17,67.81,entsoe.eu,false,""
2024-10-19T16:00:00.000000,Spain,Spain,ES,68.48,99.24,85.97,60.32,entsoe.eu,false,""
2024-10-19T17:00:00.000000,Spain,Spain,ES,84.91,117.31,82.23,57.48,entsoe.eu,false,""
2024-10-19T18:00:00.000000,Spain,Spain,ES,82.94,114.25,82.63,57.42,entsoe.eu,false,""
2024-10-19T19:00:00.000000,Spain,Spain,ES,82.94,114.35,82.63,56.16,entsoe.eu,false,""
2024-10-19T20:00:00.000000,Spain,Spain,ES,82.12,113.55,82.95,55.74,entsoe.eu,false,""
2024-10-19T21:00:00.000000,Spain,Spain,ES,84.21,116.16,82.6,54.86,entsoe.eu,false,""
2024-10-19T22:00:00.000000,Spain,Spain,ES,86.86,119.85,81.93,51.05,entsoe.eu,false,""
2024-10-19T23:00:00.000000,Spain,Spain,ES,83.65,115.6,82.82,50.31,entsoe.eu,false,""
2024-10-20T00:00:00.000000,Spain,Spain,ES,86.94,119.73,82.06,49.15,entsoe.eu,false,""
2024-10-20T01:00:00.000000,Spain,Spain,ES,88.6,121.94,81.65,49.43,entsoe.eu,false,""
2024-10-20T02:00:00.000000,Spain,Spain,ES,81.88,115.01,82.21,49.35,entsoe.eu,false,""
2024-10-20T03:00:00.000000,Spain,Spain,ES,85.68,119.01,81.91,48.3,entsoe.eu,false,""
2024-10-20T04:00:00.000000,Spain,Spain,ES,90.05,123.62,81.57,47.13,entsoe.eu,false,""
2024-10-20T05:00:00.000000,Spain,Spain,ES,85.73,118.41,82.38,48.09,entsoe.eu,false,""
2024-10-20T06:00:00.000000,Spain,Spain,ES,83.0,114.94,83.02,49.03,entsoe.eu,false,""
2024-10-20T07:00:00.000000,Spain,Spain,ES,74.24,105.27,85.04,54.5,entsoe.eu,false,""
2024-10-20T08:00:00.000000,Spain,Spain,ES,55.47,84.65,89.23,63.42,entsoe.eu,false,""
2024-10-20T09:00:00.000000,Spain,Spain,ES,43.88,71.96,91.95,70.11,entsoe.eu,false,""
2024-10-20T10:00:00.000000,Spain,Spain,ES,42.07,70.21,92.31,68.97,entsoe.eu,false,""
2024-10-20T11:00:00.000000,Spain,Spain,ES,41.99,70.4,92.3,69.08,entsoe.eu,false,""
2024-10-20T12:00:00.000000,Spain,Spain,ES,44.26,72.97,92.09,69.05,entsoe.eu,false,""
2024-10-20T13:00:00.000000,Spain,Spain,ES,47.01,75.98,91.76,68.02,entsoe.eu,false,""
2024-10-20T14:00:00.000000,Spain,Spain,ES,48.89,78.46,91.32,68.75,entsoe.eu,false,""
2024-10-20T15:00:00.000000,Spain,Spain,ES,55.41,86.36,89.32,65.98,entsoe.eu,false,""
2024-10-20T16:00:00.000000,Spain,Spain,ES,84.84,121.1,82.2,56.09,entsoe.eu,false,""
2024-10-20T17:00:00.000000,Spain,Spain,ES,121.46,164.01,73.45,44.55,entsoe.eu,false,""
2024-10-20T18:00:00.000000,Spain,Spain,ES,125.23,167.39,72.71,44.04,entsoe.eu,false,""
2024-10-20T19:00:00.000000,Spain,Spain,ES,120.18,161.01,73.83,45.22,entsoe.eu,false,""
2024-10-20T20:00:00.000000,Spain,Spain,ES,114.49,153.89,75.25,45.65,entsoe.eu,false,""
2024-10-20T21:00:00.000000,Spain,Spain,ES,116.64,156.64,74.94,43.71,entsoe.eu,false,""
2024-10-20T22:00:00.000000,Spain,Spain,ES,117.08,157.46,74.97,42.95,entsoe.eu,false,""
2024-10-20T23:00:00.000000,Spain,Spain,ES,110.24,149.32,76.57,43.67,entsoe.eu,false,""
2024-10-21T00:00:00.000000,Spain,Spain,ES,113.9,153.75,75.91,42.18,entsoe.eu,false,""
2024-10-21T01:00:00.000000,Spain,Spain,ES,111.63,150.76,76.38,41.99,entsoe.eu,false,""
2024-10-21T02:00:00.000000,Spain,Spain,ES,108.91,147.9,76.73,42.86,entsoe.eu,false,""
2024-10-21T03:00:00.000000,Spain,Spain,ES,116.35,156.64,75.36,41.89,entsoe.eu,false,""
2024-10-21T04:00:00.000000,Spain,Spain,ES,122.69,163.75,74.26,42.71,entsoe.eu,false,""
2024-10-21T05:00:00.000000,Spain,Spain,ES,131.4,172.61,73.28,45.47,entsoe.eu,false,""
2024-10-21T06:00:00.000000,Spain,Spain,ES,138.5,180.58,71.79,45.73,entsoe.eu,false,""
2024-10-21T07:00:00.000000,Spain,Spain,ES,123.21,163.01,75.37,50.61,entsoe.eu,false,""
2024-10-21T08:00:00.000000,Spain,Spain,ES,100.79,138.4,80.83,60.91,entsoe.eu,false,""
2024-10-21T09:00:00.000000,Spain,Spain,ES,82.34,117.35,85.42,66.6,entsoe.eu,false,""
2024-10-21T10:00:00.000000,Spain,Spain,ES,70.8,103.49,88.12,69.92,entsoe.eu,false,""
2024-10-21T11:00:00.000000,Spain,Spain,ES,69.23,101.86,88.27,70.59,entsoe.eu,false,""
2024-10-21T12:00:00.000000,Spain,Spain,ES,70.36,103.1,88.15,70.05,entsoe.eu,false,""
2024-10-21T13:00:00.000000,Spain,Spain,ES,71.85,104.92,87.92,69.38,entsoe.eu,false,""
2024-10-21T14:00:00.000000,Spain,Spain,ES,76.01,109.88,86.86,68.16,entsoe.eu,false,""
2024-10-21T15:00:00.000000,Spain,Spain,ES,90.49,127.92,82.87,63.83,entsoe.eu,false,""
2024-10-21T16:00:00.000000,Spain,Spain,ES,121.72,164.23,75.56,53.75,entsoe.eu,false,""
2024-10-21T17:00:00.000000,Spain,Spain,ES,162.26,211.52,65.94,40.36,entsoe.eu,false,""
2024-10-21T18:00:00.000000,Spain,Spain,ES,163.61,212.65,65.59,39.87,entsoe.eu,false,""
2024-10-21T19:00:00.000000,Spain,Spain,ES,159.98,208.56,66.19,40.16,entsoe.eu,false,""
2024-10-21T20:00:00.000000,Spain,Spain,ES,141.43,185.71,70.47,42.52,entsoe.eu,false,""
2024-10-21T21:00:00.000000,Spain,Spain,ES,130.34,171.96,73.17,44.03,entsoe.eu,false,""
2024-10-21T22:00:00.000000,Spain,Spain,ES,113.37,150.2,77.51,46.86,entsoe.eu,false,""
2024-10-21T23:00:00.000000,Spain,Spain,ES,105.25,139.42,79.89,48.22,entsoe.eu,false,""
2024-10-22T00:00:00.000000,Spain,Spain,ES,99.5,132.8,81.1,48.48,entsoe.eu,false,""
2024-10-22T01:00:00.000000,Spain,Spain,ES,101.67,135.56,80.83,46.72,entsoe.eu,false,""
2024-10-22T02:00:00.000000,Spain,Spain,ES,99.57,133.92,80.95,46.95,entsoe.eu,false,""
2024-10-22T03:00:00.000000,Spain,Spain,ES,103.56,138.47,80.24,49.2,entsoe.eu,false,""
2024-10-22T04:00:00.000000,Spain,Spain,ES,113.77,150.02,78.18,50.87,entsoe.eu,false,""
2024-10-22T05:00:00.000000,Spain,Spain,ES,125.07,163.7,75.6,51.89,entsoe.eu,false,""
2024-10-22T06:00:00.000000,Spain,Spain,ES,129.22,168.13,74.98,52.84,entsoe.eu,false,""
2024-10-22T07:00:00.000000,Spain,Spain,ES,120.87,159.12,76.54,54.91,entsoe.eu,false,""
2024-10-22T08:00:00.000000,Spain,Spain,ES,84.85,119.33,83.16,62.83,entsoe.eu,false,""
2024-10-22T09:00:00.000000,Spain,Spain,ES,63.06,94.16,88.25,69.29,entsoe.eu,false,""
2024-10-22T10:00:00.000000,Spain,Spain,ES,51.7,81.03,90.78,72.75,entsoe.eu,false,""
2024-10-22T11:00:00.000000,Spain,Spain,ES,61.57,92.27,89.25,71.55,entsoe.eu,false,""
2024-10-22T12:00:00.000000,Spain,Spain,ES,66.75,97.27,89.19,71.01,entsoe.eu,false,""
2024-10-22T13:00:00.000000,Spain,Spain,ES,67.9,98.43,89.14,70.82,entsoe.eu,false,""
2024-10-22T14:00:00.000000,Spain,Spain,ES,68.06,98.66,88.8,70.59,entsoe.eu,false,""
2024-10-22T15:00:00.000000,Spain,Spain,ES,76.74,109.13,86.54,68.29,entsoe.eu,false,""
2024-10-22T16:00:00.000000,Spain,Spain,ES,104.29,142.04,79.86,60.74,entsoe.eu,false,""
2024-10-22T17:00:00.000000,Spain,Spain,ES,126.33,166.75,74.4,53.39,entsoe.eu,false,""
2024-10-22T18:00:00.000000,Spain,Spain,ES,127.46,168.31,73.59,51.62,entsoe.eu,false,""
2024-10-22T19:00:00.000000,Spain,Spain,ES,119.94,159.19,75.28,51.24,entsoe.eu,false,""
2024-10-22T20:00:00.000000,Spain,Spain,ES,116.15,154.35,76.61,52.96,entsoe.eu,false,""
2024-10-22T21:00:00.000000,Spain,Spain,ES,108.93,144.89,78.83,54.74,entsoe.eu,false,""
2024-10-22T22:00:00.000000,Spain,Spain,ES,106.1,141.28,79.67,54.36,entsoe.eu,false,""
2024-10-22T23:00:00.000000,Spain,Spain,ES,104.62,139.3,80.34,52.92,entsoe.eu,false,""
2024-10-23T00:00:00.000000,Spain,Spain,ES,109.32,145.29,79.41,50.13,entsoe.eu,false,""
2024-10-23T01:00:00.000000,Spain,Spain,ES,103.73,139.17,80.27,48.06,entsoe.eu,false,""
2024-10-23T02:00:00.000000,Spain,Spain,ES,102.01,137.05,80.62,46.4,entsoe.eu,false,""
2024-10-23T03:00:00.000000,Spain,Spain,ES,113.82,151.18,78.12,45.78,entsoe.eu,false,""
2024-10-23T04:00:00.000000,Spain,Spain,ES,122.37,161.93,75.91,45.15,entsoe.eu,false,""
2024-10-23T05:00:00.000000,Spain,Spain,ES,132.06,174.29,73.02,47.76,entsoe.eu,false,""
2024-10-23T06:00:00.000000,Spain,Spain,ES,145.9,191.43,69.6,47.68,entsoe.eu,false,""
2024-10-23T07:00:00.000000,Spain,Spain,ES,132.99,176.17,72.84,51.5,entsoe.eu,false,""
2024-10-23T08:00:00.000000,Spain,Spain,ES,101.25,139.09,80.54,60.46,entsoe.eu,false,""
2024-10-23T09:00:00.000000,Spain,Spain,ES,81.79,116.66,85.27,66.42,entsoe.eu,false,""
2024-10-23T10:00:00.000000,Spain,Spain,ES,76.9,111.18,86.45,68.13,entsoe.eu,false,""
2024-10-23T11:00:00.000000,Spain,Spain,ES,70.84,103.87,87.91,69.24,entsoe.eu,false,""
2024-10-23T12:00:00.000000,Spain,Spain,ES,71.02,103.67,88.18,68.52,entsoe.eu,false,""
2024-10-23T13:00:00.000000,Spain,Spain,ES,70.12,102.57,88.35,67.71,entsoe.eu,false,""
2024-10-23T14:00:00.000000,Spain,Spain,ES,77.71,112.42,86.09,66.58,entsoe.eu,false,""
2024-10-23T15:00:00.000000,Spain,Spain,ES,92.11,130.15,82.24,61.62,entsoe.eu,false,""
2024-10-23T16:00:00.000000,Spain,Spain,ES,116.63,159.3,76.21,55.02,entsoe.eu,false,""
2024-10-23T17:00:00.000000,Spain,Spain,ES,149.2,196.58,68.65,46.09,entsoe.eu,false,""
2024-10-23T18:00:00.000000,Spain,Spain,ES,144.91,190.85,69.47,44.31,entsoe.eu,false,""
2024-10-23T19:00:00.000000,Spain,Spain,ES,136.81,180.93,71.32,44.79,entsoe.eu,false,""
2024-10-23T20:00:00.000000,Spain,Spain,ES,128.32,170.45,73.49,45.31,entsoe.eu,false,""
2024-10-23T21:00:00.000000,Spain,Spain,ES,123.73,164.77,74.68,45.68,entsoe.eu,false,""
2024-10-23T22:00:00.000000,Spain,Spain,ES,107.44,144.6,78.62,47.5,entsoe.eu,false,""
2024-10-23T23:00:00.000000,Spain,Spain,ES,92.95,126.22,82.3,49.94,entsoe.eu,false,""
2024-10-24T00:00:00.000000,Spain,Spain,ES,93.24,126.5,82.37,49.25,entsoe.eu,false,""
2024-10-24T01:00:00.000000,Spain,Spain,ES,92.33,125.43,82.5,49.39,entsoe.eu,false,""
2024-10-24T02:00:00.000000,Spain,Spain,ES,91.79,124.64,82.66,49.23,entsoe.eu,false,""
2024-10-24T03:00:00.000000,Spain,Spain,ES,93.27,126.28,82.35,48.74,entsoe.eu,false,""
2024-10-24T04:00:00.000000,Spain,Spain,ES,100.12,134.53,80.83,48.67,entsoe.eu,false,""
2024-10-24T05:00:00.000000,Spain,Spain,ES,106.33,141.8,79.28,50.1,entsoe.eu,false,""
2024-10-24T06:00:00.000000,Spain,Spain,ES,111.24,147.84,78.05,51.93,entsoe.eu,false,""
2024-10-24T07:00:00.000000,Spain,Spain,ES,113.82,151.83,77.51,54.23,entsoe.eu,false,""
2024-10-24T08:00:00.000000,Spain,Spain,ES,95.04,130.89,82.04,60.82,entsoe.eu,false,""
2024-10-24T09:00:00.000000,Spain,Spain,ES,76.44,109.42,86.59,67.69,entsoe.eu,false,""
2024-10-24T10:00:00.000000,Spain,Spain,ES,65.96,96.92,89.08,70.87,entsoe.eu,false,""
2024-10-24T11:00:00.000000,Spain,Spain,ES,64.98,96.23,89.2,71.32,entsoe.eu,false,""
2024-10-24T12:00:00.000000,Spain,Spain,ES,66.01,97.32,88.93,71.13,entsoe.eu,false,""
2024-10-24T13:00:00.000000,Spain,Spain,ES,65.19,96.23,88.98,70.91,entsoe.eu,false,""
2024-10-24T14:00:00.000000,Spain,Spain,ES,62.32,92.91,89.26,71.13,entsoe.eu,false,""
2024-10-24T15:00:00.000000,Spain,Spain,ES,70.37,102.58,86.95,68.53,entsoe.eu,false,""
2024-10-24T16:00:00.000000,Spain,Spain,ES,99.76,136.84,80.11,59.86,entsoe.eu,false,""
2024-10-24T17:00:00.000000,Spain,Spain,ES,123.48,164.57,74.27,52.94,entsoe.eu,false,""
2024-10-24T18:00:00.000000,Spain,Spain,ES,114.94,153.71,76.08,51.8,entsoe.eu,false,""
2024-10-24T19:00:00.000000,Spain,Spain,ES,108.7,146.0,77.55,52.78,entsoe.eu,false,""
2024-10-24T20:00:00.000000,Spain,Spain,ES,99.25,134.37,79.99,54.39,entsoe.eu,false,""
2024-10-24T21:00:00.000000,Spain,Spain,ES,97.26,131.92,80.7,54.76,entsoe.eu,false,""
2024-10-24T22:00:00.000000,Spain,Spain,ES,93.47,127.0,81.95,53.48,entsoe.eu,false,""
2024-10-24T23:00:00.000000,Spain,Spain,ES,86.4,118.04,83.99,55.06,entsoe.eu,false,""
2024-10-25T00:00:00.000000,Spain,Spain,ES,88.3,120.64,83.52,54.63,entsoe.eu,false,""
2024-10-25T01:00:00.000000,Spain,Spain,ES,89.94,122.47,83.23,53.44,entsoe.eu,false,""
2024-10-25T02:00:00.000000,Spain,Spain,ES,88.54,120.64,83.57,52.51,entsoe.eu,false,""
2024-10-25T03:00:00.000000,Spain,Spain,ES,90.03,122.53,83.26,52.19,entsoe.eu,false,""
2024-10-25T04:00:00.000000,Spain,Spain,ES,96.92,130.62,81.51,50.55,entsoe.eu,false,""
2024-10-25T05:00:00.000000,Spain,Spain,ES,102.51,138.06,79.67,52.58,entsoe.eu,false,""
2024-10-25T06:00:00.000000,Spain,Spain,ES,108.97,145.95,78.08,53.05,entsoe.eu,false,""
2024-10-25T07:00:00.000000,Spain,Spain,ES,118.95,158.09,76.16,51.86,entsoe.eu,false,""
2024-10-25T08:00:00.000000,Spain,Spain,ES,118.91,158.54,76.68,54.39,entsoe.eu,false,""
2024-10-25T09:00:00.000000,Spain,Spain,ES,110.46,148.56,78.99,57.11,entsoe.eu,false,""
2024-10-25T10:00:00.000000,Spain,Spain,ES,100.34,136.55,81.52,60.35,entsoe.eu,false,""
2024-10-25T11:00:00.000000,Spain,Spain,ES,95.9,131.64,82.52,61.8,entsoe.eu,false,""
2024-10-25T12:00:00.000000,Spain,Spain,ES,87.99,122.19,84.4,63.94,entsoe.eu,false,""
2024-10-25T13:00:00.000000,Spain,Spain,ES,82.61,115.8,85.78,65.32,entsoe.eu,false,""
2024-10-25T14:00:00.000000,Spain,Spain,ES,86.34,120.58,84.68,63.92,entsoe.eu,false,""
2024-10-25T15:00:00.000000,Spain,Spain,ES,99.12,136.61,81.1,60.2,entsoe.eu,false,""
2024-10-25T16:00:00.000000,Spain,Spain,ES,124.82,167.5,74.55,52.69,entsoe.eu,false,""
2024-10-25T17:00:00.000000,Spain,Spain,ES,135.18,178.96,71.84,50.05,entsoe.eu,false,""
2024-10-25T18:00:00.000000,Spain,Spain,ES,141.16,186.5,70.17,47.26,entsoe.eu,false,""
2024-10-25T19:00:00.000000,Spain,Spain,ES,136.25,180.4,71.22,45.95,entsoe.eu,false,""
2024-10-25T20:00:00.000000,Spain,Spain,ES,136.1,180.14,71.55,46.82,entsoe.eu,false,""
2024-10-25T21:00:00.000000,Spain,Spain,ES,133.6,176.58,72.48,47.35,entsoe.eu,false,""
2024-10-25T22:00:00.000000,Spain,Spain,ES,117.94,156.01,76.93,49.25,entsoe.eu,false,""
2024-10-25T23:00:00.000000,Spain,Spain,ES,105.88,143.12,78.58,47.08,entsoe.eu,false,""
2024-10-26T00:00:00.000000,Spain,Spain,ES,100.67,138.3,78.87,45.44,entsoe.eu,false,""
2024-10-26T01:00:00.000000,Spain,Spain,ES,96.44,133.06,79.83,47.34,entsoe.eu,false,""
2024-10-26T02:00:00.000000,Spain,Spain,ES,91.67,127.26,80.91,46.8,entsoe.eu,false,""
2024-10-26T03:00:00.000000,Spain,Spain,ES,88.64,123.54,81.66,48.3,entsoe.eu,false,""
2024-10-26T04:00:00.000000,Spain,Spain,ES,88.14,122.73,81.81,49.43,entsoe.eu,false,""
2024-10-26T05:00:00.000000,Spain,Spain,ES,96.72,132.75,80.1,50.57,entsoe.eu,false,""
2024-10-26T06:00:00.000000,Spain,Spain,ES,99.44,135.78,79.49,49.62,entsoe.eu,false,""
2024-10-26T07:00:00.000000,Spain,Spain,ES,98.16,135.37,79.56,53.86,entsoe.eu,false,""
2024-10-26T08:00:00.000000,Spain,Spain,ES,76.92,112.06,84.09,62.17,entsoe.eu,false,""
2024-10-26T09:00:00.000000,Spain,Spain,ES,62.68,95.59,87.3,66.49,entsoe.eu,false,""
2024-10-26T10:00:00.000000,Spain,Spain,ES,47.98,77.57,90.68,70.3,entsoe.eu,false,""
2024-10-26T11:00:00.000000,Spain,Spain,ES,48.36,77.99,90.6,70.24,entsoe.eu,false,""
2024-10-26T12:00:00.000000,Spain,Spain,ES,51.63,81.8,89.85,69.09,entsoe.eu,false,""
2024-10-26T13:00:00.000000,Spain,Spain,ES,57.87,89.2,88.41,66.97,entsoe.eu,false,""
2024-10-26T14:00:00.000000,Spain,Spain,ES,64.88,97.38,86.82,64.38,entsoe.eu,false,""
2024-10-26T15:00:00.000000,Spain,Spain,ES,83.01,119.18,82.47,59.59,entsoe.eu,false,""
2024-10-26T16:00:00.000000,Spain,Spain,ES,109.13,149.95,76.26,52.55,entsoe.eu,false,""
2024-10-26T17:00:00.000000,Spain,Spain,ES,118.03,159.54,74.25,50.11,entsoe.eu,false,""
2024-10-26T18:00:00.000000,Spain,Spain,ES,115.39,156.13,74.8,49.1,entsoe.eu,false,""
2024-10-26T19:00:00.000000,Spain,Spain,ES,112.43,152.41,75.56,48.31,entsoe.eu,false,""
2024-10-26T20:00:00.000000,Spain,Spain,ES,116.24,156.72,75.08,47.42,entsoe.eu,false,""
2024-10-26T21:00:00.000000,Spain,Spain,ES,120.56,162.24,74.28,46.31,entsoe.eu,false,""
2024-10-26T22:00:00.000000,Spain,Spain,ES,122.65,165.23,74.0,42.71,entsoe.eu,false,""
2024-10-26T23:00:00.000000,Spain,Spain,ES,128.47,173.46,72.63,39.6,entsoe.eu,false,""
2024-10-27T00:00:00.000000,Spain,Spain,ES,123.66,167.13,73.8,37.23,entsoe.eu,false,""
2024-10-27T01:00:00.000000,Spain,Spain,ES,120.9,163.5,74.67,34.84,entsoe.eu,false,""
2024-10-27T02:00:00.000000,Spain,Spain,ES,128.9,173.34,72.85,33.52,entsoe.eu,false,""
2024-10-27T03:00:00.000000,Spain,Spain,ES,128.62,172.8,73.01,32.74,entsoe.eu,false,""
2024-10-27T04:00:00.000000,Spain,Spain,ES,126.05,169.21,73.81,33.32,entsoe.eu,false,""
2024-10-27T05:00:00.000000,Spain,Spain,ES,123.5,166.68,74.03,33.7,entsoe.eu,false,""
2024-10-27T06:00:00.000000,Spain,Spain,ES,125.74,168.98,73.82,33.39,entsoe.eu,false,""
2024-10-27T07:00:00.000000,Spain,Spain,ES,119.3,162.09,74.87,37.48,entsoe.eu,false,""
2024-10-27T08:00:00.000000,Spain,Spain,ES,105.72,148.44,77.46,49.92,entsoe.eu,false,""
2024-10-27T09:00:00.000000,Spain,Spain,ES,75.21,112.14,84.42,61.04,entsoe.eu,false,""
2024-10-27T10:00:00.000000,Spain,Spain,ES,65.93,100.28,87.13,64.69,entsoe.eu,false,""
2024-10-27T11:00:00.000000,Spain,Spain,ES,71.32,107.0,85.72,63.91,entsoe.eu,false,""
2024-10-27T12:00:00.000000,Spain,Spain,ES,71.26,106.67,85.74,63.39,entsoe.eu,false,""
2024-10-27T13:00:00.000000,Spain,Spain,ES,73.48,108.97,85.22,63.29,entsoe.eu,false,""
2024-10-27T14:00:00.000000,Spain,Spain,ES,72.15,106.48,85.74,62.31,entsoe.eu,false,""
2024-10-27T15:00:00.000000,Spain,Spain,ES,77.08,111.31,84.67,60.49,entsoe.eu,false,""
2024-10-27T16:00:00.000000,Spain,Spain,ES,85.35,120.01,82.45,57.5,entsoe.eu,false,""
2024-10-27T17:00:00.000000,Spain,Spain,ES,102.53,140.44,78.0,53.12,entsoe.eu,false,""
2024-10-27T18:00:00.000000,Spain,Spain,ES,105.81,144.6,76.99,53.86,entsoe.eu,false,""
2024-10-27T19:00:00.000000,Spain,Spain,ES,102.14,140.14,77.88,54.92,entsoe.eu,false,""
2024-10-27T20:00:00.000000,Spain,Spain,ES,102.8,141.11,77.77,54.45,entsoe.eu,false,""
2024-10-27T21:00:00.000000,Spain,Spain,ES,93.75,129.82,80.14,55.5,entsoe.eu,false,""
2024-10-27T22:00:00.000000,Spain,Spain,ES,92.49,128.06,80.61,54.7,entsoe.eu,false,""
2024-10-27T23:00:00.000000,Spain,Spain,ES,95.6,132.69,79.92,53.2,entsoe.eu,false,""
2024-10-28T00:00:00.000000,Spain,Spain,ES,96.36,133.77,79.79,52.6,entsoe.eu,false,""
2024-10-28T01:00:00.000000,Spain,Spain,ES,93.05,129.36,80.67,52.21,entsoe.eu,false,""
2024-10-28T02:00:00.000000,Spain,Spain,ES,91.55,126.99,81.4,50.99,entsoe.eu,false,""
2024-10-28T03:00:00.000000,Spain,Spain,ES,98.21,133.39,81.22,50.68,entsoe.eu,false,""
2024-10-28T04:00:00.000000,Spain,Spain,ES,101.3,137.21,80.49,50.02,entsoe.eu,false,""
2024-10-28T05:00:00.000000,Spain,Spain,ES,109.16,146.87,78.68,51.46,entsoe.eu,false,""
2024-10-28T06:00:00.000000,Spain,Spain,ES,107.19,144.52,79.08,55.22,entsoe.eu,false,""
2024-10-28T07:00:00.000000,Spain,Spain,ES,101.01,136.63,80.56,58.88,entsoe.eu,false,""
2024-10-28T08:00:00.000000,Spain,Spain,ES,80.29,113.33,85.55,65.29,entsoe.eu,false,""
2024-10-28T09:00:00.000000,Spain,Spain,ES,70.61,102.6,87.98,69.17,entsoe.eu,false,""
2024-10-28T10:00:00.000000,Spain,Spain,ES,64.07,94.79,89.54,71.36,entsoe.eu,false,""
2024-10-28T11:00:00.000000,Spain,Spain,ES,62.33,92.72,89.85,71.91,entsoe.eu,false,""
2024-10-28T12:00:00.000000,Spain,Spain,ES,61.74,92.0,89.87,72.37,entsoe.eu,false,""
2024-10-28T13:00:00.000000,Spain,Spain,ES,63.49,93.79,89.55,71.85,entsoe.eu,false,""
2024-10-28T14:00:00.000000,Spain,Spain,ES,68.84,99.86,88.4,70.22,entsoe.eu,false,""
2024-10-28T15:00:00.000000,Spain,Spain,ES,83.37,117.36,84.89,65.63,entsoe.eu,false,""
2024-10-28T16:00:00.000000,Spain,Spain,ES,106.83,144.77,79.06,58.37,entsoe.eu,false,""
2024-10-28T17:00:00.000000,Spain,Spain,ES,127.43,169.63,73.5,53.1,entsoe.eu,false,""
2024-10-28T18:00:00.000000,Spain,Spain,ES,119.56,159.9,75.08,55.62,entsoe.eu,false,""
2024-10-28T19:00:00.000000,Spain,Spain,ES,112.54,151.43,76.58,56.28,entsoe.eu,false,""
2024-10-28T20:00:00.000000,Spain,Spain,ES,107.42,145.12,77.8,56.49,entsoe.eu,false,""
2024-10-28T21:00:00.000000,Spain,Spain,ES,106.06,143.6,78.44,56.55,entsoe.eu,false,""
2024-10-28T22:00:00.000000,Spain,Spain,ES,97.58,132.88,80.78,57.5,entsoe.eu,false,""
2024-10-28T23:00:00.000000,Spain,Spain,ES,90.11,123.2,83.07,57.6,entsoe.eu,false,""
2024-10-29T00:00:00.000000,Spain,Spain,ES,85.11,117.02,84.41,58.72,entsoe.eu,false,""
2024-10-29T01:00:00.000000,Spain,Spain,ES,84.5,116.35,84.56,58.39,entsoe.eu,false,""
2024-10-29T02:00:00.000000,Spain,Spain,ES,81.42,112.46,85.36,57.19,entsoe.eu,false,""
2024-10-29T03:00:00.000000,Spain,Spain,ES,80.04,110.66,85.68,56.95,entsoe.eu,false,""
2024-10-29T04:00:00.000000,Spain,Spain,ES,81.31,112.42,85.25,58.71,entsoe.eu,false,""
2024-10-29T05:00:00.000000,Spain,Spain,ES,86.23,118.93,83.82,59.12,entsoe.eu,false,""
2024-10-29T06:00:00.000000,Spain,Spain,ES,84.3,116.69,83.73,61.51,entsoe.eu,false,""
2024-10-29T07:00:00.000000,Spain,Spain,ES,85.75,118.12,83.43,62.74,entsoe.eu,false,""
2024-10-29T08:00:00.000000,Spain,Spain,ES,93.79,127.98,81.84,61.7,entsoe.eu,false,""
2024-10-29T09:00:00.000000,Spain,Spain,ES,91.2,125.02,82.82,63.01,entsoe.eu,false,""
2024-10-29T10:00:00.000000,Spain,Spain,ES,85.24,117.72,84.61,65.1,entsoe.eu,false,""
2024-10-29T11:00:00.000000,Spain,Spain,ES,82.48,114.32,85.39,66.56,entsoe.eu,false,""
2024-10-29T12:00:00.000000,Spain,Spain,ES,81.55,113.3,85.62,67.22,entsoe.eu,false,""
2024-10-29T13:00:00.000000,Spain,Spain,ES,80.95,111.95,85.79,66.74,entsoe.eu,false,""
2024-10-29T14:00:00.000000,Spain,Spain,ES,84.87,116.17,84.94,65.13,entsoe.eu,false,""
2024-10-29T15:00:00.000000,Spain,Spain,ES,93.87,127.12,82.61,62.56,entsoe.eu,false,""
2024-10-29T16:00:00.000000,Spain,Spain,ES,96.47,130.52,81.38,61.64,entsoe.eu,false,""
2024-10-29T17:00:00.000000,Spain,Spain,ES,105.49,142.33,78.64,59.46,entsoe.eu,false,""
2024-10-29T18:00:00.000000,Spain,Spain,ES,108.33,146.26,77.66,59.33,entsoe.eu,false,""
2024-10-29T19:00:00.000000,Spain,Spain,ES,101.85,138.62,78.85,60.84,entsoe.eu,false,""
2024-10-29T20:00:00.000000,Spain,Spain,ES,96.27,131.59,80.16,61.71,entsoe.eu,false,""
2024-10-29T21:00:00.000000,Spain,Spain,ES,97.91,133.57,80.06,60.15,entsoe.eu,false,""
2024-10-29T22:00:00.000000,Spain,Spain,ES,91.7,125.61,81.77,60.83,entsoe.eu,false,""
2024-10-29T23:00:00.000000,Spain,Spain,ES,86.97,119.39,83.14,61.13,entsoe.eu,false,""
2024-10-30T00:00:00.000000,Spain,Spain,ES,82.49,113.35,84.46,61.8,entsoe.eu,false,""
2024-10-30T01:00:00.000000,Spain,Spain,ES,79.02,109.28,85.14,62.51,entsoe.eu,false,""
2024-10-30T02:00:00.000000,Spain,Spain,ES,82.93,114.33,84.26,61.07,entsoe.eu,false,""
2024-10-30T03:00:00.000000,Spain,Spain,ES,86.56,118.63,83.57,59.37,entsoe.eu,false,""
2024-10-30T04:00:00.000000,Spain,Spain,ES,86.74,118.95,83.61,58.91,entsoe.eu,false,""
2024-10-30T05:00:00.000000,Spain,Spain,ES,87.78,120.07,83.46,59.11,entsoe.eu,false,""
2024-10-30T06:00:00.000000,Spain,Spain,ES,90.0,123.15,82.49,60.35,entsoe.eu,false,""
2024-10-30T07:00:00.000000,Spain,Spain,ES,89.86,123.26,82.39,61.95,entsoe.eu,false,""
2024-10-30T08:00:00.000000,Spain,Spain,ES,87.62,121.4,83.16,63.99,entsoe.eu,false,""
2024-10-30T09:00:00.000000,Spain,Spain,ES,84.38,117.92,84.11,65.89,entsoe.eu,false,""
2024-10-30T10:00:00.000000,Spain,Spain,ES,81.6,114.54,85.13,67.05,entsoe.eu,false,""
2024-10-30T11:00:00.000000,Spain,Spain,ES,80.92,113.95,85.33,67.53,entsoe.eu,false,""
2024-10-30T12:00:00.000000,Spain,Spain,ES,81.83,115.02,85.12,67.27,entsoe.eu,false,""
2024-10-30T13:00:00.000000,Spain,Spain,ES,80.18,112.41,85.69,67.15,entsoe.eu,false,""
2024-10-30T14:00:00.000000,Spain,Spain,ES,83.56,116.41,84.74,65.48,entsoe.eu,false,""
2024-10-30T15:00:00.000000,Spain,Spain,ES,93.28,127.61,82.33,61.22,entsoe.eu,false,""
2024-10-30T16:00:00.000000,Spain,Spain,ES,106.84,143.87,78.85,55.76,entsoe.eu,false,""
2024-10-30T17:00:00.000000,Spain,Spain,ES,121.25,161.5,75.06,53.29,entsoe.eu,false,""
2024-10-30T18:00:00.000000,Spain,Spain,ES,126.25,168.17,73.67,52.6,entsoe.eu,false,""
2024-10-30T19:00:00.000000,Spain,Spain,ES,120.72,161.63,74.67,50.84,entsoe.eu,false,""
2024-10-30T20:00:00.000000,Spain,Spain,ES,124.12,166.09,73.72,49.57,entsoe.eu,false,""
2024-10-30T21:00:00.000000,Spain,Spain,ES,120.56,161.51,74.97,49.91,entsoe.eu,false,""
2024-10-30T22:00:00.000000,Spain,Spain,ES,106.55,143.96,78.69,52.1,entsoe.eu,false,""
2024-10-30T23:00:00.000000,Spain,Spain,ES,105.99,143.21,79.09,49.95,entsoe.eu,false,""
2024-10-31T00:00:00.000000,Spain,Spain,ES,98.01,132.93,81.13,50.26,entsoe.eu,false,""
2024-10-31T01:00:00.000000,Spain,Spain,ES,97.37,132.27,81.35,50.34,entsoe.eu,false,""
2024-10-31T02:00:00.000000,Spain,Spain,ES,94.59,128.66,82.07,49.86,entsoe.eu,false,""
2024-10-31T03:00:00.000000,Spain,Spain,ES,93.49,127.33,82.29,49.42,entsoe.eu,false,""
2024-10-31T04:00:00.000000,Spain,Spain,ES,94.7,128.94,81.99,49.21,entsoe.eu,false,""
2024-10-31T05:00:00.000000,Spain,Spain,ES,98.84,133.84,81.34,49.19,entsoe.eu,false,""
2024-10-31T06:00:00.000000,Spain,Spain,ES,115.13,153.98,77.38,50.44,entsoe.eu,false,""
2024-10-31T07:00:00.000000,Spain,Spain,ES,124.29,165.03,75.25,51.85,entsoe.eu,false,""
2024-10-31T08:00:00.000000,Spain,Spain,ES,117.95,158.33,76.76,55.07,entsoe.eu,false,""
2024-10-31T09:00:00.000000,Spain,Spain,ES,111.86,151.46,78.47,57.49,entsoe.eu,false,""
2024-10-31T10:00:00.000000,Spain,Spain,ES,106.49,144.78,79.97,58.9,entsoe.eu,false,""
2024-10-31T11:00:00.000000,Spain,Spain,ES,104.62,142.79,80.38,59.37,entsoe.eu,false,""
2024-10-31T12:00:00.000000,Spain,Spain,ES,104.41,142.69,80.44,59.42,entsoe.eu,false,""
2024-10-31T13:00:00.000000,Spain,Spain,ES,103.73,141.29,81.06,59.3,entsoe.eu,false,""
2024-10-31T14:00:00.000000,Spain,Spain,ES,114.86,154.25,78.66,56.37,entsoe.eu,false,""
2024-10-31T15:00:00.000000,Spain,Spain,ES,130.41,172.87,74.94,51.46,entsoe.eu,false,""
2024-10-31T16:00:00.000000,Spain,Spain,ES,143.45,188.29,71.48,46.46,entsoe.eu,false,""
2024-10-31T17:00:00.000000,Spain,Spain,ES,150.93,197.31,69.27,43.33,entsoe.eu,false,""
2024-10-31T18:00:00.000000,Spain,Spain,ES,143.31,187.71,70.99,43.4,entsoe.eu,false,""
2024-10-31T19:00:00.000000,Spain,Spain,ES,137.04,180.58,72.06,43.83,entsoe.eu,false,""
2024-10-31T20:00:00.000000,Spain,Spain,ES,132.96,176.53,72.38,43.95,entsoe.eu,false,""
2024-10-31T21:00:00.000000,Spain,Spain,ES,129.9,173.06,73.34,44.74,entsoe.eu,false,""
2024-10-31T22:00:00.000000,Spain,Spain,ES,126.88,168.88,74.52,43.16,entsoe.eu,false,""
2024-10-31T23:00:00.000000,Spain,Spain,ES,123.09,164.63,75.4,42.11,entsoe.eu,false,""
2024-11-01T00:00:00.000000,Spain,Spain,ES,118.63,159.21,76.57,42.33,entsoe.eu,false,""
2024-11-01T01:00:00.000000,Spain,Spain,ES,118.34,158.65,76.8,42.07,entsoe.eu,false,""
2024-11-01T02:00:00.000000,Spain,Spain,ES,120.54,161.41,76.05,39.56,entsoe.eu,false,""
2024-11-01T03:00:00.000000,Spain,Spain,ES,116.44,156.32,76.96,38.22,entsoe.eu,false,""
2024-11-01T04:00:00.000000,Spain,Spain,ES,118.3,158.55,76.66,39.45,entsoe.eu,false,""
2024-11-01T05:00:00.000000,Spain,Spain,ES,122.71,164.0,75.82,41.01,entsoe.eu,false,""
2024-11-01T06:00:00.000000,Spain,Spain,ES,118.1,158.12,76.92,43.42,entsoe.eu,false,""
2024-11-01T07:00:00.000000,Spain,Spain,ES,110.5,148.61,78.63,45.75,entsoe.eu,false,""
2024-11-01T08:00:00.000000,Spain,Spain,ES,98.76,135.67,80.95,53.06,entsoe.eu,false,""
2024-11-01T09:00:00.000000,Spain,Spain,ES,82.26,117.24,84.44,58.79,entsoe.eu,false,""
2024-11-01T10:00:00.000000,Spain,Spain,ES,67.62,99.55,87.94,61.97,entsoe.eu,false,""
2024-11-01T11:00:00.000000,Spain,Spain,ES,64.76,96.19,88.73,63.87,entsoe.eu,false,""
2024-11-01T12:00:00.000000,Spain,Spain,ES,64.29,95.9,88.78,63.79,entsoe.eu,false,""
2024-11-01T13:00:00.000000,Spain,Spain,ES,70.27,103.54,87.45,62.24,entsoe.eu,false,""
2024-11-01T14:00:00.000000,Spain,Spain,ES,78.76,113.91,85.76,62.03,entsoe.eu,false,""
2024-11-01T15:00:00.000000,Spain,Spain,ES,96.82,135.67,81.47,57.54,entsoe.eu,false,""
2024-11-01T16:00:00.000000,Spain,Spain,ES,137.11,183.56,71.73,45.29,entsoe.eu,false,""
2024-11-01T17:00:00.000000,Spain,Spain,ES,152.5,200.33,68.43,44.66,entsoe.eu,false,""
2024-11-01T18:00:00.000000,Spain,Spain,ES,152.94,200.28,68.57,45.59,entsoe.eu,false,""
2024-11-01T19:00:00.000000,Spain,Spain,ES,141.45,185.91,71.26,43.97,entsoe.eu,false,""
2024-11-01T20:00:00.000000,Spain,Spain,ES,140.13,185.16,70.93,42.68,entsoe.eu,false,""
2024-11-01T21:00:00.000000,Spain,Spain,ES,142.66,188.83,70.1,41.2,entsoe.eu,false,""
2024-11-01T22:00:00.000000,Spain,Spain,ES,145.39,192.55,69.78,41.2,entsoe.eu,false,""
2024-11-01T23:00:00.000000,Spain,Spain,ES,150.04,198.42,68.95,37.63,entsoe.eu,false,""
2024-11-02T00:00:00.000000,Spain,Spain,ES,151.35,200.86,68.86,35.87,entsoe.eu,false,""
2024-11-02T01:00:00.000000,Spain,Spain,ES,152.29,202.24,68.92,34.06,entsoe.eu,false,""
2024-11-02T02:00:00.000000,Spain,Spain,ES,146.13,194.65,70.49,32.87,entsoe.eu,false,""
2024-11-02T03:00:00.000000,Spain,Spain,ES,147.75,196.69,70.17,32.4,entsoe.eu,false,""
2024-11-02T04:00:00.000000,Spain,Spain,ES,147.51,196.43,70.02,33.36,entsoe.eu,false,""
2024-11-02T05:00:00.000000,Spain,Spain,ES,149.87,199.37,69.56,34.1,entsoe.eu,false,""
2024-11-02T06:00:00.000000,Spain,Spain,ES,150.41,200.2,69.23,36.74,entsoe.eu,false,""
2024-11-02T07:00:00.000000,Spain,Spain,ES,143.57,191.98,70.7,42.33,entsoe.eu,false,""
2024-11-02T08:00:00.000000,Spain,Spain,ES,109.87,152.4,78.44,54.79,entsoe.eu,false,""
2024-11-02T09:00:00.000000,Spain,Spain,ES,85.21,123.99,83.75,64.0,entsoe.eu,false,""
2024-11-02T10:00:00.000000,Spain,Spain,ES,83.61,122.23,84.14,65.9,entsoe.eu,false,""
2024-11-02T11:00:00.000000,Spain,Spain,ES,85.04,123.87,83.87,66.13,entsoe.eu,false,""
2024-11-02T12:00:00.000000,Spain,Spain,ES,85.33,123.95,84.04,66.63,entsoe.eu,false,""
2024-11-02T13:00:00.000000,Spain,Spain,ES,87.43,126.96,83.21,66.1,entsoe.eu,false,""
2024-11-02T14:00:00.000000,Spain,Spain,ES,87.19,126.51,83.39,65.28,entsoe.eu,false,""
2024-11-02T15:00:00.000000,Spain,Spain,ES,99.67,141.59,80.55,61.66,entsoe.eu,false,""
2024-11-02T16:00:00.000000,Spain,Spain,ES,129.15,175.89,73.5,50.36,entsoe.eu,false,""
2024-11-02T17:00:00.000000,Spain,Spain,ES,158.6,209.32,66.54,43.38,entsoe.eu,false,""
2024-11-02T18:00:00.000000,Spain,Spain,ES,152.82,201.84,67.61,45.49,entsoe.eu,false,""
2024-11-02T19:00:00.000000,Spain,Spain,ES,144.44,191.89,69.18,44.44,entsoe.eu,false,""
2024-11-02T20:00:00.000000,Spain,Spain,ES,133.91,180.79,70.28,43.14,entsoe.eu,false,""
2024-11-02T21:00:00.000000,Spain,Spain,ES,129.35,175.09,71.59,44.58,entsoe.eu,false,""
2024-11-02T22:00:00.000000,Spain,Spain,ES,128.47,174.04,72.03,45.24,entsoe.eu,false,""
2024-11-02T23:00:00.000000,Spain,Spain,ES,130.41,176.91,71.74,44.4,entsoe.eu,false,""
2024-11-03T00:00:00.000000,Spain,Spain,ES,125.96,171.8,72.95,45.67,entsoe.eu,false,""
2024-11-03T01:00:00.000000,Spain,Spain,ES,121.39,166.12,73.91,45.65,entsoe.eu,false,""
2024-11-03T02:00:00.000000,Spain,Spain,ES,119.71,163.95,74.31,44.82,entsoe.eu,false,""
2024-11-03T03:00:00.000000,Spain,Spain,ES,120.03,163.95,74.46,44.41,entsoe.eu,false,""
2024-11-03T04:00:00.000000,Spain,Spain,ES,122.27,166.3,74.24,44.05,entsoe.eu,false,""
2024-11-03T05:00:00.000000,Spain,Spain,ES,123.06,167.88,73.73,44.76,entsoe.eu,false,""
2024-11-03T06:00:00.000000,Spain,Spain,ES,123.76,168.82,73.54,46.57,entsoe.eu,false,""
2024-11-03T07:00:00.000000,Spain,Spain,ES,115.46,158.88,75.49,50.75,entsoe.eu,false,""
2024-11-03T08:00:00.000000,Spain,Spain,ES,77.47,113.98,84.05,63.06,entsoe.eu,false,""
2024-11-03T09:00:00.000000,Spain,Spain,ES,64.42,99.47,86.9,68.25,entsoe.eu,false,""
2024-11-03T10:00:00.000000,Spain,Spain,ES,56.76,90.44,88.67,70.73,entsoe.eu,false,""
2024-11-03T11:00:00.000000,Spain,Spain,ES,61.85,96.43,87.76,69.95,entsoe.eu,false,""
2024-11-03T12:00:00.000000,Spain,Spain,ES,60.27,93.83,88.29,70.9,entsoe.eu,false,""
2024-11-03T13:00:00.000000,Spain,Spain,ES,56.03,89.0,88.83,71.67,entsoe.eu,false,""
2024-11-03T14:00:00.000000,Spain,Spain,ES,60.6,94.41,87.7,69.98,entsoe.eu,false,""
2024-11-03T15:00:00.000000,Spain,Spain,ES,71.08,106.38,85.38,66.04,entsoe.eu,false,""
2024-11-03T16:00:00.000000,Spain,Spain,ES,96.8,135.27,79.66,56.69,entsoe.eu,false,""
2024-11-03T17:00:00.000000,Spain,Spain,ES,108.72,148.32,76.6,54.71,entsoe.eu,false,""
2024-11-03T18:00:00.000000,Spain,Spain,ES,113.51,154.28,75.17,55.23,entsoe.eu,false,""
2024-11-03T19:00:00.000000,Spain,Spain,ES,114.09,155.54,75.06,53.8,entsoe.eu,false,""
2024-11-03T20:00:00.000000,Spain,Spain,ES,106.85,146.83,76.8,53.1,entsoe.eu,false,""
2024-11-03T21:00:00.000000,Spain,Spain,ES,105.94,146.03,77.16,54.72,entsoe.eu,false,""
2024-11-03T22:00:00.000000,Spain,Spain,ES,106.53,146.93,77.27,53.88,entsoe.eu,false,""
2024-11-03T23:00:00.000000,Spain,Spain,ES,125.39,170.94,72.87,48.54,entsoe.eu,false,""
2024-11-04T00:00:00.000000,Spain,Spain,ES,126.53,172.46,72.67,48.47,entsoe.eu,false,""
2024-11-04T01:00:00.000000,Spain,Spain,ES,134.51,182.32,70.72,47.04,entsoe.eu,false,""
2024-11-04T02:00:00.000000,Spain,Spain,ES,127.78,173.87,72.34,45.43,entsoe.eu,false,""
2024-11-04T03:00:00.000000,Spain,Spain,ES,127.63,173.69,72.29,43.07,entsoe.eu,false,""
2024-11-04T04:00:00.000000,Spain,Spain,ES,128.74,175.01,72.06,42.53,entsoe.eu,false,""
2024-11-04T05:00:00.000000,Spain,Spain,ES,140.33,189.8,69.23,42.56,entsoe.eu,false,""
2024-11-04T06:00:00.000000,Spain,Spain,ES,132.08,179.2,70.89,48.72,entsoe.eu,false,""
2024-11-04T07:00:00.000000,Spain,Spain,ES,127.38,172.55,72.08,52.51,entsoe.eu,false,""
2024-11-04T08:00:00.000000,Spain,Spain,ES,109.9,152.54,76.07,57.71,entsoe.eu,false,""
2024-11-04T09:00:00.000000,Spain,Spain,ES,94.46,135.07,79.98,61.82,entsoe.eu,false,""
2024-11-04T10:00:00.000000,Spain,Spain,ES,86.74,125.92,82.26,64.71,entsoe.eu,false,""
2024-11-04T11:00:00.000000,Spain,Spain,ES,78.5,115.94,84.33,67.02,entsoe.eu,false,""
2024-11-04T12:00:00.000000,Spain,Spain,ES,77.15,114.18,84.56,67.58,entsoe.eu,false,""
2024-11-04T13:00:00.000000,Spain,Spain,ES,85.05,122.83,83.39,66.24,entsoe.eu,false,""
2024-11-04T14:00:00.000000,Spain,Spain,ES,99.78,140.23,80.2,62.94,entsoe.eu,false,""
2024-11-04T15:00:00.000000,Spain,Spain,ES,128.5,175.21,73.26,55.62,entsoe.eu,false,""
2024-11-04T16:00:00.000000,Spain,Spain,ES,158.88,210.55,66.32,47.66,entsoe.eu,false,""
2024-11-04T17:00:00.000000,Spain,Spain,ES,172.8,226.8,62.79,44.62,entsoe.eu,false,""
2024-11-04T18:00:00.000000,Spain,Spain,ES,159.45,209.82,65.88,47.55,entsoe.eu,false,""
2024-11-04T19:00:00.000000,Spain,Spain,ES,146.6,194.24,68.54,45.89,entsoe.eu,false,""
2024-11-04T20:00:00.000000,Spain,Spain,ES,141.34,188.07,69.61,44.33,entsoe.eu,false,""
2024-11-04T21:00:00.000000,Spain,Spain,ES,141.5,188.43,69.88,42.95,entsoe.eu,false,""
2024-11-04T22:00:00.000000,Spain,Spain,ES,137.24,182.98,71.25,42.74,entsoe.eu,false,""
2024-11-04T23:00:00.000000,Spain,Spain,ES,139.75,186.18,70.95,42.21,entsoe.eu,false,""
2024-11-05T00:00:00.000000,Spain,Spain,ES,146.72,194.95,69.6,40.09,entsoe.eu,false,""
2024-11-05T01:00:00.000000,Spain,Spain,ES,146.51,194.97,69.74,39.21,entsoe.eu,false,""
2024-11-05T02:00:00.000000,Spain,Spain,ES,153.33,203.51,68.3,37.43,entsoe.eu,false,""
2024-11-05T03:00:00.000000,Spain,Spain,ES,147.43,196.15,69.55,35.08,entsoe.eu,false,""
2024-11-05T04:00:00.000000,Spain,Spain,ES,151.04,200.24,68.79,33.5,entsoe.eu,false,""
2024-11-05T05:00:00.000000,Spain,Spain,ES,155.74,205.7,67.77,33.53,entsoe.eu,false,""
2024-11-05T06:00:00.000000,Spain,Spain,ES,159.31,209.28,66.96,41.36,entsoe.eu,false,""
2024-11-05T07:00:00.000000,Spain,Spain,ES,161.68,211.48,66.78,45.23,entsoe.eu,false,""
2024-11-05T08:00:00.000000,Spain,Spain,ES,139.62,185.56,72.41,50.96,entsoe.eu,false,""
2024-11-05T09:00:00.000000,Spain,Spain,ES,125.39,170.34,75.53,55.39,entsoe.eu,false,""
2024-11-05T10:00:00.000000,Spain,Spain,ES,109.71,152.44,78.81,59.09,entsoe.eu,false,""
2024-11-05T11:00:00.000000,Spain,Spain,ES,100.49,142.04,80.42,60.78,entsoe.eu,false,""
2024-11-05T12:00:00.000000,Spain,Spain,ES,106.86,150.28,78.75,60.62,entsoe.eu,false,""
2024-11-05T13:00:00.000000,Spain,Spain,ES,112.75,157.7,77.36,60.51,entsoe.eu,false,""
2024-11-05T14:00:00.000000,Spain,Spain,ES,126.42,174.7,74.02,57.59,entsoe.eu,false,""
2024-11-05T15:00:00.000000,Spain,Spain,ES,152.94,207.16,67.37,50.51,entsoe.eu,false,""
2024-11-05T16:00:00.000000,Spain,Spain,ES,194.52,256.26,57.54,39.08,entsoe.eu,false,""
2024-11-05T17:00:00.000000,Spain,Spain,ES,222.43,289.13,50.92,32.71,entsoe.eu,false,""
2024-11-05T18:00:00.000000,Spain,Spain,ES,220.31,286.05,51.42,33.06,entsoe.eu,false,""
2024-11-05T19:00:00.000000,Spain,Spain,ES,213.78,278.24,52.86,29.97,entsoe.eu,false,""
2024-11-05T20:00:00.000000,Spain,Spain,ES,212.19,276.68,52.81,28.16,entsoe.eu,false,""
2024-11-05T21:00:00.000000,Spain,Spain,ES,206.08,269.52,54.16,27.57,entsoe.eu,false,""
2024-11-05T22:00:00.000000,Spain,Spain,ES,203.97,267.02,54.76,27.61,entsoe.eu,false,""
2024-11-05T23:00:00.000000,Spain,Spain,ES,183.88,241.45,60.29,28.3,entsoe.eu,false,""
2024-11-06T00:00:00.000000,Spain,Spain,ES,170.13,223.9,63.99,28.98,entsoe.eu,false,""
2024-11-06T01:00:00.000000,Spain,Spain,ES,169.17,223.07,64.27,28.26,entsoe.eu,false,""
2024-11-06T02:00:00.000000,Spain,Spain,ES,171.77,225.68,64.06,27.94,entsoe.eu,false,""
2024-11-06T03:00:00.000000,Spain,Spain,ES,171.62,225.49,64.08,28.03,entsoe.eu,false,""
2024-11-06T04:00:00.000000,Spain,Spain,ES,172.78,227.76,63.03,28.26,entsoe.eu,false,""
2024-11-06T05:00:00.000000,Spain,Spain,ES,161.52,215.66,64.14,30.71,entsoe.eu,false,""
2024-11-06T06:00:00.000000,Spain,Spain,ES,154.01,205.68,65.85,37.33,entsoe.eu,false,""
2024-11-06T07:00:00.000000,Spain,Spain,ES,159.9,213.16,64.55,43.0,entsoe.eu,false,""
2024-11-06T08:00:00.000000,Spain,Spain,ES,135.38,185.8,70.01,51.87,entsoe.eu,false,""
2024-11-06T09:00:00.000000,Spain,Spain,ES,104.58,149.7,77.36,60.84,entsoe.eu,false,""
2024-11-06T10:00:00.000000,Spain,Spain,ES,93.29,135.77,80.4,64.26,entsoe.eu,false,""
2024-11-06T11:00:00.000000,Spain,Spain,ES,92.36,134.62,80.72,64.76,entsoe.eu,false,""
2024-11-06T12:00:00.000000,Spain,Spain,ES,90.13,131.98,81.16,65.56,entsoe.eu,false,""
2024-11-06T13:00:00.000000,Spain,Spain,ES,88.26,129.69,81.62,66.04,entsoe.eu,false,""
2024-11-06T14:00:00.000000,Spain,Spain,ES,88.24,129.6,81.62,65.99,entsoe.eu,false,""
2024-11-06T15:00:00.000000,Spain,Spain,ES,107.8,153.68,76.63,60.74,entsoe.eu,false,""
2024-11-06T16:00:00.000000,Spain,Spain,ES,162.25,219.03,63.53,46.04,entsoe.eu,false,""
2024-11-06T17:00:00.000000,Spain,Spain,ES,185.17,244.38,58.36,39.75,entsoe.eu,false,""
2024-11-06T18:00:00.000000,Spain,Spain,ES,176.61,233.1,60.54,41.47,entsoe.eu,false,""
2024-11-06T19:00:00.000000,Spain,Spain,ES,170.13,225.53,61.68,40.81,entsoe.eu,false,""
2024-11-06T20:00:00.000000,Spain,Spain,ES,162.55,216.58,63.06,39.13,entsoe.eu,false,""
2024-11-06T21:00:00.000000,Spain,Spain,ES,164.67,219.8,62.6,36.82,entsoe.eu,false,""
2024-11-06T22:00:00.000000,Spain,Spain,ES,145.65,196.13,67.45,38.31,entsoe.eu,false,""
2024-11-06T23:00:00.000000,Spain,Spain,ES,135.02,182.83,70.17,38.77,entsoe.eu,false,""
2024-11-07T00:00:00.000000,Spain,Spain,ES,129.55,175.45,71.8,39.03,entsoe.eu,false,""
2024-11-07T01:00:00.000000,Spain,Spain,ES,127.7,172.69,72.6,39.01,entsoe.eu,false,""
2024-11-07T02:00:00.000000,Spain,Spain,ES,132.78,179.09,71.52,37.2,entsoe.eu,false,""
2024-11-07T03:00:00.000000,Spain,Spain,ES,134.76,182.04,70.87,36.96,entsoe.eu,false,""
2024-11-07T04:00:00.000000,Spain,Spain,ES,135.51,182.82,70.67,37.41,entsoe.eu,false,""
2024-11-07T05:00:00.000000,Spain,Spain,ES,131.65,178.23,71.16,38.74,entsoe.eu,false,""
2024-11-07T06:00:00.000000,Spain,Spain,ES,130.85,176.5,71.28,44.08,entsoe.eu,false,""
2024-11-07T07:00:00.000000,Spain,Spain,ES,131.49,177.71,70.87,47.77,entsoe.eu,false,""
2024-11-07T08:00:00.000000,Spain,Spain,ES,115.17,159.97,74.62,55.89,entsoe.eu,false,""
2024-11-07T09:00:00.000000,Spain,Spain,ES,98.96,142.17,78.67,62.02,entsoe.eu,false,""
2024-11-07T10:00:00.000000,Spain,Spain,ES,91.4,133.04,80.88,64.77,entsoe.eu,false,""
2024-11-07T11:00:00.000000,Spain,Spain,ES,86.7,127.34,82.1,66.01,entsoe.eu,false,""
2024-11-07T12:00:00.000000,Spain,Spain,ES,88.22,129.22,81.71,65.68,entsoe.eu,false,""
2024-11-07T13:00:00.000000,Spain,Spain,ES,90.19,131.7,81.23,65.32,entsoe.eu,false,""
2024-11-07T14:00:00.000000,Spain,Spain,ES,99.05,142.48,79.03,63.26,entsoe.eu,false,""
2024-11-07T15:00:00.000000,Spain,Spain,ES,120.45,168.57,73.74,56.97,entsoe.eu,false,""
2024-11-07T16:00:00.000000,Spain,Spain,ES,163.24,219.37,63.15,44.49,entsoe.eu,false,""
2024-11-07T17:00:00.000000,Spain,Spain,ES,177.12,234.73,59.79,40.14,entsoe.eu,false,""
2024-11-07T18:00:00.000000,Spain,Spain,ES,162.39,215.68,63.54,42.15,entsoe.eu,false,""
2024-11-07T19:00:00.000000,Spain,Spain,ES,151.04,201.26,66.31,42.13,entsoe.eu,false,""
2024-11-07T20:00:00.000000,Spain,Spain,ES,146.46,195.83,67.28,42.13,entsoe.eu,false,""
2024-11-07T21:00:00.000000,Spain,Spain,ES,154.8,206.93,65.15,40.38,entsoe.eu,false,""
2024-11-07T22:00:00.000000,Spain,Spain,ES,147.52,198.06,67.1,42.7,entsoe.eu,false,""
2024-11-07T23:00:00.000000,Spain,Spain,ES,146.64,197.7,67.43,41.36,entsoe.eu,false,""
2024-11-08T00:00:00.000000,Spain,Spain,ES,151.75,204.14,66.47,38.93,entsoe.eu,false,""
2024-11-08T01:00:00.000000,Spain,Spain,ES,138.85,187.46,69.8,37.83,entsoe.eu,false,""
2024-11-08T02:00:00.000000,Spain,Spain,ES,137.16,184.79,70.43,38.31,entsoe.eu,false,""
2024-11-08T03:00:00.000000,Spain,Spain,ES,137.84,186.15,70.0,37.94,entsoe.eu,false,""
2024-11-08T04:00:00.000000,Spain,Spain,ES,142.38,191.48,69.03,37.54,entsoe.eu,false,""
2024-11-08T05:00:00.000000,Spain,Spain,ES,147.91,198.55,67.32,38.26,entsoe.eu,false,""
2024-11-08T06:00:00.000000,Spain,Spain,ES,145.78,194.64,67.96,42.56,entsoe.eu,false,""
2024-11-08T07:00:00.000000,Spain,Spain,ES,142.89,190.69,68.75,47.14,entsoe.eu,false,""
2024-11-08T08:00:00.000000,Spain,Spain,ES,133.62,180.01,71.02,49.95,entsoe.eu,false,""
2024-11-08T09:00:00.000000,Spain,Spain,ES,131.84,179.11,71.26,50.38,entsoe.eu,false,""
2024-11-08T10:00:00.000000,Spain,Spain,ES,120.99,165.83,73.97,53.11,entsoe.eu,false,""
2024-11-08T11:00:00.000000,Spain,Spain,ES,109.43,152.07,76.8,54.85,entsoe.eu,false,""
2024-11-08T12:00:00.000000,Spain,Spain,ES,109.21,152.34,76.73,52.76,entsoe.eu,false,""
2024-11-08T13:00:00.000000,Spain,Spain,ES,113.54,157.92,75.88,54.05,entsoe.eu,false,""
2024-11-08T14:00:00.000000,Spain,Spain,ES,123.44,169.57,73.45,52.01,entsoe.eu,false,""
2024-11-08T15:00:00.000000,Spain,Spain,ES,147.88,198.81,67.92,46.57,entsoe.eu,false,""
2024-11-08T16:00:00.000000,Spain,Spain,ES,177.38,233.75,61.28,40.62,entsoe.eu,false,""
2024-11-08T17:00:00.000000,Spain,Spain,ES,180.37,236.51,60.45,36.55,entsoe.eu,false,""
2024-11-08T18:00:00.000000,Spain,Spain,ES,179.69,235.45,60.56,36.0,entsoe.eu,false,""
2024-11-08T19:00:00.000000,Spain,Spain,ES,177.79,233.04,60.97,36.02,entsoe.eu,false,""
2024-11-08T20:00:00.000000,Spain,Spain,ES,174.4,229.09,61.69,36.34,entsoe.eu,false,""
2024-11-08T21:00:00.000000,Spain,Spain,ES,164.69,217.27,63.92,37.62,entsoe.eu,false,""
2024-11-08T22:00:00.000000,Spain,Spain,ES,155.86,206.98,65.83,38.85,entsoe.eu,false,""
2024-11-08T23:00:00.000000,Spain,Spain,ES,142.67,191.05,68.8,39.31,entsoe.eu,false,""
2024-11-09T00:00:00.000000,Spain,Spain,ES,133.29,179.65,71.02,39.35,entsoe.eu,false,""
2024-11-09T01:00:00.000000,Spain,Spain,ES,131.5,177.84,71.46,38.96,entsoe.eu,false,""
2024-11-09T02:00:00.000000,Spain,Spain,ES,134.94,181.72,70.81,38.53,entsoe.eu,false,""
2024-11-09T03:00:00.000000,Spain,Spain,ES,137.88,185.28,70.26,37.46,entsoe.eu,false,""
2024-11-09T04:00:00.000000,Spain,Spain,ES,140.86,188.96,69.65,37.73,entsoe.eu,false,""
2024-11-09T05:00:00.000000,Spain,Spain,ES,147.9,197.77,67.85,38.31,entsoe.eu,false,""
2024-11-09T06:00:00.000000,Spain,Spain,ES,143.15,191.75,68.84,38.04,entsoe.eu,false,""
2024-11-09T07:00:00.000000,Spain,Spain,ES,129.46,174.61,72.1,42.05,entsoe.eu,false,""
2024-11-09T08:00:00.000000,Spain,Spain,ES,116.28,159.86,74.75,49.29,entsoe.eu,false,""
2024-11-09T09:00:00.000000,Spain,Spain,ES,108.56,151.66,76.44,54.76,entsoe.eu,false,""
2024-11-09T10:00:00.000000,Spain,Spain,ES,96.13,136.99,79.6,59.93,entsoe.eu,false,""
2024-11-09T11:00:00.000000,Spain,Spain,ES,84.59,123.79,82.45,63.73,entsoe.eu,false,""
2024-11-09T12:00:00.000000,Spain,Spain,ES,78.98,117.18,83.7,65.48,entsoe.eu,false,""
2024-11-09T13:00:00.000000,Spain,Spain,ES,77.65,115.29,83.92,66.16,entsoe.eu,false,""
2024-11-09T14:00:00.000000,Spain,Spain,ES,72.83,109.06,85.1,67.48,entsoe.eu,false,""
2024-11-09T15:00:00.000000,Spain,Spain,ES,84.3,122.73,82.35,64.22,entsoe.eu,false,""
2024-11-09T16:00:00.000000,Spain,Spain,ES,116.81,160.94,74.58,54.3,entsoe.eu,false,""
2024-11-09T17:00:00.000000,Spain,Spain,ES,136.89,183.1,69.98,48.77,entsoe.eu,false,""
2024-11-09T18:00:00.000000,Spain,Spain,ES,136.55,182.32,70.06,49.33,entsoe.eu,false,""
2024-11-09T19:00:00.000000,Spain,Spain,ES,131.75,177.13,70.89,49.17,entsoe.eu,false,""
2024-11-09T20:00:00.000000,Spain,Spain,ES,121.92,165.15,73.07,49.21,entsoe.eu,false,""
2024-11-09T21:00:00.000000,Spain,Spain,ES,123.77,167.87,72.67,50.0,entsoe.eu,false,""
2024-11-09T22:00:00.000000,Spain,Spain,ES,117.66,160.41,74.27,51.78,entsoe.eu,false,""
2024-11-09T23:00:00.000000,Spain,Spain,ES,124.33,168.35,72.94,50.17,entsoe.eu,false,""
2024-11-10T00:00:00.000000,Spain,Spain,ES,130.71,176.09,71.72,48.26,entsoe.eu,false,""
2024-11-10T01:00:00.000000,Spain,Spain,ES,134.0,180.08,71.2,46.64,entsoe.eu,false,""
2024-11-10T02:00:00.000000,Spain,Spain,ES,135.74,182.12,71.08,45.48,entsoe.eu,false,""
2024-11-10T03:00:00.000000,Spain,Spain,ES,135.67,182.39,70.91,45.23,entsoe.eu,false,""
2024-11-10T04:00:00.000000,Spain,Spain,ES,133.36,179.36,71.41,45.94,entsoe.eu,false,""
2024-11-10T05:00:00.000000,Spain,Spain,ES,135.67,182.37,70.8,45.02,entsoe.eu,false,""
2024-11-10T06:00:00.000000,Spain,Spain,ES,132.36,178.63,71.3,45.66,entsoe.eu,false,""
2024-11-10T07:00:00.000000,Spain,Spain,ES,126.98,172.77,72.26,47.77,entsoe.eu,false,""
2024-11-10T08:00:00.000000,Spain,Spain,ES,89.74,128.83,80.88,59.14,entsoe.eu,false,""
2024-11-10T09:00:00.000000,Spain,Spain,ES,66.95,102.33,86.14,66.36,entsoe.eu,false,""
2024-11-10T10:00:00.000000,Spain,Spain,ES,59.02,92.58,88.34,68.98,entsoe.eu,false,""
2024-11-10T11:00:00.000000,Spain,Spain,ES,57.02,89.37,89.29,70.12,entsoe.eu,false,""
2024-11-10T12:00:00.000000,Spain,Spain,ES,58.12,90.57,89.09,70.13,entsoe.eu,false,""
2024-11-10T13:00:00.000000,Spain,Spain,ES,58.04,90.41,88.8,69.99,entsoe.eu,false,""
2024-11-10T14:00:00.000000,Spain,Spain,ES,57.72,90.02,88.5,69.2,entsoe.eu,false,""
2024-11-10T15:00:00.000000,Spain,Spain,ES,71.74,106.8,85.08,64.68,entsoe.eu,false,""
2024-11-10T16:00:00.000000,Spain,Spain,ES,97.64,136.84,79.03,56.21,entsoe.eu,false,""
2024-11-10T17:00:00.000000,Spain,Spain,ES,112.62,152.98,75.67,51.74,entsoe.eu,false,""
2024-11-10T18:00:00.000000,Spain,Spain,ES,105.12,143.46,77.21,54.25,entsoe.eu,false,""
2024-11-10T19:00:00.000000,Spain,Spain,ES,99.87,136.98,78.52,55.34,entsoe.eu,false,""
2024-11-10T20:00:00.000000,Spain,Spain,ES,103.66,141.97,77.58,53.53,entsoe.eu,false,""
2024-11-10T21:00:00.000000,Spain,Spain,ES,111.2,151.17,76.08,52.15,entsoe.eu,false,""
2024-11-10T22:00:00.000000,Spain,Spain,ES,112.43,152.37,76.0,52.02,entsoe.eu,false,""
2024-11-10T23:00:00.000000,Spain,Spain,ES,119.27,160.93,74.7,50.79,entsoe.eu,false,""
2024-11-11T00:00:00.000000,Spain,Spain,ES,120.57,162.92,74.35,50.32,entsoe.eu,false,""
2024-11-11T01:00:00.000000,Spain,Spain,ES,120.3,162.7,74.38,50.13,entsoe.eu,false,""
2024-11-11T02:00:00.000000,Spain,Spain,ES,120.06,162.25,74.5,49.84,entsoe.eu,false,""
2024-11-11T03:00:00.000000,Spain,Spain,ES,121.03,163.49,74.22,49.05,entsoe.eu,false,""
2024-11-11T04:00:00.000000,Spain,Spain,ES,125.57,168.52,73.51,48.15,entsoe.eu,false,""
2024-11-11T05:00:00.000000,Spain,Spain,ES,118.82,160.29,74.96,50.09,entsoe.eu,false,""
2024-11-11T06:00:00.000000,Spain,Spain,ES,112.45,151.93,76.25,51.85,entsoe.eu,false,""
2024-11-11T07:00:00.000000,Spain,Spain,ES,100.74,137.98,78.54,56.17,entsoe.eu,false,""
2024-11-11T08:00:00.000000,Spain,Spain,ES,71.17,104.44,85.13,67.25,entsoe.eu,false,""
2024-11-11T09:00:00.000000,Spain,Spain,ES,57.98,90.18,88.5,73.01,entsoe.eu,false,""
2024-11-11T10:00:00.000000,Spain,Spain,ES,55.98,87.54,89.31,73.95,entsoe.eu,false,""
2024-11-11T11:00:00.000000,Spain,Spain,ES,55.99,87.57,89.38,74.07,entsoe.eu,false,""
2024-11-11T12:00:00.000000,Spain,Spain,ES,54.69,85.7,89.65,74.41,entsoe.eu,false,""
2024-11-11T13:00:00.000000,Spain,Spain,ES,53.81,84.33,89.86,74.69,entsoe.eu,false,""
2024-11-11T14:00:00.000000,Spain,Spain,ES,55.52,86.5,89.27,73.98,entsoe.eu,false,""
2024-11-11T15:00:00.000000,Spain,Spain,ES,59.21,90.47,88.37,73.02,entsoe.eu,false,""
2024-11-11T16:00:00.000000,Spain,Spain,ES,83.43,118.21,82.57,65.57,entsoe.eu,false,""
2024-11-11T17:00:00.000000,Spain,Spain,ES,92.83,128.06,80.09,62.23,entsoe.eu,false,""
2024-11-11T18:00:00.000000,Spain,Spain,ES,90.93,125.56,80.57,63.25,entsoe.eu,false,""
2024-11-11T19:00:00.000000,Spain,Spain,ES,90.46,125.09,80.54,63.48,entsoe.eu,false,""
2024-11-11T20:00:00.000000,Spain,Spain,ES,88.8,122.94,80.91,62.4,entsoe.eu,false,""
2024-11-11T21:00:00.000000,Spain,Spain,ES,89.6,123.8,81.15,62.91,entsoe.eu,false,""
2024-11-11T22:00:00.000000,Spain,Spain,ES,88.95,122.8,81.73,62.89,entsoe.eu,false,""
2024-11-11T23:00:00.000000,Spain,Spain,ES,82.01,114.83,83.06,63.89,entsoe.eu,false,""
2024-11-12T00:00:00.000000,Spain,Spain,ES,71.55,101.89,85.46,65.94,entsoe.eu,false,""
2024-11-12T01:00:00.000000,Spain,Spain,ES,71.42,101.84,85.55,65.51,entsoe.eu,false,""
2024-11-12T02:00:00.000000,Spain,Spain,ES,70.63,100.88,85.7,65.61,entsoe.eu,false,""
2024-11-12T03:00:00.000000,Spain,Spain,ES,70.89,101.38,85.62,65.06,entsoe.eu,false,""
2024-11-12T04:00:00.000000,Spain,Spain,ES,71.46,102.14,85.47,65.14,entsoe.eu,false,""
2024-11-12T05:00:00.000000,Spain,Spain,ES,73.29,103.8,85.26,66.14,entsoe.eu,false,""
2024-11-12T06:00:00.000000,Spain,Spain,ES,80.11,112.02,83.54,65.51,entsoe.eu,false,""
2024-11-12T07:00:00.000000,Spain,Spain,ES,83.0,115.73,82.73,65.37,entsoe.eu,false,""
2024-11-12T08:00:00.000000,Spain,Spain,ES,63.07,94.24,87.0,71.32,entsoe.eu,false,""
2024-11-12T09:00:00.000000,Spain,Spain,ES,49.45,79.07,90.34,75.53,entsoe.eu,false,""
2024-11-12T10:00:00.000000,Spain,Spain,ES,49.89,79.82,90.39,75.46,entsoe.eu,false,""
2024-11-12T11:00:00.000000,Spain,Spain,ES,52.86,83.41,89.92,74.92,entsoe.eu,false,""
2024-11-12T12:00:00.000000,Spain,Spain,ES,54.72,85.53,89.6,74.68,entsoe.eu,false,""
2024-11-12T13:00:00.000000,Spain,Spain,ES,57.5,89.01,88.9,74.08,entsoe.eu,false,""
2024-11-12T14:00:00.000000,Spain,Spain,ES,56.32,87.4,88.94,73.91,entsoe.eu,false,""
2024-11-12T15:00:00.000000,Spain,Spain,ES,62.63,94.75,87.09,71.55,entsoe.eu,false,""
2024-11-12T16:00:00.000000,Spain,Spain,ES,83.45,118.83,82.0,65.91,entsoe.eu,false,""
2024-11-12T17:00:00.000000,Spain,Spain,ES,101.56,139.7,77.69,61.19,entsoe.eu,false,""
2024-11-12T18:00:00.000000,Spain,Spain,ES,110.68,150.92,75.47,59.2,entsoe.eu,false,""
2024-11-12T19:00:00.000000,Spain,Spain,ES,111.43,151.71,75.34,58.65,entsoe.eu,false,""
2024-11-12T20:00:00.000000,Spain,Spain,ES,112.79,153.4,75.05,58.01,entsoe.eu,false,""
2024-11-12T21:00:00.000000,Spain,Spain,ES,107.36,146.71,76.55,58.14,entsoe.eu,false,""
2024-11-12T22:00:00.000000,Spain,Spain,ES,104.46,143.01,77.49,57.43,entsoe.eu,false,""
2024-11-12T23:00:00.000000,Spain,Spain,ES,104.96,143.86,77.61,55.86,entsoe.eu,false,""
2024-11-13T00:00:00.000000,Spain,Spain,ES,107.11,146.89,77.19,54.21,entsoe.eu,false,""
2024-11-13T01:00:00.000000,Spain,Spain,ES,113.33,154.63,75.97,52.03,entsoe.eu,false,""
2024-11-13T02:00:00.000000,Spain,Spain,ES,106.1,145.85,77.6,53.01,entsoe.eu,false,""
2024-11-13T03:00:00.000000,Spain,Spain,ES,102.74,141.65,78.29,54.55,entsoe.eu,false,""
2024-11-13T04:00:00.000000,Spain,Spain,ES,104.24,143.61,77.83,55.46,entsoe.eu,false,""
2024-11-13T05:00:00.000000,Spain,Spain,ES,106.88,146.94,77.03,55.98,entsoe.eu,false,""
2024-11-13T06:00:00.000000,Spain,Spain,ES,108.97,149.69,76.1,56.85,entsoe.eu,false,""
2024-11-13T07:00:00.000000,Spain,Spain,ES,111.12,151.86,75.47,57.37,entsoe.eu,false,""
2024-11-13T08:00:00.000000,Spain,Spain,ES,109.98,151.64,75.65,58.55,entsoe.eu,false,""
2024-11-13T09:00:00.000000,Spain,Spain,ES,93.4,131.75,79.94,63.51,entsoe.eu,false,""
2024-11-13T10:00:00.000000,Spain,Spain,ES,90.02,127.11,80.92,64.67,entsoe.eu,false,""
2024-11-13T11:00:00.000000,Spain,Spain,ES,87.68,123.92,81.69,65.49,entsoe.eu,false,""
2024-11-13T12:00:00.000000,Spain,Spain,ES,86.13,121.86,82.29,66.33,entsoe.eu,false,""
2024-11-13T13:00:00.000000,Spain,Spain,ES,91.12,127.25,81.34,65.17,entsoe.eu,false,""
2024-11-13T14:00:00.000000,Spain,Spain,ES,93.85,130.08,80.74,64.08,entsoe.eu,false,""
2024-11-13T15:00:00.000000,Spain,Spain,ES,99.64,136.44,79.69,62.59,entsoe.eu,false,""
2024-11-13T16:00:00.000000,Spain,Spain,ES,113.25,152.48,76.58,59.5,entsoe.eu,false,""
2024-11-13T17:00:00.000000,Spain,Spain,ES,125.38,167.41,73.56,56.99,entsoe.eu,false,""
2024-11-13T18:00:00.000000,Spain,Spain,ES,123.86,165.47,73.86,57.71,entsoe.eu,false,""
2024-11-13T19:00:00.000000,Spain,Spain,ES,125.54,167.61,73.51,57.55,entsoe.eu,false,""
2024-11-13T20:00:00.000000,Spain,Spain,ES,124.36,166.07,73.87,56.13,entsoe.eu,false,""
2024-11-13T21:00:00.000000,Spain,Spain,ES,114.79,154.27,76.34,57.89,entsoe.eu,false,""
2024-11-13T22:00:00.000000,Spain,Spain,ES,105.57,142.74,78.9,59.21,entsoe.eu,false,""
2024-11-13T23:00:00.000000,Spain,Spain,ES,102.7,139.12,79.84,59.59,entsoe.eu,false,""
2024-11-14T00:00:00.000000,Spain,Spain,ES,104.0,140.74,79.67,58.94,entsoe.eu,false,""
2024-11-14T01:00:00.000000,Spain,Spain,ES,108.13,145.98,78.82,57.05,entsoe.eu,false,""
2024-11-14T02:00:00.000000,Spain,Spain,ES,113.55,152.72,77.67,54.02,entsoe.eu,false,""
2024-11-14T03:00:00.000000,Spain,Spain,ES,117.05,156.96,76.94,51.98,entsoe.eu,false,""
2024-11-14T04:00:00.000000,Spain,Spain,ES,124.38,166.54,75.06,51.89,entsoe.eu,false,""
2024-11-14T05:00:00.000000,Spain,Spain,ES,126.41,168.55,74.35,52.11,entsoe.eu,false,""
2024-11-14T06:00:00.000000,Spain,Spain,ES,126.15,168.52,73.88,53.95,entsoe.eu,false,""
2024-11-14T07:00:00.000000,Spain,Spain,ES,130.07,173.7,72.66,53.82,entsoe.eu,false,""
2024-11-14T08:00:00.000000,Spain,Spain,ES,125.29,168.75,73.58,55.78,entsoe.eu,false,""
2024-11-14T09:00:00.000000,Spain,Spain,ES,119.95,162.49,75.14,57.46,entsoe.eu,false,""
2024-11-14T10:00:00.000000,Spain,Spain,ES,121.86,164.77,75.21,57.36,entsoe.eu,false,""
2024-11-14T11:00:00.000000,Spain,Spain,ES,125.33,169.6,74.5,56.82,entsoe.eu,false,""
2024-11-14T12:00:00.000000,Spain,Spain,ES,127.65,172.25,74.0,55.95,entsoe.eu,false,""
2024-11-14T13:00:00.000000,Spain,Spain,ES,128.01,172.6,73.92,56.12,entsoe.eu,false,""
2024-11-14T14:00:00.000000,Spain,Spain,ES,138.73,185.39,71.41,53.63,entsoe.eu,false,""
2024-11-14T15:00:00.000000,Spain,Spain,ES,153.7,203.31,67.95,50.38,entsoe.eu,false,""
2024-11-14T16:00:00.000000,Spain,Spain,ES,164.01,214.87,65.73,48.04,entsoe.eu,false,""
2024-11-14T17:00:00.000000,Spain,Spain,ES,165.36,215.98,65.27,48.32,entsoe.eu,false,""
2024-11-14T18:00:00.000000,Spain,Spain,ES,163.52,213.92,65.38,48.93,entsoe.eu,false,""
2024-11-14T19:00:00.000000,Spain,Spain,ES,153.9,202.1,67.45,48.54,entsoe.eu,false,""
2024-11-14T20:00:00.000000,Spain,Spain,ES,146.87,193.95,68.7,45.76,entsoe.eu,false,""
2024-11-14T21:00:00.000000,Spain,Spain,ES,151.32,200.17,67.6,43.28,entsoe.eu,false,""
2024-11-14T22:00:00.000000,Spain,Spain,ES,148.82,197.17,68.44,44.68,entsoe.eu,false,""
2024-11-14T23:00:00.000000,Spain,Spain,ES,143.22,190.22,70.07,43.67,entsoe.eu,false,""
2024-11-15T00:00:00.000000,Spain,Spain,ES,141.64,188.36,70.71,43.74,entsoe.eu,false,""
2024-11-15T01:00:00.000000,Spain,Spain,ES,148.12,196.53,69.41,43.12,entsoe.eu,false,""
2024-11-15T02:00:00.000000,Spain,Spain,ES,147.02,195.28,69.53,41.85,entsoe.eu,false,""
2024-11-15T03:00:00.000000,Spain,Spain,ES,145.61,193.68,69.71,40.57,entsoe.eu,false,""
2024-11-15T04:00:00.000000,Spain,Spain,ES,148.8,197.31,69.16,40.19,entsoe.eu,false,""
2024-11-15T05:00:00.000000,Spain,Spain,ES,163.3,215.4,65.52,40.8,entsoe.eu,false,""
2024-11-15T06:00:00.000000,Spain,Spain,ES,159.9,210.66,66.09,46.51,entsoe.eu,false,""
2024-11-15T07:00:00.000000,Spain,Spain,ES,159.16,209.2,66.41,48.16,entsoe.eu,false,""
2024-11-15T08:00:00.000000,Spain,Spain,ES,151.54,200.65,68.29,50.33,entsoe.eu,false,""
2024-11-15T09:00:00.000000,Spain,Spain,ES,137.87,185.18,71.4,53.74,entsoe.eu,false,""
2024-11-15T10:00:00.000000,Spain,Spain,ES,129.21,174.93,73.65,56.56,entsoe.eu,false,""
2024-11-15T11:00:00.000000,Spain,Spain,ES,125.99,171.33,74.55,57.84,entsoe.eu,false,""
2024-11-15T12:00:00.000000,Spain,Spain,ES,128.07,174.34,73.93,57.39,entsoe.eu,false,""
2024-11-15T13:00:00.000000,Spain,Spain,ES,124.45,169.92,74.92,57.96,entsoe.eu,false,""
2024-11-15T14:00:00.000000,Spain,Spain,ES,125.88,170.61,74.48,56.87,entsoe.eu,false,""
2024-11-15T15:00:00.000000,Spain,Spain,ES,142.89,190.02,70.54,51.83,entsoe.eu,false,""
2024-11-15T16:00:00.000000,Spain,Spain,ES,163.64,214.17,66.07,47.03,entsoe.eu,false,""
2024-11-15T17:00:00.000000,Spain,Spain,ES,168.43,219.51,64.85,44.81,entsoe.eu,false,""
2024-11-15T18:00:00.000000,Spain,Spain,ES,162.68,212.37,66.09,43.16,entsoe.eu,false,""
2024-11-15T19:00:00.000000,Spain,Spain,ES,153.37,201.03,67.95,42.89,entsoe.eu,false,""
2024-11-15T20:00:00.000000,Spain,Spain,ES,147.05,193.85,69.02,43.4,entsoe.eu,false,""
2024-11-15T21:00:00.000000,Spain,Spain,ES,141.11,186.55,70.69,43.99,entsoe.eu,false,""
2024-11-15T22:00:00.000000,Spain,Spain,ES,134.02,178.08,72.49,44.77,entsoe.eu,false,""
2024-11-15T23:00:00.000000,Spain,Spain,ES,132.94,176.69,72.91,46.19,entsoe.eu,false,""
2024-11-16T00:00:00.000000,Spain,Spain,ES,128.95,172.47,73.34,46.2,entsoe.eu,false,""
2024-11-16T01:00:00.000000,Spain,Spain,ES,129.02,174.95,71.87,44.27,entsoe.eu,false,""
2024-11-16T02:00:00.000000,Spain,Spain,ES,131.07,177.06,71.65,42.14,entsoe.eu,false,""
2024-11-16T03:00:00.000000,Spain,Spain,ES,129.55,175.32,71.94,41.85,entsoe.eu,false,""
2024-11-16T04:00:00.000000,Spain,Spain,ES,122.66,166.76,73.52,41.91,entsoe.eu,false,""
2024-11-16T05:00:00.000000,Spain,Spain,ES,126.55,171.98,72.41,42.5,entsoe.eu,false,""
2024-11-16T06:00:00.000000,Spain,Spain,ES,123.43,168.09,73.1,43.55,entsoe.eu,false,""
2024-11-16T07:00:00.000000,Spain,Spain,ES,111.57,152.83,75.98,47.56,entsoe.eu,false,""
2024-11-16T08:00:00.000000,Spain,Spain,ES,99.81,138.85,78.7,54.97,entsoe.eu,false,""
2024-11-16T09:00:00.000000,Spain,Spain,ES,96.1,135.69,79.42,59.06,entsoe.eu,false,""
2024-11-16T10:00:00.000000,Spain,Spain,ES,90.41,130.03,80.76,60.91,entsoe.eu,false,""
2024-11-16T11:00:00.000000,Spain,Spain,ES,84.34,123.51,82.21,62.44,entsoe.eu,false,""
2024-11-16T12:00:00.000000,Spain,Spain,ES,81.23,120.4,83.28,64.04,entsoe.eu,false,""
2024-11-16T13:00:00.000000,Spain,Spain,ES,81.98,121.06,83.3,63.44,entsoe.eu,false,""
2024-11-16T14:00:00.000000,Spain,Spain,ES,86.64,126.6,81.85,61.25,entsoe.eu,false,""
2024-11-16T15:00:00.000000,Spain,Spain,ES,104.66,148.2,77.37,53.36,entsoe.eu,false,""
2024-11-16T16:00:00.000000,Spain,Spain,ES,137.16,186.32,69.66,43.07,entsoe.eu,false,""
2024-11-16T17:00:00.000000,Spain,Spain,ES,157.48,210.07,64.89,38.83,entsoe.eu,false,""
2024-11-16T18:00:00.000000,Spain,Spain,ES,142.54,191.08,68.49,42.15,entsoe.eu,false,""
2024-11-16T19:00:00.000000,Spain,Spain,ES,134.19,180.59,70.45,42.53,entsoe.eu,false,""
2024-11-16T20:00:00.000000,Spain,Spain,ES,135.1,181.78,70.28,41.79,entsoe.eu,false,""
2024-11-16T21:00:00.000000,Spain,Spain,ES,138.32,186.3,69.53,40.33,entsoe.eu,false,""
2024-11-16T22:00:00.000000,Spain,Spain,ES,142.49,192.21,68.46,37.95,entsoe.eu,false,""
2024-11-16T23:00:00.000000,Spain,Spain,ES,144.67,194.93,68.06,33.99,entsoe.eu,false,""
2024-11-17T00:00:00.000000,Spain,Spain,ES,147.58,198.77,67.52,31.55,entsoe.eu,false,""
2024-11-17T01:00:00.000000,Spain,Spain,ES,146.77,198.02,67.75,29.79,entsoe.eu,false,""
2024-11-17T02:00:00.000000,Spain,Spain,ES,147.49,198.94,67.57,29.29,entsoe.eu,false,""
2024-11-17T03:00:00.000000,Spain,Spain,ES,149.88,201.9,67.05,29.11,entsoe.eu,false,""
2024-11-17T04:00:00.000000,Spain,Spain,ES,147.85,199.36,67.52,29.6,entsoe.eu,false,""
2024-11-17T05:00:00.000000,Spain,Spain,ES,144.45,195.02,68.29,30.51,entsoe.eu,false,""
2024-11-17T06:00:00.000000,Spain,Spain,ES,146.58,197.64,67.7,31.3,entsoe.eu,false,""
2024-11-17T07:00:00.000000,Spain,Spain,ES,143.81,194.24,68.33,32.74,entsoe.eu,false,""
2024-11-17T08:00:00.000000,Spain,Spain,ES,121.77,168.19,73.4,42.17,entsoe.eu,false,""
2024-11-17T09:00:00.000000,Spain,Spain,ES,95.71,137.27,79.45,51.68,entsoe.eu,false,""
2024-11-17T10:00:00.000000,Spain,Spain,ES,93.33,135.0,79.96,54.74,entsoe.eu,false,""
2024-11-17T11:00:00.000000,Spain,Spain,ES,94.44,136.27,80.1,55.81,entsoe.eu,false,""
2024-11-17T12:00:00.000000,Spain,Spain,ES,92.22,133.47,80.59,55.19,entsoe.eu,false,""
2024-11-17T13:00:00.000000,Spain,Spain,ES,93.12,135.06,80.01,54.26,entsoe.eu,false,""
2024-11-17T14:00:00.000000,Spain,Spain,ES,96.58,139.07,79.04,52.2,entsoe.eu,false,""
2024-11-17T15:00:00.000000,Spain,Spain,ES,115.15,161.02,74.71,45.68,entsoe.eu,false,""
2024-11-17T16:00:00.000000,Spain,Spain,ES,147.28,197.89,67.51,36.04,entsoe.eu,false,""
2024-11-17T17:00:00.000000,Spain,Spain,ES,166.12,220.31,63.02,34.29,entsoe.eu,false,""
2024-11-17T18:00:00.000000,Spain,Spain,ES,160.51,212.92,64.34,36.74,entsoe.eu,false,""
2024-11-17T19:00:00.000000,Spain,Spain,ES,155.96,207.2,65.34,37.56,entsoe.eu,false,""
2024-11-17T20:00:00.000000,Spain,Spain,ES,156.61,208.18,65.14,37.19,entsoe.eu,false,""
2024-11-17T21:00:00.000000,Spain,Spain,ES,163.28,216.81,63.62,35.12,entsoe.eu,false,""
2024-11-17T22:00:00.000000,Spain,Spain,ES,162.76,216.55,63.79,33.3,entsoe.eu,false,""
2024-11-17T23:00:00.000000,Spain,Spain,ES,177.59,235.5,60.25,29.76,entsoe.eu,false,""
2024-11-18T00:00:00.000000,Spain,Spain,ES,185.26,245.9,58.18,27.2,entsoe.eu,false,""
2024-11-18T01:00:00.000000,Spain,Spain,ES,182.04,242.19,58.96,26.76,entsoe.eu,false,""
2024-11-18T02:00:00.000000,Spain,Spain,ES,186.2,247.34,58.02,25.65,entsoe.eu,false,""
2024-11-18T03:00:00.000000,Spain,Spain,ES,184.2,244.91,58.47,26.0,entsoe.eu,false,""
2024-11-18T04:00:00.000000,Spain,Spain,ES,188.49,249.75,57.76,26.06,entsoe.eu,false,""
2024-11-18T05:00:00.000000,Spain,Spain,ES,193.9,255.26,57.19,27.87,entsoe.eu,false,""
2024-11-18T06:00:00.000000,Spain,Spain,ES,198.1,259.32,56.25,30.88,entsoe.eu,false,""
2024-11-18T07:00:00.000000,Spain,Spain,ES,191.35,250.5,57.95,34.33,entsoe.eu,false,""
2024-11-18T08:00:00.000000,Spain,Spain,ES,172.82,229.9,62.12,40.5,entsoe.eu,false,""
2024-11-18T09:00:00.000000,Spain,Spain,ES,140.75,192.63,69.24,48.71,entsoe.eu,false,""
2024-11-18T10:00:00.000000,Spain,Spain,ES,123.34,171.84,73.11,52.61,entsoe.eu,false,""
2024-11-18T11:00:00.000000,Spain,Spain,ES,121.1,169.22,73.57,52.93,entsoe.eu,false,""
2024-11-18T12:00:00.000000,Spain,Spain,ES,126.36,175.61,72.33,52.28,entsoe.eu,false,""
2024-11-18T13:00:00.000000,Spain,Spain,ES,127.55,177.27,72.0,51.6,entsoe.eu,false,""
2024-11-18T14:00:00.000000,Spain,Spain,ES,133.57,184.78,70.66,50.53,entsoe.eu,false,""
2024-11-18T15:00:00.000000,Spain,Spain,ES,161.4,217.89,64.47,44.23,entsoe.eu,false,""
2024-11-18T16:00:00.000000,Spain,Spain,ES,209.7,274.8,53.36,32.3,entsoe.eu,false,""
2024-11-18T17:00:00.000000,Spain,Spain,ES,218.27,284.04,51.2,28.91,entsoe.eu,false,""
2024-11-18T18:00:00.000000,Spain,Spain,ES,215.04,279.68,52.07,29.79,entsoe.eu,false,""
2024-11-18T19:00:00.000000,Spain,Spain,ES,217.91,283.41,51.29,29.64,entsoe.eu,false,""
2024-11-18T20:00:00.000000,Spain,Spain,ES,218.26,283.83,51.25,29.35,entsoe.eu,false,""
2024-11-18T21:00:00.000000,Spain,Spain,ES,221.45,288.1,50.69,27.65,entsoe.eu,false,""
2024-11-18T22:00:00.000000,Spain,Spain,ES,221.24,288.53,50.54,26.03,entsoe.eu,false,""
2024-11-18T23:00:00.000000,Spain,Spain,ES,216.04,282.29,51.93,26.32,entsoe.eu,false,""
2024-11-19T00:00:00.000000,Spain,Spain,ES,211.65,276.84,53.3,26.81,entsoe.eu,false,""
2024-11-19T01:00:00.000000,Spain,Spain,ES,214.68,281.57,52.1,25.41,entsoe.eu,false,""
2024-11-19T02:00:00.000000,Spain,Spain,ES,210.43,277.43,52.33,25.76,entsoe.eu,false,""
2024-11-19T03:00:00.000000,Spain,Spain,ES,193.07,255.87,56.24,28.13,entsoe.eu,false,""
2024-11-19T04:00:00.000000,Spain,Spain,ES,187.92,249.38,57.47,29.42,entsoe.eu,false,""
2024-11-19T05:00:00.000000,Spain,Spain,ES,192.13,253.6,57.05,30.59,entsoe.eu,false,""
2024-11-19T06:00:00.000000,Spain,Spain,ES,187.98,246.37,58.96,34.64,entsoe.eu,false,""
2024-11-19T07:00:00.000000,Spain,Spain,ES,183.9,241.05,59.61,37.26,entsoe.eu,false,""
2024-11-19T08:00:00.000000,Spain,Spain,ES,160.96,213.77,64.98,43.39,entsoe.eu,false,""
2024-11-19T09:00:00.000000,Spain,Spain,ES,129.47,176.27,72.56,51.23,entsoe.eu,false,""
2024-11-19T10:00:00.000000,Spain,Spain,ES,112.93,156.0,76.53,55.51,entsoe.eu,false,""
2024-11-19T11:00:00.000000,Spain,Spain,ES,100.46,141.09,79.37,58.48,entsoe.eu,false,""
2024-11-19T12:00:00.000000,Spain,Spain,ES,90.4,129.27,81.54,61.2,entsoe.eu,false,""
2024-11-19T13:00:00.000000,Spain,Spain,ES,81.76,118.58,83.58,63.95,entsoe.eu,false,""
2024-11-19T14:00:00.000000,Spain,Spain,ES,78.59,114.25,84.32,65.07,entsoe.eu,false,""
2024-11-19T15:00:00.000000,Spain,Spain,ES,97.81,137.36,79.71,61.11,entsoe.eu,false,""
2024-11-19T16:00:00.000000,Spain,Spain,ES,131.31,176.65,71.93,51.97,entsoe.eu,false,""
2024-11-19T17:00:00.000000,Spain,Spain,ES,146.93,194.83,68.25,47.98,entsoe.eu,false,""
2024-11-19T18:00:00.000000,Spain,Spain,ES,147.94,195.98,67.93,48.56,entsoe.eu,false,""
2024-11-19T19:00:00.000000,Spain,Spain,ES,138.36,183.96,70.14,50.14,entsoe.eu,false,""
2024-11-19T20:00:00.000000,Spain,Spain,ES,133.86,178.76,70.97,50.47,entsoe.eu,false,""
2024-11-19T21:00:00.000000,Spain,Spain,ES,116.0,156.98,75.14,53.25,entsoe.eu,false,""
2024-11-19T22:00:00.000000,Spain,Spain,ES,99.1,136.9,78.81,56.62,entsoe.eu,false,""
2024-11-19T23:00:00.000000,Spain,Spain,ES,86.22,120.96,81.89,59.56,entsoe.eu,false,""
2024-11-20T00:00:00.000000,Spain,Spain,ES,77.53,110.28,83.86,61.06,entsoe.eu,false,""
2024-11-20T01:00:00.000000,Spain,Spain,ES,79.2,112.07,83.53,60.93,entsoe.eu,false,""
2024-11-20T02:00:00.000000,Spain,Spain,ES,84.75,119.23,82.31,60.83,entsoe.eu,false,""
2024-11-20T03:00:00.000000,Spain,Spain,ES,82.74,116.73,82.81,61.34,entsoe.eu,false,""
2024-11-20T04:00:00.000000,Spain,Spain,ES,86.41,121.46,81.9,61.18,entsoe.eu,false,""
2024-11-20T05:00:00.000000,Spain,Spain,ES,93.87,130.66,80.03,60.07,entsoe.eu,false,""
2024-11-20T06:00:00.000000,Spain,Spain,ES,97.6,134.51,78.85,60.51,entsoe.eu,false,""
2024-11-20T07:00:00.000000,Spain,Spain,ES,97.52,134.27,78.93,61.62,entsoe.eu,false,""
2024-11-20T08:00:00.000000,Spain,Spain,ES,83.3,118.47,82.13,66.03,entsoe.eu,false,""
2024-11-20T09:00:00.000000,Spain,Spain,ES,61.64,93.23,87.35,72.68,entsoe.eu,false,""
2024-11-20T10:00:00.000000,Spain,Spain,ES,49.82,78.95,90.31,76.16,entsoe.eu,false,""
2024-11-20T11:00:00.000000,Spain,Spain,ES,48.55,77.37,90.76,76.79,entsoe.eu,false,""
2024-11-20T12:00:00.000000,Spain,Spain,ES,47.94,76.42,91.01,77.28,entsoe.eu,false,""
2024-11-20T13:00:00.000000,Spain,Spain,ES,47.57,75.93,91.06,77.3,entsoe.eu,false,""
2024-11-20T14:00:00.000000,Spain,Spain,ES,47.42,75.96,90.88,77.03,entsoe.eu,false,""
2024-11-20T15:00:00.000000,Spain,Spain,ES,58.11,89.08,87.98,73.6,entsoe.eu,false,""
2024-11-20T16:00:00.000000,Spain,Spain,ES,83.55,118.58,81.88,66.24,entsoe.eu,false,""
2024-11-20T17:00:00.000000,Spain,Spain,ES,107.45,146.66,76.33,60.53,entsoe.eu,false,""
2024-11-20T18:00:00.000000,Spain,Spain,ES,112.03,152.15,75.37,59.82,entsoe.eu,false,""
2024-11-20T19:00:00.000000,Spain,Spain,ES,107.2,146.21,76.51,60.36,entsoe.eu,false,""
2024-11-20T20:00:00.000000,Spain,Spain,ES,95.79,132.24,79.07,61.25,entsoe.eu,false,""
2024-11-20T21:00:00.000000,Spain,Spain,ES,91.39,127.05,80.16,62.87,entsoe.eu,false,""
2024-11-20T22:00:00.000000,Spain,Spain,ES,84.07,118.24,81.95,65.04,entsoe.eu,false,""
2024-11-20T23:00:00.000000,Spain,Spain,ES,73.44,104.97,84.68,66.92,entsoe.eu,false,""
2024-11-21T00:00:00.000000,Spain,Spain,ES,68.09,97.73,86.19,68.1,entsoe.eu,false,""
2024-11-21T01:00:00.000000,Spain,Spain,ES,70.58,100.61,85.69,67.73,entsoe.eu,false,""
2024-11-21T02:00:00.000000,Spain,Spain,ES,69.24,99.5,85.79,67.66,entsoe.eu,false,""
2024-11-21T03:00:00.000000,Spain,Spain,ES,69.5,100.18,85.54,67.59,entsoe.eu,false,""
2024-11-21T04:00:00.000000,Spain,Spain,ES,70.24,100.86,85.44,67.58,entsoe.eu,false,""
2024-11-21T05:00:00.000000,Spain,Spain,ES,70.67,100.92,85.43,68.05,entsoe.eu,false,""
2024-11-21T06:00:00.000000,Spain,Spain,ES,71.56,102.31,84.92,68.32,entsoe.eu,false,""
2024-11-21T07:00:00.000000,Spain,Spain,ES,69.31,99.19,85.36,69.38,entsoe.eu,false,""
2024-11-21T08:00:00.000000,Spain,Spain,ES,64.76,94.53,86.34,71.21,entsoe.eu,false,""
2024-11-21T09:00:00.000000,Spain,Spain,ES,59.52,88.98,87.56,72.9,entsoe.eu,false,""
2024-11-21T10:00:00.000000,Spain,Spain,ES,66.69,98.15,85.97,71.99,entsoe.eu,false,""
2024-11-21T11:00:00.000000,Spain,Spain,ES,63.42,94.22,86.84,73.32,entsoe.eu,false,""
2024-11-21T12:00:00.000000,Spain,Spain,ES,61.28,91.78,87.29,73.99,entsoe.eu,false,""
2024-11-21T13:00:00.000000,Spain,Spain,ES,59.51,89.47,87.72,74.42,entsoe.eu,false,""
2024-11-21T14:00:00.000000,Spain,Spain,ES,61.97,92.02,87.15,73.62,entsoe.eu,false,""
2024-11-21T15:00:00.000000,Spain,Spain,ES,61.37,90.51,87.37,73.4,entsoe.eu,false,""
2024-11-21T16:00:00.000000,Spain,Spain,ES,75.95,107.9,83.99,69.36,entsoe.eu,false,""
2024-11-21T17:00:00.000000,Spain,Spain,ES,88.94,123.72,80.89,65.97,entsoe.eu,false,""
2024-11-21T18:00:00.000000,Spain,Spain,ES,88.11,122.91,80.83,65.84,entsoe.eu,false,""
2024-11-21T19:00:00.000000,Spain,Spain,ES,92.62,128.78,79.57,64.63,entsoe.eu,false,""
2024-11-21T20:00:00.000000,Spain,Spain,ES,93.56,129.78,79.37,64.3,entsoe.eu,false,""
2024-11-21T21:00:00.000000,Spain,Spain,ES,77.11,109.48,83.43,67.79,entsoe.eu,false,""
2024-11-21T22:00:00.000000,Spain,Spain,ES,66.35,96.08,86.15,69.68,entsoe.eu,false,""
2024-11-21T23:00:00.000000,Spain,Spain,ES,62.1,90.53,87.39,70.16,entsoe.eu,false,""
2024-11-22T00:00:00.000000,Spain,Spain,ES,63.62,92.63,87.01,69.26,entsoe.eu,false,""
2024-11-22T01:00:00.000000,Spain,Spain,ES,69.22,99.82,85.72,67.69,entsoe.eu,false,""
2024-11-22T02:00:00.000000,Spain,Spain,ES,74.97,107.09,84.31,66.18,entsoe.eu,false,""
2024-11-22T03:00:00.000000,Spain,Spain,ES,73.19,104.72,84.74,66.31,entsoe.eu,false,""
2024-11-22T04:00:00.000000,Spain,Spain,ES,74.72,105.9,84.44,66.05,entsoe.eu,false,""
2024-11-22T05:00:00.000000,Spain,Spain,ES,87.6,122.23,81.26,63.46,entsoe.eu,false,""
2024-11-22T06:00:00.000000,Spain,Spain,ES,100.66,138.06,78.08,60.96,entsoe.eu,false,""
2024-11-22T07:00:00.000000,Spain,Spain,ES,108.9,148.15,76.13,59.45,entsoe.eu,false,""
2024-11-22T08:00:00.000000,Spain,Spain,ES,106.05,145.96,76.78,60.85,entsoe.eu,false,""
2024-11-22T09:00:00.000000,Spain,Spain,ES,86.66,123.24,81.43,65.86,entsoe.eu,false,""
2024-11-22T10:00:00.000000,Spain,Spain,ES,81.2,116.95,82.83,67.42,entsoe.eu,false,""
2024-11-22T11:00:00.000000,Spain,Spain,ES,74.7,109.24,84.43,68.71,entsoe.eu,false,""
2024-11-22T12:00:00.000000,Spain,Spain,ES,75.35,110.4,84.27,67.67,entsoe.eu,false,""
2024-11-22T13:00:00.000000,Spain,Spain,ES,86.23,124.29,81.68,65.33,entsoe.eu,false,""
2024-11-22T14:00:00.000000,Spain,Spain,ES,105.58,148.23,77.02,60.48,entsoe.eu,false,""
2024-11-22T15:00:00.000000,Spain,Spain,ES,138.72,188.39,69.37,52.24,entsoe.eu,false,""
2024-11-22T16:00:00.000000,Spain,Spain,ES,175.99,233.19,60.58,41.81,entsoe.eu,false,""
2024-11-22T17:00:00.000000,Spain,Spain,ES,190.13,250.42,57.07,38.41,entsoe.eu,false,""
2024-11-22T18:00:00.000000,Spain,Spain,ES,182.05,240.27,59.04,39.74,entsoe.eu,false,""
2024-11-22T19:00:00.000000,Spain,Spain,ES,172.9,228.69,61.22,40.85,entsoe.eu,false,""
2024-11-22T20:00:00.000000,Spain,Spain,ES,172.89,228.98,61.04,40.41,entsoe.eu,false,""
2024-11-22T21:00:00.000000,Spain,Spain,ES,168.85,224.61,61.74,39.73,entsoe.eu,false,""
2024-11-22T22:00:00.000000,Spain,Spain,ES,156.59,209.64,64.6,41.03,entsoe.eu,false,""
2024-11-22T23:00:00.000000,Spain,Spain,ES,133.29,180.4,70.43,44.88,entsoe.eu,false,""
2024-11-23T00:00:00.000000,Spain,Spain,ES,112.67,154.65,75.67,48.37,entsoe.eu,false,""
2024-11-23T01:00:00.000000,Spain,Spain,ES,108.94,150.15,76.7,48.48,entsoe.eu,false,""
2024-11-23T02:00:00.000000,Spain,Spain,ES,104.26,144.6,77.65,48.96,entsoe.eu,false,""
2024-11-23T03:00:00.000000,Spain,Spain,ES,100.09,138.93,78.91,50.77,entsoe.eu,false,""
2024-11-23T04:00:00.000000,Spain,Spain,ES,98.99,137.79,79.06,51.78,entsoe.eu,false,""
2024-11-23T05:00:00.000000,Spain,Spain,ES,99.04,137.76,78.99,51.91,entsoe.eu,false,""
2024-11-23T06:00:00.000000,Spain,Spain,ES,92.83,129.63,80.52,53.65,entsoe.eu,false,""
2024-11-23T07:00:00.000000,Spain,Spain,ES,83.84,118.61,82.58,57.09,entsoe.eu,false,""
2024-11-23T08:00:00.000000,Spain,Spain,ES,67.44,100.31,86.3,66.54,entsoe.eu,false,""
2024-11-23T09:00:00.000000,Spain,Spain,ES,54.62,86.11,89.23,74.13,entsoe.eu,false,""
2024-11-23T10:00:00.000000,Spain,Spain,ES,48.65,79.46,90.52,76.79,entsoe.eu,false,""
2024-11-23T11:00:00.000000,Spain,Spain,ES,51.06,82.28,89.85,76.49,entsoe.eu,false,""
2024-11-23T12:00:00.000000,Spain,Spain,ES,50.52,81.56,89.95,76.77,entsoe.eu,false,""
2024-11-23T13:00:00.000000,Spain,Spain,ES,51.27,82.86,89.77,76.61,entsoe.eu,false,""
2024-11-23T14:00:00.000000,Spain,Spain,ES,52.28,83.58,89.57,76.17,entsoe.eu,false,""
2024-11-23T15:00:00.000000,Spain,Spain,ES,61.41,94.44,87.48,73.27,entsoe.eu,false,""
2024-11-23T16:00:00.000000,Spain,Spain,ES,77.86,112.65,83.68,64.91,entsoe.eu,false,""
2024-11-23T17:00:00.000000,Spain,Spain,ES,88.34,124.06,81.36,62.62,entsoe.eu,false,""
2024-11-23T18:00:00.000000,Spain,Spain,ES,80.57,114.1,83.15,64.51,entsoe.eu,false,""
2024-11-23T19:00:00.000000,Spain,Spain,ES,70.46,101.56,85.42,65.26,entsoe.eu,false,""
2024-11-23T20:00:00.000000,Spain,Spain,ES,65.03,94.62,86.75,65.96,entsoe.eu,false,""
2024-11-23T21:00:00.000000,Spain,Spain,ES,61.34,90.44,87.7,66.12,entsoe.eu,false,""
2024-11-23T22:00:00.000000,Spain,Spain,ES,62.64,91.94,87.44,65.39,entsoe.eu,false,""
2024-11-23T23:00:00.000000,Spain,Spain,ES,73.36,105.26,84.83,63.85,entsoe.eu,false,""
2024-11-24T00:00:00.000000,Spain,Spain,ES,75.79,108.0,84.33,64.19,entsoe.eu,false,""
2024-11-24T01:00:00.000000,Spain,Spain,ES,79.0,112.01,83.69,63.88,entsoe.eu,false,""
2024-11-24T02:00:00.000000,Spain,Spain,ES,80.83,114.12,83.36,63.52,entsoe.eu,false,""
2024-11-24T03:00:00.000000,Spain,Spain,ES,82.42,116.0,83.03,63.41,entsoe.eu,false,""
2024-11-24T04:00:00.000000,Spain,Spain,ES,82.32,116.07,83.06,63.74,entsoe.eu,false,""
2024-11-24T05:00:00.000000,Spain,Spain,ES,82.09,115.68,83.1,64.5,entsoe.eu,false,""
2024-11-24T06:00:00.000000,Spain,Spain,ES,78.78,111.54,83.81,65.63,entsoe.eu,false,""
2024-11-24T07:00:00.000000,Spain,Spain,ES,79.77,113.29,83.49,66.32,entsoe.eu,false,""
2024-11-24T08:00:00.000000,Spain,Spain,ES,73.5,107.5,84.72,69.42,entsoe.eu,false,""
2024-11-24T09:00:00.000000,Spain,Spain,ES,61.51,93.86,87.42,73.35,entsoe.eu,false,""
2024-11-24T10:00:00.000000,Spain,Spain,ES,50.79,80.51,89.99,76.11,entsoe.eu,false,""
2024-11-24T11:00:00.000000,Spain,Spain,ES,50.89,80.16,90.27,76.63,entsoe.eu,false,""
2024-11-24T12:00:00.000000,Spain,Spain,ES,50.3,79.05,90.55,77.05,entsoe.eu,false,""
2024-11-24T13:00:00.000000,Spain,Spain,ES,53.2,82.48,89.61,76.04,entsoe.eu,false,""
2024-11-24T14:00:00.000000,Spain,Spain,ES,55.7,85.28,88.83,74.79,entsoe.eu,false,""
2024-11-24T15:00:00.000000,Spain,Spain,ES,59.71,89.16,87.92,73.47,entsoe.eu,false,""
2024-11-24T16:00:00.000000,Spain,Spain,ES,66.81,96.97,86.23,71.54,entsoe.eu,false,""
2024-11-24T17:00:00.000000,Spain,Spain,ES,62.38,91.17,87.21,70.76,entsoe.eu,false,""
2024-11-24T18:00:00.000000,Spain,Spain,ES,56.32,83.64,88.64,70.75,entsoe.eu,false,""
2024-11-24T19:00:00.000000,Spain,Spain,ES,53.58,80.28,89.24,70.03,entsoe.eu,false,""
2024-11-24T20:00:00.000000,Spain,Spain,ES,53.5,80.18,89.23,69.13,entsoe.eu,false,""
2024-11-24T21:00:00.000000,Spain,Spain,ES,46.74,71.36,90.93,70.31,entsoe.eu,false,""
2024-11-24T22:00:00.000000,Spain,Spain,ES,53.58,79.76,89.39,70.7,entsoe.eu,false,""
2024-11-24T23:00:00.000000,Spain,Spain,ES,71.73,102.71,85.15,68.92,entsoe.eu,false,""
2024-11-25T00:00:00.000000,Spain,Spain,ES,75.01,106.87,84.43,68.26,entsoe.eu,false,""
2024-11-25T01:00:00.000000,Spain,Spain,ES,77.72,110.16,83.85,67.1,entsoe.eu,false,""
2024-11-25T02:00:00.000000,Spain,Spain,ES,82.56,116.61,82.76,65.26,entsoe.eu,false,""
2024-11-25T03:00:00.000000,Spain,Spain,ES,82.8,116.86,82.68,63.37,entsoe.eu,false,""
2024-11-25T04:00:00.000000,Spain,Spain,ES,84.31,118.92,82.22,63.63,entsoe.eu,false,""
2024-11-25T05:00:00.000000,Spain,Spain,ES,85.57,120.04,82.01,63.04,entsoe.eu,false,""
2024-11-25T06:00:00.000000,Spain,Spain,ES,93.12,128.98,80.55,60.85,entsoe.eu,false,""
2024-11-25T07:00:00.000000,Spain,Spain,ES,97.0,133.09,80.02,60.29,entsoe.eu,false,""
2024-11-25T08:00:00.000000,Spain,Spain,ES,87.95,121.75,82.51,64.07,entsoe.eu,false,""
2024-11-25T09:00:00.000000,Spain,Spain,ES,75.98,107.91,85.39,69.0,entsoe.eu,false,""
2024-11-25T10:00:00.000000,Spain,Spain,ES,69.65,101.17,86.91,72.53,entsoe.eu,false,""
2024-11-25T11:00:00.000000,Spain,Spain,ES,71.24,103.45,86.71,73.08,entsoe.eu,false,""
2024-11-25T12:00:00.000000,Spain,Spain,ES,69.98,101.62,87.32,73.98,entsoe.eu,false,""
2024-11-25T13:00:00.000000,Spain,Spain,ES,70.88,103.03,86.93,73.61,entsoe.eu,false,""
2024-11-25T14:00:00.000000,Spain,Spain,ES,75.38,108.67,85.66,72.13,entsoe.eu,false,""
2024-11-25T15:00:00.000000,Spain,Spain,ES,89.59,126.01,82.17,67.33,entsoe.eu,false,""
2024-11-25T16:00:00.000000,Spain,Spain,ES,127.07,169.41,74.43,54.87,entsoe.eu,false,""
2024-11-25T17:00:00.000000,Spain,Spain,ES,160.09,208.91,67.06,46.96,entsoe.eu,false,""
2024-11-25T18:00:00.000000,Spain,Spain,ES,155.81,203.61,67.93,48.09,entsoe.eu,false,""
2024-11-25T19:00:00.000000,Spain,Spain,ES,159.29,208.16,66.92,47.2,entsoe.eu,false,""
2024-11-25T20:00:00.000000,Spain,Spain,ES,157.68,206.3,67.16,46.83,entsoe.eu,false,""
2024-11-25T21:00:00.000000,Spain,Spain,ES,159.36,208.66,66.82,44.9,entsoe.eu,false,""
2024-11-25T22:00:00.000000,Spain,Spain,ES,157.31,206.14,67.49,43.95,entsoe.eu,false,""
2024-11-25T23:00:00.000000,Spain,Spain,ES,159.34,208.36,67.62,42.65,entsoe.eu,false,""
2024-11-26T00:00:00.000000,Spain,Spain,ES,164.67,215.83,66.21,40.14,entsoe.eu,false,""
2024-11-26T01:00:00.000000,Spain,Spain,ES,162.33,212.53,67.12,40.03,entsoe.eu,false,""
2024-11-26T02:00:00.000000,Spain,Spain,ES,157.72,206.86,68.24,40.83,entsoe.eu,false,""
2024-11-26T03:00:00.000000,Spain,Spain,ES,165.17,215.87,66.77,39.26,entsoe.eu,false,""
2024-11-26T04:00:00.000000,Spain,Spain,ES,177.3,229.9,64.79,37.17,entsoe.eu,false,""
2024-11-26T05:00:00.000000,Spain,Spain,ES,190.86,245.09,62.5,36.1,entsoe.eu,false,""
2024-11-26T06:00:00.000000,Spain,Spain,ES,200.16,255.27,60.61,36.62,entsoe.eu,false,""
2024-11-26T07:00:00.000000,Spain,Spain,ES,208.16,264.76,58.98,36.33,entsoe.eu,false,""
2024-11-26T08:00:00.000000,Spain,Spain,ES,195.37,250.01,61.9,40.58,entsoe.eu,false,""
2024-11-26T09:00:00.000000,Spain,Spain,ES,163.14,213.83,67.77,46.92,entsoe.eu,false,""
2024-11-26T10:00:00.000000,Spain,Spain,ES,159.36,209.35,69.11,48.75,entsoe.eu,false,""
2024-11-26T11:00:00.000000,Spain,Spain,ES,155.0,204.62,70.07,50.13,entsoe.eu,false,""
2024-11-26T12:00:00.000000,Spain,Spain,ES,146.87,195.65,71.3,51.52,entsoe.eu,false,""
2024-11-26T13:00:00.000000,Spain,Spain,ES,155.46,206.31,69.12,49.3,entsoe.eu,false,""
2024-11-26T14:00:00.000000,Spain,Spain,ES,178.38,233.51,64.15,43.81,entsoe.eu,false,""
2024-11-26T15:00:00.000000,Spain,Spain,ES,198.35,256.98,59.74,39.17,entsoe.eu,false,""
2024-11-26T16:00:00.000000,Spain,Spain,ES,223.06,285.52,54.47,34.63,entsoe.eu,false,""
2024-11-26T17:00:00.000000,Spain,Spain,ES,236.53,301.22,51.56,33.14,entsoe.eu,false,""
2024-11-26T18:00:00.000000,Spain,Spain,ES,234.71,299.11,51.81,32.93,entsoe.eu,false,""
2024-11-26T19:00:00.000000,Spain,Spain,ES,232.74,296.9,52.0,32.55,entsoe.eu,false,""
2024-11-26T20:00:00.000000,Spain,Spain,ES,233.14,297.49,51.85,32.37,entsoe.eu,false,""
2024-11-26T21:00:00.000000,Spain,Spain,ES,234.63,299.21,51.72,30.78,entsoe.eu,false,""
2024-11-26T22:00:00.000000,Spain,Spain,ES,229.49,294.04,52.59,29.85,entsoe.eu,false,""
2024-11-26T23:00:00.000000,Spain,Spain,ES,212.76,273.92,56.06,30.95,entsoe.eu,false,""
2024-11-27T00:00:00.000000,Spain,Spain,ES,202.59,262.28,57.8,30.8,entsoe.eu,false,""
2024-11-27T01:00:00.000000,Spain,Spain,ES,197.54,257.08,58.44,30.75,entsoe.eu,false,""
2024-11-27T02:00:00.000000,Spain,Spain,ES,198.94,258.27,58.59,30.33,entsoe.eu,false,""
2024-11-27T03:00:00.000000,Spain,Spain,ES,196.45,254.92,59.36,31.05,entsoe.eu,false,""
2024-11-27T04:00:00.000000,Spain,Spain,ES,197.64,255.79,59.41,31.52,entsoe.eu,false,""
2024-11-27T05:00:00.000000,Spain,Spain,ES,198.24,256.78,59.1,32.98,entsoe.eu,false,""
2024-11-27T06:00:00.000000,Spain,Spain,ES,199.17,256.72,59.1,35.56,entsoe.eu,false,""
2024-11-27T07:00:00.000000,Spain,Spain,ES,200.73,257.9,59.11,36.8,entsoe.eu,false,""
2024-11-27T08:00:00.000000,Spain,Spain,ES,181.56,236.01,63.19,42.4,entsoe.eu,false,""
2024-11-27T09:00:00.000000,Spain,Spain,ES,139.41,186.1,73.11,53.13,entsoe.eu,false,""
2024-11-27T10:00:00.000000,Spain,Spain,ES,118.74,161.68,77.91,57.93,entsoe.eu,false,""
2024-11-27T11:00:00.000000,Spain,Spain,ES,108.49,149.64,80.1,60.01,entsoe.eu,false,""
2024-11-27T12:00:00.000000,Spain,Spain,ES,98.78,138.3,81.84,61.56,entsoe.eu,false,""
2024-11-27T13:00:00.000000,Spain,Spain,ES,97.2,137.04,81.73,61.35,entsoe.eu,false,""
2024-11-27T14:00:00.000000,Spain,Spain,ES,106.6,148.95,79.33,58.99,entsoe.eu,false,""
2024-11-27T15:00:00.000000,Spain,Spain,ES,144.11,194.32,70.56,49.59,entsoe.eu,false,""
2024-11-27T16:00:00.000000,Spain,Spain,ES,202.06,262.64,57.53,35.54,entsoe.eu,false,""
2024-11-27T17:00:00.000000,Spain,Spain,ES,219.3,281.45,54.21,32.09,entsoe.eu,false,""
2024-11-27T18:00:00.000000,Spain,Spain,ES,219.58,281.17,54.58,33.19,entsoe.eu,false,""
2024-11-27T19:00:00.000000,Spain,Spain,ES,218.2,279.57,54.73,33.93,entsoe.eu,false,""
2024-11-27T20:00:00.000000,Spain,Spain,ES,220.15,282.04,54.34,32.92,entsoe.eu,false,""
2024-11-27T21:00:00.000000,Spain,Spain,ES,227.09,290.96,53.02,30.27,entsoe.eu,false,""
2024-11-27T22:00:00.000000,Spain,Spain,ES,220.86,283.75,54.34,29.74,entsoe.eu,false,""
2024-11-27T23:00:00.000000,Spain,Spain,ES,212.06,272.8,56.49,30.66,entsoe.eu,false,""
2024-11-28T00:00:00.000000,Spain,Spain,ES,199.29,258.35,58.81,30.74,entsoe.eu,false,""
2024-11-28T01:00:00.000000,Spain,Spain,ES,202.42,262.52,58.16,29.27,entsoe.eu,false,""
2024-11-28T02:00:00.000000,Spain,Spain,ES,200.15,259.53,58.93,29.06,entsoe.eu,false,""
2024-11-28T03:00:00.000000,Spain,Spain,ES,192.15,249.49,60.88,29.14,entsoe.eu,false,""
2024-11-28T04:00:00.000000,Spain,Spain,ES,199.2,257.91,59.34,28.37,entsoe.eu,false,""
2024-11-28T05:00:00.000000,Spain,Spain,ES,201.73,262.0,57.91,29.26,entsoe.eu,false,""
2024-11-28T06:00:00.000000,Spain,Spain,ES,196.25,254.9,58.75,34.8,entsoe.eu,false,""
2024-11-28T07:00:00.000000,Spain,Spain,ES,193.89,251.59,59.23,37.31,entsoe.eu,false,""
2024-11-28T08:00:00.000000,Spain,Spain,ES,177.11,231.77,63.4,42.0,entsoe.eu,false,""
2024-11-28T09:00:00.000000,Spain,Spain,ES,137.2,184.13,73.31,54.35,entsoe.eu,false,""
2024-11-28T10:00:00.000000,Spain,Spain,ES,115.2,158.04,78.37,59.66,entsoe.eu,false,""
2024-11-28T11:00:00.000000,Spain,Spain,ES,111.18,153.2,79.44,60.26,entsoe.eu,false,""
2024-11-28T12:00:00.000000,Spain,Spain,ES,105.71,146.87,80.42,60.78,entsoe.eu,false,""
2024-11-28T13:00:00.000000,Spain,Spain,ES,103.5,144.86,80.45,61.35,entsoe.eu,false,""
2024-11-28T14:00:00.000000,Spain,Spain,ES,117.19,161.97,77.06,59.77,entsoe.eu,false,""
2024-11-28T15:00:00.000000,Spain,Spain,ES,152.15,204.59,68.41,50.31,entsoe.eu,false,""
2024-11-28T16:00:00.000000,Spain,Spain,ES,198.54,259.11,57.26,36.98,entsoe.eu,false,""
2024-11-28T17:00:00.000000,Spain,Spain,ES,205.24,266.35,55.8,36.69,entsoe.eu,false,""
2024-11-28T18:00:00.000000,Spain,Spain,ES,198.71,258.53,57.09,37.69,entsoe.eu,false,""
2024-11-28T19:00:00.000000,Spain,Spain,ES,192.09,250.18,58.57,38.68,entsoe.eu,false,""
2024-11-28T20:00:00.000000,Spain,Spain,ES,198.51,258.14,57.18,37.28,entsoe.eu,false,""
2024-11-28T21:00:00.000000,Spain,Spain,ES,191.34,249.32,59.03,36.57,entsoe.eu,false,""
2024-11-28T22:00:00.000000,Spain,Spain,ES,186.29,243.5,60.51,37.22,entsoe.eu,false,""
2024-11-28T23:00:00.000000,Spain,Spain,ES,164.22,215.28,66.44,39.5,entsoe.eu,false,""
2024-11-29T00:00:00.000000,Spain,Spain,ES,153.04,199.94,70.18,41.43,entsoe.eu,false,""
2024-11-29T01:00:00.000000,Spain,Spain,ES,147.1,191.75,72.1,42.91,entsoe.eu,false,""
2024-11-29T02:00:00.000000,Spain,Spain,ES,142.88,187.37,72.48,43.76,entsoe.eu,false,""
2024-11-29T03:00:00.000000,Spain,Spain,ES,142.7,187.1,72.48,44.03,entsoe.eu,false,""
2024-11-29T04:00:00.000000,Spain,Spain,ES,141.13,184.85,72.83,44.53,entsoe.eu,false,""
2024-11-29T05:00:00.000000,Spain,Spain,ES,147.55,193.87,70.53,44.02,entsoe.eu,false,""
2024-11-29T06:00:00.000000,Spain,Spain,ES,155.31,203.63,68.37,44.32,entsoe.eu,false,""
2024-11-29T07:00:00.000000,Spain,Spain,ES,157.28,205.57,67.69,45.32,entsoe.eu,false,""
2024-11-29T08:00:00.000000,Spain,Spain,ES,142.96,188.55,71.12,49.58,entsoe.eu,false,""
2024-11-29T09:00:00.000000,Spain,Spain,ES,123.81,166.24,75.97,55.34,entsoe.eu,false,""
2024-11-29T10:00:00.000000,Spain,Spain,ES,109.24,149.21,79.59,59.12,entsoe.eu,false,""
2024-11-29T11:00:00.000000,Spain,Spain,ES,103.35,142.74,80.95,60.52,entsoe.eu,false,""
2024-11-29T12:00:00.000000,Spain,Spain,ES,103.94,143.88,80.54,59.51,entsoe.eu,false,""
2024-11-29T13:00:00.000000,Spain,Spain,ES,105.29,145.84,79.79,58.92,entsoe.eu,false,""
2024-11-29T14:00:00.000000,Spain,Spain,ES,113.41,155.68,77.75,56.67,entsoe.eu,false,""
2024-11-29T15:00:00.000000,Spain,Spain,ES,144.84,193.94,70.06,48.23,entsoe.eu,false,""
2024-11-29T16:00:00.000000,Spain,Spain,ES,180.92,236.47,61.68,38.77,entsoe.eu,false,""
2024-11-29T17:00:00.000000,Spain,Spain,ES,188.6,244.8,60.15,37.63,entsoe.eu,false,""
2024-11-29T18:00:00.000000,Spain,Spain,ES,190.28,246.68,59.99,37.97,entsoe.eu,false,""
2024-11-29T19:00:00.000000,Spain,Spain,ES,191.22,247.9,59.74,37.92,entsoe.eu,false,""
2024-11-29T20:00:00.000000,Spain,Spain,ES,194.39,252.05,58.96,37.32,entsoe.eu,false,""
2024-11-29T21:00:00.000000,Spain,Spain,ES,198.78,258.09,57.87,34.68,entsoe.eu,false,""
2024-11-29T22:00:00.000000,Spain,Spain,ES,190.49,249.4,58.75,34.15,entsoe.eu,false,""
2024-11-29T23:00:00.000000,Spain,Spain,ES,181.06,237.42,61.21,34.65,entsoe.eu,false,""
2024-11-30T00:00:00.000000,Spain,Spain,ES,167.28,220.23,64.64,36.08,entsoe.eu,false,""
2024-11-30T01:00:00.000000,Spain,Spain,ES,159.12,210.48,66.66,36.99,entsoe.eu,false,""
2024-11-30T02:00:00.000000,Spain,Spain,ES,154.49,204.78,67.96,36.72,entsoe.eu,false,""
2024-11-30T03:00:00.000000,Spain,Spain,ES,157.94,208.74,67.53,35.76,entsoe.eu,false,""
2024-11-30T04:00:00.000000,Spain,Spain,ES,160.91,212.25,67.0,34.73,entsoe.eu,false,""
2024-11-30T05:00:00.000000,Spain,Spain,ES,161.44,213.1,66.66,35.01,entsoe.eu,false,""
2024-11-30T06:00:00.000000,Spain,Spain,ES,163.38,215.14,66.12,35.43,entsoe.eu,false,""
2024-11-30T07:00:00.000000,Spain,Spain,ES,148.69,196.83,69.34,39.52,entsoe.eu,false,""
2024-11-30T08:00:00.000000,Spain,Spain,ES,125.14,168.81,74.89,48.13,entsoe.eu,false,""
2024-11-30T09:00:00.000000,Spain,Spain,ES,100.65,141.39,80.35,56.44,entsoe.eu,false,""
2024-11-30T10:00:00.000000,Spain,Spain,ES,89.73,128.88,82.71,60.2,entsoe.eu,false,""
2024-11-30T11:00:00.000000,Spain,Spain,ES,88.67,128.3,82.6,60.51,entsoe.eu,false,""
2024-11-30T12:00:00.000000,Spain,Spain,ES,88.7,128.75,82.32,61.51,entsoe.eu,false,""
2024-11-30T13:00:00.000000,Spain,Spain,ES,89.36,129.42,82.25,62.24,entsoe.eu,false,""
2024-11-30T14:00:00.000000,Spain,Spain,ES,102.24,145.26,79.36,60.72,entsoe.eu,false,""
2024-11-30T15:00:00.000000,Spain,Spain,ES,126.82,174.06,73.51,51.16,entsoe.eu,false,""
2024-11-30T16:00:00.000000,Spain,Spain,ES,161.5,214.09,65.57,40.18,entsoe.eu,false,""
2024-11-30T17:00:00.000000,Spain,Spain,ES,171.21,224.35,63.75,38.45,entsoe.eu,false,""
2024-11-30T18:00:00.000000,Spain,Spain,ES,176.99,231.47,62.45,38.0,entsoe.eu,false,""
2024-11-30T19:00:00.000000,Spain,Spain,ES,173.07,226.64,63.28,39.11,entsoe.eu,false,""
2024-11-30T20:00:00.000000,Spain,Spain,ES,166.33,218.39,64.73,40.4,entsoe.eu,false,""
2024-11-30T21:00:00.000000,Spain,Spain,ES,159.68,210.62,66.17,41.45,entsoe.eu,false,""
2024-11-30T22:00:00.000000,Spain,Spain,ES,148.65,197.61,68.57,41.89,entsoe.eu,false,""
2024-11-30T23:00:00.000000,Spain,Spain,ES,147.15,196.23,68.91,40.4,entsoe.eu,false,""
2024-12-01T00:00:00.000000,Spain,Spain,ES,142.95,190.65,70.31,40.3,entsoe.eu,false,""
2024-12-01T01:00:00.000000,Spain,Spain,ES,146.53,194.74,69.78,38.65,entsoe.eu,false,""
2024-12-01T02:00:00.000000,Spain,Spain,ES,154.59,204.67,68.05,36.12,entsoe.eu,false,""
2024-12-01T03:00:00.000000,Spain,Spain,ES,156.28,206.74,67.8,35.39,entsoe.eu,false,""
2024-12-01T04:00:00.000000,Spain,Spain,ES,156.34,207.13,67.67,34.25,entsoe.eu,false,""
2024-12-01T05:00:00.000000,Spain,Spain,ES,159.89,211.34,66.79,33.71,entsoe.eu,false,""
2024-12-01T06:00:00.000000,Spain,Spain,ES,163.58,215.63,65.93,34.01,entsoe.eu,false,""
2024-12-01T07:00:00.000000,Spain,Spain,ES,166.53,219.06,65.22,35.17,entsoe.eu,false,""
2024-12-01T08:00:00.000000,Spain,Spain,ES,142.55,190.35,70.57,43.13,entsoe.eu,false,""
2024-12-01T09:00:00.000000,Spain,Spain,ES,118.82,162.52,75.81,50.48,entsoe.eu,false,""
2024-12-01T10:00:00.000000,Spain,Spain,ES,109.96,152.49,77.72,54.01,entsoe.eu,false,""
2024-12-01T11:00:00.000000,Spain,Spain,ES,108.93,150.7,78.69,55.13,entsoe.eu,false,""
2024-12-01T12:00:00.000000,Spain,Spain,ES,109.68,151.71,78.54,55.43,entsoe.eu,false,""
2024-12-01T13:00:00.000000,Spain,Spain,ES,117.87,160.86,76.85,53.7,entsoe.eu,false,""
2024-12-01T14:00:00.000000,Spain,Spain,ES,126.23,170.66,74.83,50.41,entsoe.eu,false,""
2024-12-01T15:00:00.000000,Spain,Spain,ES,154.71,205.36,67.93,42.71,entsoe.eu,false,""
2024-12-01T16:00:00.000000,Spain,Spain,ES,183.73,240.14,61.1,35.68,entsoe.eu,false,""
2024-12-01T17:00:00.000000,Spain,Spain,ES,184.5,240.54,60.8,34.63,entsoe.eu,false,""
2024-12-01T18:00:00.000000,Spain,Spain,ES,178.83,233.47,62.13,37.27,entsoe.eu,false,""
2024-12-01T19:00:00.000000,Spain,Spain,ES,181.2,236.33,61.67,37.39,entsoe.eu,false,""
2024-12-01T20:00:00.000000,Spain,Spain,ES,188.26,246.4,59.0,34.76,entsoe.eu,false,""
2024-12-01T21:00:00.000000,Spain,Spain,ES,194.15,254.47,57.41,32.69,entsoe.eu,false,""
2024-12-01T22:00:00.000000,Spain,Spain,ES,196.45,257.83,56.92,30.17,entsoe.eu,false,""
2024-12-01T23:00:00.000000,Spain,Spain,ES,202.58,265.4,55.94,27.82,entsoe.eu,false,""
2024-12-02T00:00:00.000000,Spain,Spain,ES,198.17,260.46,56.71,27.34,entsoe.eu,false,""
2024-12-02T01:00:00.000000,Spain,Spain,ES,198.48,260.97,56.67,26.05,entsoe.eu,false,""
2024-12-02T02:00:00.000000,Spain,Spain,ES,197.02,259.22,57.05,25.91,entsoe.eu,false,""
2024-12-02T03:00:00.000000,Spain,Spain,ES,190.48,250.8,58.66,27.41,entsoe.eu,false,""
2024-12-02T04:00:00.000000,Spain,Spain,ES,192.25,252.27,58.58,28.32,entsoe.eu,false,""
2024-12-02T05:00:00.000000,Spain,Spain,ES,197.92,258.75,57.55,30.45,entsoe.eu,false,""
2024-12-02T06:00:00.000000,Spain,Spain,ES,210.98,273.82,54.86,31.25,entsoe.eu,false,""
2024-12-02T07:00:00.000000,Spain,Spain,ES,215.19,278.4,53.99,31.09,entsoe.eu,false,""
2024-12-02T08:00:00.000000,Spain,Spain,ES,209.11,270.91,55.89,35.36,entsoe.eu,false,""
2024-12-02T09:00:00.000000,Spain,Spain,ES,185.16,243.24,61.23,41.87,entsoe.eu,false,""
2024-12-02T10:00:00.000000,Spain,Spain,ES,172.54,229.25,63.48,44.42,entsoe.eu,false,""
2024-12-02T11:00:00.000000,Spain,Spain,ES,175.64,233.78,62.5,43.54,entsoe.eu,false,""
2024-12-02T12:00:00.000000,Spain,Spain,ES,178.02,236.46,62.17,43.2,entsoe.eu,false,""
2024-12-02T13:00:00.000000,Spain,Spain,ES,184.49,243.68,61.09,41.8,entsoe.eu,false,""
2024-12-02T14:00:00.000000,Spain,Spain,ES,191.07,250.24,60.24,40.67,entsoe.eu,false,""
2024-12-02T15:00:00.000000,Spain,Spain,ES,208.9,270.38,56.83,36.66,entsoe.eu,false,""
2024-12-02T16:00:00.000000,Spain,Spain,ES,229.59,294.71,52.03,32.09,entsoe.eu,false,""
2024-12-02T17:00:00.000000,Spain,Spain,ES,232.57,297.58,51.46,31.68,entsoe.eu,false,""
2024-12-02T18:00:00.000000,Spain,Spain,ES,228.21,292.11,52.45,32.7,entsoe.eu,false,""
2024-12-02T19:00:00.000000,Spain,Spain,ES,225.22,288.99,52.65,32.89,entsoe.eu,false,""
2024-12-02T20:00:00.000000,Spain,Spain,ES,232.14,298.36,50.55,30.83,entsoe.eu,false,""
2024-12-02T21:00:00.000000,Spain,Spain,ES,228.58,293.93,51.52,29.91,entsoe.eu,false,""
2024-12-02T22:00:00.000000,Spain,Spain,ES,229.37,294.42,52.14,28.6,entsoe.eu,false,""
2024-12-02T23:00:00.000000,Spain,Spain,ES,228.47,292.9,52.81,27.47,entsoe.eu,false,""
2024-12-03T00:00:00.000000,Spain,Spain,ES,224.39,288.72,53.44,26.51,entsoe.eu,false,""
2024-12-03T01:00:00.000000,Spain,Spain,ES,218.86,283.07,53.98,26.09,entsoe.eu,false,""
2024-12-03T02:00:00.000000,Spain,Spain,ES,215.15,280.3,53.45,25.01,entsoe.eu,false,""
2024-12-03T03:00:00.000000,Spain,Spain,ES,210.26,274.8,54.25,25.4,entsoe.eu,false,""
2024-12-03T04:00:00.000000,Spain,Spain,ES,204.22,269.2,54.2,25.26,entsoe.eu,false,""
2024-12-03T05:00:00.000000,Spain,Spain,ES,211.25,278.04,52.05,25.87,entsoe.eu,false,""
2024-12-03T06:00:00.000000,Spain,Spain,ES,220.55,289.61,49.36,26.65,entsoe.eu,false,""
2024-12-03T07:00:00.000000,Spain,Spain,ES,219.99,288.52,49.66,28.35,entsoe.eu,false,""
2024-12-03T08:00:00.000000,Spain,Spain,ES,213.71,280.89,51.52,32.88,entsoe.eu,false,""
2024-12-03T09:00:00.000000,Spain,Spain,ES,187.33,249.39,58.01,39.89,entsoe.eu,false,""
2024-12-03T10:00:00.000000,Spain,Spain,ES,172.43,231.41,61.75,45.62,entsoe.eu,false,""
2024-12-03T11:00:00.000000,Spain,Spain,ES,166.04,224.18,63.18,48.1,entsoe.eu,false,""
2024-12-03T12:00:00.000000,Spain,Spain,ES,153.62,209.22,65.89,51.12,entsoe.eu,false,""
2024-12-03T13:00:00.000000,Spain,Spain,ES,144.42,197.71,67.91,53.21,entsoe.eu,false,""
2024-12-03T14:00:00.000000,Spain,Spain,ES,143.7,196.24,67.99,53.18,entsoe.eu,false,""
2024-12-03T15:00:00.000000,Spain,Spain,ES,162.61,218.42,63.68,48.55,entsoe.eu,false,""
2024-12-03T16:00:00.000000,Spain,Spain,ES,186.46,245.88,58.39,42.73,entsoe.eu,false,""
2024-12-03T17:00:00.000000,Spain,Spain,ES,184.93,242.95,59.01,43.21,entsoe.eu,false,""
2024-12-03T18:00:00.000000,Spain,Spain,ES,179.24,235.61,60.37,44.77,entsoe.eu,false,""
2024-12-03T19:00:00.000000,Spain,Spain,ES,181.11,238.1,59.69,44.64,entsoe.eu,false,""
2024-12-03T20:00:00.000000,Spain,Spain,ES,185.75,244.53,58.29,42.55,entsoe.eu,false,""
2024-12-03T21:00:00.000000,Spain,Spain,ES,175.73,232.49,60.58,43.88,entsoe.eu,false,""
2024-12-03T22:00:00.000000,Spain,Spain,ES,160.22,213.12,64.36,44.12,entsoe.eu,false,""
2024-12-03T23:00:00.000000,Spain,Spain,ES,135.31,181.97,70.36,47.2,entsoe.eu,false,""
2024-12-04T00:00:00.000000,Spain,Spain,ES,126.96,170.84,72.99,50.03,entsoe.eu,false,""
2024-12-04T01:00:00.000000,Spain,Spain,ES,120.47,163.61,74.11,50.26,entsoe.eu,false,""
2024-12-04T02:00:00.000000,Spain,Spain,ES,116.19,157.91,75.26,52.18,entsoe.eu,false,""
2024-12-04T03:00:00.000000,Spain,Spain,ES,110.67,150.7,76.71,55.72,entsoe.eu,false,""
2024-12-04T04:00:00.000000,Spain,Spain,ES,114.89,156.08,75.56,56.1,entsoe.eu,false,""
2024-12-04T05:00:00.000000,Spain,Spain,ES,121.19,164.31,73.73,55.85,entsoe.eu,false,""
2024-12-04T06:00:00.000000,Spain,Spain,ES,129.16,174.45,71.59,55.19,entsoe.eu,false,""
2024-12-04T07:00:00.000000,Spain,Spain,ES,130.62,175.36,71.54,55.64,entsoe.eu,false,""
2024-12-04T08:00:00.000000,Spain,Spain,ES,128.05,173.23,72.0,56.75,entsoe.eu,false,""
2024-12-04T09:00:00.000000,Spain,Spain,ES,101.08,141.62,78.31,63.81,entsoe.eu,false,""
2024-12-04T10:00:00.000000,Spain,Spain,ES,84.4,121.19,82.53,67.91,entsoe.eu,false,""
2024-12-04T11:00:00.000000,Spain,Spain,ES,83.44,120.56,82.64,68.16,entsoe.eu,false,""
2024-12-04T12:00:00.000000,Spain,Spain,ES,80.97,118.12,83.14,68.98,entsoe.eu,false,""
2024-12-04T13:00:00.000000,Spain,Spain,ES,79.93,117.2,83.47,69.15,entsoe.eu,false,""
2024-12-04T14:00:00.000000,Spain,Spain,ES,90.44,130.68,80.83,66.1,entsoe.eu,false,""
2024-12-04T15:00:00.000000,Spain,Spain,ES,124.53,172.03,72.89,57.9,entsoe.eu,false,""
2024-12-04T16:00:00.000000,Spain,Spain,ES,175.68,233.39,60.86,44.99,entsoe.eu,false,""
2024-12-04T17:00:00.000000,Spain,Spain,ES,192.08,252.15,56.94,41.1,entsoe.eu,false,""
2024-12-04T18:00:00.000000,Spain,Spain,ES,196.65,257.75,55.83,40.26,entsoe.eu,false,""
2024-12-04T19:00:00.000000,Spain,Spain,ES,194.9,256.03,55.94,38.23,entsoe.eu,false,""
2024-12-04T20:00:00.000000,Spain,Spain,ES,188.18,248.1,57.26,38.48,entsoe.eu,false,""
2024-12-04T21:00:00.000000,Spain,Spain,ES,176.24,234.08,59.84,39.79,entsoe.eu,false,""
2024-12-04T22:00:00.000000,Spain,Spain,ES,151.07,202.92,65.83,44.16,entsoe.eu,false,""
2024-12-04T23:00:00.000000,Spain,Spain,ES,151.81,203.32,66.15,42.3,entsoe.eu,false,""
2024-12-05T00:00:00.000000,Spain,Spain,ES,150.65,201.97,66.6,41.56,entsoe.eu,false,""
2024-12-05T01:00:00.000000,Spain,Spain,ES,144.11,193.8,68.32,42.24,entsoe.eu,false,""
2024-12-05T02:00:00.000000,Spain,Spain,ES,144.95,194.53,68.39,41.74,entsoe.eu,false,""
2024-12-05T03:00:00.000000,Spain,Spain,ES,146.6,196.77,67.95,41.03,entsoe.eu,false,""
2024-12-05T04:00:00.000000,Spain,Spain,ES,148.08,198.79,67.47,40.86,entsoe.eu,false,""
2024-12-05T05:00:00.000000,Spain,Spain,ES,155.76,208.21,65.56,40.75,entsoe.eu,false,""
2024-12-05T06:00:00.000000,Spain,Spain,ES,155.57,207.29,65.58,43.54,entsoe.eu,false,""
2024-12-05T07:00:00.000000,Spain,Spain,ES,161.53,214.26,64.25,43.81,entsoe.eu,false,""
2024-12-05T08:00:00.000000,Spain,Spain,ES,154.47,206.52,66.0,46.34,entsoe.eu,false,""
2024-12-05T09:00:00.000000,Spain,Spain,ES,113.53,157.64,76.07,58.37,entsoe.eu,false,""
2024-12-05T10:00:00.000000,Spain,Spain,ES,92.41,132.5,81.0,65.28,entsoe.eu,false,""
2024-12-05T11:00:00.000000,Spain,Spain,ES,84.72,123.49,82.64,66.62,entsoe.eu,false,""
2024-12-05T12:00:00.000000,Spain,Spain,ES,78.94,116.67,83.76,66.81,entsoe.eu,false,""
2024-12-05T13:00:00.000000,Spain,Spain,ES,83.42,122.73,82.25,65.87,entsoe.eu,false,""
2024-12-05T14:00:00.000000,Spain,Spain,ES,82.85,121.86,82.29,65.41,entsoe.eu,false,""
2024-12-05T15:00:00.000000,Spain,Spain,ES,106.24,149.98,76.67,57.97,entsoe.eu,false,""
2024-12-05T16:00:00.000000,Spain,Spain,ES,143.74,194.05,67.91,47.66,entsoe.eu,false,""
2024-12-05T17:00:00.000000,Spain,Spain,ES,152.83,204.04,65.72,45.89,entsoe.eu,false,""
2024-12-05T18:00:00.000000,Spain,Spain,ES,147.79,197.85,66.79,47.59,entsoe.eu,false,""
2024-12-05T19:00:00.000000,Spain,Spain,ES,145.22,194.81,67.34,47.66,entsoe.eu,false,""
2024-12-05T20:00:00.000000,Spain,Spain,ES,148.08,198.04,66.89,47.05,entsoe.eu,false,""
2024-12-05T21:00:00.000000,Spain,Spain,ES,145.8,196.05,67.29,46.61,entsoe.eu,false,""
2024-12-05T22:00:00.000000,Spain,Spain,ES,131.38,178.75,70.5,48.12,entsoe.eu,false,""
2024-12-05T23:00:00.000000,Spain,Spain,ES,115.86,158.95,74.53,50.97,entsoe.eu,false,""
2024-12-06T00:00:00.000000,Spain,Spain,ES,109.02,149.5,76.82,52.81,entsoe.eu,false,""
2024-12-06T01:00:00.000000,Spain,Spain,ES,99.83,137.78,79.21,54.24,entsoe.eu,false,""
2024-12-06T02:00:00.000000,Spain,Spain,ES,98.76,136.64,79.37,54.3,entsoe.eu,false,""
2024-12-06T03:00:00.000000,Spain,Spain,ES,95.14,132.15,80.23,54.74,entsoe.eu,false,""
2024-12-06T04:00:00.000000,Spain,Spain,ES,93.5,129.88,80.76,54.84,entsoe.eu,false,""
2024-12-06T05:00:00.000000,Spain,Spain,ES,88.21,123.58,81.79,55.96,entsoe.eu,false,""
2024-12-06T06:00:00.000000,Spain,Spain,ES,83.04,117.85,82.54,58.2,entsoe.eu,false,""
2024-12-06T07:00:00.000000,Spain,Spain,ES,92.17,129.52,80.19,58.0,entsoe.eu,false,""
2024-12-06T08:00:00.000000,Spain,Spain,ES,88.29,125.44,81.32,62.23,entsoe.eu,false,""
2024-12-06T09:00:00.000000,Spain,Spain,ES,66.55,100.69,86.24,69.49,entsoe.eu,false,""
2024-12-06T10:00:00.000000,Spain,Spain,ES,57.19,90.04,88.29,72.44,entsoe.eu,false,""
2024-12-06T11:00:00.000000,Spain,Spain,ES,54.96,87.45,88.79,73.17,entsoe.eu,false,""
2024-12-06T12:00:00.000000,Spain,Spain,ES,52.16,84.09,89.47,73.91,entsoe.eu,false,""
2024-12-06T13:00:00.000000,Spain,Spain,ES,54.23,86.69,88.93,73.68,entsoe.eu,false,""
2024-12-06T14:00:00.000000,Spain,Spain,ES,62.34,96.8,86.97,71.62,entsoe.eu,false,""
2024-12-06T15:00:00.000000,Spain,Spain,ES,81.75,120.12,82.43,65.81,entsoe.eu,false,""
2024-12-06T16:00:00.000000,Spain,Spain,ES,112.38,154.96,75.5,54.88,entsoe.eu,false,""
2024-12-06T17:00:00.000000,Spain,Spain,ES,135.35,181.75,70.45,50.37,entsoe.eu,false,""
2024-12-06T18:00:00.000000,Spain,Spain,ES,132.61,178.17,71.14,48.98,entsoe.eu,false,""
2024-12-06T19:00:00.000000,Spain,Spain,ES,126.02,170.2,72.4,49.32,entsoe.eu,false,""
2024-12-06T20:00:00.000000,Spain,Spain,ES,122.5,166.41,72.83,49.95,entsoe.eu,false,""
2024-12-06T21:00:00.000000,Spain,Spain,ES,117.05,159.91,74.11,50.14,entsoe.eu,false,""
2024-12-06T22:00:00.000000,Spain,Spain,ES,111.54,153.26,75.55,50.61,entsoe.eu,false,""
2024-12-06T23:00:00.000000,Spain,Spain,ES,97.5,135.3,79.09,52.36,entsoe.eu,false,""
2024-12-07T00:00:00.000000,Spain,Spain,ES,94.69,131.83,79.95,53.65,entsoe.eu,false,""
2024-12-07T01:00:00.000000,Spain,Spain,ES,92.6,129.34,80.54,54.97,entsoe.eu,false,""
2024-12-07T02:00:00.000000,Spain,Spain,ES,89.82,125.94,81.05,55.58,entsoe.eu,false,""
2024-12-07T03:00:00.000000,Spain,Spain,ES,86.63,121.79,81.79,55.9,entsoe.eu,false,""
2024-12-07T04:00:00.000000,Spain,Spain,ES,89.75,125.78,80.93,55.08,entsoe.eu,false,""
2024-12-07T05:00:00.000000,Spain,Spain,ES,83.35,117.49,82.47,58.64,entsoe.eu,false,""
2024-12-07T06:00:00.000000,Spain,Spain,ES,82.6,116.69,82.54,57.88,entsoe.eu,false,""
2024-12-07T07:00:00.000000,Spain,Spain,ES,82.73,116.91,82.63,60.55,entsoe.eu,false,""
2024-12-07T08:00:00.000000,Spain,Spain,ES,74.45,107.57,84.41,65.61,entsoe.eu,false,""
2024-12-07T09:00:00.000000,Spain,Spain,ES,59.02,89.7,87.85,71.45,entsoe.eu,false,""
2024-12-07T10:00:00.000000,Spain,Spain,ES,48.14,76.59,90.34,75.05,entsoe.eu,false,""
2024-12-07T11:00:00.000000,Spain,Spain,ES,46.74,75.04,90.94,75.9,entsoe.eu,false,""
2024-12-07T12:00:00.000000,Spain,Spain,ES,49.24,78.08,90.77,75.73,entsoe.eu,false,""
2024-12-07T13:00:00.000000,Spain,Spain,ES,47.44,75.98,90.97,76.18,entsoe.eu,false,""
2024-12-07T14:00:00.000000,Spain,Spain,ES,46.47,74.88,91.13,76.13,entsoe.eu,false,""
2024-12-07T15:00:00.000000,Spain,Spain,ES,45.74,72.77,91.35,76.12,entsoe.eu,false,""
2024-12-07T16:00:00.000000,Spain,Spain,ES,54.08,81.69,89.23,72.89,entsoe.eu,false,""
2024-12-07T17:00:00.000000,Spain,Spain,ES,59.65,87.58,87.81,70.74,entsoe.eu,false,""
2024-12-07T18:00:00.000000,Spain,Spain,ES,57.59,84.67,88.37,70.96,entsoe.eu,false,""
2024-12-07T19:00:00.000000,Spain,Spain,ES,57.42,84.55,88.43,70.91,entsoe.eu,false,""
2024-12-07T20:00:00.000000,Spain,Spain,ES,55.54,82.31,88.9,70.46,entsoe.eu,false,""
2024-12-07T21:00:00.000000,Spain,Spain,ES,57.9,85.56,88.34,70.33,entsoe.eu,false,""
2024-12-07T22:00:00.000000,Spain,Spain,ES,62.56,91.44,87.24,69.3,entsoe.eu,false,""
2024-12-07T23:00:00.000000,Spain,Spain,ES,65.49,95.05,86.46,68.66,entsoe.eu,false,""
2024-12-08T00:00:00.000000,Spain,Spain,ES,67.1,96.86,86.12,67.94,entsoe.eu,false,""
2024-12-08T01:00:00.000000,Spain,Spain,ES,68.71,98.85,85.8,67.01,entsoe.eu,false,""
2024-12-08T02:00:00.000000,Spain,Spain,ES,70.88,101.49,85.36,65.95,entsoe.eu,false,""
2024-12-08T03:00:00.000000,Spain,Spain,ES,72.22,103.15,85.07,65.36,entsoe.eu,false,""
2024-12-08T04:00:00.000000,Spain,Spain,ES,72.45,103.46,85.03,65.17,entsoe.eu,false,""
2024-12-08T05:00:00.000000,Spain,Spain,ES,72.14,103.16,85.08,65.44,entsoe.eu,false,""
2024-12-08T06:00:00.000000,Spain,Spain,ES,71.69,102.52,85.1,66.07,entsoe.eu,false,""
2024-12-08T07:00:00.000000,Spain,Spain,ES,70.31,100.87,85.37,66.96,entsoe.eu,false,""
2024-12-08T08:00:00.000000,Spain,Spain,ES,59.89,89.27,87.75,70.42,entsoe.eu,false,""
2024-12-08T09:00:00.000000,Spain,Spain,ES,49.14,78.35,90.22,73.95,entsoe.eu,false,""
2024-12-08T10:00:00.000000,Spain,Spain,ES,47.8,77.12,90.81,74.88,entsoe.eu,false,""
2024-12-08T11:00:00.000000,Spain,Spain,ES,49.64,78.84,90.81,75.01,entsoe.eu,false,""
2024-12-08T12:00:00.000000,Spain,Spain,ES,47.92,76.72,90.99,75.48,entsoe.eu,false,""
2024-12-08T13:00:00.000000,Spain,Spain,ES,44.11,72.48,91.43,76.17,entsoe.eu,false,""
2024-12-08T14:00:00.000000,Spain,Spain,ES,45.1,73.7,91.15,75.32,entsoe.eu,false,""
2024-12-08T15:00:00.000000,Spain,Spain,ES,46.55,74.38,90.85,74.57,entsoe.eu,false,""
2024-12-08T16:00:00.000000,Spain,Spain,ES,47.31,73.57,90.74,73.99,entsoe.eu,false,""
2024-12-08T17:00:00.000000,Spain,Spain,ES,53.72,80.32,89.26,72.37,entsoe.eu,false,""
2024-12-08T18:00:00.000000,Spain,Spain,ES,54.92,81.16,89.0,71.72,entsoe.eu,false,""
2024-12-08T19:00:00.000000,Spain,Spain,ES,58.68,85.73,88.14,70.89,entsoe.eu,false,""
2024-12-08T20:00:00.000000,Spain,Spain,ES,60.56,88.34,87.72,70.07,entsoe.eu,false,""
2024-12-08T21:00:00.000000,Spain,Spain,ES,68.42,97.99,86.02,68.29,entsoe.eu,false,""
2024-12-08T22:00:00.000000,Spain,Spain,ES,65.64,95.2,86.58,68.54,entsoe.eu,false,""
2024-12-08T23:00:00.000000,Spain,Spain,ES,69.79,100.73,85.55,67.42,entsoe.eu,false,""
2024-12-09T00:00:00.000000,Spain,Spain,ES,74.34,106.4,84.52,66.19,entsoe.eu,false,""
2024-12-09T01:00:00.000000,Spain,Spain,ES,72.92,104.49,84.88,66.15,entsoe.eu,false,""
2024-12-09T02:00:00.000000,Spain,Spain,ES,74.5,106.5,84.5,65.5,entsoe.eu,false,""
2024-12-09T03:00:00.000000,Spain,Spain,ES,76.21,108.69,84.11,64.8,entsoe.eu,false,""
2024-12-09T04:00:00.000000,Spain,Spain,ES,75.59,107.68,84.24,65.34,entsoe.eu,false,""
2024-12-09T05:00:00.000000,Spain,Spain,ES,79.03,111.99,83.33,65.25,entsoe.eu,false,""
2024-12-09T06:00:00.000000,Spain,Spain,ES,93.65,129.93,79.98,62.84,entsoe.eu,false,""
2024-12-09T07:00:00.000000,Spain,Spain,ES,97.31,134.22,78.96,61.94,entsoe.eu,false,""
2024-12-09T08:00:00.000000,Spain,Spain,ES,81.1,115.14,82.95,66.76,entsoe.eu,false,""
2024-12-09T09:00:00.000000,Spain,Spain,ES,55.23,85.22,89.26,74.92,entsoe.eu,false,""
2024-12-09T10:00:00.000000,Spain,Spain,ES,56.9,87.39,89.03,75.5,entsoe.eu,false,""
2024-12-09T11:00:00.000000,Spain,Spain,ES,50.69,79.63,90.57,77.24,entsoe.eu,false,""
2024-12-09T12:00:00.000000,Spain,Spain,ES,52.05,81.33,90.18,77.07,entsoe.eu,false,""
2024-12-09T13:00:00.000000,Spain,Spain,ES,53.95,83.99,89.46,76.52,entsoe.eu,false,""
2024-12-09T14:00:00.000000,Spain,Spain,ES,59.11,90.27,88.1,75.1,entsoe.eu,false,""
2024-12-09T15:00:00.000000,Spain,Spain,ES,66.85,99.55,86.31,72.56,entsoe.eu,false,""
2024-12-09T16:00:00.000000,Spain,Spain,ES,93.45,131.37,79.59,64.66,entsoe.eu,false,""
2024-12-09T17:00:00.000000,Spain,Spain,ES,106.03,145.25,76.73,59.21,entsoe.eu,false,""
2024-12-09T18:00:00.000000,Spain,Spain,ES,108.29,147.98,76.2,58.74,entsoe.eu,false,""
2024-12-09T19:00:00.000000,Spain,Spain,ES,109.86,149.81,75.8,57.62,entsoe.eu,false,""
2024-12-09T20:00:00.000000,Spain,Spain,ES,111.92,152.12,75.51,56.89,entsoe.eu,false,""
2024-12-09T21:00:00.000000,Spain,Spain,ES,114.18,155.31,74.92,55.24,entsoe.eu,false,""
2024-12-09T22:00:00.000000,Spain,Spain,ES,104.04,142.19,77.76,56.72,entsoe.eu,false,""
2024-12-09T23:00:00.000000,Spain,Spain,ES,101.07,137.88,78.81,56.34,entsoe.eu,false,""
2024-12-10T00:00:00.000000,Spain,Spain,ES,100.76,138.0,78.89,55.53,entsoe.eu,false,""
2024-12-10T01:00:00.000000,Spain,Spain,ES,102.95,141.19,78.4,54.27,entsoe.eu,false,""
2024-12-10T02:00:00.000000,Spain,Spain,ES,110.92,151.08,76.55,52.3,entsoe.eu,false,""
2024-12-10T03:00:00.000000,Spain,Spain,ES,116.34,157.97,75.2,50.21,entsoe.eu,false,""
2024-12-10T04:00:00.000000,Spain,Spain,ES,123.12,166.23,73.71,48.79,entsoe.eu,false,""
2024-12-10T05:00:00.000000,Spain,Spain,ES,134.53,181.06,70.51,46.91,entsoe.eu,false,""
2024-12-10T06:00:00.000000,Spain,Spain,ES,157.92,209.66,64.91,44.23,entsoe.eu,false,""
2024-12-10T07:00:00.000000,Spain,Spain,ES,164.77,218.19,63.11,43.83,entsoe.eu,false,""
2024-12-10T08:00:00.000000,Spain,Spain,ES,155.21,207.37,65.52,48.51,entsoe.eu,false,""
2024-12-10T09:00:00.000000,Spain,Spain,ES,123.1,170.09,73.08,58.91,entsoe.eu,false,""
2024-12-10T10:00:00.000000,Spain,Spain,ES,106.97,150.42,77.22,63.66,entsoe.eu,false,""
2024-12-10T11:00:00.000000,Spain,Spain,ES,106.15,148.58,78.13,64.48,entsoe.eu,false,""
2024-12-10T12:00:00.000000,Spain,Spain,ES,109.37,152.37,77.6,63.85,entsoe.eu,false,""
2024-12-10T13:00:00.000000,Spain,Spain,ES,116.9,161.51,75.97,62.39,entsoe.eu,false,""
2024-12-10T14:00:00.000000,Spain,Spain,ES,125.29,171.74,74.0,60.55,entsoe.eu,false,""
2024-12-10T15:00:00.000000,Spain,Spain,ES,153.34,205.38,67.57,53.38,entsoe.eu,false,""
2024-12-10T16:00:00.000000,Spain,Spain,ES,198.56,259.35,56.93,41.65,entsoe.eu,false,""
2024-12-10T17:00:00.000000,Spain,Spain,ES,217.66,281.23,53.03,37.42,entsoe.eu,false,""
2024-12-10T18:00:00.000000,Spain,Spain,ES,216.99,279.27,54.02,37.13,entsoe.eu,false,""
2024-12-10T19:00:00.000000,Spain,Spain,ES,223.19,287.07,52.43,34.7,entsoe.eu,false,""
2024-12-10T20:00:00.000000,Spain,Spain,ES,226.49,291.2,51.62,33.78,entsoe.eu,false,""
2024-12-10T21:00:00.000000,Spain,Spain,ES,236.84,304.53,49.11,30.67,entsoe.eu,false,""
2024-12-10T22:00:00.000000,Spain,Spain,ES,237.16,305.27,49.05,27.81,entsoe.eu,false,""
2024-12-10T23:00:00.000000,Spain,Spain,ES,234.28,301.59,50.1,26.21,entsoe.eu,false,""
2024-12-11T00:00:00.000000,Spain,Spain,ES,236.17,303.92,50.01,24.26,entsoe.eu,false,""
2024-12-11T01:00:00.000000,Spain,Spain,ES,231.98,299.57,50.5,23.59,entsoe.eu,false,""
2024-12-11T02:00:00.000000,Spain,Spain,ES,234.72,302.81,49.91,22.61,entsoe.eu,false,""
2024-12-11T03:00:00.000000,Spain,Spain,ES,231.88,299.31,50.58,22.25,entsoe.eu,false,""
2024-12-11T04:00:00.000000,Spain,Spain,ES,237.74,306.89,49.16,21.47,entsoe.eu,false,""
2024-12-11T05:00:00.000000,Spain,Spain,ES,247.2,317.48,47.67,21.54,entsoe.eu,false,""
2024-12-11T06:00:00.000000,Spain,Spain,ES,260.91,332.83,44.99,26.55,entsoe.eu,false,""
2024-12-11T07:00:00.000000,Spain,Spain,ES,251.73,321.55,46.86,31.18,entsoe.eu,false,""
2024-12-11T08:00:00.000000,Spain,Spain,ES,245.91,314.71,48.55,33.17,entsoe.eu,false,""
2024-12-11T09:00:00.000000,Spain,Spain,ES,222.47,287.75,53.62,39.12,entsoe.eu,false,""
2024-12-11T10:00:00.000000,Spain,Spain,ES,215.15,280.32,54.72,40.97,entsoe.eu,false,""
2024-12-11T11:00:00.000000,Spain,Spain,ES,214.84,280.45,54.62,40.83,entsoe.eu,false,""
2024-12-11T12:00:00.000000,Spain,Spain,ES,211.96,277.03,55.35,41.47,entsoe.eu,false,""
2024-12-11T13:00:00.000000,Spain,Spain,ES,215.92,280.91,54.99,40.97,entsoe.eu,false,""
2024-12-11T14:00:00.000000,Spain,Spain,ES,220.47,285.36,54.41,40.34,entsoe.eu,false,""
2024-12-11T15:00:00.000000,Spain,Spain,ES,236.47,304.26,50.85,36.22,entsoe.eu,false,""
2024-12-11T16:00:00.000000,Spain,Spain,ES,251.38,321.03,47.5,32.08,entsoe.eu,false,""
2024-12-11T17:00:00.000000,Spain,Spain,ES,254.46,324.11,46.55,31.14,entsoe.eu,false,""
2024-12-11T18:00:00.000000,Spain,Spain,ES,252.18,321.35,46.99,31.43,entsoe.eu,false,""
2024-12-11T19:00:00.000000,Spain,Spain,ES,253.24,322.77,46.64,31.34,entsoe.eu,false,""
2024-12-11T20:00:00.000000,Spain,Spain,ES,250.8,320.06,47.13,29.88,entsoe.eu,false,""
2024-12-11T21:00:00.000000,Spain,Spain,ES,250.94,320.62,47.05,29.84,entsoe.eu,false,""
2024-12-11T22:00:00.000000,Spain,Spain,ES,247.74,317.03,47.84,28.6,entsoe.eu,false,""
2024-12-11T23:00:00.000000,Spain,Spain,ES,234.88,300.74,51.09,27.51,entsoe.eu,false,""
2024-12-12T00:00:00.000000,Spain,Spain,ES,227.01,292.6,52.16,25.71,entsoe.eu,false,""
2024-12-12T01:00:00.000000,Spain,Spain,ES,224.03,290.0,52.21,24.7,entsoe.eu,false,""
2024-12-12T02:00:00.000000,Spain,Spain,ES,225.5,291.6,52.02,24.21,entsoe.eu,false,""
2024-12-12T03:00:00.000000,Spain,Spain,ES,224.58,290.34,52.35,24.01,entsoe.eu,false,""
2024-12-12T04:00:00.000000,Spain,Spain,ES,230.28,297.01,51.42,25.05,entsoe.eu,false,""
2024-12-12T05:00:00.000000,Spain,Spain,ES,248.79,318.45,48.2,26.96,entsoe.eu,false,""
2024-12-12T06:00:00.000000,Spain,Spain,ES,244.96,313.01,49.01,31.66,entsoe.eu,false,""
2024-12-12T07:00:00.000000,Spain,Spain,ES,232.29,297.63,51.31,35.52,entsoe.eu,false,""
2024-12-12T08:00:00.000000,Spain,Spain,ES,226.0,289.96,53.25,37.87,entsoe.eu,false,""
2024-12-12T09:00:00.000000,Spain,Spain,ES,215.93,278.89,55.61,40.59,entsoe.eu,false,""
2024-12-12T10:00:00.000000,Spain,Spain,ES,205.16,267.03,57.72,43.01,entsoe.eu,false,""
2024-12-12T11:00:00.000000,Spain,Spain,ES,203.31,265.72,57.55,42.73,entsoe.eu,false,""
2024-12-12T12:00:00.000000,Spain,Spain,ES,211.41,275.52,55.64,40.8,entsoe.eu,false,""
2024-12-12T13:00:00.000000,Spain,Spain,ES,217.54,282.72,54.23,39.17,entsoe.eu,false,""
2024-12-12T14:00:00.000000,Spain,Spain,ES,219.46,284.34,53.77,38.64,entsoe.eu,false,""
2024-12-12T15:00:00.000000,Spain,Spain,ES,228.13,293.66,52.43,36.71,entsoe.eu,false,""
2024-12-12T16:00:00.000000,Spain,Spain,ES,237.15,304.97,49.42,32.76,entsoe.eu,false,""
2024-12-12T17:00:00.000000,Spain,Spain,ES,234.35,304.04,47.68,31.91,entsoe.eu,false,""
2024-12-12T18:00:00.000000,Spain,Spain,ES,228.27,296.43,49.1,33.06,entsoe.eu,false,""
2024-12-12T19:00:00.000000,Spain,Spain,ES,220.41,286.51,50.98,33.72,entsoe.eu,false,""
2024-12-12T20:00:00.000000,Spain,Spain,ES,225.15,291.62,50.42,32.59,entsoe.eu,false,""
2024-12-12T21:00:00.000000,Spain,Spain,ES,236.79,306.07,48.01,28.47,entsoe.eu,false,""
2024-12-12T22:00:00.000000,Spain,Spain,ES,234.54,304.05,48.27,25.87,entsoe.eu,false,""
2024-12-12T23:00:00.000000,Spain,Spain,ES,222.04,290.13,50.32,25.49,entsoe.eu,false,""
2024-12-13T00:00:00.000000,Spain,Spain,ES,231.2,301.35,48.64,23.07,entsoe.eu,false,""
2024-12-13T01:00:00.000000,Spain,Spain,ES,234.1,305.26,47.96,21.23,entsoe.eu,false,""
2024-12-13T02:00:00.000000,Spain,Spain,ES,230.28,300.44,48.85,21.12,entsoe.eu,false,""
2024-12-13T03:00:00.000000,Spain,Spain,ES,233.42,304.11,48.27,20.29,entsoe.eu,false,""
2024-12-13T04:00:00.000000,Spain,Spain,ES,239.05,310.83,47.09,19.68,entsoe.eu,false,""
2024-12-13T05:00:00.000000,Spain,Spain,ES,244.32,317.19,45.91,22.2,entsoe.eu,false,""
2024-12-13T06:00:00.000000,Spain,Spain,ES,248.62,321.31,45.34,26.94,entsoe.eu,false,""
2024-12-13T07:00:00.000000,Spain,Spain,ES,242.43,313.41,46.63,30.07,entsoe.eu,false,""
2024-12-13T08:00:00.000000,Spain,Spain,ES,223.03,291.28,50.05,33.95,entsoe.eu,false,""
2024-12-13T09:00:00.000000,Spain,Spain,ES,202.49,268.03,54.59,39.57,entsoe.eu,false,""
2024-12-13T10:00:00.000000,Spain,Spain,ES,190.37,254.25,57.46,43.42,entsoe.eu,false,""
2024-12-13T11:00:00.000000,Spain,Spain,ES,187.18,250.94,58.01,44.24,entsoe.eu,false,""
2024-12-13T12:00:00.000000,Spain,Spain,ES,186.11,249.92,58.13,44.24,entsoe.eu,false,""
2024-12-13T13:00:00.000000,Spain,Spain,ES,189.53,253.93,57.34,43.25,entsoe.eu,false,""
2024-12-13T14:00:00.000000,Spain,Spain,ES,193.04,257.87,56.68,42.5,entsoe.eu,false,""
2024-12-13T15:00:00.000000,Spain,Spain,ES,201.14,266.54,54.99,39.94,entsoe.eu,false,""
2024-12-13T16:00:00.000000,Spain,Spain,ES,227.09,297.26,48.92,31.61,entsoe.eu,false,""
2024-12-13T17:00:00.000000,Spain,Spain,ES,231.4,301.28,47.84,29.35,entsoe.eu,false,""
2024-12-13T18:00:00.000000,Spain,Spain,ES,230.73,299.87,48.21,29.17,entsoe.eu,false,""
2024-12-13T19:00:00.000000,Spain,Spain,ES,230.17,299.21,48.26,28.95,entsoe.eu,false,""
2024-12-13T20:00:00.000000,Spain,Spain,ES,229.25,298.74,48.16,26.35,entsoe.eu,false,""
2024-12-13T21:00:00.000000,Spain,Spain,ES,225.95,295.5,48.39,25.38,entsoe.eu,false,""
2024-12-13T22:00:00.000000,Spain,Spain,ES,228.1,299.18,47.47,23.37,entsoe.eu,false,""
2024-12-13T23:00:00.000000,Spain,Spain,ES,211.23,277.13,52.24,26.82,entsoe.eu,false,""
2024-12-14T00:00:00.000000,Spain,Spain,ES,192.21,252.4,57.36,29.9,entsoe.eu,false,""
2024-12-14T01:00:00.000000,Spain,Spain,ES,191.1,251.72,57.47,28.62,entsoe.eu,false,""
2024-12-14T02:00:00.000000,Spain,Spain,ES,189.6,250.12,57.8,27.92,entsoe.eu,false,""
2024-12-14T03:00:00.000000,Spain,Spain,ES,189.12,249.63,57.95,27.99,entsoe.eu,false,""
2024-12-14T04:00:00.000000,Spain,Spain,ES,188.47,249.33,57.81,28.26,entsoe.eu,false,""
2024-12-14T05:00:00.000000,Spain,Spain,ES,188.8,249.81,57.6,29.05,entsoe.eu,false,""
2024-12-14T06:00:00.000000,Spain,Spain,ES,184.53,244.24,58.49,31.19,entsoe.eu,false,""
2024-12-14T07:00:00.000000,Spain,Spain,ES,176.25,233.86,60.31,33.89,entsoe.eu,false,""
2024-12-14T08:00:00.000000,Spain,Spain,ES,162.34,217.42,63.5,39.14,entsoe.eu,false,""
2024-12-14T09:00:00.000000,Spain,Spain,ES,126.82,175.93,71.59,51.24,entsoe.eu,false,""
2024-12-14T10:00:00.000000,Spain,Spain,ES,107.55,153.34,76.16,58.33,entsoe.eu,false,""
2024-12-14T11:00:00.000000,Spain,Spain,ES,105.09,150.65,76.85,59.94,entsoe.eu,false,""
2024-12-14T12:00:00.000000,Spain,Spain,ES,102.14,147.06,77.51,60.3,entsoe.eu,false,""
2024-12-14T13:00:00.000000,Spain,Spain,ES,99.37,143.19,78.12,60.08,entsoe.eu,false,""
2024-12-14T14:00:00.000000,Spain,Spain,ES,102.05,145.93,77.56,58.52,entsoe.eu,false,""
2024-12-14T15:00:00.000000,Spain,Spain,ES,126.04,174.79,71.56,49.14,entsoe.eu,false,""
2024-12-14T16:00:00.000000,Spain,Spain,ES,162.69,218.34,62.77,39.32,entsoe.eu,false,""
2024-12-14T17:00:00.000000,Spain,Spain,ES,167.86,223.79,61.5,38.59,entsoe.eu,false,""
2024-12-14T18:00:00.000000,Spain,Spain,ES,162.66,217.09,62.8,40.28,entsoe.eu,false,""
2024-12-14T19:00:00.000000,Spain,Spain,ES,161.0,215.05,63.16,41.07,entsoe.eu,false,""
2024-12-14T20:00:00.000000,Spain,Spain,ES,163.31,217.81,62.74,40.27,entsoe.eu,false,""
2024-12-14T21:00:00.000000,Spain,Spain,ES,161.46,215.73,63.21,40.39,entsoe.eu,false,""
2024-12-14T22:00:00.000000,Spain,Spain,ES,163.75,217.9,63.42,39.53,entsoe.eu,false,""
2024-12-14T23:00:00.000000,Spain,Spain,ES,150.29,200.27,67.23,41.99,entsoe.eu,false,""
2024-12-15T00:00:00.000000,Spain,Spain,ES,136.08,182.81,70.61,43.22,entsoe.eu,false,""
2024-12-15T01:00:00.000000,Spain,Spain,ES,129.87,175.09,72.19,44.71,entsoe.eu,false,""
2024-12-15T02:00:00.000000,Spain,Spain,ES,127.7,172.66,72.55,45.06,entsoe.eu,false,""
2024-12-15T03:00:00.000000,Spain,Spain,ES,120.85,163.77,74.33,46.87,entsoe.eu,false,""
2024-12-15T04:00:00.000000,Spain,Spain,ES,114.93,156.5,75.69,48.27,entsoe.eu,false,""
2024-12-15T05:00:00.000000,Spain,Spain,ES,112.84,153.99,76.09,49.3,entsoe.eu,false,""
2024-12-15T06:00:00.000000,Spain,Spain,ES,116.55,158.54,75.19,48.44,entsoe.eu,false,""
2024-12-15T07:00:00.000000,Spain,Spain,ES,125.03,169.29,72.97,47.28,entsoe.eu,false,""
2024-12-15T08:00:00.000000,Spain,Spain,ES,106.84,148.0,76.98,53.05,entsoe.eu,false,""
2024-12-15T09:00:00.000000,Spain,Spain,ES,73.85,108.71,85.09,65.3,entsoe.eu,false,""
2024-12-15T10:00:00.000000,Spain,Spain,ES,65.68,99.59,87.22,70.95,entsoe.eu,false,""
2024-12-15T11:00:00.000000,Spain,Spain,ES,73.38,108.57,85.9,70.4,entsoe.eu,false,""
2024-12-15T12:00:00.000000,Spain,Spain,ES,69.82,103.65,87.02,70.86,entsoe.eu,false,""
2024-12-15T13:00:00.000000,Spain,Spain,ES,66.78,100.32,87.4,69.24,entsoe.eu,false,""
2024-12-15T14:00:00.000000,Spain,Spain,ES,71.01,105.36,86.13,67.07,entsoe.eu,false,""
2024-12-15T15:00:00.000000,Spain,Spain,ES,80.62,116.82,83.4,61.25,entsoe.eu,false,""
2024-12-15T16:00:00.000000,Spain,Spain,ES,115.23,157.85,75.11,51.07,entsoe.eu,false,""
2024-12-15T17:00:00.000000,Spain,Spain,ES,130.0,175.57,71.14,47.6,entsoe.eu,false,""
2024-12-15T18:00:00.000000,Spain,Spain,ES,128.23,173.53,71.34,48.27,entsoe.eu,false,""
2024-12-15T19:00:00.000000,Spain,Spain,ES,122.76,166.57,72.61,49.98,entsoe.eu,false,""
2024-12-15T20:00:00.000000,Spain,Spain,ES,121.83,165.38,72.82,49.91,entsoe.eu,false,""
2024-12-15T21:00:00.000000,Spain,Spain,ES,126.71,171.19,72.04,48.56,entsoe.eu,false,""
2024-12-15T22:00:00.000000,Spain,Spain,ES,124.84,168.67,72.89,48.34,entsoe.eu,false,""
2024-12-15T23:00:00.000000,Spain,Spain,ES,117.97,160.2,74.8,47.84,entsoe.eu,false,""
2024-12-16T00:00:00.000000,Spain,Spain,ES,117.99,160.64,74.91,46.41,entsoe.eu,false,""
2024-12-16T01:00:00.000000,Spain,Spain,ES,124.56,169.17,73.38,43.35,entsoe.eu,false,""
2024-12-16T02:00:00.000000,Spain,Spain,ES,128.4,173.86,72.63,41.44,entsoe.eu,false,""
2024-12-16T03:00:00.000000,Spain,Spain,ES,130.18,176.07,72.27,40.74,entsoe.eu,false,""
2024-12-16T04:00:00.000000,Spain,Spain,ES,132.58,179.03,71.64,40.61,entsoe.eu,false,""
2024-12-16T05:00:00.000000,Spain,Spain,ES,145.17,194.02,68.98,40.49,entsoe.eu,false,""
2024-12-16T06:00:00.000000,Spain,Spain,ES,153.58,203.8,66.84,41.42,entsoe.eu,false,""
2024-12-16T07:00:00.000000,Spain,Spain,ES,157.31,208.71,65.32,42.82,entsoe.eu,false,""
2024-12-16T08:00:00.000000,Spain,Spain,ES,152.48,203.76,66.47,44.78,entsoe.eu,false,""
2024-12-16T09:00:00.000000,Spain,Spain,ES,114.75,158.12,76.2,56.08,entsoe.eu,false,""
2024-12-16T10:00:00.000000,Spain,Spain,ES,86.27,123.11,83.39,62.89,entsoe.eu,false,""
2024-12-16T11:00:00.000000,Spain,Spain,ES,77.15,112.05,85.57,64.76,entsoe.eu,false,""
2024-12-16T12:00:00.000000,Spain,Spain,ES,84.31,120.82,84.05,63.39,entsoe.eu,false,""
2024-12-16T13:00:00.000000,Spain,Spain,ES,85.34,122.1,83.89,63.0,entsoe.eu,false,""
2024-12-16T14:00:00.000000,Spain,Spain,ES,96.34,135.03,81.77,61.57,entsoe.eu,false,""
2024-12-16T15:00:00.000000,Spain,Spain,ES,133.81,179.99,73.26,52.37,entsoe.eu,false,""
2024-12-16T16:00:00.000000,Spain,Spain,ES,179.75,234.44,62.68,40.99,entsoe.eu,false,""
2024-12-16T17:00:00.000000,Spain,Spain,ES,189.0,244.52,60.66,39.19,entsoe.eu,false,""
2024-12-16T18:00:00.000000,Spain,Spain,ES,186.87,242.1,60.89,39.97,entsoe.eu,false,""
2024-12-16T19:00:00.000000,Spain,Spain,ES,187.58,243.13,60.58,39.59,entsoe.eu,false,""
2024-12-16T20:00:00.000000,Spain,Spain,ES,187.5,243.3,60.33,39.01,entsoe.eu,false,""
2024-12-16T21:00:00.000000,Spain,Spain,ES,184.93,240.75,60.54,37.99,entsoe.eu,false,""
2024-12-16T22:00:00.000000,Spain,Spain,ES,184.6,240.0,61.23,37.09,entsoe.eu,false,""
2024-12-16T23:00:00.000000,Spain,Spain,ES,182.42,236.06,62.87,40.36,entsoe.eu,false,""
2024-12-17T00:00:00.000000,Spain,Spain,ES,180.27,233.07,63.95,40.64,entsoe.eu,false,""
2024-12-17T01:00:00.000000,Spain,Spain,ES,177.32,229.51,64.8,40.62,entsoe.eu,false,""
2024-12-17T02:00:00.000000,Spain,Spain,ES,167.06,217.43,66.8,41.98,entsoe.eu,false,""
2024-12-17T03:00:00.000000,Spain,Spain,ES,165.52,215.18,67.23,40.26,entsoe.eu,false,""
2024-12-17T04:00:00.000000,Spain,Spain,ES,161.9,211.21,67.72,40.06,entsoe.eu,false,""
2024-12-17T05:00:00.000000,Spain,Spain,ES,165.05,214.88,66.82,39.24,entsoe.eu,false,""
2024-12-17T06:00:00.000000,Spain,Spain,ES,174.71,227.43,63.75,39.14,entsoe.eu,false,""
2024-12-17T07:00:00.000000,Spain,Spain,ES,181.23,235.1,62.08,39.59,entsoe.eu,false,""
2024-12-17T08:00:00.000000,Spain,Spain,ES,172.42,224.62,64.2,43.01,entsoe.eu,false,""
2024-12-17T09:00:00.000000,Spain,Spain,ES,138.81,185.5,71.81,50.97,entsoe.eu,false,""
2024-12-17T10:00:00.000000,Spain,Spain,ES,117.95,161.15,76.71,56.39,entsoe.eu,false,""
2024-12-17T11:00:00.000000,Spain,Spain,ES,116.41,159.53,77.15,58.05,entsoe.eu,false,""
2024-12-17T12:00:00.000000,Spain,Spain,ES,122.88,167.77,75.77,59.33,entsoe.eu,false,""
2024-12-17T13:00:00.000000,Spain,Spain,ES,127.4,173.07,74.91,57.75,entsoe.eu,false,""
2024-12-17T14:00:00.000000,Spain,Spain,ES,137.34,184.87,72.66,54.67,entsoe.eu,false,""
2024-12-17T15:00:00.000000,Spain,Spain,ES,158.59,209.9,67.47,47.19,entsoe.eu,false,""
2024-12-17T16:00:00.000000,Spain,Spain,ES,184.89,241.09,60.91,39.98,entsoe.eu,false,""
2024-12-17T17:00:00.000000,Spain,Spain,ES,192.77,250.01,59.09,38.46,entsoe.eu,false,""
2024-12-17T18:00:00.000000,Spain,Spain,ES,190.17,246.54,59.81,39.61,entsoe.eu,false,""
2024-12-17T19:00:00.000000,Spain,Spain,ES,184.22,239.42,60.93,40.69,entsoe.eu,false,""
2024-12-17T20:00:00.000000,Spain,Spain,ES,182.95,238.23,60.91,40.46,entsoe.eu,false,""
2024-12-17T21:00:00.000000,Spain,Spain,ES,187.2,244.34,59.73,38.52,entsoe.eu,false,""
2024-12-17T22:00:00.000000,Spain,Spain,ES,178.15,233.15,62.11,38.9,entsoe.eu,false,""
2024-12-17T23:00:00.000000,Spain,Spain,ES,160.06,209.37,67.36,42.89,entsoe.eu,false,""
2024-12-18T00:00:00.000000,Spain,Spain,ES,142.71,187.44,71.95,45.47,entsoe.eu,false,""
2024-12-18T01:00:00.000000,Spain,Spain,ES,137.18,180.26,73.69,46.06,entsoe.eu,false,""
2024-12-18T02:00:00.000000,Spain,Spain,ES,139.66,183.47,73.12,45.62,entsoe.eu,false,""
2024-12-18T03:00:00.000000,Spain,Spain,ES,145.53,190.64,71.81,44.28,entsoe.eu,false,""
2024-12-18T04:00:00.000000,Spain,Spain,ES,146.38,191.81,71.51,44.06,entsoe.eu,false,""
2024-12-18T05:00:00.000000,Spain,Spain,ES,152.71,200.09,69.45,43.36,entsoe.eu,false,""
2024-12-18T06:00:00.000000,Spain,Spain,ES,165.91,216.26,65.98,42.22,entsoe.eu,false,""
2024-12-18T07:00:00.000000,Spain,Spain,ES,171.15,222.94,64.37,42.53,entsoe.eu,false,""
2024-12-18T08:00:00.000000,Spain,Spain,ES,156.97,206.3,67.41,46.38,entsoe.eu,false,""
2024-12-18T09:00:00.000000,Spain,Spain,ES,120.44,162.61,76.03,55.83,entsoe.eu,false,""
2024-12-18T10:00:00.000000,Spain,Spain,ES,89.75,126.45,82.67,62.42,entsoe.eu,false,""
2024-12-18T11:00:00.000000,Spain,Spain,ES,79.67,114.6,84.94,64.55,entsoe.eu,false,""
2024-12-18T12:00:00.000000,Spain,Spain,ES,76.6,110.85,85.81,65.56,entsoe.eu,false,""
2024-12-18T13:00:00.000000,Spain,Spain,ES,80.66,115.62,84.89,64.92,entsoe.eu,false,""
2024-12-18T14:00:00.000000,Spain,Spain,ES,92.51,129.79,82.16,62.1,entsoe.eu,false,""
2024-12-18T15:00:00.000000,Spain,Spain,ES,113.68,155.14,77.08,56.19,entsoe.eu,false,""
2024-12-18T16:00:00.000000,Spain,Spain,ES,138.6,184.69,70.99,49.24,entsoe.eu,false,""
2024-12-18T17:00:00.000000,Spain,Spain,ES,146.03,193.93,68.65,47.49,entsoe.eu,false,""
2024-12-18T18:00:00.000000,Spain,Spain,ES,137.43,183.74,70.23,49.52,entsoe.eu,false,""
2024-12-18T19:00:00.000000,Spain,Spain,ES,134.66,180.37,70.72,50.31,entsoe.eu,false,""
2024-12-18T20:00:00.000000,Spain,Spain,ES,136.79,183.14,70.21,49.69,entsoe.eu,false,""
2024-12-18T21:00:00.000000,Spain,Spain,ES,126.27,169.98,72.97,51.37,entsoe.eu,false,""
2024-12-18T22:00:00.000000,Spain,Spain,ES,110.95,150.69,76.78,53.6,entsoe.eu,false,""
2024-12-18T23:00:00.000000,Spain,Spain,ES,90.1,125.04,81.24,57.39,entsoe.eu,false,""
2024-12-19T00:00:00.000000,Spain,Spain,ES,74.62,106.42,84.6,60.73,entsoe.eu,false,""
2024-12-19T01:00:00.000000,Spain,Spain,ES,64.43,93.83,86.82,62.96,entsoe.eu,false,""
2024-12-19T02:00:00.000000,Spain,Spain,ES,60.8,89.08,87.79,64.02,entsoe.eu,false,""
2024-12-19T03:00:00.000000,Spain,Spain,ES,62.84,92.09,87.19,63.06,entsoe.eu,false,""
2024-12-19T04:00:00.000000,Spain,Spain,ES,68.27,98.85,85.88,61.71,entsoe.eu,false,""
2024-12-19T05:00:00.000000,Spain,Spain,ES,66.94,97.33,86.08,62.24,entsoe.eu,false,""
2024-12-19T06:00:00.000000,Spain,Spain,ES,75.84,107.23,84.6,62.03,entsoe.eu,false,""
2024-12-19T07:00:00.000000,Spain,Spain,ES,82.25,114.86,83.13,61.74,entsoe.eu,false,""
2024-12-19T08:00:00.000000,Spain,Spain,ES,81.16,114.21,83.18,61.77,entsoe.eu,false,""
2024-12-19T09:00:00.000000,Spain,Spain,ES,65.38,95.29,86.99,66.66,entsoe.eu,false,""
2024-12-19T10:00:00.000000,Spain,Spain,ES,56.69,85.36,89.03,69.01,entsoe.eu,false,""
2024-12-19T11:00:00.000000,Spain,Spain,ES,55.06,83.55,89.33,70.29,entsoe.eu,false,""
2024-12-19T12:00:00.000000,Spain,Spain,ES,51.32,79.06,90.19,73.43,entsoe.eu,false,""
2024-12-19T13:00:00.000000,Spain,Spain,ES,49.92,77.01,90.78,75.0,entsoe.eu,false,""
2024-12-19T14:00:00.000000,Spain,Spain,ES,54.34,82.46,89.83,74.96,entsoe.eu,false,""
2024-12-19T15:00:00.000000,Spain,Spain,ES,66.52,97.01,87.05,70.15,entsoe.eu,false,""
2024-12-19T16:00:00.000000,Spain,Spain,ES,88.8,124.22,81.3,62.57,entsoe.eu,false,""
2024-12-19T17:00:00.000000,Spain,Spain,ES,104.41,143.27,77.24,57.72,entsoe.eu,false,""
2024-12-19T18:00:00.000000,Spain,Spain,ES,101.03,139.31,77.72,57.99,entsoe.eu,false,""
2024-12-19T19:00:00.000000,Spain,Spain,ES,99.97,138.27,77.78,57.95,entsoe.eu,false,""
2024-12-19T20:00:00.000000,Spain,Spain,ES,102.02,140.88,77.33,57.15,entsoe.eu,false,""
2024-12-19T21:00:00.000000,Spain,Spain,ES,99.17,137.29,78.22,56.74,entsoe.eu,false,""
2024-12-19T22:00:00.000000,Spain,Spain,ES,98.57,136.18,78.83,56.05,entsoe.eu,false,""
2024-12-19T23:00:00.000000,Spain,Spain,ES,96.53,133.59,79.69,56.79,entsoe.eu,false,""
2024-12-20T00:00:00.000000,Spain,Spain,ES,92.19,128.03,81.0,57.7,entsoe.eu,false,""
2024-12-20T01:00:00.000000,Spain,Spain,ES,91.93,127.95,81.0,57.55,entsoe.eu,false,""
2024-12-20T02:00:00.000000,Spain,Spain,ES,95.87,132.64,80.09,55.91,entsoe.eu,false,""
2024-12-20T03:00:00.000000,Spain,Spain,ES,100.95,139.28,78.61,53.15,entsoe.eu,false,""
2024-12-20T04:00:00.000000,Spain,Spain,ES,100.81,138.73,78.92,53.08,entsoe.eu,false,""
2024-12-20T05:00:00.000000,Spain,Spain,ES,104.42,143.07,78.04,53.43,entsoe.eu,false,""
2024-12-20T06:00:00.000000,Spain,Spain,ES,108.31,147.91,76.81,52.84,entsoe.eu,false,""
2024-12-20T07:00:00.000000,Spain,Spain,ES,111.39,150.97,76.14,52.34,entsoe.eu,false,""
2024-12-20T08:00:00.000000,Spain,Spain,ES,101.34,139.57,78.5,56.63,entsoe.eu,false,""
2024-12-20T09:00:00.000000,Spain,Spain,ES,68.85,101.23,86.24,66.62,entsoe.eu,false,""
2024-12-20T10:00:00.000000,Spain,Spain,ES,60.07,91.97,88.33,70.58,entsoe.eu,false,""
2024-12-20T11:00:00.000000,Spain,Spain,ES,57.5,88.92,88.88,69.9,entsoe.eu,false,""
2024-12-20T12:00:00.000000,Spain,Spain,ES,56.36,87.57,89.16,69.28,entsoe.eu,false,""
2024-12-20T13:00:00.000000,Spain,Spain,ES,57.76,89.18,89.09,70.42,entsoe.eu,false,""
2024-12-20T14:00:00.000000,Spain,Spain,ES,63.25,96.08,87.82,70.78,entsoe.eu,false,""
2024-12-20T15:00:00.000000,Spain,Spain,ES,85.13,122.23,82.65,62.62,entsoe.eu,false,""
2024-12-20T16:00:00.000000,Spain,Spain,ES,113.47,155.37,75.7,52.29,entsoe.eu,false,""
2024-12-20T17:00:00.000000,Spain,Spain,ES,126.82,170.36,72.43,48.13,entsoe.eu,false,""
2024-12-20T18:00:00.000000,Spain,Spain,ES,127.65,171.33,72.13,47.75,entsoe.eu,false,""
2024-12-20T19:00:00.000000,Spain,Spain,ES,129.12,173.18,71.73,47.22,entsoe.eu,false,""
2024-12-20T20:00:00.000000,Spain,Spain,ES,128.48,172.65,71.66,46.83,entsoe.eu,false,""
2024-12-20T21:00:00.000000,Spain,Spain,ES,126.25,169.9,72.33,46.8,entsoe.eu,false,""
2024-12-20T22:00:00.000000,Spain,Spain,ES,112.31,152.46,75.75,48.2,entsoe.eu,false,""
2024-12-20T23:00:00.000000,Spain,Spain,ES,106.69,145.17,77.49,48.8,entsoe.eu,false,""
2024-12-21T00:00:00.000000,Spain,Spain,ES,99.88,136.87,79.48,48.86,entsoe.eu,false,""
2024-12-21T01:00:00.000000,Spain,Spain,ES,101.35,139.04,79.08,48.09,entsoe.eu,false,""
2024-12-21T02:00:00.000000,Spain,Spain,ES,104.64,143.45,78.17,47.55,entsoe.eu,false,""
2024-12-21T03:00:00.000000,Spain,Spain,ES,104.34,143.11,78.27,48.01,entsoe.eu,false,""
2024-12-21T04:00:00.000000,Spain,Spain,ES,105.45,144.31,78.07,48.19,entsoe.eu,false,""
2024-12-21T05:00:00.000000,Spain,Spain,ES,106.05,145.13,77.84,47.95,entsoe.eu,false,""
2024-12-21T06:00:00.000000,Spain,Spain,ES,100.82,138.33,79.08,48.86,entsoe.eu,false,""
2024-12-21T07:00:00.000000,Spain,Spain,ES,99.03,134.69,80.07,50.71,entsoe.eu,false,""
2024-12-21T08:00:00.000000,Spain,Spain,ES,85.23,119.09,83.25,55.58,entsoe.eu,false,""
2024-12-21T09:00:00.000000,Spain,Spain,ES,64.41,95.67,88.13,63.74,entsoe.eu,false,""
2024-12-21T10:00:00.000000,Spain,Spain,ES,49.66,79.47,91.03,66.8,entsoe.eu,false,""
2024-12-21T11:00:00.000000,Spain,Spain,ES,43.99,72.83,92.17,68.18,entsoe.eu,false,""
2024-12-21T12:00:00.000000,Spain,Spain,ES,43.08,71.68,92.38,68.55,entsoe.eu,false,""
2024-12-21T13:00:00.000000,Spain,Spain,ES,42.3,70.84,92.51,69.21,entsoe.eu,false,""
2024-12-21T14:00:00.000000,Spain,Spain,ES,42.3,71.09,92.32,68.9,entsoe.eu,false,""
2024-12-21T15:00:00.000000,Spain,Spain,ES,59.92,91.5,88.57,64.3,entsoe.eu,false,""
2024-12-21T16:00:00.000000,Spain,Spain,ES,92.19,128.77,80.96,53.13,entsoe.eu,false,""
2024-12-21T17:00:00.000000,Spain,Spain,ES,111.05,150.02,76.26,47.98,entsoe.eu,false,""
2024-12-21T18:00:00.000000,Spain,Spain,ES,111.29,150.74,75.82,48.42,entsoe.eu,false,""
2024-12-21T19:00:00.000000,Spain,Spain,ES,108.65,147.67,76.27,49.04,entsoe.eu,false,""
2024-12-21T20:00:00.000000,Spain,Spain,ES,109.92,149.06,76.07,49.22,entsoe.eu,false,""
2024-12-21T21:00:00.000000,Spain,Spain,ES,111.26,150.35,76.02,48.7,entsoe.eu,false,""
2024-12-21T22:00:00.000000,Spain,Spain,ES,112.38,152.01,75.97,47.84,entsoe.eu,false,""
2024-12-21T23:00:00.000000,Spain,Spain,ES,107.37,146.03,77.5,48.59,entsoe.eu,false,""
2024-12-22T00:00:00.000000,Spain,Spain,ES,100.11,137.25,79.28,50.17,entsoe.eu,false,""
2024-12-22T01:00:00.000000,Spain,Spain,ES,98.55,135.43,79.64,49.83,entsoe.eu,false,""
2024-12-22T02:00:00.000000,Spain,Spain,ES,94.14,131.04,80.22,49.93,entsoe.eu,false,""
2024-12-22T03:00:00.000000,Spain,Spain,ES,89.25,125.55,81.1,51.16,entsoe.eu,false,""
2024-12-22T04:00:00.000000,Spain,Spain,ES,87.64,123.38,81.57,52.04,entsoe.eu,false,""
2024-12-22T05:00:00.000000,Spain,Spain,ES,87.03,122.4,81.76,52.58,entsoe.eu,false,""
2024-12-22T06:00:00.000000,Spain,Spain,ES,84.37,119.19,82.21,52.98,entsoe.eu,false,""
2024-12-22T07:00:00.000000,Spain,Spain,ES,85.26,120.34,81.94,53.32,entsoe.eu,false,""
2024-12-22T08:00:00.000000,Spain,Spain,ES,72.09,104.63,85.29,59.26,entsoe.eu,false,""
2024-12-22T09:00:00.000000,Spain,Spain,ES,53.71,83.58,89.94,69.36,entsoe.eu,false,""
2024-12-22T10:00:00.000000,Spain,Spain,ES,49.05,78.45,91.25,73.0,entsoe.eu,false,""
2024-12-22T11:00:00.000000,Spain,Spain,ES,47.73,76.94,91.52,74.12,entsoe.eu,false,""
2024-12-22T12:00:00.000000,Spain,Spain,ES,45.86,74.86,91.65,74.53,entsoe.eu,false,""
2024-12-22T13:00:00.000000,Spain,Spain,ES,41.76,69.85,92.23,75.47,entsoe.eu,false,""
2024-12-22T14:00:00.000000,Spain,Spain,ES,40.01,68.09,92.35,75.26,entsoe.eu,false,""
2024-12-22T15:00:00.000000,Spain,Spain,ES,41.05,68.73,92.03,74.17,entsoe.eu,false,""
2024-12-22T16:00:00.000000,Spain,Spain,ES,56.44,85.49,88.55,68.49,entsoe.eu,false,""
2024-12-22T17:00:00.000000,Spain,Spain,ES,67.01,96.16,86.45,65.37,entsoe.eu,false,""
2024-12-22T18:00:00.000000,Spain,Spain,ES,60.95,88.43,87.84,67.2,entsoe.eu,false,""
2024-12-22T19:00:00.000000,Spain,Spain,ES,61.6,89.54,87.58,66.28,entsoe.eu,false,""
2024-12-22T20:00:00.000000,Spain,Spain,ES,60.53,88.28,87.67,64.78,entsoe.eu,false,""
2024-12-22T21:00:00.000000,Spain,Spain,ES,60.27,88.43,87.77,63.61,entsoe.eu,false,""
2024-12-22T22:00:00.000000,Spain,Spain,ES,62.62,91.61,87.2,62.05,entsoe.eu,false,""
2024-12-22T23:00:00.000000,Spain,Spain,ES,63.93,92.69,86.9,61.93,entsoe.eu,false,""
2024-12-23T00:00:00.000000,Spain,Spain,ES,62.06,90.47,87.47,63.52,entsoe.eu,false,""
2024-12-23T01:00:00.000000,Spain,Spain,ES,63.05,91.6,87.32,64.21,entsoe.eu,false,""
2024-12-23T02:00:00.000000,Spain,Spain,ES,61.97,90.41,87.55,64.4,entsoe.eu,false,""
2024-12-23T03:00:00.000000,Spain,Spain,ES,63.53,92.27,87.24,63.65,entsoe.eu,false,""
2024-12-23T04:00:00.000000,Spain,Spain,ES,63.94,92.92,87.1,63.36,entsoe.eu,false,""
2024-12-23T05:00:00.000000,Spain,Spain,ES,62.47,90.78,87.54,64.42,entsoe.eu,false,""
2024-12-23T06:00:00.000000,Spain,Spain,ES,60.87,88.53,88.23,64.64,entsoe.eu,false,""
2024-12-23T07:00:00.000000,Spain,Spain,ES,65.83,94.22,87.31,64.89,entsoe.eu,false,""
2024-12-23T08:00:00.000000,Spain,Spain,ES,67.42,96.52,87.0,67.17,entsoe.eu,false,""
2024-12-23T09:00:00.000000,Spain,Spain,ES,53.49,81.71,90.28,73.0,entsoe.eu,false,""
2024-12-23T10:00:00.000000,Spain,Spain,ES,48.24,75.51,91.82,75.02,entsoe.eu,false,""
2024-12-23T11:00:00.000000,Spain,Spain,ES,46.19,72.98,92.49,75.33,entsoe.eu,false,""
2024-12-23T12:00:00.000000,Spain,Spain,ES,46.87,73.79,92.34,75.04,entsoe.eu,false,""
2024-12-23T13:00:00.000000,Spain,Spain,ES,45.86,72.69,92.42,75.89,entsoe.eu,false,""
2024-12-23T14:00:00.000000,Spain,Spain,ES,47.05,74.07,92.09,75.75,entsoe.eu,false,""
2024-12-23T15:00:00.000000,Spain,Spain,ES,56.09,85.13,89.78,72.77,entsoe.eu,false,""
2024-12-23T16:00:00.000000,Spain,Spain,ES,76.74,109.07,84.71,66.06,entsoe.eu,false,""
2024-12-23T17:00:00.000000,Spain,Spain,ES,89.0,122.88,81.49,62.06,entsoe.eu,false,""
2024-12-23T18:00:00.000000,Spain,Spain,ES,85.38,118.72,81.95,62.71,entsoe.eu,false,""
2024-12-23T19:00:00.000000,Spain,Spain,ES,81.78,114.66,82.54,62.52,entsoe.eu,false,""
2024-12-23T20:00:00.000000,Spain,Spain,ES,79.74,112.43,82.92,62.67,entsoe.eu,false,""
2024-12-23T21:00:00.000000,Spain,Spain,ES,82.9,116.43,82.24,61.38,entsoe.eu,false,""
2024-12-23T22:00:00.000000,Spain,Spain,ES,84.37,117.88,82.12,60.24,entsoe.eu,false,""
2024-12-23T23:00:00.000000,Spain,Spain,ES,82.58,115.28,83.19,59.87,entsoe.eu,false,""
2024-12-24T00:00:00.000000,Spain,Spain,ES,76.16,106.75,85.24,60.57,entsoe.eu,false,""
2024-12-24T01:00:00.000000,Spain,Spain,ES,81.02,113.39,83.91,59.27,entsoe.eu,false,""
2024-12-24T02:00:00.000000,Spain,Spain,ES,76.68,108.0,84.87,60.36,entsoe.eu,false,""
2024-12-24T03:00:00.000000,Spain,Spain,ES,72.89,103.89,85.44,60.78,entsoe.eu,false,""
2024-12-24T04:00:00.000000,Spain,Spain,ES,73.42,105.19,84.96,60.06,entsoe.eu,false,""
2024-12-24T05:00:00.000000,Spain,Spain,ES,76.77,108.56,84.59,59.92,entsoe.eu,false,""
2024-12-24T06:00:00.000000,Spain,Spain,ES,69.39,99.54,86.3,62.47,entsoe.eu,false,""
2024-12-24T07:00:00.000000,Spain,Spain,ES,66.51,96.37,86.63,63.87,entsoe.eu,false,""
2024-12-24T08:00:00.000000,Spain,Spain,ES,59.88,89.25,88.13,66.86,entsoe.eu,false,""
2024-12-24T09:00:00.000000,Spain,Spain,ES,46.93,74.73,91.52,71.88,entsoe.eu,false,""
2024-12-24T10:00:00.000000,Spain,Spain,ES,43.3,70.97,92.56,73.81,entsoe.eu,false,""
2024-12-24T11:00:00.000000,Spain,Spain,ES,44.44,72.46,92.4,73.76,entsoe.eu,false,""
2024-12-24T12:00:00.000000,Spain,Spain,ES,44.66,72.86,92.31,73.64,entsoe.eu,false,""
2024-12-24T13:00:00.000000,Spain,Spain,ES,44.78,72.98,92.24,73.85,entsoe.eu,false,""
2024-12-24T14:00:00.000000,Spain,Spain,ES,44.22,72.33,92.38,73.73,entsoe.eu,false,""
2024-12-24T15:00:00.000000,Spain,Spain,ES,50.21,79.22,90.87,71.21,entsoe.eu,false,""
2024-12-24T16:00:00.000000,Spain,Spain,ES,69.52,100.64,86.37,64.08,entsoe.eu,false,""
2024-12-24T17:00:00.000000,Spain,Spain,ES,77.94,109.01,84.21,59.91,entsoe.eu,false,""
2024-12-24T18:00:00.000000,Spain,Spain,ES,62.63,90.28,87.44,62.22,entsoe.eu,false,""
2024-12-24T19:00:00.000000,Spain,Spain,ES,54.93,80.76,89.22,61.24,entsoe.eu,false,""
2024-12-24T20:00:00.000000,Spain,Spain,ES,54.86,80.63,89.38,60.86,entsoe.eu,false,""
2024-12-24T21:00:00.000000,Spain,Spain,ES,61.26,88.97,88.11,60.2,entsoe.eu,false,""
2024-12-24T22:00:00.000000,Spain,Spain,ES,71.22,101.53,85.9,58.8,entsoe.eu,false,""
2024-12-24T23:00:00.000000,Spain,Spain,ES,94.41,130.1,80.71,53.71,entsoe.eu,false,""
2024-12-25T00:00:00.000000,Spain,Spain,ES,104.01,141.97,78.52,51.22,entsoe.eu,false,""
2024-12-25T01:00:00.000000,Spain,Spain,ES,105.34,143.75,78.21,50.11,entsoe.eu,false,""
2024-12-25T02:00:00.000000,Spain,Spain,ES,109.55,148.91,77.32,46.67,entsoe.eu,false,""
2024-12-25T03:00:00.000000,Spain,Spain,ES,116.05,157.2,75.8,43.64,entsoe.eu,false,""
2024-12-25T04:00:00.000000,Spain,Spain,ES,111.61,151.83,76.73,43.36,entsoe.eu,false,""
2024-12-25T05:00:00.000000,Spain,Spain,ES,111.06,150.73,77.02,41.62,entsoe.eu,false,""
2024-12-25T06:00:00.000000,Spain,Spain,ES,113.88,154.6,76.25,41.03,entsoe.eu,false,""
2024-12-25T07:00:00.000000,Spain,Spain,ES,121.21,163.89,74.69,41.13,entsoe.eu,false,""
2024-12-25T08:00:00.000000,Spain,Spain,ES,114.11,157.45,75.62,45.8,entsoe.eu,false,""
2024-12-25T09:00:00.000000,Spain,Spain,ES,80.65,118.49,83.43,57.78,entsoe.eu,false,""
2024-12-25T10:00:00.000000,Spain,Spain,ES,63.69,97.73,88.01,64.26,entsoe.eu,false,""
2024-12-25T11:00:00.000000,Spain,Spain,ES,55.39,87.87,89.92,66.58,entsoe.eu,false,""
2024-12-25T12:00:00.000000,Spain,Spain,ES,57.21,90.16,89.56,65.82,entsoe.eu,false,""
2024-12-25T13:00:00.000000,Spain,Spain,ES,56.78,90.18,89.26,65.67,entsoe.eu,false,""
2024-12-25T14:00:00.000000,Spain,Spain,ES,55.06,88.18,89.58,65.94,entsoe.eu,false,""
2024-12-25T15:00:00.000000,Spain,Spain,ES,70.41,106.57,85.86,60.48,entsoe.eu,false,""
2024-12-25T16:00:00.000000,Spain,Spain,ES,109.25,152.09,76.5,43.7,entsoe.eu,false,""
2024-12-25T17:00:00.000000,Spain,Spain,ES,117.79,159.33,74.54,39.71,entsoe.eu,false,""
2024-12-25T18:00:00.000000,Spain,Spain,ES,119.94,161.23,74.1,39.95,entsoe.eu,false,""
2024-12-25T19:00:00.000000,Spain,Spain,ES,125.01,166.75,73.27,39.73,entsoe.eu,false,""
2024-12-25T20:00:00.000000,Spain,Spain,ES,128.0,170.29,72.71,39.59,entsoe.eu,false,""
2024-12-25T21:00:00.000000,Spain,Spain,ES,133.07,176.92,71.49,37.51,entsoe.eu,false,""
2024-12-25T22:00:00.000000,Spain,Spain,ES,132.09,175.31,72.16,35.95,entsoe.eu,false,""
2024-12-25T23:00:00.000000,Spain,Spain,ES,141.74,186.84,70.82,31.52,entsoe.eu,false,""
2024-12-26T00:00:00.000000,Spain,Spain,ES,141.89,188.46,70.31,28.32,entsoe.eu,false,""
2024-12-26T01:00:00.000000,Spain,Spain,ES,139.53,184.92,71.33,27.32,entsoe.eu,false,""
2024-12-26T02:00:00.000000,Spain,Spain,ES,133.82,178.53,72.17,27.18,entsoe.eu,false,""
2024-12-26T03:00:00.000000,Spain,Spain,ES,133.28,178.7,71.94,26.78,entsoe.eu,false,""
2024-12-26T04:00:00.000000,Spain,Spain,ES,140.76,186.97,70.92,26.92,entsoe.eu,false,""
2024-12-26T05:00:00.000000,Spain,Spain,ES,150.88,198.48,69.27,28.0,entsoe.eu,false,""
2024-12-26T06:00:00.000000,Spain,Spain,ES,150.53,196.11,70.02,30.77,entsoe.eu,false,""
2024-12-26T07:00:00.000000,Spain,Spain,ES,140.41,183.65,71.76,35.18,entsoe.eu,false,""
2024-12-26T08:00:00.000000,Spain,Spain,ES,137.52,181.72,71.81,38.96,entsoe.eu,false,""
2024-12-26T09:00:00.000000,Spain,Spain,ES,104.79,144.76,78.97,48.68,entsoe.eu,false,""
2024-12-26T10:00:00.000000,Spain,Spain,ES,85.34,122.58,83.18,53.81,entsoe.eu,false,""
2024-12-26T11:00:00.000000,Spain,Spain,ES,83.55,121.12,83.35,54.54,entsoe.eu,false,""
2024-12-26T12:00:00.000000,Spain,Spain,ES,85.6,123.96,82.66,54.66,entsoe.eu,false,""
2024-12-26T13:00:00.000000,Spain,Spain,ES,85.21,123.52,82.76,55.01,entsoe.eu,false,""
2024-12-26T14:00:00.000000,Spain,Spain,ES,86.32,125.06,82.67,56.66,entsoe.eu,false,""
2024-12-26T15:00:00.000000,Spain,Spain,ES,102.35,143.78,79.14,52.04,entsoe.eu,false,""
2024-12-26T16:00:00.000000,Spain,Spain,ES,147.13,196.22,68.79,38.74,entsoe.eu,false,""
2024-12-26T17:00:00.000000,Spain,Spain,ES,170.21,222.68,63.41,34.01,entsoe.eu,false,""
2024-12-26T18:00:00.000000,Spain,Spain,ES,166.68,218.11,64.07,34.79,entsoe.eu,false,""
2024-12-26T19:00:00.000000,Spain,Spain,ES,163.58,214.16,64.78,35.5,entsoe.eu,false,""
2024-12-26T20:00:00.000000,Spain,Spain,ES,161.84,211.96,65.14,36.16,entsoe.eu,false,""
2024-12-26T21:00:00.000000,Spain,Spain,ES,167.46,219.22,63.92,34.19,entsoe.eu,false,""
2024-12-26T22:00:00.000000,Spain,Spain,ES,167.46,219.16,64.29,32.89,entsoe.eu,false,""
2024-12-26T23:00:00.000000,Spain,Spain,ES,165.6,216.86,65.01,31.04,entsoe.eu,false,""
2024-12-27T00:00:00.000000,Spain,Spain,ES,154.5,204.2,67.07,30.45,entsoe.eu,false,""
2024-12-27T01:00:00.000000,Spain,Spain,ES,150.22,199.65,67.67,30.49,entsoe.eu,false,""
2024-12-27T02:00:00.000000,Spain,Spain,ES,138.91,186.86,69.59,30.4,entsoe.eu,false,""
2024-12-27T03:00:00.000000,Spain,Spain,ES,137.34,184.72,70.14,31.16,entsoe.eu,false,""
2024-12-27T04:00:00.000000,Spain,Spain,ES,137.41,184.14,70.6,31.56,entsoe.eu,false,""
2024-12-27T05:00:00.000000,Spain,Spain,ES,149.1,196.37,69.35,31.8,entsoe.eu,false,""
2024-12-27T06:00:00.000000,Spain,Spain,ES,141.51,186.94,70.99,35.4,entsoe.eu,false,""
2024-12-27T07:00:00.000000,Spain,Spain,ES,139.57,183.84,71.28,38.01,entsoe.eu,false,""
2024-12-27T08:00:00.000000,Spain,Spain,ES,136.55,181.33,71.61,41.53,entsoe.eu,false,""
2024-12-27T09:00:00.000000,Spain,Spain,ES,99.1,138.31,79.91,52.26,entsoe.eu,false,""
2024-12-27T10:00:00.000000,Spain,Spain,ES,80.16,116.68,83.96,58.52,entsoe.eu,false,""
2024-12-27T11:00:00.000000,Spain,Spain,ES,81.52,118.88,83.64,59.8,entsoe.eu,false,""
2024-12-27T12:00:00.000000,Spain,Spain,ES,86.82,125.09,82.6,58.56,entsoe.eu,false,""
2024-12-27T13:00:00.000000,Spain,Spain,ES,90.77,129.75,82.0,59.38,entsoe.eu,false,""
2024-12-27T14:00:00.000000,Spain,Spain,ES,92.13,131.25,81.9,59.69,entsoe.eu,false,""
2024-12-27T15:00:00.000000,Spain,Spain,ES,112.02,155.16,77.16,53.47,entsoe.eu,false,""
2024-12-27T16:00:00.000000,Spain,Spain,ES,161.08,213.61,65.46,41.42,entsoe.eu,false,""
2024-12-27T17:00:00.000000,Spain,Spain,ES,176.91,231.11,61.63,35.26,entsoe.eu,false,""
2024-12-27T18:00:00.000000,Spain,Spain,ES,168.5,220.52,63.5,36.41,entsoe.eu,false,""
2024-12-27T19:00:00.000000,Spain,Spain,ES,165.69,217.11,64.08,36.49,entsoe.eu,false,""
2024-12-27T20:00:00.000000,Spain,Spain,ES,166.16,217.78,63.94,36.24,entsoe.eu,false,""
2024-12-27T21:00:00.000000,Spain,Spain,ES,170.64,223.38,63.02,34.45,entsoe.eu,false,""
2024-12-27T22:00:00.000000,Spain,Spain,ES,174.88,228.96,62.28,31.66,entsoe.eu,false,""
2024-12-27T23:00:00.000000,Spain,Spain,ES,167.11,218.99,64.5,31.56,entsoe.eu,false,""
2024-12-28T00:00:00.000000,Spain,Spain,ES,164.35,216.02,65.07,28.75,entsoe.eu,false,""
2024-12-28T01:00:00.000000,Spain,Spain,ES,157.5,207.92,66.45,27.85,entsoe.eu,false,""
2024-12-28T02:00:00.000000,Spain,Spain,ES,150.24,199.9,67.27,27.06,entsoe.eu,false,""
2024-12-28T03:00:00.000000,Spain,Spain,ES,149.98,199.52,67.39,26.54,entsoe.eu,false,""
2024-12-28T04:00:00.000000,Spain,Spain,ES,150.15,199.27,67.75,27.07,entsoe.eu,false,""
2024-12-28T05:00:00.000000,Spain,Spain,ES,156.37,206.05,66.95,27.1,entsoe.eu,false,""
2024-12-28T06:00:00.000000,Spain,Spain,ES,156.47,205.28,67.6,28.9,entsoe.eu,false,""
2024-12-28T07:00:00.000000,Spain,Spain,ES,150.83,197.59,69.03,31.88,entsoe.eu,false,""
2024-12-28T08:00:00.000000,Spain,Spain,ES,136.71,181.02,72.03,37.61,entsoe.eu,false,""
2024-12-28T09:00:00.000000,Spain,Spain,ES,105.71,146.67,78.67,50.24,entsoe.eu,false,""
2024-12-28T10:00:00.000000,Spain,Spain,ES,84.59,122.92,82.84,57.27,entsoe.eu,false,""
2024-12-28T11:00:00.000000,Spain,Spain,ES,81.32,119.27,83.55,59.4,entsoe.eu,false,""
2024-12-28T12:00:00.000000,Spain,Spain,ES,84.24,122.61,83.12,58.72,entsoe.eu,false,""
2024-12-28T13:00:00.000000,Spain,Spain,ES,87.25,126.22,82.55,58.45,entsoe.eu,false,""
2024-12-28T14:00:00.000000,Spain,Spain,ES,90.97,130.6,81.96,58.07,entsoe.eu,false,""
2024-12-28T15:00:00.000000,Spain,Spain,ES,108.47,150.94,78.16,52.52,entsoe.eu,false,""
2024-12-28T16:00:00.000000,Spain,Spain,ES,160.27,212.2,65.9,37.39,entsoe.eu,false,""
2024-12-28T17:00:00.000000,Spain,Spain,ES,180.2,235.0,60.98,30.79,entsoe.eu,false,""
2024-12-28T18:00:00.000000,Spain,Spain,ES,176.59,230.27,61.73,31.14,entsoe.eu,false,""
2024-12-28T19:00:00.000000,Spain,Spain,ES,171.85,224.36,62.8,31.92,entsoe.eu,false,""
2024-12-28T20:00:00.000000,Spain,Spain,ES,173.09,226.03,62.43,31.9,entsoe.eu,false,""
2024-12-28T21:00:00.000000,Spain,Spain,ES,173.37,226.14,62.57,31.51,entsoe.eu,false,""
2024-12-28T22:00:00.000000,Spain,Spain,ES,181.87,236.96,60.67,29.0,entsoe.eu,false,""
2024-12-28T23:00:00.000000,Spain,Spain,ES,190.97,247.71,59.19,25.06,entsoe.eu,false,""
2024-12-29T00:00:00.000000,Spain,Spain,ES,190.5,246.91,59.86,23.12,entsoe.eu,false,""
2024-12-29T01:00:00.000000,Spain,Spain,ES,185.27,241.77,60.5,21.72,entsoe.eu,false,""
2024-12-29T02:00:00.000000,Spain,Spain,ES,189.83,247.13,59.66,20.49,entsoe.eu,false,""
2024-12-29T03:00:00.000000,Spain,Spain,ES,189.36,247.14,59.44,19.88,entsoe.eu,false,""
2024-12-29T04:00:00.000000,Spain,Spain,ES,188.24,246.21,59.35,19.48,entsoe.eu,false,""
2024-12-29T05:00:00.000000,Spain,Spain,ES,194.11,253.48,57.97,18.5,entsoe.eu,false,""
2024-12-29T06:00:00.000000,Spain,Spain,ES,194.51,254.18,57.69,19.07,entsoe.eu,false,""
2024-12-29T07:00:00.000000,Spain,Spain,ES,192.77,251.1,58.57,20.34,entsoe.eu,false,""
2024-12-29T08:00:00.000000,Spain,Spain,ES,173.53,228.44,62.73,27.35,entsoe.eu,false,""
2024-12-29T09:00:00.000000,Spain,Spain,ES,122.78,168.14,74.48,44.48,entsoe.eu,false,""
2024-12-29T10:00:00.000000,Spain,Spain,ES,101.37,143.21,79.2,53.03,entsoe.eu,false,""
2024-12-29T11:00:00.000000,Spain,Spain,ES,95.07,135.77,80.56,55.91,entsoe.eu,false,""
2024-12-29T12:00:00.000000,Spain,Spain,ES,93.69,134.47,80.56,55.17,entsoe.eu,false,""
2024-12-29T13:00:00.000000,Spain,Spain,ES,99.66,141.85,79.11,54.48,entsoe.eu,false,""
2024-12-29T14:00:00.000000,Spain,Spain,ES,106.85,150.32,77.9,54.0,entsoe.eu,false,""
2024-12-29T15:00:00.000000,Spain,Spain,ES,120.22,165.92,75.05,50.3,entsoe.eu,false,""
2024-12-29T16:00:00.000000,Spain,Spain,ES,156.01,206.95,66.97,36.71,entsoe.eu,false,""
2024-12-29T17:00:00.000000,Spain,Spain,ES,174.48,227.46,62.6,30.63,entsoe.eu,false,""
2024-12-29T18:00:00.000000,Spain,Spain,ES,169.12,220.76,63.65,31.59,entsoe.eu,false,""
2024-12-29T19:00:00.000000,Spain,Spain,ES,165.53,216.04,64.5,32.71,entsoe.eu,false,""
2024-12-29T20:00:00.000000,Spain,Spain,ES,172.8,225.37,62.63,32.02,entsoe.eu,false,""
2024-12-29T21:00:00.000000,Spain,Spain,ES,181.91,236.53,60.7,29.8,entsoe.eu,false,""
2024-12-29T22:00:00.000000,Spain,Spain,ES,186.21,241.99,59.89,27.43,entsoe.eu,false,""
2024-12-29T23:00:00.000000,Spain,Spain,ES,192.02,249.61,58.7,24.91,entsoe.eu,false,""
2024-12-30T00:00:00.000000,Spain,Spain,ES,190.5,248.57,58.8,22.59,entsoe.eu,false,""
2024-12-30T01:00:00.000000,Spain,Spain,ES,186.05,244.27,59.03,21.32,entsoe.eu,false,""
2024-12-30T02:00:00.000000,Spain,Spain,ES,192.63,252.56,57.45,20.36,entsoe.eu,false,""
2024-12-30T03:00:00.000000,Spain,Spain,ES,193.86,253.61,57.6,20.12,entsoe.eu,false,""
2024-12-30T04:00:00.000000,Spain,Spain,ES,193.35,252.51,58.04,20.25,entsoe.eu,false,""
2024-12-30T05:00:00.000000,Spain,Spain,ES,197.32,256.96,57.56,21.45,entsoe.eu,false,""
2024-12-30T06:00:00.000000,Spain,Spain,ES,194.33,252.22,58.63,24.37,entsoe.eu,false,""
2024-12-30T07:00:00.000000,Spain,Spain,ES,180.22,233.84,61.84,28.86,entsoe.eu,false,""
2024-12-30T08:00:00.000000,Spain,Spain,ES,164.56,215.27,65.18,34.15,entsoe.eu,false,""
2024-12-30T09:00:00.000000,Spain,Spain,ES,123.85,167.72,74.49,45.86,entsoe.eu,false,""
2024-12-30T10:00:00.000000,Spain,Spain,ES,100.41,140.55,79.95,52.24,entsoe.eu,false,""
2024-12-30T11:00:00.000000,Spain,Spain,ES,99.95,140.58,80.0,54.31,entsoe.eu,false,""
2024-12-30T12:00:00.000000,Spain,Spain,ES,100.41,141.11,79.88,53.61,entsoe.eu,false,""
2024-12-30T13:00:00.000000,Spain,Spain,ES,103.86,145.61,78.99,52.96,entsoe.eu,false,""
2024-12-30T14:00:00.000000,Spain,Spain,ES,106.65,148.96,78.38,52.85,entsoe.eu,false,""
2024-12-30T15:00:00.000000,Spain,Spain,ES,126.69,172.99,73.6,47.43,entsoe.eu,false,""
2024-12-30T16:00:00.000000,Spain,Spain,ES,173.33,228.33,62.38,34.0,entsoe.eu,false,""
2024-12-30T17:00:00.000000,Spain,Spain,ES,190.58,248.1,58.19,28.77,entsoe.eu,false,""
2024-12-30T18:00:00.000000,Spain,Spain,ES,190.14,247.26,58.25,29.11,entsoe.eu,false,""
2024-12-30T19:00:00.000000,Spain,Spain,ES,190.71,248.05,58.03,29.05,entsoe.eu,false,""
2024-12-30T20:00:00.000000,Spain,Spain,ES,190.78,248.23,57.89,28.82,entsoe.eu,false,""
2024-12-30T21:00:00.000000,Spain,Spain,ES,195.34,253.81,57.01,27.55,entsoe.eu,false,""
2024-12-30T22:00:00.000000,Spain,Spain,ES,203.8,264.06,55.37,25.06,entsoe.eu,false,""
2024-12-30T23:00:00.000000,Spain,Spain,ES,208.92,269.84,54.9,22.78,entsoe.eu,false,""
2024-12-31T00:00:00.000000,Spain,Spain,ES,207.06,267.1,56.09,20.35,entsoe.eu,false,""
2024-12-31T01:00:00.000000,Spain,Spain,ES,209.22,270.39,55.43,18.77,entsoe.eu,false,""
2024-12-31T02:00:00.000000,Spain,Spain,ES,205.67,267.2,55.39,18.14,entsoe.eu,false,""
2024-12-31T03:00:00.000000,Spain,Spain,ES,199.84,261.31,55.7,18.14,entsoe.eu,false,""
2024-12-31T04:00:00.000000,Spain,Spain,ES,198.17,259.45,55.89,18.1,entsoe.eu,false,""
2024-12-31T05:00:00.000000,Spain,Spain,ES,203.42,265.57,54.77,18.66,entsoe.eu,false,""
2024-12-31T06:00:00.000000,Spain,Spain,ES,189.25,246.06,59.05,22.81,entsoe.eu,false,""
2024-12-31T07:00:00.000000,Spain,Spain,ES,179.18,232.24,62.24,25.96,entsoe.eu,false,""
2024-12-31T08:00:00.000000,Spain,Spain,ES,168.26,220.04,64.42,30.88,entsoe.eu,false,""
2024-12-31T09:00:00.000000,Spain,Spain,ES,124.02,168.08,74.24,43.49,entsoe.eu,false,""
2024-12-31T10:00:00.000000,Spain,Spain,ES,104.03,144.58,79.02,50.19,entsoe.eu,false,""
2024-12-31T11:00:00.000000,Spain,Spain,ES,102.03,142.73,79.56,51.1,entsoe.eu,false,""
2024-12-31T12:00:00.000000,Spain,Spain,ES,100.78,141.47,79.73,51.11,entsoe.eu,false,""
2024-12-31T13:00:00.000000,Spain,Spain,ES,102.66,143.49,79.39,50.55,entsoe.eu,false,""
2024-12-31T14:00:00.000000,Spain,Spain,ES,106.16,147.49,78.71,49.88,entsoe.eu,false,""
2024-12-31T15:00:00.000000,Spain,Spain,ES,125.1,170.53,73.99,44.7,entsoe.eu,false,""
2024-12-31T16:00:00.000000,Spain,Spain,ES,166.33,219.48,64.14,34.65,entsoe.eu,false,""
2024-12-31T17:00:00.000000,Spain,Spain,ES,179.43,233.88,61.1,30.12,entsoe.eu,false,""
2024-12-31T18:00:00.000000,Spain,Spain,ES,174.95,228.41,61.88,31.81,entsoe.eu,false,""
2024-12-31T19:00:00.000000,Spain,Spain,ES,178.35,232.67,61.09,30.64,entsoe.eu,false,""
2024-12-31T20:00:00.000000,Spain,Spain,ES,182.93,238.45,60.2,28.48,entsoe.eu,false,""
2024-12-31T21:00:00.000000,Spain,Spain,ES,190.14,247.73,58.84,25.73,entsoe.eu,false,""
2024-12-31T22:00:00.000000,Spain,Spain,ES,183.14,238.64,60.96,26.45,entsoe.eu,false,""
2024-12-31T23:00:00.000000,Spain,Spain,ES,180.58,234.7,61.97,27.86,entsoe.eu,false,""
